"","isolate_id","cluster_pb2","cluster_pb1","cluster_pa","cluster_ha","cluster_np","cluster_na","cluster_mp","cluster_ns","cluster_profile"
"1","EPI_ISL_405813",10,7,6,2,2,2,1,3,"10_7_6_2_2_2_1_3"
"2","EPI_ISL_410291",10,7,6,2,2,2,1,3,"10_7_6_2_2_2_1_3"
"3","EPI_ISL_418266",10,7,6,2,2,2,1,3,"10_7_6_2_2_2_1_3"
"4","EPI_ISL_503969",1,6,23,1,12,17,1,5,"1_6_23_1_12_17_1_5"
"5","EPI_ISL_525439",10,7,6,2,2,2,1,3,"10_7_6_2_2_2_1_3"
"6","EPI_ISL_525440",10,7,6,2,2,2,1,3,"10_7_6_2_2_2_1_3"
"7","EPI_ISL_525441",10,7,6,2,2,2,1,3,"10_7_6_2_2_2_1_3"
"8","EPI_ISL_525442",10,7,6,2,2,2,1,3,"10_7_6_2_2_2_1_3"
"9","EPI_ISL_525443",10,7,6,2,2,2,1,3,"10_7_6_2_2_2_1_3"
"10","EPI_ISL_525444",10,7,6,2,2,2,1,3,"10_7_6_2_2_2_1_3"
"11","EPI_ISL_525445",10,7,6,2,2,2,1,3,"10_7_6_2_2_2_1_3"
"12","EPI_ISL_525446",10,7,6,2,2,2,1,3,"10_7_6_2_2_2_1_3"
"13","EPI_ISL_525447",10,7,6,2,2,2,1,3,"10_7_6_2_2_2_1_3"
"14","EPI_ISL_525448",10,7,6,2,2,2,1,3,"10_7_6_2_2_2_1_3"
"15","EPI_ISL_525449",10,7,6,2,2,2,1,3,"10_7_6_2_2_2_1_3"
"16","EPI_ISL_525450",10,7,6,2,2,2,1,3,"10_7_6_2_2_2_1_3"
"17","EPI_ISL_525451",10,7,6,2,2,2,1,3,"10_7_6_2_2_2_1_3"
"18","EPI_ISL_525452",10,7,6,2,2,2,1,3,"10_7_6_2_2_2_1_3"
"19","EPI_ISL_525453",10,7,6,2,2,2,1,3,"10_7_6_2_2_2_1_3"
"20","EPI_ISL_525454",10,7,6,2,2,2,1,3,"10_7_6_2_2_2_1_3"
"21","EPI_ISL_525455",10,7,6,2,2,2,1,3,"10_7_6_2_2_2_1_3"
"22","EPI_ISL_525462",10,7,6,2,2,2,1,3,"10_7_6_2_2_2_1_3"
"23","EPI_ISL_525463",10,7,6,2,2,2,1,3,"10_7_6_2_2_2_1_3"
"24","EPI_ISL_525464",10,7,6,2,2,2,1,3,"10_7_6_2_2_2_1_3"
"25","EPI_ISL_525465",10,7,6,2,2,2,1,3,"10_7_6_2_2_2_1_3"
"26","EPI_ISL_591075",6,4,3,1,3,2,1,3,"6_4_3_1_3_2_1_3"
"27","EPI_ISL_603132",6,4,3,1,3,2,1,3,"6_4_3_1_3_2_1_3"
"28","EPI_ISL_603133",2,1,1,1,2,1,1,1,"2_1_1_1_2_1_1_1"
"29","EPI_ISL_603134",2,1,1,1,2,1,1,1,"2_1_1_1_2_1_1_1"
"30","EPI_ISL_603135",2,1,1,1,2,1,1,1,"2_1_1_1_2_1_1_1"
"31","EPI_ISL_603136",6,4,3,1,3,2,1,3,"6_4_3_1_3_2_1_3"
"32","EPI_ISL_603231",1,6,23,1,12,17,1,5,"1_6_23_1_12_17_1_5"
"33","EPI_ISL_603233",55,4,34,1,2,2,1,3,"55_4_34_1_2_2_1_3"
"34","EPI_ISL_614400",6,4,3,1,3,2,1,3,"6_4_3_1_3_2_1_3"
"35","EPI_ISL_614401",6,4,3,1,3,2,1,3,"6_4_3_1_3_2_1_3"
"36","EPI_ISL_615065",6,4,3,1,3,2,1,3,"6_4_3_1_3_2_1_3"
"37","EPI_ISL_615068",6,4,3,1,3,2,1,3,"6_4_3_1_3_2_1_3"
"38","EPI_ISL_615072",6,4,3,1,3,2,1,3,"6_4_3_1_3_2_1_3"
"39","EPI_ISL_615073",6,4,3,1,3,2,1,3,"6_4_3_1_3_2_1_3"
"40","EPI_ISL_623074",6,4,3,1,3,2,1,3,"6_4_3_1_3_2_1_3"
"41","EPI_ISL_623075",6,4,3,1,3,2,1,3,"6_4_3_1_3_2_1_3"
"42","EPI_ISL_625671",6,4,3,1,3,2,1,3,"6_4_3_1_3_2_1_3"
"43","EPI_ISL_625672",6,4,3,1,3,2,1,3,"6_4_3_1_3_2_1_3"
"44","EPI_ISL_631824",10,7,6,2,2,2,1,3,"10_7_6_2_2_2_1_3"
"45","EPI_ISL_637098",6,4,3,1,3,2,1,3,"6_4_3_1_3_2_1_3"
"46","EPI_ISL_641377",6,4,3,1,3,2,1,3,"6_4_3_1_3_2_1_3"
"47","EPI_ISL_641378",6,4,2,1,3,3,1,3,"6_4_2_1_3_3_1_3"
"48","EPI_ISL_641394",6,4,3,1,3,2,1,3,"6_4_3_1_3_2_1_3"
"49","EPI_ISL_641395",6,4,3,1,3,2,1,3,"6_4_3_1_3_2_1_3"
"50","EPI_ISL_641518",6,4,3,1,3,2,1,3,"6_4_3_1_3_2_1_3"
"51","EPI_ISL_644121",6,4,3,1,3,2,1,3,"6_4_3_1_3_2_1_3"
"52","EPI_ISL_644122",6,4,3,1,3,2,1,3,"6_4_3_1_3_2_1_3"
"53","EPI_ISL_644123",6,4,3,1,3,2,1,3,"6_4_3_1_3_2_1_3"
"54","EPI_ISL_644124",6,4,3,1,3,2,1,3,"6_4_3_1_3_2_1_3"
"55","EPI_ISL_644125",6,4,2,1,3,2,1,3,"6_4_2_1_3_2_1_3"
"56","EPI_ISL_644126",6,4,2,1,3,2,1,3,"6_4_2_1_3_2_1_3"
"57","EPI_ISL_644127",6,4,2,1,3,2,1,3,"6_4_2_1_3_2_1_3"
"58","EPI_ISL_644128",6,4,3,1,3,2,1,3,"6_4_3_1_3_2_1_3"
"59","EPI_ISL_644129",6,4,3,1,3,2,1,3,"6_4_3_1_3_2_1_3"
"60","EPI_ISL_644130",6,4,3,1,3,2,1,3,"6_4_3_1_3_2_1_3"
"61","EPI_ISL_644132",6,4,3,1,3,2,1,3,"6_4_3_1_3_2_1_3"
"62","EPI_ISL_644134",6,4,3,1,3,2,1,3,"6_4_3_1_3_2_1_3"
"63","EPI_ISL_644135",6,4,3,1,3,2,1,3,"6_4_3_1_3_2_1_3"
"64","EPI_ISL_644136",6,4,3,1,3,2,1,3,"6_4_3_1_3_2_1_3"
"65","EPI_ISL_644138",6,4,3,1,3,2,1,3,"6_4_3_1_3_2_1_3"
"66","EPI_ISL_644139",6,4,3,1,3,2,1,3,"6_4_3_1_3_2_1_3"
"67","EPI_ISL_644140",6,4,3,1,3,2,1,3,"6_4_3_1_3_2_1_3"
"68","EPI_ISL_644141",6,4,3,1,3,2,1,3,"6_4_3_1_3_2_1_3"
"69","EPI_ISL_644142",6,4,3,1,3,2,1,3,"6_4_3_1_3_2_1_3"
"70","EPI_ISL_644143",6,4,3,1,3,2,1,3,"6_4_3_1_3_2_1_3"
"71","EPI_ISL_644144",6,4,3,1,3,2,1,3,"6_4_3_1_3_2_1_3"
"72","EPI_ISL_644145",6,4,3,1,3,2,1,3,"6_4_3_1_3_2_1_3"
"73","EPI_ISL_644146",6,4,3,1,3,2,1,3,"6_4_3_1_3_2_1_3"
"74","EPI_ISL_644147",6,4,3,1,3,2,1,3,"6_4_3_1_3_2_1_3"
"75","EPI_ISL_644148",6,4,3,1,3,2,1,3,"6_4_3_1_3_2_1_3"
"76","EPI_ISL_644149",6,4,3,1,3,2,1,3,"6_4_3_1_3_2_1_3"
"77","EPI_ISL_644150",6,4,2,1,3,2,1,3,"6_4_2_1_3_2_1_3"
"78","EPI_ISL_644151",6,4,3,1,3,2,1,3,"6_4_3_1_3_2_1_3"
"79","EPI_ISL_644152",6,4,3,1,3,2,1,3,"6_4_3_1_3_2_1_3"
"80","EPI_ISL_644154",6,4,3,1,3,2,1,3,"6_4_3_1_3_2_1_3"
"81","EPI_ISL_644155",6,4,3,1,3,2,1,3,"6_4_3_1_3_2_1_3"
"82","EPI_ISL_644156",6,4,3,1,3,2,1,3,"6_4_3_1_3_2_1_3"
"83","EPI_ISL_644158",6,4,3,1,3,2,1,3,"6_4_3_1_3_2_1_3"
"84","EPI_ISL_644159",6,4,3,1,3,2,1,3,"6_4_3_1_3_2_1_3"
"85","EPI_ISL_644160",6,4,3,1,3,2,1,3,"6_4_3_1_3_2_1_3"
"86","EPI_ISL_644161",6,4,3,1,3,2,1,3,"6_4_3_1_3_2_1_3"
"87","EPI_ISL_647969",6,4,3,1,3,2,1,3,"6_4_3_1_3_2_1_3"
"88","EPI_ISL_653918",6,4,3,1,3,2,1,3,"6_4_3_1_3_2_1_3"
"89","EPI_ISL_653919",6,4,3,1,3,2,1,3,"6_4_3_1_3_2_1_3"
"90","EPI_ISL_653920",6,4,3,1,3,2,1,3,"6_4_3_1_3_2_1_3"
"91","EPI_ISL_653921",6,4,3,1,3,2,1,3,"6_4_3_1_3_2_1_3"
"92","EPI_ISL_660264",6,4,2,1,3,3,1,3,"6_4_2_1_3_3_1_3"
"93","EPI_ISL_666687",10,7,6,2,2,2,1,3,"10_7_6_2_2_2_1_3"
"94","EPI_ISL_666890",6,4,3,1,3,2,1,3,"6_4_3_1_3_2_1_3"
"95","EPI_ISL_667810",6,4,3,1,3,2,1,3,"6_4_3_1_3_2_1_3"
"96","EPI_ISL_668456",6,4,3,1,3,2,1,3,"6_4_3_1_3_2_1_3"
"97","EPI_ISL_668457",6,4,3,1,3,2,1,3,"6_4_3_1_3_2_1_3"
"98","EPI_ISL_684037",6,4,3,1,2,2,1,3,"6_4_3_1_2_2_1_3"
"99","EPI_ISL_693515",6,4,3,1,3,2,1,3,"6_4_3_1_3_2_1_3"
"100","EPI_ISL_708701",10,7,6,2,2,2,1,3,"10_7_6_2_2_2_1_3"
"101","EPI_ISL_708702",10,7,6,2,2,2,1,3,"10_7_6_2_2_2_1_3"
"102","EPI_ISL_708703",10,7,6,2,2,2,1,3,"10_7_6_2_2_2_1_3"
"103","EPI_ISL_708704",10,7,6,2,2,2,1,3,"10_7_6_2_2_2_1_3"
"104","EPI_ISL_708705",10,7,6,2,2,2,1,3,"10_7_6_2_2_2_1_3"
"105","EPI_ISL_708706",10,7,6,2,2,2,1,3,"10_7_6_2_2_2_1_3"
"106","EPI_ISL_708707",10,7,6,2,2,2,1,3,"10_7_6_2_2_2_1_3"
"107","EPI_ISL_708708",10,7,6,2,2,2,1,3,"10_7_6_2_2_2_1_3"
"108","EPI_ISL_708709",10,7,6,2,2,2,1,3,"10_7_6_2_2_2_1_3"
"109","EPI_ISL_708710",10,7,6,2,2,2,1,3,"10_7_6_2_2_2_1_3"
"110","EPI_ISL_708711",10,7,6,2,2,2,1,3,"10_7_6_2_2_2_1_3"
"111","EPI_ISL_708712",10,7,6,2,2,2,1,3,"10_7_6_2_2_2_1_3"
"112","EPI_ISL_708713",10,7,6,2,2,2,1,3,"10_7_6_2_2_2_1_3"
"113","EPI_ISL_708714",10,7,6,2,2,2,1,3,"10_7_6_2_2_2_1_3"
"114","EPI_ISL_708715",10,7,6,2,2,2,1,3,"10_7_6_2_2_2_1_3"
"115","EPI_ISL_708716",10,7,6,2,2,2,1,3,"10_7_6_2_2_2_1_3"
"116","EPI_ISL_708717",10,7,6,2,2,2,1,3,"10_7_6_2_2_2_1_3"
"117","EPI_ISL_708718",10,7,6,2,2,2,1,3,"10_7_6_2_2_2_1_3"
"118","EPI_ISL_708719",10,7,6,2,2,2,1,3,"10_7_6_2_2_2_1_3"
"119","EPI_ISL_708720",10,7,6,2,2,2,1,3,"10_7_6_2_2_2_1_3"
"120","EPI_ISL_711055",2,1,1,1,2,1,1,1,"2_1_1_1_2_1_1_1"
"121","EPI_ISL_711056",6,4,3,1,3,2,1,3,"6_4_3_1_3_2_1_3"
"122","EPI_ISL_711058",6,4,3,1,3,2,1,3,"6_4_3_1_3_2_1_3"
"123","EPI_ISL_711059",2,1,1,1,2,1,1,1,"2_1_1_1_2_1_1_1"
"124","EPI_ISL_718106",13,12,6,2,2,2,1,3,"13_12_6_2_2_2_1_3"
"125","EPI_ISL_718107",13,12,6,2,2,2,1,3,"13_12_6_2_2_2_1_3"
"126","EPI_ISL_722176",6,4,2,1,3,3,1,3,"6_4_2_1_3_3_1_3"
"127","EPI_ISL_738049",13,12,6,2,2,2,1,3,"13_12_6_2_2_2_1_3"
"128","EPI_ISL_738050",13,12,6,2,2,2,1,3,"13_12_6_2_2_2_1_3"
"129","EPI_ISL_738051",13,12,6,2,2,2,1,3,"13_12_6_2_2_2_1_3"
"130","EPI_ISL_738052",13,12,6,2,2,2,1,3,"13_12_6_2_2_2_1_3"
"131","EPI_ISL_738053",13,12,6,2,2,2,1,3,"13_12_6_2_2_2_1_3"
"132","EPI_ISL_738054",13,12,6,2,2,2,1,3,"13_12_6_2_2_2_1_3"
"133","EPI_ISL_738055",13,12,6,2,2,2,1,3,"13_12_6_2_2_2_1_3"
"134","EPI_ISL_738056",13,12,6,2,2,2,1,3,"13_12_6_2_2_2_1_3"
"135","EPI_ISL_738057",10,7,6,2,2,2,1,3,"10_7_6_2_2_2_1_3"
"136","EPI_ISL_738058",10,7,6,2,2,2,1,3,"10_7_6_2_2_2_1_3"
"137","EPI_ISL_738059",10,7,6,2,2,2,1,3,"10_7_6_2_2_2_1_3"
"138","EPI_ISL_738060",10,7,6,2,2,2,1,3,"10_7_6_2_2_2_1_3"
"139","EPI_ISL_739684",6,4,3,1,3,2,1,3,"6_4_3_1_3_2_1_3"
"140","EPI_ISL_739685",6,4,3,1,3,2,1,3,"6_4_3_1_3_2_1_3"
"141","EPI_ISL_739686",6,4,3,1,3,2,1,3,"6_4_3_1_3_2_1_3"
"142","EPI_ISL_739687",6,4,3,1,3,2,1,3,"6_4_3_1_3_2_1_3"
"143","EPI_ISL_739688",6,4,3,1,3,2,1,3,"6_4_3_1_3_2_1_3"
"144","EPI_ISL_739689",6,4,3,1,3,2,1,3,"6_4_3_1_3_2_1_3"
"145","EPI_ISL_739690",34,6,1,1,2,2,1,3,"34_6_1_1_2_2_1_3"
"146","EPI_ISL_739691",34,6,1,1,2,2,1,3,"34_6_1_1_2_2_1_3"
"147","EPI_ISL_739692",34,6,1,1,2,2,1,3,"34_6_1_1_2_2_1_3"
"148","EPI_ISL_404993",10,7,6,2,2,2,1,3,"10_7_6_2_2_2_1_3"
"149","EPI_ISL_405391",10,7,6,2,2,2,1,3,"10_7_6_2_2_2_1_3"
"150","EPI_ISL_415197",10,7,6,2,2,2,1,3,"10_7_6_2_2_2_1_3"
"151","EPI_ISL_417414",10,7,6,2,2,2,1,3,"10_7_6_2_2_2_1_3"
"152","EPI_ISL_417415",10,7,6,2,2,2,1,3,"10_7_6_2_2_2_1_3"
"153","EPI_ISL_419220",10,7,6,2,2,2,1,3,"10_7_6_2_2_2_1_3"
"154","EPI_ISL_419239",10,7,6,2,2,2,1,3,"10_7_6_2_2_2_1_3"
"155","EPI_ISL_419312",10,7,6,2,2,2,1,3,"10_7_6_2_2_2_1_3"
"156","EPI_ISL_419314",10,7,6,2,2,2,1,3,"10_7_6_2_2_2_1_3"
"157","EPI_ISL_614399",6,4,2,1,3,3,1,3,"6_4_2_1_3_3_1_3"
"158","EPI_ISL_626647",6,4,3,1,3,3,1,3,"6_4_3_1_3_3_1_3"
"159","EPI_ISL_626648",6,4,3,1,3,3,1,3,"6_4_3_1_3_3_1_3"
"160","EPI_ISL_626649",6,4,3,1,3,2,1,3,"6_4_3_1_3_2_1_3"
"161","EPI_ISL_626650",6,4,3,1,3,2,1,3,"6_4_3_1_3_2_1_3"
"162","EPI_ISL_626651",6,4,3,1,3,2,1,3,"6_4_3_1_3_2_1_3"
"163","EPI_ISL_626652",6,4,3,1,3,2,1,3,"6_4_3_1_3_2_1_3"
"164","EPI_ISL_632314",2,1,1,1,2,1,1,1,"2_1_1_1_2_1_1_1"
"165","EPI_ISL_632315",2,1,1,1,2,1,1,1,"2_1_1_1_2_1_1_1"
"166","EPI_ISL_632316",6,6,2,1,15,24,1,3,"6_6_2_1_15_24_1_3"
"167","EPI_ISL_632317",6,4,3,1,3,2,1,3,"6_4_3_1_3_2_1_3"
"168","EPI_ISL_632318",6,4,3,1,3,2,1,3,"6_4_3_1_3_2_1_3"
"169","EPI_ISL_632319",6,4,3,1,3,2,1,3,"6_4_3_1_3_2_1_3"
"170","EPI_ISL_644735",6,4,3,1,3,2,1,3,"6_4_3_1_3_2_1_3"
"171","EPI_ISL_644737",1,4,2,1,12,3,1,3,"1_4_2_1_12_3_1_3"
"172","EPI_ISL_644824",6,4,3,1,3,2,1,3,"6_4_3_1_3_2_1_3"
"173","EPI_ISL_654821",6,4,3,1,3,2,1,3,"6_4_3_1_3_2_1_3"
"174","EPI_ISL_654824",6,4,3,1,3,2,1,3,"6_4_3_1_3_2_1_3"
"175","EPI_ISL_654826",6,4,3,1,3,2,1,3,"6_4_3_1_3_2_1_3"
"176","EPI_ISL_654827",6,4,3,1,3,2,1,3,"6_4_3_1_3_2_1_3"
"177","EPI_ISL_654828",6,4,3,1,3,2,1,3,"6_4_3_1_3_2_1_3"
"178","EPI_ISL_654829",6,4,3,1,3,2,1,3,"6_4_3_1_3_2_1_3"
"179","EPI_ISL_654830",6,4,3,1,3,2,1,3,"6_4_3_1_3_2_1_3"
"180","EPI_ISL_654831",6,4,3,1,3,2,1,3,"6_4_3_1_3_2_1_3"
"181","EPI_ISL_654832",6,4,3,1,3,2,1,3,"6_4_3_1_3_2_1_3"
"182","EPI_ISL_654833",6,4,3,1,3,2,1,3,"6_4_3_1_3_2_1_3"
"183","EPI_ISL_654834",6,4,3,1,3,2,1,3,"6_4_3_1_3_2_1_3"
"184","EPI_ISL_654835",6,4,3,1,3,2,1,3,"6_4_3_1_3_2_1_3"
"185","EPI_ISL_654836",6,4,3,1,3,2,1,3,"6_4_3_1_3_2_1_3"
"186","EPI_ISL_654837",6,4,3,1,3,2,1,3,"6_4_3_1_3_2_1_3"
"187","EPI_ISL_654838",6,4,3,1,3,2,1,3,"6_4_3_1_3_2_1_3"
"188","EPI_ISL_654839",6,4,3,1,3,2,1,3,"6_4_3_1_3_2_1_3"
"189","EPI_ISL_654958",6,4,3,1,3,2,1,3,"6_4_3_1_3_2_1_3"
"190","EPI_ISL_661177",6,4,3,1,3,2,1,3,"6_4_3_1_3_2_1_3"
"191","EPI_ISL_661178",6,4,3,1,3,2,1,3,"6_4_3_1_3_2_1_3"
"192","EPI_ISL_661313",6,4,3,1,3,2,1,3,"6_4_3_1_3_2_1_3"
"193","EPI_ISL_681271",10,7,6,2,2,2,1,3,"10_7_6_2_2_2_1_3"
"194","EPI_ISL_681272",10,7,6,2,2,2,1,3,"10_7_6_2_2_2_1_3"
"195","EPI_ISL_681273",10,7,6,2,2,2,1,3,"10_7_6_2_2_2_1_3"
"196","EPI_ISL_681274",10,7,6,2,2,2,1,3,"10_7_6_2_2_2_1_3"
"197","EPI_ISL_681275",10,7,6,2,2,2,1,3,"10_7_6_2_2_2_1_3"
"198","EPI_ISL_681276",10,7,6,2,2,2,1,3,"10_7_6_2_2_2_1_3"
"199","EPI_ISL_681281",10,7,6,2,2,2,1,3,"10_7_6_2_2_2_1_3"
"200","EPI_ISL_681282",13,12,6,2,2,2,1,3,"13_12_6_2_2_2_1_3"
"201","EPI_ISL_681283",13,12,6,2,2,2,1,3,"13_12_6_2_2_2_1_3"
"202","EPI_ISL_681284",10,7,6,2,2,2,1,3,"10_7_6_2_2_2_1_3"
"203","EPI_ISL_681285",10,7,6,2,2,2,1,3,"10_7_6_2_2_2_1_3"
"204","EPI_ISL_681286",10,7,6,2,2,2,1,3,"10_7_6_2_2_2_1_3"
"205","EPI_ISL_681287",10,7,6,2,2,2,1,3,"10_7_6_2_2_2_1_3"
"206","EPI_ISL_681288",10,7,6,2,2,2,1,3,"10_7_6_2_2_2_1_3"
"207","EPI_ISL_681289",10,7,6,2,2,2,1,3,"10_7_6_2_2_2_1_3"
"208","EPI_ISL_681290",10,7,6,2,2,2,1,3,"10_7_6_2_2_2_1_3"
"209","EPI_ISL_681291",10,7,6,2,2,2,1,3,"10_7_6_2_2_2_1_3"
"210","EPI_ISL_681292",10,7,6,2,2,2,1,3,"10_7_6_2_2_2_1_3"
"211","EPI_ISL_681293",10,7,6,2,2,2,1,3,"10_7_6_2_2_2_1_3"
"212","EPI_ISL_681294",10,7,6,2,2,2,1,3,"10_7_6_2_2_2_1_3"
"213","EPI_ISL_681295",10,7,6,2,2,2,1,3,"10_7_6_2_2_2_1_3"
"214","EPI_ISL_681296",10,7,6,2,2,2,1,3,"10_7_6_2_2_2_1_3"
"215","EPI_ISL_681297",10,7,6,2,2,2,1,3,"10_7_6_2_2_2_1_3"
"216","EPI_ISL_683592",2,1,1,1,2,1,1,1,"2_1_1_1_2_1_1_1"
"217","EPI_ISL_683593",6,4,3,1,3,2,1,3,"6_4_3_1_3_2_1_3"
"218","EPI_ISL_683594",6,4,3,1,3,2,1,3,"6_4_3_1_3_2_1_3"
"219","EPI_ISL_683751",6,4,3,1,3,2,1,3,"6_4_3_1_3_2_1_3"
"220","EPI_ISL_683997",6,4,2,1,3,3,1,3,"6_4_2_1_3_3_1_3"
"221","EPI_ISL_683999",6,4,2,1,3,3,1,3,"6_4_2_1_3_3_1_3"
"222","EPI_ISL_697771",10,7,6,2,2,2,1,3,"10_7_6_2_2_2_1_3"
"223","EPI_ISL_710434",13,12,6,2,2,2,1,3,"13_12_6_2_2_2_1_3"
"224","EPI_ISL_710435",13,12,6,2,2,2,1,3,"13_12_6_2_2_2_1_3"
"225","EPI_ISL_710436",13,12,6,2,2,2,1,3,"13_12_6_2_2_2_1_3"
"226","EPI_ISL_710437",13,12,6,2,2,2,1,3,"13_12_6_2_2_2_1_3"
"227","EPI_ISL_710438",13,12,6,2,2,2,1,3,"13_12_6_2_2_2_1_3"
"228","EPI_ISL_710439",13,12,6,2,2,2,1,3,"13_12_6_2_2_2_1_3"
"229","EPI_ISL_710440",13,12,6,2,2,2,1,3,"13_12_6_2_2_2_1_3"
"230","EPI_ISL_710441",13,12,6,2,2,2,1,3,"13_12_6_2_2_2_1_3"
"231","EPI_ISL_710442",13,12,6,2,2,2,1,3,"13_12_6_2_2_2_1_3"
"232","EPI_ISL_710443",13,12,6,2,2,2,1,3,"13_12_6_2_2_2_1_3"
"233","EPI_ISL_710444",13,12,6,2,2,2,1,3,"13_12_6_2_2_2_1_3"
"234","EPI_ISL_710445",13,12,6,2,2,2,1,3,"13_12_6_2_2_2_1_3"
"235","EPI_ISL_710446",13,12,6,2,2,2,1,3,"13_12_6_2_2_2_1_3"
"236","EPI_ISL_710447",13,12,6,2,2,2,1,3,"13_12_6_2_2_2_1_3"
"237","EPI_ISL_710448",13,12,6,2,2,2,1,3,"13_12_6_2_2_2_1_3"
"238","EPI_ISL_710449",13,12,6,2,2,2,1,3,"13_12_6_2_2_2_1_3"
"239","EPI_ISL_710450",13,12,6,2,2,2,1,3,"13_12_6_2_2_2_1_3"
"240","EPI_ISL_710451",13,12,6,2,2,2,1,3,"13_12_6_2_2_2_1_3"
"241","EPI_ISL_710452",13,12,6,2,2,2,1,3,"13_12_6_2_2_2_1_3"
"242","EPI_ISL_710453",13,12,6,2,2,2,1,3,"13_12_6_2_2_2_1_3"
"243","EPI_ISL_710504",6,4,3,1,3,2,1,3,"6_4_3_1_3_2_1_3"
"244","EPI_ISL_710505",6,4,3,1,3,2,1,3,"6_4_3_1_3_2_1_3"
"245","EPI_ISL_710506",6,4,3,1,3,2,1,3,"6_4_3_1_3_2_1_3"
"246","EPI_ISL_710507",6,4,3,1,3,2,1,3,"6_4_3_1_3_2_1_3"
"247","EPI_ISL_710508",6,4,3,1,3,2,1,3,"6_4_3_1_3_2_1_3"
"248","EPI_ISL_710509",6,4,3,1,3,2,1,3,"6_4_3_1_3_2_1_3"
"249","EPI_ISL_710511",6,4,3,1,3,2,1,3,"6_4_3_1_3_2_1_3"
"250","EPI_ISL_710512",6,4,3,1,3,2,1,3,"6_4_3_1_3_2_1_3"
"251","EPI_ISL_710533",6,4,3,1,3,2,1,3,"6_4_3_1_3_2_1_3"
"252","EPI_ISL_710538",6,4,3,1,3,2,1,3,"6_4_3_1_3_2_1_3"
"253","EPI_ISL_710539",6,4,3,1,3,2,1,3,"6_4_3_1_3_2_1_3"
"254","EPI_ISL_718108",13,12,6,2,2,2,1,3,"13_12_6_2_2_2_1_3"
"255","EPI_ISL_718109",13,12,6,2,2,2,1,3,"13_12_6_2_2_2_1_3"
"256","EPI_ISL_718110",13,12,6,2,2,2,1,3,"13_12_6_2_2_2_1_3"
"257","EPI_ISL_718111",13,12,6,2,2,2,1,3,"13_12_6_2_2_2_1_3"
"258","EPI_ISL_718112",13,12,6,2,2,2,1,3,"13_12_6_2_2_2_1_3"
"259","EPI_ISL_718113",13,12,6,2,2,2,1,3,"13_12_6_2_2_2_1_3"
"260","EPI_ISL_718114",13,12,6,2,2,2,1,3,"13_12_6_2_2_2_1_3"
"261","EPI_ISL_718115",13,12,6,2,2,2,1,3,"13_12_6_2_2_2_1_3"
"262","EPI_ISL_718116",13,12,6,2,2,2,1,3,"13_12_6_2_2_2_1_3"
"263","EPI_ISL_718117",13,12,6,2,2,2,1,3,"13_12_6_2_2_2_1_3"
"264","EPI_ISL_718118",13,12,6,2,2,2,1,3,"13_12_6_2_2_2_1_3"
"265","EPI_ISL_718119",13,12,6,2,2,2,1,3,"13_12_6_2_2_2_1_3"
"266","EPI_ISL_718120",13,12,6,2,2,2,1,3,"13_12_6_2_2_2_1_3"
"267","EPI_ISL_718121",13,12,6,2,2,2,1,3,"13_12_6_2_2_2_1_3"
"268","EPI_ISL_718122",13,12,6,2,2,2,1,3,"13_12_6_2_2_2_1_3"
"269","EPI_ISL_718123",13,12,6,2,2,2,1,3,"13_12_6_2_2_2_1_3"
"270","EPI_ISL_718223",6,4,3,1,3,2,1,3,"6_4_3_1_3_2_1_3"
"271","EPI_ISL_732927",13,12,6,2,2,2,1,3,"13_12_6_2_2_2_1_3"
"272","EPI_ISL_732928",13,12,6,2,2,2,1,3,"13_12_6_2_2_2_1_3"
"273","EPI_ISL_732929",13,12,6,2,2,2,1,3,"13_12_6_2_2_2_1_3"
"274","EPI_ISL_732930",13,12,6,2,2,2,1,3,"13_12_6_2_2_2_1_3"
"275","EPI_ISL_732931",13,12,6,2,2,2,1,3,"13_12_6_2_2_2_1_3"
"276","EPI_ISL_732932",13,12,6,2,2,2,1,3,"13_12_6_2_2_2_1_3"
"277","EPI_ISL_732933",13,12,6,2,2,2,1,3,"13_12_6_2_2_2_1_3"
"278","EPI_ISL_732934",13,12,6,2,2,2,1,3,"13_12_6_2_2_2_1_3"
"279","EPI_ISL_732935",13,12,6,2,2,2,1,3,"13_12_6_2_2_2_1_3"
"280","EPI_ISL_732936",13,12,6,2,2,2,1,3,"13_12_6_2_2_2_1_3"
"281","EPI_ISL_732937",13,12,6,2,2,2,1,3,"13_12_6_2_2_2_1_3"
"282","EPI_ISL_732938",13,12,6,2,2,2,1,3,"13_12_6_2_2_2_1_3"
"283","EPI_ISL_732939",13,12,6,2,2,2,1,3,"13_12_6_2_2_2_1_3"
"284","EPI_ISL_732940",13,12,6,2,2,2,1,3,"13_12_6_2_2_2_1_3"
"285","EPI_ISL_732941",13,12,6,2,2,2,1,3,"13_12_6_2_2_2_1_3"
"286","EPI_ISL_732942",13,12,6,2,2,2,1,3,"13_12_6_2_2_2_1_3"
"287","EPI_ISL_732943",13,12,6,2,2,2,1,3,"13_12_6_2_2_2_1_3"
"288","EPI_ISL_732944",13,12,6,2,2,2,1,3,"13_12_6_2_2_2_1_3"
"289","EPI_ISL_732945",13,12,6,2,2,2,1,3,"13_12_6_2_2_2_1_3"
"290","EPI_ISL_732946",13,12,6,2,2,2,1,3,"13_12_6_2_2_2_1_3"
"291","EPI_ISL_4071019",10,7,6,2,2,2,1,3,"10_7_6_2_2_2_1_3"
"292","EPI_ISL_766052",6,4,3,1,3,2,1,3,"6_4_3_1_3_2_1_3"
"293","EPI_ISL_766053",6,4,3,1,3,2,1,3,"6_4_3_1_3_2_1_3"
"294","EPI_ISL_766054",6,4,3,1,3,2,1,3,"6_4_3_1_3_2_1_3"
"295","EPI_ISL_766056",6,4,3,1,3,2,1,3,"6_4_3_1_3_2_1_3"
"296","EPI_ISL_766876",2,1,1,1,2,1,1,1,"2_1_1_1_2_1_1_1"
"297","EPI_ISL_775248",6,4,3,1,3,2,1,3,"6_4_3_1_3_2_1_3"
"298","EPI_ISL_775251",6,4,3,1,3,2,1,3,"6_4_3_1_3_2_1_3"
"299","EPI_ISL_775253",6,4,3,1,3,2,1,3,"6_4_3_1_3_2_1_3"
"300","EPI_ISL_775266",6,4,3,1,3,2,1,3,"6_4_3_1_3_2_1_3"
"301","EPI_ISL_775267",6,4,3,1,3,2,1,3,"6_4_3_1_3_2_1_3"
"302","EPI_ISL_779129",6,4,3,1,3,2,1,3,"6_4_3_1_3_2_1_3"
"303","EPI_ISL_796011",10,7,6,2,2,2,1,3,"10_7_6_2_2_2_1_3"
"304","EPI_ISL_804043",10,7,6,2,2,2,1,3,"10_7_6_2_2_2_1_3"
"305","EPI_ISL_804045",10,7,6,2,2,2,1,3,"10_7_6_2_2_2_1_3"
"306","EPI_ISL_804047",10,7,6,2,2,2,1,3,"10_7_6_2_2_2_1_3"
"307","EPI_ISL_808250",10,7,6,2,2,2,1,3,"10_7_6_2_2_2_1_3"
"308","EPI_ISL_811128",10,7,6,2,2,2,1,3,"10_7_6_2_2_2_1_3"
"309","EPI_ISL_811134",10,7,6,2,2,2,1,3,"10_7_6_2_2_2_1_3"
"310","EPI_ISL_811135",10,7,6,2,2,2,1,3,"10_7_6_2_2_2_1_3"
"311","EPI_ISL_811144",10,7,6,2,2,2,1,3,"10_7_6_2_2_2_1_3"
"312","EPI_ISL_811146",10,7,6,2,2,2,1,3,"10_7_6_2_2_2_1_3"
"313","EPI_ISL_832205",6,4,3,1,3,2,1,3,"6_4_3_1_3_2_1_3"
"314","EPI_ISL_832206",6,4,3,1,3,2,1,3,"6_4_3_1_3_2_1_3"
"315","EPI_ISL_943551",6,6,2,1,24,3,1,3,"6_6_2_1_24_3_1_3"
"316","EPI_ISL_943553",6,6,2,1,24,3,1,3,"6_6_2_1_24_3_1_3"
"317","EPI_ISL_984670",6,4,3,1,3,2,1,3,"6_4_3_1_3_2_1_3"
"318","EPI_ISL_984673",6,4,3,1,3,2,1,3,"6_4_3_1_3_2_1_3"
"319","EPI_ISL_984675",6,4,3,1,3,2,1,3,"6_4_3_1_3_2_1_3"
"320","EPI_ISL_984680",6,4,3,1,3,2,1,3,"6_4_3_1_3_2_1_3"
"321","EPI_ISL_984681",6,4,3,1,3,2,1,3,"6_4_3_1_3_2_1_3"
"322","EPI_ISL_984684",6,4,3,1,3,2,1,3,"6_4_3_1_3_2_1_3"
"323","EPI_ISL_984686",6,4,3,1,3,2,1,3,"6_4_3_1_3_2_1_3"
"324","EPI_ISL_984688",6,4,3,1,3,2,1,3,"6_4_3_1_3_2_1_3"
"325","EPI_ISL_984690",6,4,3,1,3,2,1,3,"6_4_3_1_3_2_1_3"
"326","EPI_ISL_984691",6,4,3,1,3,2,1,3,"6_4_3_1_3_2_1_3"
"327","EPI_ISL_984692",6,4,3,1,3,2,1,3,"6_4_3_1_3_2_1_3"
"328","EPI_ISL_984693",6,4,3,1,3,2,1,3,"6_4_3_1_3_2_1_3"
"329","EPI_ISL_984694",6,4,3,1,3,2,1,3,"6_4_3_1_3_2_1_3"
"330","EPI_ISL_984695",6,4,3,1,3,2,1,3,"6_4_3_1_3_2_1_3"
"331","EPI_ISL_996003",6,4,3,1,3,2,1,3,"6_4_3_1_3_2_1_3"
"332","EPI_ISL_1033028",6,4,3,1,3,2,1,3,"6_4_3_1_3_2_1_3"
"333","EPI_ISL_1033029",6,4,3,1,3,2,1,3,"6_4_3_1_3_2_1_3"
"334","EPI_ISL_1033030",6,4,3,1,3,2,1,3,"6_4_3_1_3_2_1_3"
"335","EPI_ISL_1033124",6,4,3,1,3,2,1,3,"6_4_3_1_3_2_1_3"
"336","EPI_ISL_1041108",6,4,3,1,3,2,1,3,"6_4_3_1_3_2_1_3"
"337","EPI_ISL_1041120",6,4,3,1,3,2,1,3,"6_4_3_1_3_2_1_3"
"338","EPI_ISL_1041121",6,4,3,1,3,2,1,3,"6_4_3_1_3_2_1_3"
"339","EPI_ISL_1041124",6,4,3,1,3,2,1,3,"6_4_3_1_3_2_1_3"
"340","EPI_ISL_1041125",6,4,3,1,3,2,1,3,"6_4_3_1_3_2_1_3"
"341","EPI_ISL_1041126",6,4,3,1,3,2,1,3,"6_4_3_1_3_2_1_3"
"342","EPI_ISL_1041127",6,4,3,1,3,2,1,3,"6_4_3_1_3_2_1_3"
"343","EPI_ISL_1041128",6,4,3,1,3,2,1,3,"6_4_3_1_3_2_1_3"
"344","EPI_ISL_1041129",6,4,3,1,3,2,1,3,"6_4_3_1_3_2_1_3"
"345","EPI_ISL_1041130",6,4,3,1,3,2,1,3,"6_4_3_1_3_2_1_3"
"346","EPI_ISL_1041131",6,4,3,1,3,2,1,3,"6_4_3_1_3_2_1_3"
"347","EPI_ISL_1041132",6,4,3,1,3,2,1,3,"6_4_3_1_3_2_1_3"
"348","EPI_ISL_1041133",6,4,3,1,3,2,1,3,"6_4_3_1_3_2_1_3"
"349","EPI_ISL_1041134",6,4,3,1,3,2,1,3,"6_4_3_1_3_2_1_3"
"350","EPI_ISL_1041135",6,4,3,1,3,2,1,3,"6_4_3_1_3_2_1_3"
"351","EPI_ISL_1041136",6,4,3,1,3,2,1,3,"6_4_3_1_3_2_1_3"
"352","EPI_ISL_1041137",6,4,3,1,3,2,1,3,"6_4_3_1_3_2_1_3"
"353","EPI_ISL_1041138",6,4,3,1,3,2,1,3,"6_4_3_1_3_2_1_3"
"354","EPI_ISL_1041139",6,4,3,1,3,2,1,3,"6_4_3_1_3_2_1_3"
"355","EPI_ISL_1041140",6,4,3,1,3,2,1,3,"6_4_3_1_3_2_1_3"
"356","EPI_ISL_1041141",6,4,3,1,3,2,1,3,"6_4_3_1_3_2_1_3"
"357","EPI_ISL_1041142",6,4,3,1,3,2,1,3,"6_4_3_1_3_2_1_3"
"358","EPI_ISL_1041143",6,4,3,1,3,2,1,3,"6_4_3_1_3_2_1_3"
"359","EPI_ISL_1041144",6,4,3,1,3,2,1,3,"6_4_3_1_3_2_1_3"
"360","EPI_ISL_1041145",6,4,3,1,3,2,1,3,"6_4_3_1_3_2_1_3"
"361","EPI_ISL_1041146",6,4,3,1,3,2,1,3,"6_4_3_1_3_2_1_3"
"362","EPI_ISL_1041147",6,4,3,1,3,2,1,3,"6_4_3_1_3_2_1_3"
"363","EPI_ISL_1041148",6,4,3,1,3,2,1,3,"6_4_3_1_3_2_1_3"
"364","EPI_ISL_1041149",6,4,3,1,3,2,1,3,"6_4_3_1_3_2_1_3"
"365","EPI_ISL_1041150",6,4,3,1,3,2,1,3,"6_4_3_1_3_2_1_3"
"366","EPI_ISL_1041151",6,4,3,1,3,2,1,3,"6_4_3_1_3_2_1_3"
"367","EPI_ISL_1041152",6,4,3,1,3,2,1,3,"6_4_3_1_3_2_1_3"
"368","EPI_ISL_1041153",6,4,3,1,3,2,1,3,"6_4_3_1_3_2_1_3"
"369","EPI_ISL_1041154",6,4,3,1,3,2,1,3,"6_4_3_1_3_2_1_3"
"370","EPI_ISL_1041155",6,4,3,1,3,2,1,3,"6_4_3_1_3_2_1_3"
"371","EPI_ISL_1041158",6,4,3,1,3,2,1,3,"6_4_3_1_3_2_1_3"
"372","EPI_ISL_1041159",6,4,3,1,3,2,1,3,"6_4_3_1_3_2_1_3"
"373","EPI_ISL_1041160",6,4,3,1,3,2,1,3,"6_4_3_1_3_2_1_3"
"374","EPI_ISL_1041161",6,4,3,1,3,2,1,3,"6_4_3_1_3_2_1_3"
"375","EPI_ISL_1041165",6,4,3,1,3,2,1,3,"6_4_3_1_3_2_1_3"
"376","EPI_ISL_1041166",6,4,3,1,3,2,1,3,"6_4_3_1_3_2_1_3"
"377","EPI_ISL_1041167",6,4,3,1,3,2,1,3,"6_4_3_1_3_2_1_3"
"378","EPI_ISL_1041168",6,4,3,1,3,2,1,3,"6_4_3_1_3_2_1_3"
"379","EPI_ISL_1041169",6,4,3,1,3,2,1,3,"6_4_3_1_3_2_1_3"
"380","EPI_ISL_1041170",6,4,3,1,3,2,1,3,"6_4_3_1_3_2_1_3"
"381","EPI_ISL_1041171",6,4,3,1,3,2,1,3,"6_4_3_1_3_2_1_3"
"382","EPI_ISL_1041172",1,7,8,2,2,2,1,3,"1_7_8_2_2_2_1_3"
"383","EPI_ISL_1041173",1,7,8,2,2,2,1,3,"1_7_8_2_2_2_1_3"
"384","EPI_ISL_1041176",10,7,6,2,2,2,1,3,"10_7_6_2_2_2_1_3"
"385","EPI_ISL_1041177",10,7,6,2,2,2,1,3,"10_7_6_2_2_2_1_3"
"386","EPI_ISL_1041178",10,7,6,2,2,2,1,3,"10_7_6_2_2_2_1_3"
"387","EPI_ISL_1041180",10,7,6,2,2,2,1,3,"10_7_6_2_2_2_1_3"
"388","EPI_ISL_1057106",6,4,3,1,3,2,1,3,"6_4_3_1_3_2_1_3"
"389","EPI_ISL_1058019",6,4,3,1,3,2,1,3,"6_4_3_1_3_2_1_3"
"390","EPI_ISL_1058020",6,4,3,1,3,2,1,3,"6_4_3_1_3_2_1_3"
"391","EPI_ISL_1058021",6,4,3,1,3,2,1,3,"6_4_3_1_3_2_1_3"
"392","EPI_ISL_1058022",6,4,3,1,3,2,1,3,"6_4_3_1_3_2_1_3"
"393","EPI_ISL_1081353",6,4,3,1,3,2,1,3,"6_4_3_1_3_2_1_3"
"394","EPI_ISL_1098830",6,4,3,1,3,2,1,3,"6_4_3_1_3_2_1_3"
"395","EPI_ISL_1114725",6,4,3,1,3,2,1,3,"6_4_3_1_3_2_1_3"
"396","EPI_ISL_1114735",6,4,3,1,3,2,1,3,"6_4_3_1_3_2_1_3"
"397","EPI_ISL_1114736",6,4,3,1,3,2,1,3,"6_4_3_1_3_2_1_3"
"398","EPI_ISL_1114737",6,4,3,1,3,2,1,3,"6_4_3_1_3_2_1_3"
"399","EPI_ISL_1114738",6,4,3,1,3,2,1,3,"6_4_3_1_3_2_1_3"
"400","EPI_ISL_1114740",6,4,3,1,3,2,1,3,"6_4_3_1_3_2_1_3"
"401","EPI_ISL_1114741",6,4,3,1,3,2,1,3,"6_4_3_1_3_2_1_3"
"402","EPI_ISL_1114742",6,4,3,1,3,2,1,3,"6_4_3_1_3_2_1_3"
"403","EPI_ISL_1114745",6,4,3,1,3,2,1,3,"6_4_3_1_3_2_1_3"
"404","EPI_ISL_1114746",6,4,3,1,3,2,1,3,"6_4_3_1_3_2_1_3"
"405","EPI_ISL_1114747",6,4,3,1,3,2,1,3,"6_4_3_1_3_2_1_3"
"406","EPI_ISL_1114748",6,4,3,1,3,2,1,3,"6_4_3_1_3_2_1_3"
"407","EPI_ISL_1114749",6,4,3,1,3,2,1,3,"6_4_3_1_3_2_1_3"
"408","EPI_ISL_1114750",6,4,3,1,3,2,1,3,"6_4_3_1_3_2_1_3"
"409","EPI_ISL_1114751",6,4,3,1,3,2,1,3,"6_4_3_1_3_2_1_3"
"410","EPI_ISL_1114752",6,4,3,1,3,2,1,3,"6_4_3_1_3_2_1_3"
"411","EPI_ISL_1114753",6,4,3,1,3,2,1,3,"6_4_3_1_3_2_1_3"
"412","EPI_ISL_1114754",6,4,3,1,3,2,1,3,"6_4_3_1_3_2_1_3"
"413","EPI_ISL_1114755",6,4,3,1,3,2,1,3,"6_4_3_1_3_2_1_3"
"414","EPI_ISL_1114756",6,4,3,1,3,2,1,3,"6_4_3_1_3_2_1_3"
"415","EPI_ISL_1114757",6,4,3,1,3,2,1,3,"6_4_3_1_3_2_1_3"
"416","EPI_ISL_1114758",6,4,3,1,3,2,1,3,"6_4_3_1_3_2_1_3"
"417","EPI_ISL_1114759",6,4,3,1,3,2,1,3,"6_4_3_1_3_2_1_3"
"418","EPI_ISL_1114760",6,4,3,1,3,2,1,3,"6_4_3_1_3_2_1_3"
"419","EPI_ISL_1114761",6,4,3,1,3,2,1,3,"6_4_3_1_3_2_1_3"
"420","EPI_ISL_1114762",6,4,3,1,3,2,1,3,"6_4_3_1_3_2_1_3"
"421","EPI_ISL_1114763",6,4,3,1,3,2,1,3,"6_4_3_1_3_2_1_3"
"422","EPI_ISL_1122425",2,1,1,1,2,1,1,1,"2_1_1_1_2_1_1_1"
"423","EPI_ISL_1123263",6,4,3,1,3,2,1,3,"6_4_3_1_3_2_1_3"
"424","EPI_ISL_1123350",6,4,3,1,3,2,1,3,"6_4_3_1_3_2_1_3"
"425","EPI_ISL_1123351",6,4,3,1,3,2,1,3,"6_4_3_1_3_2_1_3"
"426","EPI_ISL_1123352",6,4,3,1,3,2,1,3,"6_4_3_1_3_2_1_3"
"427","EPI_ISL_1123353",6,4,3,1,3,2,1,3,"6_4_3_1_3_2_1_3"
"428","EPI_ISL_1123355",6,4,3,1,3,2,1,3,"6_4_3_1_3_2_1_3"
"429","EPI_ISL_1123357",6,4,3,1,3,2,1,3,"6_4_3_1_3_2_1_3"
"430","EPI_ISL_1123358",6,4,3,1,3,22,1,3,"6_4_3_1_3_22_1_3"
"431","EPI_ISL_1123359",6,4,3,1,3,2,1,3,"6_4_3_1_3_2_1_3"
"432","EPI_ISL_1123360",6,4,3,1,3,2,1,3,"6_4_3_1_3_2_1_3"
"433","EPI_ISL_1123361",2,1,1,1,2,1,1,1,"2_1_1_1_2_1_1_1"
"434","EPI_ISL_1139014",6,4,3,1,3,2,1,3,"6_4_3_1_3_2_1_3"
"435","EPI_ISL_1139015",6,4,3,1,3,2,1,3,"6_4_3_1_3_2_1_3"
"436","EPI_ISL_1139016",6,4,3,1,3,2,1,3,"6_4_3_1_3_2_1_3"
"437","EPI_ISL_1139017",6,4,3,1,3,2,1,3,"6_4_3_1_3_2_1_3"
"438","EPI_ISL_1139018",6,4,3,1,3,2,1,3,"6_4_3_1_3_2_1_3"
"439","EPI_ISL_1139019",6,4,3,1,3,2,1,3,"6_4_3_1_3_2_1_3"
"440","EPI_ISL_1139020",6,4,3,1,3,2,1,3,"6_4_3_1_3_2_1_3"
"441","EPI_ISL_1139021",6,4,3,1,3,2,1,3,"6_4_3_1_3_2_1_3"
"442","EPI_ISL_1139022",6,4,3,1,3,2,1,3,"6_4_3_1_3_2_1_3"
"443","EPI_ISL_1139023",6,4,3,1,3,2,1,3,"6_4_3_1_3_2_1_3"
"444","EPI_ISL_1139024",6,4,3,1,3,2,1,3,"6_4_3_1_3_2_1_3"
"445","EPI_ISL_1139025",6,4,3,1,3,2,1,3,"6_4_3_1_3_2_1_3"
"446","EPI_ISL_1139026",6,4,3,1,3,2,1,3,"6_4_3_1_3_2_1_3"
"447","EPI_ISL_1139027",6,4,3,1,3,2,1,3,"6_4_3_1_3_2_1_3"
"448","EPI_ISL_1139028",6,4,3,1,3,2,1,3,"6_4_3_1_3_2_1_3"
"449","EPI_ISL_1139029",6,4,3,1,3,2,1,3,"6_4_3_1_3_2_1_3"
"450","EPI_ISL_1139030",6,4,3,1,3,2,1,3,"6_4_3_1_3_2_1_3"
"451","EPI_ISL_1139031",6,4,3,1,3,2,1,3,"6_4_3_1_3_2_1_3"
"452","EPI_ISL_1139032",6,4,3,1,3,2,1,3,"6_4_3_1_3_2_1_3"
"453","EPI_ISL_1139033",6,4,3,1,3,2,1,3,"6_4_3_1_3_2_1_3"
"454","EPI_ISL_1139034",6,4,3,1,3,2,1,3,"6_4_3_1_3_2_1_3"
"455","EPI_ISL_1139035",6,4,3,1,3,2,1,3,"6_4_3_1_3_2_1_3"
"456","EPI_ISL_1139036",6,4,3,1,3,2,1,3,"6_4_3_1_3_2_1_3"
"457","EPI_ISL_1139037",6,4,3,1,3,2,1,3,"6_4_3_1_3_2_1_3"
"458","EPI_ISL_1139038",6,4,3,1,3,2,1,3,"6_4_3_1_3_2_1_3"
"459","EPI_ISL_1139039",6,4,3,1,3,2,1,3,"6_4_3_1_3_2_1_3"
"460","EPI_ISL_1139040",6,4,3,1,3,2,1,3,"6_4_3_1_3_2_1_3"
"461","EPI_ISL_1139041",6,4,3,1,3,2,1,3,"6_4_3_1_3_2_1_3"
"462","EPI_ISL_1139042",6,4,3,1,3,2,1,3,"6_4_3_1_3_2_1_3"
"463","EPI_ISL_1139043",6,4,3,1,3,2,1,3,"6_4_3_1_3_2_1_3"
"464","EPI_ISL_1139044",6,4,3,1,3,2,1,3,"6_4_3_1_3_2_1_3"
"465","EPI_ISL_1139045",6,4,3,1,3,2,1,3,"6_4_3_1_3_2_1_3"
"466","EPI_ISL_1139046",6,4,3,1,3,2,1,3,"6_4_3_1_3_2_1_3"
"467","EPI_ISL_1139047",6,4,3,1,3,2,1,3,"6_4_3_1_3_2_1_3"
"468","EPI_ISL_1139048",6,4,3,1,3,2,1,3,"6_4_3_1_3_2_1_3"
"469","EPI_ISL_1139049",6,4,3,1,3,2,1,3,"6_4_3_1_3_2_1_3"
"470","EPI_ISL_1139050",6,4,3,1,3,2,1,3,"6_4_3_1_3_2_1_3"
"471","EPI_ISL_1139051",6,4,3,1,3,2,1,3,"6_4_3_1_3_2_1_3"
"472","EPI_ISL_1139076",6,4,3,1,3,2,1,3,"6_4_3_1_3_2_1_3"
"473","EPI_ISL_1139078",6,4,3,1,3,2,1,3,"6_4_3_1_3_2_1_3"
"474","EPI_ISL_1139079",6,4,3,1,3,2,1,3,"6_4_3_1_3_2_1_3"
"475","EPI_ISL_1139080",6,4,3,1,3,2,1,3,"6_4_3_1_3_2_1_3"
"476","EPI_ISL_1139081",6,4,3,1,3,2,1,3,"6_4_3_1_3_2_1_3"
"477","EPI_ISL_1139082",6,4,3,1,3,2,1,3,"6_4_3_1_3_2_1_3"
"478","EPI_ISL_1139083",6,4,3,1,3,2,1,3,"6_4_3_1_3_2_1_3"
"479","EPI_ISL_1139084",6,4,3,1,3,2,1,3,"6_4_3_1_3_2_1_3"
"480","EPI_ISL_1139085",6,4,3,1,3,2,1,3,"6_4_3_1_3_2_1_3"
"481","EPI_ISL_1139086",6,4,3,1,3,2,1,3,"6_4_3_1_3_2_1_3"
"482","EPI_ISL_1139087",6,4,3,1,3,2,1,3,"6_4_3_1_3_2_1_3"
"483","EPI_ISL_1139088",6,4,3,1,3,2,1,3,"6_4_3_1_3_2_1_3"
"484","EPI_ISL_1139089",6,4,3,1,3,2,1,3,"6_4_3_1_3_2_1_3"
"485","EPI_ISL_1139090",6,4,3,1,3,2,1,3,"6_4_3_1_3_2_1_3"
"486","EPI_ISL_1139091",6,4,3,1,3,2,1,3,"6_4_3_1_3_2_1_3"
"487","EPI_ISL_1139092",6,4,3,1,3,2,1,3,"6_4_3_1_3_2_1_3"
"488","EPI_ISL_1139093",6,4,3,1,3,2,1,3,"6_4_3_1_3_2_1_3"
"489","EPI_ISL_1139094",6,4,3,1,3,2,1,3,"6_4_3_1_3_2_1_3"
"490","EPI_ISL_1139095",6,4,3,1,3,2,1,3,"6_4_3_1_3_2_1_3"
"491","EPI_ISL_1139096",6,4,3,1,3,2,1,3,"6_4_3_1_3_2_1_3"
"492","EPI_ISL_1139097",6,4,3,1,3,2,1,3,"6_4_3_1_3_2_1_3"
"493","EPI_ISL_1139098",6,4,3,1,3,2,1,3,"6_4_3_1_3_2_1_3"
"494","EPI_ISL_1139099",6,4,3,1,3,2,1,3,"6_4_3_1_3_2_1_3"
"495","EPI_ISL_1139100",6,4,3,1,3,2,1,3,"6_4_3_1_3_2_1_3"
"496","EPI_ISL_1139101",2,1,1,1,2,1,1,1,"2_1_1_1_2_1_1_1"
"497","EPI_ISL_1139102",2,1,1,1,2,1,1,1,"2_1_1_1_2_1_1_1"
"498","EPI_ISL_1139103",6,4,3,1,3,2,1,3,"6_4_3_1_3_2_1_3"
"499","EPI_ISL_1139104",6,4,3,1,3,2,1,3,"6_4_3_1_3_2_1_3"
"500","EPI_ISL_1139105",6,4,3,1,3,2,1,3,"6_4_3_1_3_2_1_3"
"501","EPI_ISL_1139106",6,4,3,1,3,2,1,3,"6_4_3_1_3_2_1_3"
"502","EPI_ISL_1139107",6,4,3,1,3,2,1,3,"6_4_3_1_3_2_1_3"
"503","EPI_ISL_1139108",6,4,3,1,3,2,1,3,"6_4_3_1_3_2_1_3"
"504","EPI_ISL_1139109",6,4,3,1,3,2,1,3,"6_4_3_1_3_2_1_3"
"505","EPI_ISL_1139110",6,4,3,1,3,2,1,3,"6_4_3_1_3_2_1_3"
"506","EPI_ISL_1139112",6,4,3,1,3,2,1,3,"6_4_3_1_3_2_1_3"
"507","EPI_ISL_1139113",6,4,3,1,3,2,1,3,"6_4_3_1_3_2_1_3"
"508","EPI_ISL_1139159",6,4,3,1,3,2,1,3,"6_4_3_1_3_2_1_3"
"509","EPI_ISL_1139160",6,4,3,1,3,2,1,3,"6_4_3_1_3_2_1_3"
"510","EPI_ISL_1139161",6,4,3,1,3,2,1,3,"6_4_3_1_3_2_1_3"
"511","EPI_ISL_1139162",6,4,3,1,3,2,1,3,"6_4_3_1_3_2_1_3"
"512","EPI_ISL_1139163",6,4,3,1,3,2,1,3,"6_4_3_1_3_2_1_3"
"513","EPI_ISL_1139164",6,4,3,1,3,2,1,3,"6_4_3_1_3_2_1_3"
"514","EPI_ISL_1139165",6,4,3,1,3,2,1,3,"6_4_3_1_3_2_1_3"
"515","EPI_ISL_1139166",6,4,3,1,3,2,1,3,"6_4_3_1_3_2_1_3"
"516","EPI_ISL_1139167",6,4,3,1,3,2,1,3,"6_4_3_1_3_2_1_3"
"517","EPI_ISL_1139168",6,4,3,1,3,2,1,3,"6_4_3_1_3_2_1_3"
"518","EPI_ISL_1139169",6,4,3,1,3,2,1,3,"6_4_3_1_3_2_1_3"
"519","EPI_ISL_1139170",6,4,3,1,3,2,1,3,"6_4_3_1_3_2_1_3"
"520","EPI_ISL_1139171",6,4,3,1,3,2,1,3,"6_4_3_1_3_2_1_3"
"521","EPI_ISL_1139172",6,4,3,1,3,2,1,3,"6_4_3_1_3_2_1_3"
"522","EPI_ISL_1139173",6,4,3,1,3,2,1,3,"6_4_3_1_3_2_1_3"
"523","EPI_ISL_1180234",6,4,3,1,3,2,1,3,"6_4_3_1_3_2_1_3"
"524","EPI_ISL_1184508",1,7,8,2,2,2,1,3,"1_7_8_2_2_2_1_3"
"525","EPI_ISL_1184509",1,7,8,2,2,2,1,3,"1_7_8_2_2_2_1_3"
"526","EPI_ISL_1184510",1,7,8,2,2,2,1,3,"1_7_8_2_2_2_1_3"
"527","EPI_ISL_1184511",1,7,8,2,2,2,1,3,"1_7_8_2_2_2_1_3"
"528","EPI_ISL_1184517",13,12,6,2,2,2,1,3,"13_12_6_2_2_2_1_3"
"529","EPI_ISL_1184518",13,12,6,2,2,2,1,3,"13_12_6_2_2_2_1_3"
"530","EPI_ISL_1185026",6,4,3,1,3,2,1,3,"6_4_3_1_3_2_1_3"
"531","EPI_ISL_1205485",22,6,13,1,9,7,1,1,"22_6_13_1_9_7_1_1"
"532","EPI_ISL_1205487",22,6,13,1,9,7,1,1,"22_6_13_1_9_7_1_1"
"533","EPI_ISL_1205489",22,6,13,1,9,7,1,1,"22_6_13_1_9_7_1_1"
"534","EPI_ISL_1224942",6,4,3,1,3,2,1,3,"6_4_3_1_3_2_1_3"
"535","EPI_ISL_1224946",2,1,1,1,2,1,1,1,"2_1_1_1_2_1_1_1"
"536","EPI_ISL_1224949",6,4,3,1,3,2,1,3,"6_4_3_1_3_2_1_3"
"537","EPI_ISL_1224989",2,1,1,1,2,1,1,1,"2_1_1_1_2_1_1_1"
"538","EPI_ISL_1225077",1,6,25,1,2,10,1,1,"1_6_25_1_2_10_1_1"
"539","EPI_ISL_1225079",1,6,2,1,2,10,1,1,"1_6_2_1_2_10_1_1"
"540","EPI_ISL_1238195",6,4,2,1,16,3,1,3,"6_4_2_1_16_3_1_3"
"541","EPI_ISL_1279262",6,4,3,1,3,2,1,3,"6_4_3_1_3_2_1_3"
"542","EPI_ISL_1295638",6,4,3,1,3,2,1,3,"6_4_3_1_3_2_1_3"
"543","EPI_ISL_1295639",6,4,3,1,3,2,1,3,"6_4_3_1_3_2_1_3"
"544","EPI_ISL_1303550",6,4,3,1,3,2,1,3,"6_4_3_1_3_2_1_3"
"545","EPI_ISL_1303776",6,4,3,1,3,2,1,3,"6_4_3_1_3_2_1_3"
"546","EPI_ISL_1307695",6,7,2,1,3,2,1,3,"6_7_2_1_3_2_1_3"
"547","EPI_ISL_1307703",6,7,2,1,3,2,1,3,"6_7_2_1_3_2_1_3"
"548","EPI_ISL_1307709",6,4,3,1,2,2,1,3,"6_4_3_1_2_2_1_3"
"549","EPI_ISL_1307716",6,4,2,1,3,15,1,3,"6_4_2_1_3_15_1_3"
"550","EPI_ISL_1307720",6,4,3,1,3,2,1,3,"6_4_3_1_3_2_1_3"
"551","EPI_ISL_1308010",6,4,2,1,3,3,1,3,"6_4_2_1_3_3_1_3"
"552","EPI_ISL_1385792",6,4,2,1,3,3,1,3,"6_4_2_1_3_3_1_3"
"553","EPI_ISL_1389398",6,7,2,1,3,2,1,3,"6_7_2_1_3_2_1_3"
"554","EPI_ISL_1697181",6,4,3,1,3,2,1,3,"6_4_3_1_3_2_1_3"
"555","EPI_ISL_1697182",6,4,3,1,3,2,1,3,"6_4_3_1_3_2_1_3"
"556","EPI_ISL_1697183",6,4,3,1,3,2,1,3,"6_4_3_1_3_2_1_3"
"557","EPI_ISL_1697184",6,4,3,1,3,2,1,3,"6_4_3_1_3_2_1_3"
"558","EPI_ISL_1697185",6,4,3,1,3,2,1,3,"6_4_3_1_3_2_1_3"
"559","EPI_ISL_1697186",6,4,3,1,3,2,1,3,"6_4_3_1_3_2_1_3"
"560","EPI_ISL_1697187",6,4,3,1,3,2,1,3,"6_4_3_1_3_2_1_3"
"561","EPI_ISL_1697188",6,4,3,1,3,2,1,3,"6_4_3_1_3_2_1_3"
"562","EPI_ISL_1697189",6,4,3,1,3,2,1,3,"6_4_3_1_3_2_1_3"
"563","EPI_ISL_1697190",6,4,3,1,3,2,1,3,"6_4_3_1_3_2_1_3"
"564","EPI_ISL_1697191",6,4,3,1,3,2,1,3,"6_4_3_1_3_2_1_3"
"565","EPI_ISL_1697192",6,4,3,1,3,2,1,3,"6_4_3_1_3_2_1_3"
"566","EPI_ISL_1697193",6,4,3,1,3,2,1,3,"6_4_3_1_3_2_1_3"
"567","EPI_ISL_1697194",6,4,3,1,3,2,1,3,"6_4_3_1_3_2_1_3"
"568","EPI_ISL_1697195",6,4,3,1,3,2,1,3,"6_4_3_1_3_2_1_3"
"569","EPI_ISL_1697196",6,4,3,1,3,2,1,3,"6_4_3_1_3_2_1_3"
"570","EPI_ISL_1697197",6,4,3,1,3,2,1,3,"6_4_3_1_3_2_1_3"
"571","EPI_ISL_1697198",6,4,3,1,3,2,1,3,"6_4_3_1_3_2_1_3"
"572","EPI_ISL_1697199",6,4,3,1,3,2,1,3,"6_4_3_1_3_2_1_3"
"573","EPI_ISL_1697200",6,4,3,1,3,2,1,3,"6_4_3_1_3_2_1_3"
"574","EPI_ISL_1937883",6,4,3,1,3,2,1,3,"6_4_3_1_3_2_1_3"
"575","EPI_ISL_1937884",6,4,3,1,3,2,1,3,"6_4_3_1_3_2_1_3"
"576","EPI_ISL_1937889",6,4,3,1,3,2,1,3,"6_4_3_1_3_2_1_3"
"577","EPI_ISL_1937890",6,4,3,1,3,2,1,3,"6_4_3_1_3_2_1_3"
"578","EPI_ISL_1937891",6,4,3,1,3,2,1,3,"6_4_3_1_3_2_1_3"
"579","EPI_ISL_1937892",6,4,3,1,3,2,1,3,"6_4_3_1_3_2_1_3"
"580","EPI_ISL_1938307",6,4,3,1,3,2,1,3,"6_4_3_1_3_2_1_3"
"581","EPI_ISL_1938309",6,4,3,1,3,2,1,3,"6_4_3_1_3_2_1_3"
"582","EPI_ISL_1938478",6,4,3,1,3,2,1,3,"6_4_3_1_3_2_1_3"
"583","EPI_ISL_1941542",6,4,3,1,3,2,1,3,"6_4_3_1_3_2_1_3"
"584","EPI_ISL_1941578",6,4,3,1,3,2,1,3,"6_4_3_1_3_2_1_3"
"585","EPI_ISL_1941579",6,4,3,1,3,2,1,3,"6_4_3_1_3_2_1_3"
"586","EPI_ISL_1941580",6,4,3,1,3,2,1,3,"6_4_3_1_3_2_1_3"
"587","EPI_ISL_1941581",6,4,3,1,3,2,1,3,"6_4_3_1_3_2_1_3"
"588","EPI_ISL_1941582",6,4,3,1,3,2,1,3,"6_4_3_1_3_2_1_3"
"589","EPI_ISL_2081527",6,4,3,1,3,2,1,3,"6_4_3_1_3_2_1_3"
"590","EPI_ISL_2081528",6,4,3,1,3,2,1,3,"6_4_3_1_3_2_1_3"
"591","EPI_ISL_2114013",6,4,3,1,3,2,1,3,"6_4_3_1_3_2_1_3"
"592","EPI_ISL_2131573",6,7,2,1,3,2,1,3,"6_7_2_1_3_2_1_3"
"593","EPI_ISL_2172517",6,4,3,1,3,2,1,3,"6_4_3_1_3_2_1_3"
"594","EPI_ISL_2172518",6,4,3,1,3,2,1,3,"6_4_3_1_3_2_1_3"
"595","EPI_ISL_2172522",6,4,3,1,3,2,1,3,"6_4_3_1_3_2_1_3"
"596","EPI_ISL_2172523",6,4,3,1,3,2,1,3,"6_4_3_1_3_2_1_3"
"597","EPI_ISL_2172525",6,4,3,1,3,2,1,3,"6_4_3_1_3_2_1_3"
"598","EPI_ISL_2172526",6,4,3,1,3,2,1,3,"6_4_3_1_3_2_1_3"
"599","EPI_ISL_2172528",2,1,1,1,2,1,1,1,"2_1_1_1_2_1_1_1"
"600","EPI_ISL_2172529",6,4,3,1,3,2,1,3,"6_4_3_1_3_2_1_3"
"601","EPI_ISL_2172530",22,6,13,1,9,7,1,1,"22_6_13_1_9_7_1_1"
"602","EPI_ISL_2172531",6,4,3,1,3,2,1,3,"6_4_3_1_3_2_1_3"
"603","EPI_ISL_2172532",6,4,3,1,3,2,1,3,"6_4_3_1_3_2_1_3"
"604","EPI_ISL_2172533",6,4,3,1,3,2,1,3,"6_4_3_1_3_2_1_3"
"605","EPI_ISL_2175628",6,4,3,1,3,2,1,3,"6_4_3_1_3_2_1_3"
"606","EPI_ISL_2176321",6,4,3,1,3,2,1,3,"6_4_3_1_3_2_1_3"
"607","EPI_ISL_2254497",6,4,3,1,3,2,1,3,"6_4_3_1_3_2_1_3"
"608","EPI_ISL_2556113",6,4,3,1,3,2,1,3,"6_4_3_1_3_2_1_3"
"609","EPI_ISL_2713170",6,4,3,1,3,2,1,3,"6_4_3_1_3_2_1_3"
"610","EPI_ISL_2815336",6,4,3,1,3,2,1,3,"6_4_3_1_3_2_1_3"
"611","EPI_ISL_2815374",10,7,6,2,2,2,1,3,"10_7_6_2_2_2_1_3"
"612","EPI_ISL_3102024",6,4,3,1,3,2,1,3,"6_4_3_1_3_2_1_3"
"613","EPI_ISL_3102029",6,4,3,1,3,2,1,3,"6_4_3_1_3_2_1_3"
"614","EPI_ISL_3102054",8,6,2,1,2,3,1,1,"8_6_2_1_2_3_1_1"
"615","EPI_ISL_3102055",8,6,2,1,2,3,1,1,"8_6_2_1_2_3_1_1"
"616","EPI_ISL_3102056",6,4,3,1,3,2,1,3,"6_4_3_1_3_2_1_3"
"617","EPI_ISL_3102057",6,4,3,1,3,2,1,3,"6_4_3_1_3_2_1_3"
"618","EPI_ISL_3102058",6,4,3,1,3,2,1,3,"6_4_3_1_3_2_1_3"
"619","EPI_ISL_3102059",6,4,3,1,3,2,1,3,"6_4_3_1_3_2_1_3"
"620","EPI_ISL_3102060",6,4,3,1,3,2,1,3,"6_4_3_1_3_2_1_3"
"621","EPI_ISL_3102061",6,4,3,1,3,2,1,3,"6_4_3_1_3_2_1_3"
"622","EPI_ISL_3102062",6,4,3,1,3,2,1,3,"6_4_3_1_3_2_1_3"
"623","EPI_ISL_3102063",6,4,3,1,3,2,1,3,"6_4_3_1_3_2_1_3"
"624","EPI_ISL_3102064",6,4,3,1,3,2,1,3,"6_4_3_1_3_2_1_3"
"625","EPI_ISL_3102065",6,4,3,1,3,2,1,3,"6_4_3_1_3_2_1_3"
"626","EPI_ISL_3102066",6,4,3,1,3,2,1,3,"6_4_3_1_3_2_1_3"
"627","EPI_ISL_3102067",6,4,3,1,3,2,1,3,"6_4_3_1_3_2_1_3"
"628","EPI_ISL_3102068",6,4,3,1,3,2,1,3,"6_4_3_1_3_2_1_3"
"629","EPI_ISL_3102069",6,4,3,1,3,2,1,3,"6_4_3_1_3_2_1_3"
"630","EPI_ISL_3102070",6,4,3,1,3,2,1,3,"6_4_3_1_3_2_1_3"
"631","EPI_ISL_3102071",6,4,3,1,3,2,1,3,"6_4_3_1_3_2_1_3"
"632","EPI_ISL_3102072",6,4,3,1,3,2,1,3,"6_4_3_1_3_2_1_3"
"633","EPI_ISL_3102073",6,4,3,1,3,2,1,3,"6_4_3_1_3_2_1_3"
"634","EPI_ISL_3102074",6,4,3,1,3,2,1,3,"6_4_3_1_3_2_1_3"
"635","EPI_ISL_3102075",6,4,3,1,3,2,1,3,"6_4_3_1_3_2_1_3"
"636","EPI_ISL_3102076",6,4,3,1,3,2,1,3,"6_4_3_1_3_2_1_3"
"637","EPI_ISL_3102077",6,4,3,1,3,2,1,3,"6_4_3_1_3_2_1_3"
"638","EPI_ISL_3102078",6,4,3,1,3,2,1,3,"6_4_3_1_3_2_1_3"
"639","EPI_ISL_3102079",6,4,3,1,3,2,1,3,"6_4_3_1_3_2_1_3"
"640","EPI_ISL_3102080",6,4,3,1,3,2,1,3,"6_4_3_1_3_2_1_3"
"641","EPI_ISL_3102081",8,1,1,1,2,3,1,1,"8_1_1_1_2_3_1_1"
"642","EPI_ISL_3102082",6,4,3,1,3,2,1,3,"6_4_3_1_3_2_1_3"
"643","EPI_ISL_3102208",6,4,3,1,3,2,1,3,"6_4_3_1_3_2_1_3"
"644","EPI_ISL_3138567",6,4,3,1,3,2,1,3,"6_4_3_1_3_2_1_3"
"645","EPI_ISL_3138618",6,4,3,1,3,2,1,3,"6_4_3_1_3_2_1_3"
"646","EPI_ISL_3142375",6,4,3,1,3,2,1,3,"6_4_3_1_3_2_1_3"
"647","EPI_ISL_3142391",6,4,3,1,3,2,1,3,"6_4_3_1_3_2_1_3"
"648","EPI_ISL_3290184",6,4,3,1,2,2,1,3,"6_4_3_1_2_2_1_3"
"649","EPI_ISL_3294584",6,4,2,1,3,3,1,3,"6_4_2_1_3_3_1_3"
"650","EPI_ISL_3298234",1,6,2,1,2,10,1,1,"1_6_2_1_2_10_1_1"
"651","EPI_ISL_3298300",6,7,2,1,3,2,1,3,"6_7_2_1_3_2_1_3"
"652","EPI_ISL_3314946",6,4,3,1,3,2,1,3,"6_4_3_1_3_2_1_3"
"653","EPI_ISL_3314973",6,7,2,1,3,2,1,3,"6_7_2_1_3_2_1_3"
"654","EPI_ISL_3315298",6,4,3,1,3,2,1,3,"6_4_3_1_3_2_1_3"
"655","EPI_ISL_3319316",6,4,3,1,3,2,1,3,"6_4_3_1_3_2_1_3"
"656","EPI_ISL_3950049",6,4,3,1,3,2,1,3,"6_4_3_1_3_2_1_3"
"657","EPI_ISL_3950066",6,4,3,1,3,2,1,3,"6_4_3_1_3_2_1_3"
"658","EPI_ISL_4653177",2,1,1,1,2,1,1,1,"2_1_1_1_2_1_1_1"
"659","EPI_ISL_4804850",6,4,3,1,2,2,1,3,"6_4_3_1_2_2_1_3"
"660","EPI_ISL_4805852",6,4,3,1,3,2,1,3,"6_4_3_1_3_2_1_3"
"661","EPI_ISL_4805936",6,4,3,1,2,2,1,3,"6_4_3_1_2_2_1_3"
"662","EPI_ISL_5058855",6,4,3,1,3,2,1,3,"6_4_3_1_3_2_1_3"
"663","EPI_ISL_5060031",6,4,3,1,3,2,1,3,"6_4_3_1_3_2_1_3"
"664","EPI_ISL_5062851",6,4,3,1,3,2,1,3,"6_4_3_1_3_2_1_3"
"665","EPI_ISL_5063706",6,4,3,1,3,2,1,3,"6_4_3_1_3_2_1_3"
"666","EPI_ISL_5064270",6,4,3,1,3,2,1,3,"6_4_3_1_3_2_1_3"
"667","EPI_ISL_5066981",6,4,3,1,3,2,1,3,"6_4_3_1_3_2_1_3"
"668","EPI_ISL_5066982",6,4,3,1,3,2,1,3,"6_4_3_1_3_2_1_3"
"669","EPI_ISL_5066996",6,4,3,1,3,2,1,3,"6_4_3_1_3_2_1_3"
"670","EPI_ISL_5067044",6,4,3,1,3,2,1,3,"6_4_3_1_3_2_1_3"
"671","EPI_ISL_5067335",6,4,3,1,3,2,1,3,"6_4_3_1_3_2_1_3"
"672","EPI_ISL_5067957",6,4,3,1,3,2,1,3,"6_4_3_1_3_2_1_3"
"673","EPI_ISL_5095554",6,4,3,1,3,2,1,3,"6_4_3_1_3_2_1_3"
"674","EPI_ISL_5095555",6,4,3,1,3,2,1,3,"6_4_3_1_3_2_1_3"
"675","EPI_ISL_5095556",6,4,3,1,3,2,1,3,"6_4_3_1_3_2_1_3"
"676","EPI_ISL_5095644",6,6,27,1,3,2,1,3,"6_6_27_1_3_2_1_3"
"677","EPI_ISL_5095645",6,4,3,1,3,2,1,3,"6_4_3_1_3_2_1_3"
"678","EPI_ISL_5095649",6,4,3,1,3,2,1,3,"6_4_3_1_3_2_1_3"
"679","EPI_ISL_5095650",6,4,3,1,3,2,1,3,"6_4_3_1_3_2_1_3"
"680","EPI_ISL_5096070",6,4,3,1,3,2,1,3,"6_4_3_1_3_2_1_3"
"681","EPI_ISL_5096104",6,4,3,1,3,2,1,3,"6_4_3_1_3_2_1_3"
"682","EPI_ISL_5096105",6,4,3,1,3,2,1,3,"6_4_3_1_3_2_1_3"
"683","EPI_ISL_5096107",6,4,3,1,3,2,1,3,"6_4_3_1_3_2_1_3"
"684","EPI_ISL_5096629",6,4,3,1,3,2,1,3,"6_4_3_1_3_2_1_3"
"685","EPI_ISL_5099628",6,4,3,1,3,2,1,3,"6_4_3_1_3_2_1_3"
"686","EPI_ISL_5100056",6,4,3,1,3,2,1,3,"6_4_3_1_3_2_1_3"
"687","EPI_ISL_5100599",6,4,3,1,3,2,1,3,"6_4_3_1_3_2_1_3"
"688","EPI_ISL_5115955",6,4,3,1,3,2,1,3,"6_4_3_1_3_2_1_3"
"689","EPI_ISL_5115956",6,4,3,1,3,2,1,3,"6_4_3_1_3_2_1_3"
"690","EPI_ISL_5115967",6,4,3,1,3,2,1,3,"6_4_3_1_3_2_1_3"
"691","EPI_ISL_5115968",6,4,3,1,3,2,1,3,"6_4_3_1_3_2_1_3"
"692","EPI_ISL_5115970",6,4,3,1,3,2,1,3,"6_4_3_1_3_2_1_3"
"693","EPI_ISL_5116063",6,4,3,1,3,2,1,3,"6_4_3_1_3_2_1_3"
"694","EPI_ISL_5116064",6,4,3,1,3,2,1,3,"6_4_3_1_3_2_1_3"
"695","EPI_ISL_5116065",6,4,3,1,3,2,1,3,"6_4_3_1_3_2_1_3"
"696","EPI_ISL_5116093",6,4,3,1,3,2,1,3,"6_4_3_1_3_2_1_3"
"697","EPI_ISL_5116172",6,4,3,1,3,2,1,3,"6_4_3_1_3_2_1_3"
"698","EPI_ISL_5116326",6,4,3,1,2,2,1,3,"6_4_3_1_2_2_1_3"
"699","EPI_ISL_5133724",6,4,3,1,3,2,1,3,"6_4_3_1_3_2_1_3"
"700","EPI_ISL_5136837",6,4,3,1,3,2,1,3,"6_4_3_1_3_2_1_3"
"701","EPI_ISL_5137351",6,4,3,1,3,2,1,3,"6_4_3_1_3_2_1_3"
"702","EPI_ISL_5137952",6,4,3,1,3,2,1,3,"6_4_3_1_3_2_1_3"
"703","EPI_ISL_5141340",6,4,3,1,3,2,1,3,"6_4_3_1_3_2_1_3"
"704","EPI_ISL_5144632",6,4,3,1,3,2,1,3,"6_4_3_1_3_2_1_3"
"705","EPI_ISL_5144725",6,4,3,1,3,2,1,3,"6_4_3_1_3_2_1_3"
"706","EPI_ISL_5144778",6,4,3,1,3,2,1,3,"6_4_3_1_3_2_1_3"
"707","EPI_ISL_5144920",6,4,3,1,3,2,1,3,"6_4_3_1_3_2_1_3"
"708","EPI_ISL_5145223",2,1,1,1,2,1,1,1,"2_1_1_1_2_1_1_1"
"709","EPI_ISL_5145422",2,1,1,1,2,1,1,1,"2_1_1_1_2_1_1_1"
"710","EPI_ISL_5145613",6,4,3,1,3,2,1,3,"6_4_3_1_3_2_1_3"
"711","EPI_ISL_5145744",2,1,1,1,2,1,1,1,"2_1_1_1_2_1_1_1"
"712","EPI_ISL_5145796",6,4,3,1,3,2,1,3,"6_4_3_1_3_2_1_3"
"713","EPI_ISL_5145858",6,4,3,1,3,2,1,3,"6_4_3_1_3_2_1_3"
"714","EPI_ISL_5145921",6,4,3,1,3,2,1,3,"6_4_3_1_3_2_1_3"
"715","EPI_ISL_5146171",6,4,3,1,3,2,1,3,"6_4_3_1_3_2_1_3"
"716","EPI_ISL_5260416",6,4,3,1,3,2,1,3,"6_4_3_1_3_2_1_3"
"717","EPI_ISL_5260417",6,4,3,1,3,2,1,3,"6_4_3_1_3_2_1_3"
"718","EPI_ISL_5260418",6,4,3,1,3,2,1,3,"6_4_3_1_3_2_1_3"
"719","EPI_ISL_5260419",6,4,3,1,3,2,1,3,"6_4_3_1_3_2_1_3"
"720","EPI_ISL_5260420",6,4,3,1,3,2,1,3,"6_4_3_1_3_2_1_3"
"721","EPI_ISL_5260421",6,4,3,1,3,2,1,3,"6_4_3_1_3_2_1_3"
"722","EPI_ISL_5260422",6,4,3,1,3,2,1,3,"6_4_3_1_3_2_1_3"
"723","EPI_ISL_5260426",6,4,3,1,3,2,1,3,"6_4_3_1_3_2_1_3"
"724","EPI_ISL_5260435",6,4,3,1,3,2,1,3,"6_4_3_1_3_2_1_3"
"725","EPI_ISL_5260444",6,4,3,1,3,2,1,3,"6_4_3_1_3_2_1_3"
"726","EPI_ISL_5260445",6,4,3,1,3,2,1,3,"6_4_3_1_3_2_1_3"
"727","EPI_ISL_5260446",6,4,3,1,3,2,1,3,"6_4_3_1_3_2_1_3"
"728","EPI_ISL_5260447",6,4,3,1,3,2,1,3,"6_4_3_1_3_2_1_3"
"729","EPI_ISL_5260448",6,4,3,1,3,2,1,3,"6_4_3_1_3_2_1_3"
"730","EPI_ISL_5260449",6,4,3,1,3,2,1,3,"6_4_3_1_3_2_1_3"
"731","EPI_ISL_5260450",6,4,3,1,3,2,1,3,"6_4_3_1_3_2_1_3"
"732","EPI_ISL_5260451",6,4,3,1,3,2,1,3,"6_4_3_1_3_2_1_3"
"733","EPI_ISL_5260452",6,4,3,1,3,2,1,3,"6_4_3_1_3_2_1_3"
"734","EPI_ISL_5260453",6,4,3,1,3,2,1,3,"6_4_3_1_3_2_1_3"
"735","EPI_ISL_5260454",6,4,3,1,3,2,1,3,"6_4_3_1_3_2_1_3"
"736","EPI_ISL_5260455",6,4,3,1,3,2,1,3,"6_4_3_1_3_2_1_3"
"737","EPI_ISL_5260456",6,4,3,1,3,2,1,3,"6_4_3_1_3_2_1_3"
"738","EPI_ISL_5260457",1,7,8,2,2,2,1,3,"1_7_8_2_2_2_1_3"
"739","EPI_ISL_5260458",6,4,3,1,3,2,1,3,"6_4_3_1_3_2_1_3"
"740","EPI_ISL_5260459",6,4,3,1,3,2,1,3,"6_4_3_1_3_2_1_3"
"741","EPI_ISL_5260460",6,4,3,1,3,2,1,3,"6_4_3_1_3_2_1_3"
"742","EPI_ISL_5260461",6,4,3,1,3,2,1,3,"6_4_3_1_3_2_1_3"
"743","EPI_ISL_5260462",6,4,3,1,3,2,1,3,"6_4_3_1_3_2_1_3"
"744","EPI_ISL_5260463",6,4,3,1,3,2,1,3,"6_4_3_1_3_2_1_3"
"745","EPI_ISL_5260464",6,4,3,1,3,2,1,3,"6_4_3_1_3_2_1_3"
"746","EPI_ISL_5260465",6,4,3,1,3,2,1,3,"6_4_3_1_3_2_1_3"
"747","EPI_ISL_5260466",6,4,3,1,3,2,1,3,"6_4_3_1_3_2_1_3"
"748","EPI_ISL_5260467",6,4,3,1,3,2,1,3,"6_4_3_1_3_2_1_3"
"749","EPI_ISL_5260468",6,4,3,1,3,2,1,3,"6_4_3_1_3_2_1_3"
"750","EPI_ISL_5260469",6,4,3,1,3,2,1,3,"6_4_3_1_3_2_1_3"
"751","EPI_ISL_5260470",6,4,3,1,3,2,1,3,"6_4_3_1_3_2_1_3"
"752","EPI_ISL_5403566",2,1,1,1,2,1,1,1,"2_1_1_1_2_1_1_1"
"753","EPI_ISL_5449305",2,1,1,1,2,1,1,1,"2_1_1_1_2_1_1_1"
"754","EPI_ISL_5530613",2,1,1,1,2,1,1,1,"2_1_1_1_2_1_1_1"
"755","EPI_ISL_5588100",1,1,2,1,2,1,1,1,"1_1_2_1_2_1_1_1"
"756","EPI_ISL_5588106",1,1,2,1,2,1,1,1,"1_1_2_1_2_1_1_1"
"757","EPI_ISL_5804698",1,1,2,1,2,1,1,1,"1_1_2_1_2_1_1_1"
"758","EPI_ISL_5804708",2,1,1,1,2,1,1,1,"2_1_1_1_2_1_1_1"
"759","EPI_ISL_5804788",1,1,2,1,2,1,1,1,"1_1_2_1_2_1_1_1"
"760","EPI_ISL_5804789",2,1,1,1,2,1,1,1,"2_1_1_1_2_1_1_1"
"761","EPI_ISL_5862398",6,4,3,1,3,2,1,3,"6_4_3_1_3_2_1_3"
"762","EPI_ISL_5865550",6,4,3,1,3,2,1,3,"6_4_3_1_3_2_1_3"
"763","EPI_ISL_5865629",6,4,3,1,3,2,1,3,"6_4_3_1_3_2_1_3"
"764","EPI_ISL_5865682",6,4,3,1,3,2,1,3,"6_4_3_1_3_2_1_3"
"765","EPI_ISL_5865695",6,4,3,1,3,2,1,3,"6_4_3_1_3_2_1_3"
"766","EPI_ISL_6025676",1,1,2,1,2,1,1,1,"1_1_2_1_2_1_1_1"
"767","EPI_ISL_6029360",2,1,1,1,2,1,1,1,"2_1_1_1_2_1_1_1"
"768","EPI_ISL_6328409",2,1,1,1,2,1,1,1,"2_1_1_1_2_1_1_1"
"769","EPI_ISL_6590766",2,1,1,1,2,1,1,1,"2_1_1_1_2_1_1_1"
"770","EPI_ISL_6596216",2,1,1,1,2,1,1,1,"2_1_1_1_2_1_1_1"
"771","EPI_ISL_6599075",2,1,1,1,2,1,1,1,"2_1_1_1_2_1_1_1"
"772","EPI_ISL_6599895",2,1,1,1,2,1,1,1,"2_1_1_1_2_1_1_1"
"773","EPI_ISL_6759148",19,17,11,1,10,4,1,8,"19_17_11_1_10_4_1_8"
"774","EPI_ISL_6829497",6,4,3,1,3,2,1,3,"6_4_3_1_3_2_1_3"
"775","EPI_ISL_6829533",8,7,1,1,2,1,1,1,"8_7_1_1_2_1_1_1"
"776","EPI_ISL_6829536",6,4,3,1,3,2,1,3,"6_4_3_1_3_2_1_3"
"777","EPI_ISL_6914131",19,17,11,1,10,4,1,8,"19_17_11_1_10_4_1_8"
"778","EPI_ISL_6930564",2,1,1,1,2,1,1,1,"2_1_1_1_2_1_1_1"
"779","EPI_ISL_6931008",2,1,1,1,2,1,1,1,"2_1_1_1_2_1_1_1"
"780","EPI_ISL_6931288",2,1,1,1,2,1,1,1,"2_1_1_1_2_1_1_1"
"781","EPI_ISL_6935584",2,1,1,1,2,1,1,1,"2_1_1_1_2_1_1_1"
"782","EPI_ISL_6959592",8,7,1,1,2,1,1,1,"8_7_1_1_2_1_1_1"
"783","EPI_ISL_6959593",8,7,1,1,2,1,1,1,"8_7_1_1_2_1_1_1"
"784","EPI_ISL_7049600",2,1,1,1,2,1,1,1,"2_1_1_1_2_1_1_1"
"785","EPI_ISL_7050532",2,1,1,1,2,1,1,1,"2_1_1_1_2_1_1_1"
"786","EPI_ISL_7053817",1,1,2,1,2,1,1,1,"1_1_2_1_2_1_1_1"
"787","EPI_ISL_7054529",2,1,1,1,2,1,1,1,"2_1_1_1_2_1_1_1"
"788","EPI_ISL_7054770",1,1,2,1,2,1,1,1,"1_1_2_1_2_1_1_1"
"789","EPI_ISL_7192735",6,4,3,1,3,2,1,3,"6_4_3_1_3_2_1_3"
"790","EPI_ISL_7267243",2,1,1,1,2,1,1,1,"2_1_1_1_2_1_1_1"
"791","EPI_ISL_7267244",15,1,1,1,2,1,1,1,"15_1_1_1_2_1_1_1"
"792","EPI_ISL_7267245",18,1,1,1,2,1,1,1,"18_1_1_1_2_1_1_1"
"793","EPI_ISL_7267246",2,1,1,1,2,1,1,1,"2_1_1_1_2_1_1_1"
"794","EPI_ISL_7267247",2,1,1,1,2,1,1,1,"2_1_1_1_2_1_1_1"
"795","EPI_ISL_7267248",2,1,1,1,2,1,1,1,"2_1_1_1_2_1_1_1"
"796","EPI_ISL_7267249",1,1,2,1,2,1,1,1,"1_1_2_1_2_1_1_1"
"797","EPI_ISL_7267250",2,1,1,1,2,1,1,1,"2_1_1_1_2_1_1_1"
"798","EPI_ISL_7267251",2,1,1,1,2,1,1,1,"2_1_1_1_2_1_1_1"
"799","EPI_ISL_7267252",2,1,1,1,2,1,1,1,"2_1_1_1_2_1_1_1"
"800","EPI_ISL_7267253",1,1,2,1,2,1,1,1,"1_1_2_1_2_1_1_1"
"801","EPI_ISL_7267254",2,1,1,1,2,1,1,1,"2_1_1_1_2_1_1_1"
"802","EPI_ISL_7349517",6,4,3,1,3,2,1,3,"6_4_3_1_3_2_1_3"
"803","EPI_ISL_7357590",1,1,2,1,2,1,1,1,"1_1_2_1_2_1_1_1"
"804","EPI_ISL_7381026",6,4,3,1,3,2,1,3,"6_4_3_1_3_2_1_3"
"805","EPI_ISL_7381065",6,4,3,1,3,2,1,3,"6_4_3_1_3_2_1_3"
"806","EPI_ISL_7381103",6,4,3,1,3,2,1,3,"6_4_3_1_3_2_1_3"
"807","EPI_ISL_7381115",6,4,3,1,3,2,1,3,"6_4_3_1_3_2_1_3"
"808","EPI_ISL_7381183",6,4,3,1,3,2,1,3,"6_4_3_1_3_2_1_3"
"809","EPI_ISL_7381397",6,4,3,1,3,2,1,3,"6_4_3_1_3_2_1_3"
"810","EPI_ISL_7381423",6,4,3,1,3,2,1,3,"6_4_3_1_3_2_1_3"
"811","EPI_ISL_7381438",6,4,3,1,3,2,1,3,"6_4_3_1_3_2_1_3"
"812","EPI_ISL_7381448",6,4,3,1,3,2,1,7,"6_4_3_1_3_2_1_7"
"813","EPI_ISL_7381695",6,4,3,1,3,2,1,3,"6_4_3_1_3_2_1_3"
"814","EPI_ISL_7590312",6,4,3,1,3,2,1,3,"6_4_3_1_3_2_1_3"
"815","EPI_ISL_7591058",6,4,3,1,3,2,1,3,"6_4_3_1_3_2_1_3"
"816","EPI_ISL_7598788",6,4,3,1,3,2,1,3,"6_4_3_1_3_2_1_3"
"817","EPI_ISL_7622862",6,4,3,1,3,2,1,3,"6_4_3_1_3_2_1_3"
"818","EPI_ISL_7623043",6,4,3,1,3,2,1,3,"6_4_3_1_3_2_1_3"
"819","EPI_ISL_7623299",6,4,3,1,3,2,1,3,"6_4_3_1_3_2_1_3"
"820","EPI_ISL_7623303",6,4,3,1,3,2,1,3,"6_4_3_1_3_2_1_3"
"821","EPI_ISL_7623511",6,4,3,1,3,2,1,3,"6_4_3_1_3_2_1_3"
"822","EPI_ISL_7623789",6,4,3,1,3,2,1,3,"6_4_3_1_3_2_1_3"
"823","EPI_ISL_7624142",6,4,3,1,3,2,1,3,"6_4_3_1_3_2_1_3"
"824","EPI_ISL_7635907",2,1,1,1,2,1,1,1,"2_1_1_1_2_1_1_1"
"825","EPI_ISL_7733582",2,1,1,1,2,1,1,1,"2_1_1_1_2_1_1_1"
"826","EPI_ISL_7733584",2,1,1,1,2,1,1,1,"2_1_1_1_2_1_1_1"
"827","EPI_ISL_7733585",2,1,1,1,2,1,1,1,"2_1_1_1_2_1_1_1"
"828","EPI_ISL_7733587",2,1,1,1,2,1,1,1,"2_1_1_1_2_1_1_1"
"829","EPI_ISL_7733591",2,1,1,1,2,1,1,1,"2_1_1_1_2_1_1_1"
"830","EPI_ISL_7733595",2,1,1,1,2,1,1,1,"2_1_1_1_2_1_1_1"
"831","EPI_ISL_7733597",2,1,1,1,2,1,1,1,"2_1_1_1_2_1_1_1"
"832","EPI_ISL_7733598",2,1,1,1,2,1,1,1,"2_1_1_1_2_1_1_1"
"833","EPI_ISL_7733603",2,1,1,1,2,1,1,1,"2_1_1_1_2_1_1_1"
"834","EPI_ISL_7733607",2,1,1,1,2,1,1,1,"2_1_1_1_2_1_1_1"
"835","EPI_ISL_7733609",2,1,1,1,2,1,1,1,"2_1_1_1_2_1_1_1"
"836","EPI_ISL_7733611",2,1,1,1,2,1,1,1,"2_1_1_1_2_1_1_1"
"837","EPI_ISL_7733612",2,1,1,1,2,1,1,1,"2_1_1_1_2_1_1_1"
"838","EPI_ISL_7733613",2,1,1,1,2,1,1,1,"2_1_1_1_2_1_1_1"
"839","EPI_ISL_7733617",2,1,1,1,2,1,1,1,"2_1_1_1_2_1_1_1"
"840","EPI_ISL_7733621",2,1,1,1,2,1,1,1,"2_1_1_1_2_1_1_1"
"841","EPI_ISL_7733624",2,1,1,1,2,1,1,1,"2_1_1_1_2_1_1_1"
"842","EPI_ISL_7733628",8,16,1,1,2,1,1,1,"8_16_1_1_2_1_1_1"
"843","EPI_ISL_7733629",2,1,1,1,2,1,1,1,"2_1_1_1_2_1_1_1"
"844","EPI_ISL_7733630",2,1,1,1,2,1,1,1,"2_1_1_1_2_1_1_1"
"845","EPI_ISL_7733632",2,1,1,1,2,1,1,1,"2_1_1_1_2_1_1_1"
"846","EPI_ISL_7733633",2,1,1,1,2,1,1,1,"2_1_1_1_2_1_1_1"
"847","EPI_ISL_7733634",2,1,1,1,2,1,1,1,"2_1_1_1_2_1_1_1"
"848","EPI_ISL_7733635",2,1,1,1,2,1,1,1,"2_1_1_1_2_1_1_1"
"849","EPI_ISL_7733638",2,1,1,1,2,1,1,1,"2_1_1_1_2_1_1_1"
"850","EPI_ISL_7733641",8,16,1,1,2,1,1,1,"8_16_1_1_2_1_1_1"
"851","EPI_ISL_7733642",2,1,1,1,2,1,1,1,"2_1_1_1_2_1_1_1"
"852","EPI_ISL_7733643",2,1,1,1,2,1,1,1,"2_1_1_1_2_1_1_1"
"853","EPI_ISL_7733644",15,8,1,1,7,1,1,5,"15_8_1_1_7_1_1_5"
"854","EPI_ISL_7733645",15,8,1,1,7,1,1,5,"15_8_1_1_7_1_1_5"
"855","EPI_ISL_7733647",2,1,1,1,2,1,1,1,"2_1_1_1_2_1_1_1"
"856","EPI_ISL_7733648",2,1,1,1,2,1,1,1,"2_1_1_1_2_1_1_1"
"857","EPI_ISL_7778753",6,4,3,1,3,2,1,3,"6_4_3_1_3_2_1_3"
"858","EPI_ISL_7778754",2,1,1,1,2,1,1,1,"2_1_1_1_2_1_1_1"
"859","EPI_ISL_7778755",2,1,1,1,2,1,1,1,"2_1_1_1_2_1_1_1"
"860","EPI_ISL_7778756",2,1,1,1,2,1,1,1,"2_1_1_1_2_1_1_1"
"861","EPI_ISL_7778757",6,4,3,1,3,2,1,3,"6_4_3_1_3_2_1_3"
"862","EPI_ISL_7778758",6,4,3,1,3,2,1,3,"6_4_3_1_3_2_1_3"
"863","EPI_ISL_7778759",6,4,3,1,3,2,1,3,"6_4_3_1_3_2_1_3"
"864","EPI_ISL_7778760",6,4,3,1,3,2,1,3,"6_4_3_1_3_2_1_3"
"865","EPI_ISL_7778761",6,4,3,1,3,2,1,3,"6_4_3_1_3_2_1_3"
"866","EPI_ISL_7778762",6,4,3,1,3,2,1,3,"6_4_3_1_3_2_1_3"
"867","EPI_ISL_7778763",2,1,1,1,2,1,1,1,"2_1_1_1_2_1_1_1"
"868","EPI_ISL_7778764",6,4,3,1,3,2,1,3,"6_4_3_1_3_2_1_3"
"869","EPI_ISL_7778766",2,1,1,1,2,1,1,1,"2_1_1_1_2_1_1_1"
"870","EPI_ISL_7778767",6,4,3,1,3,2,1,3,"6_4_3_1_3_2_1_3"
"871","EPI_ISL_7778768",2,1,1,1,2,1,1,1,"2_1_1_1_2_1_1_1"
"872","EPI_ISL_7778769",6,4,3,1,3,2,1,3,"6_4_3_1_3_2_1_3"
"873","EPI_ISL_7778770",6,4,3,1,3,2,1,3,"6_4_3_1_3_2_1_3"
"874","EPI_ISL_7778771",6,4,3,1,3,2,1,3,"6_4_3_1_3_2_1_3"
"875","EPI_ISL_7778773",2,1,1,1,2,1,1,1,"2_1_1_1_2_1_1_1"
"876","EPI_ISL_7778774",2,1,1,1,2,1,1,1,"2_1_1_1_2_1_1_1"
"877","EPI_ISL_7778775",2,1,1,1,2,1,1,1,"2_1_1_1_2_1_1_1"
"878","EPI_ISL_7778776",6,4,3,1,3,2,1,3,"6_4_3_1_3_2_1_3"
"879","EPI_ISL_7778777",6,4,3,1,3,2,1,3,"6_4_3_1_3_2_1_3"
"880","EPI_ISL_7778778",6,4,3,1,3,2,1,3,"6_4_3_1_3_2_1_3"
"881","EPI_ISL_7778779",6,4,3,1,3,2,1,3,"6_4_3_1_3_2_1_3"
"882","EPI_ISL_7778880",2,1,1,1,2,1,1,1,"2_1_1_1_2_1_1_1"
"883","EPI_ISL_7952120",1,1,2,1,2,1,1,1,"1_1_2_1_2_1_1_1"
"884","EPI_ISL_7952121",2,1,1,1,2,1,1,1,"2_1_1_1_2_1_1_1"
"885","EPI_ISL_7952122",2,1,1,1,2,1,1,1,"2_1_1_1_2_1_1_1"
"886","EPI_ISL_7952123",1,1,2,1,2,1,1,1,"1_1_2_1_2_1_1_1"
"887","EPI_ISL_7983813",26,24,18,1,17,9,1,7,"26_24_18_1_17_9_1_7"
"888","EPI_ISL_7996368",1,1,2,1,2,1,1,1,"1_1_2_1_2_1_1_1"
"889","EPI_ISL_7996369",2,1,1,1,2,1,1,1,"2_1_1_1_2_1_1_1"
"890","EPI_ISL_7996370",1,1,2,1,2,1,1,1,"1_1_2_1_2_1_1_1"
"891","EPI_ISL_7996371",8,1,1,1,2,1,1,1,"8_1_1_1_2_1_1_1"
"892","EPI_ISL_9594306",1,4,23,1,12,2,1,3,"1_4_23_1_12_2_1_3"
"893","EPI_ISL_16208999",6,42,3,1,15,5,1,11,"6_42_3_1_15_5_1_11"
"894","EPI_ISL_17088884",6,4,3,1,3,2,1,3,"6_4_3_1_3_2_1_3"
"895","EPI_ISL_759850",10,7,6,2,2,2,1,3,"10_7_6_2_2_2_1_3"
"896","EPI_ISL_759851",10,7,6,2,2,2,1,3,"10_7_6_2_2_2_1_3"
"897","EPI_ISL_759852",10,7,6,2,2,2,1,3,"10_7_6_2_2_2_1_3"
"898","EPI_ISL_759853",10,7,6,2,2,2,1,3,"10_7_6_2_2_2_1_3"
"899","EPI_ISL_759854",13,12,6,2,2,2,1,3,"13_12_6_2_2_2_1_3"
"900","EPI_ISL_759855",13,12,6,2,2,2,1,3,"13_12_6_2_2_2_1_3"
"901","EPI_ISL_759856",13,12,6,2,2,2,1,3,"13_12_6_2_2_2_1_3"
"902","EPI_ISL_759857",13,12,6,2,2,2,1,3,"13_12_6_2_2_2_1_3"
"903","EPI_ISL_780096",10,7,6,2,2,2,1,3,"10_7_6_2_2_2_1_3"
"904","EPI_ISL_809658",10,7,6,2,2,2,1,3,"10_7_6_2_2_2_1_3"
"905","EPI_ISL_813599",10,7,6,2,2,2,1,3,"10_7_6_2_2_2_1_3"
"906","EPI_ISL_813971",10,7,6,2,2,2,1,3,"10_7_6_2_2_2_1_3"
"907","EPI_ISL_813972",10,7,6,2,2,2,1,3,"10_7_6_2_2_2_1_3"
"908","EPI_ISL_813979",6,4,3,1,3,2,1,3,"6_4_3_1_3_2_1_3"
"909","EPI_ISL_826283",6,4,3,1,3,2,1,3,"6_4_3_1_3_2_1_3"
"910","EPI_ISL_826285",6,4,3,1,3,2,1,3,"6_4_3_1_3_2_1_3"
"911","EPI_ISL_826296",6,4,3,1,3,2,1,3,"6_4_3_1_3_2_1_3"
"912","EPI_ISL_826457",6,4,3,1,3,2,1,3,"6_4_3_1_3_2_1_3"
"913","EPI_ISL_833482",10,7,6,2,2,2,1,3,"10_7_6_2_2_2_1_3"
"914","EPI_ISL_833485",10,7,6,2,2,2,1,3,"10_7_6_2_2_2_1_3"
"915","EPI_ISL_833487",10,7,6,2,2,2,1,3,"10_7_6_2_2_2_1_3"
"916","EPI_ISL_833488",10,7,6,2,2,2,1,3,"10_7_6_2_2_2_1_3"
"917","EPI_ISL_833579",10,7,6,2,2,2,1,3,"10_7_6_2_2_2_1_3"
"918","EPI_ISL_833580",10,7,6,2,2,2,1,3,"10_7_6_2_2_2_1_3"
"919","EPI_ISL_833581",10,7,6,2,2,2,1,3,"10_7_6_2_2_2_1_3"
"920","EPI_ISL_833582",10,7,6,2,2,2,1,3,"10_7_6_2_2_2_1_3"
"921","EPI_ISL_833583",10,7,6,2,2,2,1,3,"10_7_6_2_2_2_1_3"
"922","EPI_ISL_846583",10,7,6,2,2,2,1,3,"10_7_6_2_2_2_1_3"
"923","EPI_ISL_846584",10,7,6,2,2,2,1,3,"10_7_6_2_2_2_1_3"
"924","EPI_ISL_846585",10,7,6,2,2,2,1,3,"10_7_6_2_2_2_1_3"
"925","EPI_ISL_846586",10,7,6,2,2,2,1,3,"10_7_6_2_2_2_1_3"
"926","EPI_ISL_846601",6,4,3,1,3,2,1,3,"6_4_3_1_3_2_1_3"
"927","EPI_ISL_846602",6,4,3,1,3,2,1,3,"6_4_3_1_3_2_1_3"
"928","EPI_ISL_846603",6,4,3,1,3,2,1,3,"6_4_3_1_3_2_1_3"
"929","EPI_ISL_846604",6,4,3,1,3,2,1,3,"6_4_3_1_3_2_1_3"
"930","EPI_ISL_846623",6,4,3,1,3,2,1,3,"6_4_3_1_3_2_1_3"
"931","EPI_ISL_846624",6,4,3,1,3,2,1,3,"6_4_3_1_3_2_1_3"
"932","EPI_ISL_854595",10,7,6,2,2,2,1,3,"10_7_6_2_2_2_1_3"
"933","EPI_ISL_854596",10,7,6,2,2,2,1,3,"10_7_6_2_2_2_1_3"
"934","EPI_ISL_854597",10,7,6,2,2,2,1,3,"10_7_6_2_2_2_1_3"
"935","EPI_ISL_854598",10,7,6,2,2,2,1,3,"10_7_6_2_2_2_1_3"
"936","EPI_ISL_854599",10,7,6,2,2,2,1,3,"10_7_6_2_2_2_1_3"
"937","EPI_ISL_854600",10,7,6,2,2,2,1,3,"10_7_6_2_2_2_1_3"
"938","EPI_ISL_854601",10,7,6,2,2,2,1,3,"10_7_6_2_2_2_1_3"
"939","EPI_ISL_854602",10,7,6,2,2,2,1,3,"10_7_6_2_2_2_1_3"
"940","EPI_ISL_854603",10,7,6,2,2,2,1,3,"10_7_6_2_2_2_1_3"
"941","EPI_ISL_854604",10,7,6,2,2,2,1,3,"10_7_6_2_2_2_1_3"
"942","EPI_ISL_854605",13,12,6,2,2,2,1,3,"13_12_6_2_2_2_1_3"
"943","EPI_ISL_854606",13,12,6,2,2,2,1,3,"13_12_6_2_2_2_1_3"
"944","EPI_ISL_854607",13,12,6,2,2,2,1,3,"13_12_6_2_2_2_1_3"
"945","EPI_ISL_854608",13,12,6,2,2,2,1,3,"13_12_6_2_2_2_1_3"
"946","EPI_ISL_854609",13,12,6,2,2,2,1,3,"13_12_6_2_2_2_1_3"
"947","EPI_ISL_854610",13,12,6,2,2,2,1,3,"13_12_6_2_2_2_1_3"
"948","EPI_ISL_854611",13,12,6,2,2,2,1,3,"13_12_6_2_2_2_1_3"
"949","EPI_ISL_854612",13,12,6,2,2,2,1,3,"13_12_6_2_2_2_1_3"
"950","EPI_ISL_956368",6,4,3,1,3,2,1,3,"6_4_3_1_3_2_1_3"
"951","EPI_ISL_956409",6,4,2,1,3,3,1,3,"6_4_2_1_3_3_1_3"
"952","EPI_ISL_956411",6,4,3,1,3,2,1,3,"6_4_3_1_3_2_1_3"
"953","EPI_ISL_956412",2,1,1,1,2,1,1,1,"2_1_1_1_2_1_1_1"
"954","EPI_ISL_956414",6,4,3,1,3,2,1,3,"6_4_3_1_3_2_1_3"
"955","EPI_ISL_977513",6,4,3,1,3,2,1,3,"6_4_3_1_3_2_1_3"
"956","EPI_ISL_977582",6,4,3,1,3,2,1,3,"6_4_3_1_3_2_1_3"
"957","EPI_ISL_977595",6,4,3,1,3,2,1,3,"6_4_3_1_3_2_1_3"
"958","EPI_ISL_977599",6,4,3,1,3,2,1,3,"6_4_3_1_3_2_1_3"
"959","EPI_ISL_980839",6,4,3,1,3,2,1,3,"6_4_3_1_3_2_1_3"
"960","EPI_ISL_985179",10,7,6,2,2,2,1,3,"10_7_6_2_2_2_1_3"
"961","EPI_ISL_985180",10,7,6,2,2,2,1,3,"10_7_6_2_2_2_1_3"
"962","EPI_ISL_985181",1,12,8,2,2,2,1,10,"1_12_8_2_2_2_1_10"
"963","EPI_ISL_985182",1,12,8,2,2,2,1,10,"1_12_8_2_2_2_1_10"
"964","EPI_ISL_985183",13,12,6,2,2,2,1,3,"13_12_6_2_2_2_1_3"
"965","EPI_ISL_985184",6,4,3,1,3,2,1,3,"6_4_3_1_3_2_1_3"
"966","EPI_ISL_985185",1,12,8,2,2,2,1,10,"1_12_8_2_2_2_1_10"
"967","EPI_ISL_985186",10,7,6,2,2,2,1,3,"10_7_6_2_2_2_1_3"
"968","EPI_ISL_985187",6,4,3,1,3,2,1,3,"6_4_3_1_3_2_1_3"
"969","EPI_ISL_985188",13,12,6,2,2,2,1,3,"13_12_6_2_2_2_1_3"
"970","EPI_ISL_985189",1,7,8,2,2,2,1,3,"1_7_8_2_2_2_1_3"
"971","EPI_ISL_985190",1,22,6,2,2,2,1,3,"1_22_6_2_2_2_1_3"
"972","EPI_ISL_985191",6,4,3,1,3,2,1,3,"6_4_3_1_3_2_1_3"
"973","EPI_ISL_985192",13,12,6,2,2,2,1,3,"13_12_6_2_2_2_1_3"
"974","EPI_ISL_985193",10,7,6,2,2,2,1,3,"10_7_6_2_2_2_1_3"
"975","EPI_ISL_985194",6,4,3,1,3,2,1,3,"6_4_3_1_3_2_1_3"
"976","EPI_ISL_985195",1,12,8,2,2,2,1,10,"1_12_8_2_2_2_1_10"
"977","EPI_ISL_985196",6,4,3,1,3,2,1,3,"6_4_3_1_3_2_1_3"
"978","EPI_ISL_985197",6,4,3,1,3,2,1,3,"6_4_3_1_3_2_1_3"
"979","EPI_ISL_985198",1,12,8,2,2,2,1,10,"1_12_8_2_2_2_1_10"
"980","EPI_ISL_985199",6,4,3,1,3,2,1,3,"6_4_3_1_3_2_1_3"
"981","EPI_ISL_985200",1,12,8,2,2,2,1,10,"1_12_8_2_2_2_1_10"
"982","EPI_ISL_985201",13,12,6,2,2,2,1,3,"13_12_6_2_2_2_1_3"
"983","EPI_ISL_985202",13,12,6,2,2,2,1,3,"13_12_6_2_2_2_1_3"
"984","EPI_ISL_985203",13,12,6,2,2,2,1,3,"13_12_6_2_2_2_1_3"
"985","EPI_ISL_985204",10,7,6,2,2,2,1,3,"10_7_6_2_2_2_1_3"
"986","EPI_ISL_985205",6,4,3,1,3,2,1,3,"6_4_3_1_3_2_1_3"
"987","EPI_ISL_985206",6,4,3,1,3,2,1,3,"6_4_3_1_3_2_1_3"
"988","EPI_ISL_985207",6,4,3,1,3,2,1,3,"6_4_3_1_3_2_1_3"
"989","EPI_ISL_985208",1,12,8,2,2,2,1,10,"1_12_8_2_2_2_1_10"
"990","EPI_ISL_985209",1,12,8,2,2,2,1,10,"1_12_8_2_2_2_1_10"
"991","EPI_ISL_985210",1,12,8,2,2,2,1,10,"1_12_8_2_2_2_1_10"
"992","EPI_ISL_985211",6,4,3,1,3,2,1,3,"6_4_3_1_3_2_1_3"
"993","EPI_ISL_985220",6,4,3,1,3,2,1,3,"6_4_3_1_3_2_1_3"
"994","EPI_ISL_985221",6,4,3,1,3,2,1,3,"6_4_3_1_3_2_1_3"
"995","EPI_ISL_985222",6,4,3,1,3,2,1,3,"6_4_3_1_3_2_1_3"
"996","EPI_ISL_985223",6,4,3,1,3,2,1,3,"6_4_3_1_3_2_1_3"
"997","EPI_ISL_985224",6,4,3,1,3,2,1,3,"6_4_3_1_3_2_1_3"
"998","EPI_ISL_985225",6,4,3,1,3,2,1,3,"6_4_3_1_3_2_1_3"
"999","EPI_ISL_985226",6,4,3,1,3,2,1,3,"6_4_3_1_3_2_1_3"
"1000","EPI_ISL_985227",6,4,3,1,3,2,1,3,"6_4_3_1_3_2_1_3"
"1001","EPI_ISL_985228",6,4,3,1,3,2,1,3,"6_4_3_1_3_2_1_3"
"1002","EPI_ISL_985229",6,4,3,1,3,2,1,3,"6_4_3_1_3_2_1_3"
"1003","EPI_ISL_985230",6,4,3,1,3,2,1,3,"6_4_3_1_3_2_1_3"
"1004","EPI_ISL_985231",6,4,3,1,3,2,1,3,"6_4_3_1_3_2_1_3"
"1005","EPI_ISL_985232",10,7,6,2,2,2,1,3,"10_7_6_2_2_2_1_3"
"1006","EPI_ISL_985233",10,7,6,2,2,2,1,3,"10_7_6_2_2_2_1_3"
"1007","EPI_ISL_1005680",6,6,2,1,12,11,1,3,"6_6_2_1_12_11_1_3"
"1008","EPI_ISL_1009679",10,7,6,2,2,2,1,3,"10_7_6_2_2_2_1_3"
"1009","EPI_ISL_1009680",6,4,3,1,3,2,1,3,"6_4_3_1_3_2_1_3"
"1010","EPI_ISL_1009681",13,12,6,2,2,2,1,3,"13_12_6_2_2_2_1_3"
"1011","EPI_ISL_1009682",6,4,3,1,3,2,1,3,"6_4_3_1_3_2_1_3"
"1012","EPI_ISL_1009683",6,4,3,1,3,2,1,3,"6_4_3_1_3_2_1_3"
"1013","EPI_ISL_1009684",13,12,6,2,2,2,1,3,"13_12_6_2_2_2_1_3"
"1014","EPI_ISL_1009685",6,4,3,1,3,2,1,3,"6_4_3_1_3_2_1_3"
"1015","EPI_ISL_1009686",6,4,3,1,3,2,1,3,"6_4_3_1_3_2_1_3"
"1016","EPI_ISL_1009687",6,4,3,1,3,2,1,3,"6_4_3_1_3_2_1_3"
"1017","EPI_ISL_1009688",6,4,3,1,3,2,1,3,"6_4_3_1_3_2_1_3"
"1018","EPI_ISL_1009689",6,4,3,1,3,2,1,3,"6_4_3_1_3_2_1_3"
"1019","EPI_ISL_1009690",6,4,3,1,3,2,1,3,"6_4_3_1_3_2_1_3"
"1020","EPI_ISL_1009691",6,4,3,1,3,2,1,3,"6_4_3_1_3_2_1_3"
"1021","EPI_ISL_1009692",6,4,3,1,3,2,1,3,"6_4_3_1_3_2_1_3"
"1022","EPI_ISL_1009693",6,4,3,1,3,2,1,3,"6_4_3_1_3_2_1_3"
"1023","EPI_ISL_1009694",6,4,3,1,3,2,1,3,"6_4_3_1_3_2_1_3"
"1024","EPI_ISL_1009695",10,7,6,2,2,2,1,3,"10_7_6_2_2_2_1_3"
"1025","EPI_ISL_1009696",10,7,6,2,2,2,1,3,"10_7_6_2_2_2_1_3"
"1026","EPI_ISL_1009697",13,12,6,2,2,2,1,3,"13_12_6_2_2_2_1_3"
"1027","EPI_ISL_1009698",6,4,3,1,3,2,1,3,"6_4_3_1_3_2_1_3"
"1028","EPI_ISL_1009699",13,12,6,2,2,2,1,3,"13_12_6_2_2_2_1_3"
"1029","EPI_ISL_1009700",13,12,6,2,2,2,1,3,"13_12_6_2_2_2_1_3"
"1030","EPI_ISL_1009701",13,12,6,2,2,2,1,3,"13_12_6_2_2_2_1_3"
"1031","EPI_ISL_1009702",10,7,6,2,2,2,1,3,"10_7_6_2_2_2_1_3"
"1032","EPI_ISL_1009703",13,12,6,2,2,2,1,3,"13_12_6_2_2_2_1_3"
"1033","EPI_ISL_1009704",13,12,6,2,2,2,1,3,"13_12_6_2_2_2_1_3"
"1034","EPI_ISL_1009705",10,7,6,2,2,2,1,3,"10_7_6_2_2_2_1_3"
"1035","EPI_ISL_1009706",1,12,8,2,2,2,1,10,"1_12_8_2_2_2_1_10"
"1036","EPI_ISL_1009707",6,4,3,1,3,2,1,3,"6_4_3_1_3_2_1_3"
"1037","EPI_ISL_1009708",6,4,3,1,3,2,1,3,"6_4_3_1_3_2_1_3"
"1038","EPI_ISL_1009709",6,4,3,1,3,2,1,3,"6_4_3_1_3_2_1_3"
"1039","EPI_ISL_1009710",6,4,3,1,3,2,1,3,"6_4_3_1_3_2_1_3"
"1040","EPI_ISL_1009711",6,4,3,1,3,2,1,3,"6_4_3_1_3_2_1_3"
"1041","EPI_ISL_1038924",6,4,3,1,3,2,1,3,"6_4_3_1_3_2_1_3"
"1042","EPI_ISL_1039231",6,4,3,1,3,2,1,3,"6_4_3_1_3_2_1_3"
"1043","EPI_ISL_1039232",6,4,3,1,3,2,1,3,"6_4_3_1_3_2_1_3"
"1044","EPI_ISL_1039234",6,4,3,1,3,2,1,3,"6_4_3_1_3_2_1_3"
"1045","EPI_ISL_1039235",6,4,3,1,3,2,1,3,"6_4_3_1_3_2_1_3"
"1046","EPI_ISL_1039236",6,4,3,1,3,2,1,3,"6_4_3_1_3_2_1_3"
"1047","EPI_ISL_1039238",6,4,3,1,3,2,1,3,"6_4_3_1_3_2_1_3"
"1048","EPI_ISL_1039239",6,4,3,1,3,2,1,3,"6_4_3_1_3_2_1_3"
"1049","EPI_ISL_1039240",6,4,3,1,3,2,1,3,"6_4_3_1_3_2_1_3"
"1050","EPI_ISL_1046889",6,4,3,1,3,2,1,3,"6_4_3_1_3_2_1_3"
"1051","EPI_ISL_1063533",13,12,6,2,2,2,1,3,"13_12_6_2_2_2_1_3"
"1052","EPI_ISL_1063993",22,6,13,1,9,7,1,1,"22_6_13_1_9_7_1_1"
"1053","EPI_ISL_1080480",6,4,3,1,3,2,1,3,"6_4_3_1_3_2_1_3"
"1054","EPI_ISL_1080579",6,4,3,1,3,2,1,3,"6_4_3_1_3_2_1_3"
"1055","EPI_ISL_1095363",6,4,3,1,3,2,1,3,"6_4_3_1_3_2_1_3"
"1056","EPI_ISL_1095365",6,4,3,1,3,2,1,3,"6_4_3_1_3_2_1_3"
"1057","EPI_ISL_1095450",6,4,3,1,3,2,1,3,"6_4_3_1_3_2_1_3"
"1058","EPI_ISL_1095451",6,4,3,1,3,2,1,3,"6_4_3_1_3_2_1_3"
"1059","EPI_ISL_1095453",6,4,3,1,3,2,1,3,"6_4_3_1_3_2_1_3"
"1060","EPI_ISL_1095454",6,4,3,1,3,2,1,3,"6_4_3_1_3_2_1_3"
"1061","EPI_ISL_1206285",22,6,13,1,9,7,1,1,"22_6_13_1_9_7_1_1"
"1062","EPI_ISL_1219038",6,4,2,1,16,3,1,3,"6_4_2_1_16_3_1_3"
"1063","EPI_ISL_1220094",6,4,3,1,3,2,1,3,"6_4_3_1_3_2_1_3"
"1064","EPI_ISL_1235689",6,7,2,1,3,2,1,3,"6_7_2_1_3_2_1_3"
"1065","EPI_ISL_1238902",6,4,3,1,3,2,1,3,"6_4_3_1_3_2_1_3"
"1066","EPI_ISL_1239109",6,4,2,1,3,15,1,3,"6_4_2_1_3_15_1_3"
"1067","EPI_ISL_1239110",6,4,3,1,3,2,1,3,"6_4_3_1_3_2_1_3"
"1068","EPI_ISL_1255051",15,7,3,1,27,3,1,3,"15_7_3_1_27_3_1_3"
"1069","EPI_ISL_1259397",22,6,13,1,9,7,1,1,"22_6_13_1_9_7_1_1"
"1070","EPI_ISL_1259399",22,6,13,1,9,7,1,1,"22_6_13_1_9_7_1_1"
"1071","EPI_ISL_1273409",6,4,3,1,3,2,1,3,"6_4_3_1_3_2_1_3"
"1072","EPI_ISL_1273410",13,12,6,2,2,2,1,3,"13_12_6_2_2_2_1_3"
"1073","EPI_ISL_1273411",13,12,6,2,2,2,1,3,"13_12_6_2_2_2_1_3"
"1074","EPI_ISL_1273412",10,7,6,2,2,2,1,3,"10_7_6_2_2_2_1_3"
"1075","EPI_ISL_1273413",10,7,6,2,2,2,1,3,"10_7_6_2_2_2_1_3"
"1076","EPI_ISL_1273414",10,7,6,2,2,2,1,3,"10_7_6_2_2_2_1_3"
"1077","EPI_ISL_1273415",10,7,6,2,2,2,1,3,"10_7_6_2_2_2_1_3"
"1078","EPI_ISL_1273418",10,7,6,2,2,2,1,3,"10_7_6_2_2_2_1_3"
"1079","EPI_ISL_1273419",10,7,6,2,2,2,1,3,"10_7_6_2_2_2_1_3"
"1080","EPI_ISL_1273424",10,7,6,2,2,2,1,3,"10_7_6_2_2_2_1_3"
"1081","EPI_ISL_1273425",10,7,6,2,2,2,1,3,"10_7_6_2_2_2_1_3"
"1082","EPI_ISL_1273426",10,7,6,2,2,2,1,3,"10_7_6_2_2_2_1_3"
"1083","EPI_ISL_1273427",10,7,6,2,2,2,1,3,"10_7_6_2_2_2_1_3"
"1084","EPI_ISL_1273428",10,7,6,2,2,2,1,3,"10_7_6_2_2_2_1_3"
"1085","EPI_ISL_1273429",10,7,6,2,2,2,1,3,"10_7_6_2_2_2_1_3"
"1086","EPI_ISL_1273430",10,7,6,2,2,2,1,3,"10_7_6_2_2_2_1_3"
"1087","EPI_ISL_1273431",10,7,6,2,2,2,1,3,"10_7_6_2_2_2_1_3"
"1088","EPI_ISL_1273432",10,7,6,2,2,2,1,3,"10_7_6_2_2_2_1_3"
"1089","EPI_ISL_1273433",10,7,6,2,2,2,1,3,"10_7_6_2_2_2_1_3"
"1090","EPI_ISL_1273434",10,7,6,2,2,2,1,3,"10_7_6_2_2_2_1_3"
"1091","EPI_ISL_1273435",10,7,6,2,2,2,1,3,"10_7_6_2_2_2_1_3"
"1092","EPI_ISL_1273436",10,7,6,2,2,2,1,3,"10_7_6_2_2_2_1_3"
"1093","EPI_ISL_1273437",13,12,6,2,2,2,1,3,"13_12_6_2_2_2_1_3"
"1094","EPI_ISL_1273438",13,12,6,2,2,2,1,3,"13_12_6_2_2_2_1_3"
"1095","EPI_ISL_1273439",13,12,6,2,2,2,1,3,"13_12_6_2_2_2_1_3"
"1096","EPI_ISL_1296295",6,4,3,1,3,2,1,3,"6_4_3_1_3_2_1_3"
"1097","EPI_ISL_1305775",6,4,3,1,3,2,1,3,"6_4_3_1_3_2_1_3"
"1098","EPI_ISL_1305776",6,4,3,1,3,2,1,3,"6_4_3_1_3_2_1_3"
"1099","EPI_ISL_1305777",6,4,2,1,16,3,1,3,"6_4_2_1_16_3_1_3"
"1100","EPI_ISL_1305778",6,4,2,1,16,3,1,3,"6_4_2_1_16_3_1_3"
"1101","EPI_ISL_1305779",6,4,2,1,16,3,1,3,"6_4_2_1_16_3_1_3"
"1102","EPI_ISL_1305780",6,4,3,1,3,2,1,3,"6_4_3_1_3_2_1_3"
"1103","EPI_ISL_1305781",6,4,2,1,3,3,1,3,"6_4_2_1_3_3_1_3"
"1104","EPI_ISL_1386128",6,7,2,1,3,2,1,3,"6_7_2_1_3_2_1_3"
"1105","EPI_ISL_1386249",6,4,3,1,3,2,1,3,"6_4_3_1_3_2_1_3"
"1106","EPI_ISL_1390546",6,7,2,1,3,2,1,3,"6_7_2_1_3_2_1_3"
"1107","EPI_ISL_1391019",6,4,2,1,3,3,1,3,"6_4_2_1_3_3_1_3"
"1108","EPI_ISL_1391276",6,4,2,1,16,3,1,3,"6_4_2_1_16_3_1_3"
"1109","EPI_ISL_1399231",6,4,3,1,3,2,1,3,"6_4_3_1_3_2_1_3"
"1110","EPI_ISL_1399232",6,4,3,1,3,2,1,3,"6_4_3_1_3_2_1_3"
"1111","EPI_ISL_1399233",6,4,3,1,3,2,1,3,"6_4_3_1_3_2_1_3"
"1112","EPI_ISL_1399234",6,4,3,1,3,2,1,3,"6_4_3_1_3_2_1_3"
"1113","EPI_ISL_1399235",6,4,3,1,3,2,1,3,"6_4_3_1_3_2_1_3"
"1114","EPI_ISL_1399236",6,4,3,1,3,2,1,3,"6_4_3_1_3_2_1_3"
"1115","EPI_ISL_1399237",6,4,3,1,3,2,1,3,"6_4_3_1_3_2_1_3"
"1116","EPI_ISL_1399238",6,4,3,1,3,2,1,3,"6_4_3_1_3_2_1_3"
"1117","EPI_ISL_1399239",6,4,3,1,3,2,1,3,"6_4_3_1_3_2_1_3"
"1118","EPI_ISL_1399240",6,4,3,1,3,2,1,3,"6_4_3_1_3_2_1_3"
"1119","EPI_ISL_1399241",6,4,3,1,3,2,1,3,"6_4_3_1_3_2_1_3"
"1120","EPI_ISL_1399242",6,4,3,1,3,2,1,3,"6_4_3_1_3_2_1_3"
"1121","EPI_ISL_1399243",6,4,3,1,3,2,1,3,"6_4_3_1_3_2_1_3"
"1122","EPI_ISL_1399244",6,4,3,1,3,2,1,3,"6_4_3_1_3_2_1_3"
"1123","EPI_ISL_1399245",6,4,3,1,3,2,1,3,"6_4_3_1_3_2_1_3"
"1124","EPI_ISL_1420637",6,4,3,1,3,2,1,3,"6_4_3_1_3_2_1_3"
"1125","EPI_ISL_1575129",6,4,3,1,3,2,1,3,"6_4_3_1_3_2_1_3"
"1126","EPI_ISL_1575130",6,4,3,1,3,2,1,3,"6_4_3_1_3_2_1_3"
"1127","EPI_ISL_1575131",6,4,3,1,3,2,1,3,"6_4_3_1_3_2_1_3"
"1128","EPI_ISL_1575132",6,4,3,1,3,2,1,3,"6_4_3_1_3_2_1_3"
"1129","EPI_ISL_1575133",6,4,3,1,3,2,1,3,"6_4_3_1_3_2_1_3"
"1130","EPI_ISL_1575134",6,4,3,1,3,2,1,3,"6_4_3_1_3_2_1_3"
"1131","EPI_ISL_1575135",6,4,3,1,3,2,1,3,"6_4_3_1_3_2_1_3"
"1132","EPI_ISL_1575136",6,4,3,1,3,2,1,3,"6_4_3_1_3_2_1_3"
"1133","EPI_ISL_1665247",6,4,3,1,3,2,1,3,"6_4_3_1_3_2_1_3"
"1134","EPI_ISL_1665248",6,4,3,1,3,2,1,3,"6_4_3_1_3_2_1_3"
"1135","EPI_ISL_1665249",8,1,1,1,2,3,1,1,"8_1_1_1_2_3_1_1"
"1136","EPI_ISL_1665250",8,1,1,1,2,3,1,1,"8_1_1_1_2_3_1_1"
"1137","EPI_ISL_1665251",6,4,3,1,3,2,1,3,"6_4_3_1_3_2_1_3"
"1138","EPI_ISL_1665252",6,4,3,1,3,2,1,3,"6_4_3_1_3_2_1_3"
"1139","EPI_ISL_1665254",6,4,3,1,3,2,1,3,"6_4_3_1_3_2_1_3"
"1140","EPI_ISL_1665255",6,4,3,1,3,2,1,3,"6_4_3_1_3_2_1_3"
"1141","EPI_ISL_1665256",6,4,3,1,3,2,1,3,"6_4_3_1_3_2_1_3"
"1142","EPI_ISL_1665257",6,4,3,1,3,2,1,3,"6_4_3_1_3_2_1_3"
"1143","EPI_ISL_1665258",8,1,1,1,2,3,1,1,"8_1_1_1_2_3_1_1"
"1144","EPI_ISL_1665259",6,4,3,1,3,2,1,3,"6_4_3_1_3_2_1_3"
"1145","EPI_ISL_1665260",6,4,3,1,3,2,1,3,"6_4_3_1_3_2_1_3"
"1146","EPI_ISL_1665261",8,1,1,1,2,3,1,1,"8_1_1_1_2_3_1_1"
"1147","EPI_ISL_1665262",8,1,1,1,2,3,1,1,"8_1_1_1_2_3_1_1"
"1148","EPI_ISL_1665263",6,4,3,1,3,2,1,3,"6_4_3_1_3_2_1_3"
"1149","EPI_ISL_1665264",6,4,3,1,3,2,1,3,"6_4_3_1_3_2_1_3"
"1150","EPI_ISL_1665265",6,4,3,1,3,2,1,3,"6_4_3_1_3_2_1_3"
"1151","EPI_ISL_1665266",6,4,3,1,3,2,1,3,"6_4_3_1_3_2_1_3"
"1152","EPI_ISL_1665267",6,4,2,1,3,3,1,3,"6_4_2_1_3_3_1_3"
"1153","EPI_ISL_1665268",8,6,2,1,2,3,1,1,"8_6_2_1_2_3_1_1"
"1154","EPI_ISL_1665269",8,6,2,1,2,3,1,1,"8_6_2_1_2_3_1_1"
"1155","EPI_ISL_1665272",6,4,3,1,3,2,1,3,"6_4_3_1_3_2_1_3"
"1156","EPI_ISL_1665273",6,4,3,1,3,2,1,3,"6_4_3_1_3_2_1_3"
"1157","EPI_ISL_1665274",6,4,3,1,3,2,1,3,"6_4_3_1_3_2_1_3"
"1158","EPI_ISL_1760446",6,4,3,1,3,2,1,3,"6_4_3_1_3_2_1_3"
"1159","EPI_ISL_1760447",6,4,3,1,3,2,1,3,"6_4_3_1_3_2_1_3"
"1160","EPI_ISL_1760448",6,4,3,1,3,2,1,3,"6_4_3_1_3_2_1_3"
"1161","EPI_ISL_1760450",6,4,3,1,3,2,1,3,"6_4_3_1_3_2_1_3"
"1162","EPI_ISL_1760451",6,4,3,1,3,2,1,3,"6_4_3_1_3_2_1_3"
"1163","EPI_ISL_1760452",6,4,3,1,3,2,1,3,"6_4_3_1_3_2_1_3"
"1164","EPI_ISL_1760453",6,4,3,1,3,2,1,3,"6_4_3_1_3_2_1_3"
"1165","EPI_ISL_1760454",6,4,3,1,3,2,1,3,"6_4_3_1_3_2_1_3"
"1166","EPI_ISL_1760455",11,22,2,2,5,23,1,3,"11_22_2_2_5_23_1_3"
"1167","EPI_ISL_1829205",6,4,3,1,3,2,1,3,"6_4_3_1_3_2_1_3"
"1168","EPI_ISL_1834185",6,4,3,1,3,2,1,3,"6_4_3_1_3_2_1_3"
"1169","EPI_ISL_1939080",6,4,3,1,3,2,1,3,"6_4_3_1_3_2_1_3"
"1170","EPI_ISL_1939617",6,4,3,1,3,2,1,3,"6_4_3_1_3_2_1_3"
"1171","EPI_ISL_2111625",6,4,3,1,3,2,1,3,"6_4_3_1_3_2_1_3"
"1172","EPI_ISL_2172608",6,4,3,1,3,2,1,3,"6_4_3_1_3_2_1_3"
"1173","EPI_ISL_2173364",1,6,25,1,2,10,1,1,"1_6_25_1_2_10_1_1"
"1174","EPI_ISL_2174084",2,1,1,1,2,1,1,1,"2_1_1_1_2_1_1_1"
"1175","EPI_ISL_2176841",6,4,3,1,3,2,1,3,"6_4_3_1_3_2_1_3"
"1176","EPI_ISL_2177398",6,4,3,1,3,2,1,3,"6_4_3_1_3_2_1_3"
"1177","EPI_ISL_2193998",2,1,1,1,2,1,1,1,"2_1_1_1_2_1_1_1"
"1178","EPI_ISL_2194014",2,1,1,1,2,1,1,1,"2_1_1_1_2_1_1_1"
"1179","EPI_ISL_2194036",2,1,1,1,2,1,1,1,"2_1_1_1_2_1_1_1"
"1180","EPI_ISL_2194218",2,1,1,1,2,1,1,1,"2_1_1_1_2_1_1_1"
"1181","EPI_ISL_2194219",2,1,1,1,2,1,1,1,"2_1_1_1_2_1_1_1"
"1182","EPI_ISL_2194543",6,4,3,1,3,2,1,3,"6_4_3_1_3_2_1_3"
"1183","EPI_ISL_2227275",6,4,3,1,3,2,1,3,"6_4_3_1_3_2_1_3"
"1184","EPI_ISL_2227276",2,1,1,1,2,1,1,1,"2_1_1_1_2_1_1_1"
"1185","EPI_ISL_2227277",2,1,1,1,2,1,1,1,"2_1_1_1_2_1_1_1"
"1186","EPI_ISL_2227278",2,1,1,1,2,1,1,1,"2_1_1_1_2_1_1_1"
"1187","EPI_ISL_2227279",2,1,1,1,2,1,1,1,"2_1_1_1_2_1_1_1"
"1188","EPI_ISL_2234807",22,6,13,1,9,7,1,1,"22_6_13_1_9_7_1_1"
"1189","EPI_ISL_2234808",22,6,13,1,9,7,1,1,"22_6_13_1_9_7_1_1"
"1190","EPI_ISL_2234809",1,6,2,1,2,10,1,1,"1_6_2_1_2_10_1_1"
"1191","EPI_ISL_2234810",6,4,3,1,3,2,1,3,"6_4_3_1_3_2_1_3"
"1192","EPI_ISL_2234811",6,4,3,1,3,2,1,3,"6_4_3_1_3_2_1_3"
"1193","EPI_ISL_2234812",6,4,3,1,3,2,1,3,"6_4_3_1_3_2_1_3"
"1194","EPI_ISL_2234813",6,4,3,1,3,2,1,3,"6_4_3_1_3_2_1_3"
"1195","EPI_ISL_2234814",6,4,3,1,3,2,1,3,"6_4_3_1_3_2_1_3"
"1196","EPI_ISL_2234815",6,4,3,1,3,2,1,3,"6_4_3_1_3_2_1_3"
"1197","EPI_ISL_2234816",6,4,3,1,3,2,1,3,"6_4_3_1_3_2_1_3"
"1198","EPI_ISL_2234817",6,4,3,1,3,2,1,3,"6_4_3_1_3_2_1_3"
"1199","EPI_ISL_2234818",6,4,3,1,3,2,1,3,"6_4_3_1_3_2_1_3"
"1200","EPI_ISL_2234819",6,4,3,1,3,2,1,3,"6_4_3_1_3_2_1_3"
"1201","EPI_ISL_2234820",6,4,3,1,3,2,1,3,"6_4_3_1_3_2_1_3"
"1202","EPI_ISL_2234821",8,6,2,1,2,3,1,1,"8_6_2_1_2_3_1_1"
"1203","EPI_ISL_2234822",8,6,2,1,2,3,1,1,"8_6_2_1_2_3_1_1"
"1204","EPI_ISL_2234823",8,6,2,1,2,3,1,1,"8_6_2_1_2_3_1_1"
"1205","EPI_ISL_2234824",8,6,2,1,2,3,1,1,"8_6_2_1_2_3_1_1"
"1206","EPI_ISL_2234831",22,6,13,1,9,7,1,1,"22_6_13_1_9_7_1_1"
"1207","EPI_ISL_2276068",2,1,1,1,2,1,1,1,"2_1_1_1_2_1_1_1"
"1208","EPI_ISL_2276069",2,1,1,1,2,1,1,1,"2_1_1_1_2_1_1_1"
"1209","EPI_ISL_2276070",2,1,1,1,2,1,1,1,"2_1_1_1_2_1_1_1"
"1210","EPI_ISL_2276071",2,1,1,1,2,1,1,1,"2_1_1_1_2_1_1_1"
"1211","EPI_ISL_2301187",6,7,2,1,3,2,1,3,"6_7_2_1_3_2_1_3"
"1212","EPI_ISL_2402936",6,4,3,1,3,2,1,3,"6_4_3_1_3_2_1_3"
"1213","EPI_ISL_2402937",6,4,3,1,3,2,1,3,"6_4_3_1_3_2_1_3"
"1214","EPI_ISL_2402938",6,4,3,1,3,2,1,3,"6_4_3_1_3_2_1_3"
"1215","EPI_ISL_2574053",6,4,2,1,16,15,1,3,"6_4_2_1_16_15_1_3"
"1216","EPI_ISL_2652003",2,1,1,1,2,1,1,1,"2_1_1_1_2_1_1_1"
"1217","EPI_ISL_2681044",6,4,3,1,3,2,1,3,"6_4_3_1_3_2_1_3"
"1218","EPI_ISL_2681045",2,1,1,1,2,1,1,1,"2_1_1_1_2_1_1_1"
"1219","EPI_ISL_2685842",6,4,3,1,3,2,1,3,"6_4_3_1_3_2_1_3"
"1220","EPI_ISL_2685846",6,4,3,1,3,2,1,3,"6_4_3_1_3_2_1_3"
"1221","EPI_ISL_2685847",6,4,3,1,3,2,1,3,"6_4_3_1_3_2_1_3"
"1222","EPI_ISL_2685848",6,4,3,1,3,2,1,3,"6_4_3_1_3_2_1_3"
"1223","EPI_ISL_2685900",6,4,3,1,3,2,1,3,"6_4_3_1_3_2_1_3"
"1224","EPI_ISL_2685947",6,4,3,1,3,2,1,3,"6_4_3_1_3_2_1_3"
"1225","EPI_ISL_2713314",6,4,3,1,3,2,1,3,"6_4_3_1_3_2_1_3"
"1226","EPI_ISL_2713372",6,4,3,1,3,2,1,3,"6_4_3_1_3_2_1_3"
"1227","EPI_ISL_2820250",10,7,6,2,2,2,1,3,"10_7_6_2_2_2_1_3"
"1228","EPI_ISL_2820259",10,7,6,2,2,2,1,3,"10_7_6_2_2_2_1_3"
"1229","EPI_ISL_2820261",10,7,6,2,2,2,1,3,"10_7_6_2_2_2_1_3"
"1230","EPI_ISL_2820262",10,7,6,2,2,2,1,3,"10_7_6_2_2_2_1_3"
"1231","EPI_ISL_2820288",10,7,6,2,2,2,1,3,"10_7_6_2_2_2_1_3"
"1232","EPI_ISL_2820465",10,7,6,2,2,2,1,3,"10_7_6_2_2_2_1_3"
"1233","EPI_ISL_2820479",10,7,6,2,2,2,1,3,"10_7_6_2_2_2_1_3"
"1234","EPI_ISL_2820480",10,7,6,2,2,2,1,3,"10_7_6_2_2_2_1_3"
"1235","EPI_ISL_2820501",10,7,6,2,2,2,1,3,"10_7_6_2_2_2_1_3"
"1236","EPI_ISL_2820503",10,7,6,2,2,2,1,3,"10_7_6_2_2_2_1_3"
"1237","EPI_ISL_2820504",10,7,6,2,2,2,1,3,"10_7_6_2_2_2_1_3"
"1238","EPI_ISL_3001273",6,7,2,1,3,2,1,3,"6_7_2_1_3_2_1_3"
"1239","EPI_ISL_3005950",2,1,1,1,2,1,1,1,"2_1_1_1_2_1_1_1"
"1240","EPI_ISL_3026043",6,4,3,1,3,2,1,3,"6_4_3_1_3_2_1_3"
"1241","EPI_ISL_3090099",19,17,11,1,10,4,1,8,"19_17_11_1_10_4_1_8"
"1242","EPI_ISL_3098710",6,4,3,1,3,2,1,3,"6_4_3_1_3_2_1_3"
"1243","EPI_ISL_3098719",1,6,2,1,2,10,1,1,"1_6_2_1_2_10_1_1"
"1244","EPI_ISL_3127850",6,4,3,1,3,2,1,3,"6_4_3_1_3_2_1_3"
"1245","EPI_ISL_3128152",6,4,3,1,3,2,1,3,"6_4_3_1_3_2_1_3"
"1246","EPI_ISL_3128522",6,4,3,1,3,2,1,3,"6_4_3_1_3_2_1_3"
"1247","EPI_ISL_3128523",6,4,3,1,3,2,1,3,"6_4_3_1_3_2_1_3"
"1248","EPI_ISL_3128524",6,4,3,1,3,2,1,3,"6_4_3_1_3_2_1_3"
"1249","EPI_ISL_3128525",6,4,3,1,3,2,1,3,"6_4_3_1_3_2_1_3"
"1250","EPI_ISL_3128526",6,4,3,1,3,2,1,3,"6_4_3_1_3_2_1_3"
"1251","EPI_ISL_3128527",6,4,3,1,3,2,1,3,"6_4_3_1_3_2_1_3"
"1252","EPI_ISL_3128528",6,4,3,1,3,2,1,3,"6_4_3_1_3_2_1_3"
"1253","EPI_ISL_3128529",6,4,3,1,3,2,1,3,"6_4_3_1_3_2_1_3"
"1254","EPI_ISL_3128530",6,4,3,1,3,2,1,3,"6_4_3_1_3_2_1_3"
"1255","EPI_ISL_3128531",6,4,3,1,3,2,1,3,"6_4_3_1_3_2_1_3"
"1256","EPI_ISL_3128532",6,4,3,1,3,2,1,3,"6_4_3_1_3_2_1_3"
"1257","EPI_ISL_3128533",6,4,3,1,3,2,1,3,"6_4_3_1_3_2_1_3"
"1258","EPI_ISL_3128534",6,4,3,1,3,2,1,3,"6_4_3_1_3_2_1_3"
"1259","EPI_ISL_3135897",2,1,1,1,2,1,1,1,"2_1_1_1_2_1_1_1"
"1260","EPI_ISL_3135926",8,1,1,1,2,3,1,1,"8_1_1_1_2_3_1_1"
"1261","EPI_ISL_3135931",6,4,3,1,3,2,1,3,"6_4_3_1_3_2_1_3"
"1262","EPI_ISL_3143953",6,4,3,1,3,2,1,3,"6_4_3_1_3_2_1_3"
"1263","EPI_ISL_3143954",6,4,2,1,16,3,1,3,"6_4_2_1_16_3_1_3"
"1264","EPI_ISL_3319859",6,4,3,1,3,2,1,3,"6_4_3_1_3_2_1_3"
"1265","EPI_ISL_3770740",26,24,18,1,17,9,1,7,"26_24_18_1_17_9_1_7"
"1266","EPI_ISL_4061482",6,4,3,1,3,2,1,3,"6_4_3_1_3_2_1_3"
"1267","EPI_ISL_4061483",6,4,3,1,3,2,1,3,"6_4_3_1_3_2_1_3"
"1268","EPI_ISL_4061484",2,1,1,1,2,1,1,1,"2_1_1_1_2_1_1_1"
"1269","EPI_ISL_4061485",2,1,1,1,2,1,1,1,"2_1_1_1_2_1_1_1"
"1270","EPI_ISL_4061490",6,4,3,1,3,2,1,3,"6_4_3_1_3_2_1_3"
"1271","EPI_ISL_4061491",2,1,1,1,2,1,1,1,"2_1_1_1_2_1_1_1"
"1272","EPI_ISL_4061712",10,7,6,2,2,2,1,3,"10_7_6_2_2_2_1_3"
"1273","EPI_ISL_4061713",10,7,6,2,2,2,1,3,"10_7_6_2_2_2_1_3"
"1274","EPI_ISL_4061714",10,7,6,2,2,2,1,3,"10_7_6_2_2_2_1_3"
"1275","EPI_ISL_4061715",10,7,6,2,2,2,1,3,"10_7_6_2_2_2_1_3"
"1276","EPI_ISL_4062112",13,12,6,2,2,2,1,3,"13_12_6_2_2_2_1_3"
"1277","EPI_ISL_4396748",6,4,3,1,3,2,1,3,"6_4_3_1_3_2_1_3"
"1278","EPI_ISL_4651963",2,1,1,1,2,1,1,1,"2_1_1_1_2_1_1_1"
"1279","EPI_ISL_5049590",6,4,3,1,3,2,1,3,"6_4_3_1_3_2_1_3"
"1280","EPI_ISL_5057844",6,4,3,1,3,2,1,3,"6_4_3_1_3_2_1_3"
"1281","EPI_ISL_5057856",6,4,3,1,3,2,1,3,"6_4_3_1_3_2_1_3"
"1282","EPI_ISL_5057874",6,4,3,1,3,2,1,3,"6_4_3_1_3_2_1_3"
"1283","EPI_ISL_5057875",6,4,3,1,3,2,1,3,"6_4_3_1_3_2_1_3"
"1284","EPI_ISL_5057963",6,4,3,1,3,2,1,3,"6_4_3_1_3_2_1_3"
"1285","EPI_ISL_5061390",6,4,3,1,3,2,1,3,"6_4_3_1_3_2_1_3"
"1286","EPI_ISL_5061617",6,4,2,1,3,3,1,3,"6_4_2_1_3_3_1_3"
"1287","EPI_ISL_5061890",6,4,3,1,3,2,1,3,"6_4_3_1_3_2_1_3"
"1288","EPI_ISL_5062078",6,4,3,1,3,2,1,3,"6_4_3_1_3_2_1_3"
"1289","EPI_ISL_5064509",6,4,3,1,3,2,1,3,"6_4_3_1_3_2_1_3"
"1290","EPI_ISL_5064707",6,4,3,1,3,2,1,3,"6_4_3_1_3_2_1_3"
"1291","EPI_ISL_5064825",6,4,3,1,3,2,1,3,"6_4_3_1_3_2_1_3"
"1292","EPI_ISL_5064922",6,4,3,1,3,2,1,3,"6_4_3_1_3_2_1_3"
"1293","EPI_ISL_5064971",6,4,3,1,3,2,1,3,"6_4_3_1_3_2_1_3"
"1294","EPI_ISL_5065068",6,4,3,1,3,2,1,3,"6_4_3_1_3_2_1_3"
"1295","EPI_ISL_5065144",6,4,3,1,3,2,1,3,"6_4_3_1_3_2_1_3"
"1296","EPI_ISL_5065276",6,4,3,1,3,2,1,3,"6_4_3_1_3_2_1_3"
"1297","EPI_ISL_5097280",6,4,3,1,3,2,1,3,"6_4_3_1_3_2_1_3"
"1298","EPI_ISL_5098130",6,4,3,1,3,2,1,3,"6_4_3_1_3_2_1_3"
"1299","EPI_ISL_5098132",6,4,3,1,3,2,1,3,"6_4_3_1_3_2_1_3"
"1300","EPI_ISL_5098133",6,4,3,1,3,2,1,3,"6_4_3_1_3_2_1_3"
"1301","EPI_ISL_5098134",6,4,3,1,3,2,1,3,"6_4_3_1_3_2_1_3"
"1302","EPI_ISL_5098135",6,4,3,1,3,2,1,3,"6_4_3_1_3_2_1_3"
"1303","EPI_ISL_5098138",6,4,3,1,3,2,1,3,"6_4_3_1_3_2_1_3"
"1304","EPI_ISL_5098142",6,4,3,1,3,2,1,3,"6_4_3_1_3_2_1_3"
"1305","EPI_ISL_5098143",6,4,3,1,3,2,1,3,"6_4_3_1_3_2_1_3"
"1306","EPI_ISL_5098144",6,4,3,1,3,2,1,3,"6_4_3_1_3_2_1_3"
"1307","EPI_ISL_5098145",6,4,3,1,3,2,1,3,"6_4_3_1_3_2_1_3"
"1308","EPI_ISL_5098146",6,4,3,1,3,2,1,3,"6_4_3_1_3_2_1_3"
"1309","EPI_ISL_5098147",6,4,3,1,3,2,1,3,"6_4_3_1_3_2_1_3"
"1310","EPI_ISL_5098153",6,4,3,1,3,2,1,3,"6_4_3_1_3_2_1_3"
"1311","EPI_ISL_5098154",6,4,3,1,3,2,1,3,"6_4_3_1_3_2_1_3"
"1312","EPI_ISL_5098158",6,4,3,1,3,2,1,3,"6_4_3_1_3_2_1_3"
"1313","EPI_ISL_5098159",6,4,3,1,3,2,1,3,"6_4_3_1_3_2_1_3"
"1314","EPI_ISL_5098160",6,4,3,1,3,2,1,3,"6_4_3_1_3_2_1_3"
"1315","EPI_ISL_5102033",6,4,3,1,3,2,1,3,"6_4_3_1_3_2_1_3"
"1316","EPI_ISL_5102130",6,4,3,1,3,2,1,3,"6_4_3_1_3_2_1_3"
"1317","EPI_ISL_5102132",6,4,3,1,3,2,1,3,"6_4_3_1_3_2_1_3"
"1318","EPI_ISL_5102136",6,4,3,1,3,2,1,3,"6_4_3_1_3_2_1_3"
"1319","EPI_ISL_5102449",6,4,3,1,3,2,1,3,"6_4_3_1_3_2_1_3"
"1320","EPI_ISL_5102578",6,4,3,1,3,2,1,3,"6_4_3_1_3_2_1_3"
"1321","EPI_ISL_5123578",6,4,3,1,3,2,1,3,"6_4_3_1_3_2_1_3"
"1322","EPI_ISL_5123579",6,4,3,1,3,2,1,3,"6_4_3_1_3_2_1_3"
"1323","EPI_ISL_5123584",6,4,3,1,3,2,1,3,"6_4_3_1_3_2_1_3"
"1324","EPI_ISL_5123589",6,4,3,1,3,2,1,3,"6_4_3_1_3_2_1_3"
"1325","EPI_ISL_5123590",6,4,3,1,3,2,1,3,"6_4_3_1_3_2_1_3"
"1326","EPI_ISL_5126214",6,4,3,1,3,2,1,3,"6_4_3_1_3_2_1_3"
"1327","EPI_ISL_5134186",6,4,3,1,3,2,1,3,"6_4_3_1_3_2_1_3"
"1328","EPI_ISL_5134658",6,4,3,1,3,2,1,3,"6_4_3_1_3_2_1_3"
"1329","EPI_ISL_5135087",6,4,3,1,3,2,1,3,"6_4_3_1_3_2_1_3"
"1330","EPI_ISL_5139441",6,4,3,1,3,2,1,3,"6_4_3_1_3_2_1_3"
"1331","EPI_ISL_5142451",6,4,3,1,3,2,1,3,"6_4_3_1_3_2_1_3"
"1332","EPI_ISL_5142455",6,4,3,1,3,2,1,3,"6_4_3_1_3_2_1_3"
"1333","EPI_ISL_5142488",6,4,3,1,3,2,1,3,"6_4_3_1_3_2_1_3"
"1334","EPI_ISL_5142489",6,4,3,1,3,2,1,3,"6_4_3_1_3_2_1_3"
"1335","EPI_ISL_5142894",6,4,3,1,3,2,1,3,"6_4_3_1_3_2_1_3"
"1336","EPI_ISL_5142961",6,4,3,1,3,2,1,3,"6_4_3_1_3_2_1_3"
"1337","EPI_ISL_5143100",6,4,3,1,3,2,1,3,"6_4_3_1_3_2_1_3"
"1338","EPI_ISL_5143300",6,4,3,1,2,2,1,3,"6_4_3_1_2_2_1_3"
"1339","EPI_ISL_5143417",6,4,3,1,3,2,1,3,"6_4_3_1_3_2_1_3"
"1340","EPI_ISL_5143554",6,4,3,1,3,2,1,3,"6_4_3_1_3_2_1_3"
"1341","EPI_ISL_5143583",6,4,3,1,3,2,1,3,"6_4_3_1_3_2_1_3"
"1342","EPI_ISL_5143584",6,4,3,1,3,2,1,3,"6_4_3_1_3_2_1_3"
"1343","EPI_ISL_5143585",6,4,3,1,3,2,1,3,"6_4_3_1_3_2_1_3"
"1344","EPI_ISL_5143586",6,4,3,1,3,2,1,3,"6_4_3_1_3_2_1_3"
"1345","EPI_ISL_5143587",6,4,3,1,3,2,1,3,"6_4_3_1_3_2_1_3"
"1346","EPI_ISL_5143626",6,4,3,1,3,2,1,3,"6_4_3_1_3_2_1_3"
"1347","EPI_ISL_5143627",6,4,3,1,3,2,1,3,"6_4_3_1_3_2_1_3"
"1348","EPI_ISL_5143820",6,4,3,1,3,2,1,3,"6_4_3_1_3_2_1_3"
"1349","EPI_ISL_5143995",6,4,3,1,3,2,1,3,"6_4_3_1_3_2_1_3"
"1350","EPI_ISL_5144149",6,4,3,1,3,2,1,3,"6_4_3_1_3_2_1_3"
"1351","EPI_ISL_5146288",6,4,3,1,3,2,1,3,"6_4_3_1_3_2_1_3"
"1352","EPI_ISL_5146291",2,1,1,1,2,1,1,1,"2_1_1_1_2_1_1_1"
"1353","EPI_ISL_5146292",2,1,1,1,2,1,1,1,"2_1_1_1_2_1_1_1"
"1354","EPI_ISL_5146481",2,1,1,1,2,1,1,1,"2_1_1_1_2_1_1_1"
"1355","EPI_ISL_5323346",41,1,1,1,2,1,1,1,"41_1_1_1_2_1_1_1"
"1356","EPI_ISL_5323347",41,1,1,1,2,1,1,1,"41_1_1_1_2_1_1_1"
"1357","EPI_ISL_5524384",2,1,1,1,2,1,1,1,"2_1_1_1_2_1_1_1"
"1358","EPI_ISL_5863089",6,4,3,1,3,2,1,3,"6_4_3_1_3_2_1_3"
"1359","EPI_ISL_5863358",6,4,3,1,3,2,1,3,"6_4_3_1_3_2_1_3"
"1360","EPI_ISL_5863359",6,4,3,1,3,2,1,3,"6_4_3_1_3_2_1_3"
"1361","EPI_ISL_5863447",6,4,3,1,3,2,1,3,"6_4_3_1_3_2_1_3"
"1362","EPI_ISL_5863490",6,4,3,1,3,2,1,3,"6_4_3_1_3_2_1_3"
"1363","EPI_ISL_5863491",6,4,3,1,3,2,1,3,"6_4_3_1_3_2_1_3"
"1364","EPI_ISL_5863497",6,4,3,1,3,2,1,3,"6_4_3_1_3_2_1_3"
"1365","EPI_ISL_5863557",6,4,3,1,3,2,1,3,"6_4_3_1_3_2_1_3"
"1366","EPI_ISL_5863567",6,4,3,1,3,2,1,3,"6_4_3_1_3_2_1_3"
"1367","EPI_ISL_5863615",6,4,3,1,3,2,1,3,"6_4_3_1_3_2_1_3"
"1368","EPI_ISL_5863641",6,4,3,1,3,2,1,3,"6_4_3_1_3_2_1_3"
"1369","EPI_ISL_5863650",6,4,3,1,3,2,1,3,"6_4_3_1_3_2_1_3"
"1370","EPI_ISL_5863749",6,4,3,1,3,20,1,3,"6_4_3_1_3_20_1_3"
"1371","EPI_ISL_5863929",6,4,3,1,3,2,1,3,"6_4_3_1_3_2_1_3"
"1372","EPI_ISL_5941469",1,1,2,1,2,1,1,1,"1_1_2_1_2_1_1_1"
"1373","EPI_ISL_5942524",2,1,1,1,2,1,1,1,"2_1_1_1_2_1_1_1"
"1374","EPI_ISL_5945412",1,1,2,1,2,1,1,1,"1_1_2_1_2_1_1_1"
"1375","EPI_ISL_6101847",1,1,2,1,2,1,1,1,"1_1_2_1_2_1_1_1"
"1376","EPI_ISL_6101848",2,1,1,1,2,1,1,1,"2_1_1_1_2_1_1_1"
"1377","EPI_ISL_6101868",1,1,2,1,2,1,1,1,"1_1_2_1_2_1_1_1"
"1378","EPI_ISL_6101869",1,1,2,1,2,1,1,1,"1_1_2_1_2_1_1_1"
"1379","EPI_ISL_6375134",2,1,1,1,2,1,1,1,"2_1_1_1_2_1_1_1"
"1380","EPI_ISL_6507374",18,1,1,1,2,1,1,1,"18_1_1_1_2_1_1_1"
"1381","EPI_ISL_6600745",2,1,1,1,2,1,1,1,"2_1_1_1_2_1_1_1"
"1382","EPI_ISL_6600769",2,1,1,1,2,1,1,1,"2_1_1_1_2_1_1_1"
"1383","EPI_ISL_6600943",2,1,1,1,2,1,1,1,"2_1_1_1_2_1_1_1"
"1384","EPI_ISL_6675733",1,1,2,1,2,1,1,1,"1_1_2_1_2_1_1_1"
"1385","EPI_ISL_6675739",2,1,1,1,2,1,1,1,"2_1_1_1_2_1_1_1"
"1386","EPI_ISL_6675744",2,1,1,1,2,1,1,1,"2_1_1_1_2_1_1_1"
"1387","EPI_ISL_6675750",1,1,2,1,2,1,1,1,"1_1_2_1_2_1_1_1"
"1388","EPI_ISL_6675755",1,1,2,1,2,1,1,1,"1_1_2_1_2_1_1_1"
"1389","EPI_ISL_6757629",21,25,15,1,13,6,1,7,"21_25_15_1_13_6_1_7"
"1390","EPI_ISL_6757630",19,17,11,1,10,4,1,8,"19_17_11_1_10_4_1_8"
"1391","EPI_ISL_6757631",19,17,11,1,10,4,1,8,"19_17_11_1_10_4_1_8"
"1392","EPI_ISL_6758007",19,17,11,1,10,4,1,8,"19_17_11_1_10_4_1_8"
"1393","EPI_ISL_6760430",19,17,11,1,10,4,1,8,"19_17_11_1_10_4_1_8"
"1394","EPI_ISL_6760679",19,17,11,1,10,4,1,8,"19_17_11_1_10_4_1_8"
"1395","EPI_ISL_6760681",19,17,11,1,10,4,1,8,"19_17_11_1_10_4_1_8"
"1396","EPI_ISL_6760682",19,17,11,1,10,4,1,8,"19_17_11_1_10_4_1_8"
"1397","EPI_ISL_6760683",19,17,11,1,10,4,1,8,"19_17_11_1_10_4_1_8"
"1398","EPI_ISL_6760684",19,17,11,1,10,4,1,8,"19_17_11_1_10_4_1_8"
"1399","EPI_ISL_6760685",19,17,11,1,10,4,1,8,"19_17_11_1_10_4_1_8"
"1400","EPI_ISL_6760686",48,37,33,1,30,6,1,13,"48_37_33_1_30_6_1_13"
"1401","EPI_ISL_6760687",6,28,3,1,15,5,1,11,"6_28_3_1_15_5_1_11"
"1402","EPI_ISL_6760999",1,1,2,1,2,1,1,1,"1_1_2_1_2_1_1_1"
"1403","EPI_ISL_6761000",18,1,1,1,2,1,1,1,"18_1_1_1_2_1_1_1"
"1404","EPI_ISL_6761001",1,1,2,1,2,1,1,1,"1_1_2_1_2_1_1_1"
"1405","EPI_ISL_6761002",1,1,2,1,2,1,1,1,"1_1_2_1_2_1_1_1"
"1406","EPI_ISL_6761003",1,1,2,1,2,1,1,1,"1_1_2_1_2_1_1_1"
"1407","EPI_ISL_6761004",1,1,2,1,2,1,1,1,"1_1_2_1_2_1_1_1"
"1408","EPI_ISL_6761005",15,1,1,1,2,1,1,1,"15_1_1_1_2_1_1_1"
"1409","EPI_ISL_6761006",2,1,1,1,2,1,1,1,"2_1_1_1_2_1_1_1"
"1410","EPI_ISL_6761007",2,1,1,1,2,1,1,1,"2_1_1_1_2_1_1_1"
"1411","EPI_ISL_6761008",15,1,1,1,2,1,1,1,"15_1_1_1_2_1_1_1"
"1412","EPI_ISL_6761009",1,1,2,1,2,1,1,1,"1_1_2_1_2_1_1_1"
"1413","EPI_ISL_6761010",1,1,2,1,2,1,1,1,"1_1_2_1_2_1_1_1"
"1414","EPI_ISL_6761011",2,1,1,1,2,1,1,1,"2_1_1_1_2_1_1_1"
"1415","EPI_ISL_6761012",2,1,1,1,2,1,1,1,"2_1_1_1_2_1_1_1"
"1416","EPI_ISL_6761013",1,1,2,1,2,1,1,1,"1_1_2_1_2_1_1_1"
"1417","EPI_ISL_6761016",1,1,2,1,2,1,1,1,"1_1_2_1_2_1_1_1"
"1418","EPI_ISL_6761017",2,1,1,1,2,1,1,1,"2_1_1_1_2_1_1_1"
"1419","EPI_ISL_6761018",2,1,1,1,2,1,1,1,"2_1_1_1_2_1_1_1"
"1420","EPI_ISL_6761019",18,1,1,1,2,1,1,1,"18_1_1_1_2_1_1_1"
"1421","EPI_ISL_6761020",2,1,1,1,2,1,1,1,"2_1_1_1_2_1_1_1"
"1422","EPI_ISL_6761021",2,1,1,1,2,1,1,1,"2_1_1_1_2_1_1_1"
"1423","EPI_ISL_6761022",1,1,1,1,2,1,1,1,"1_1_1_1_2_1_1_1"
"1424","EPI_ISL_6761023",2,1,1,1,2,1,1,1,"2_1_1_1_2_1_1_1"
"1425","EPI_ISL_6761024",2,1,1,1,2,1,1,1,"2_1_1_1_2_1_1_1"
"1426","EPI_ISL_6761101",1,1,2,1,2,1,1,1,"1_1_2_1_2_1_1_1"
"1427","EPI_ISL_6772736",21,27,15,1,13,6,1,7,"21_27_15_1_13_6_1_7"
"1428","EPI_ISL_6772737",21,27,15,1,13,6,1,7,"21_27_15_1_13_6_1_7"
"1429","EPI_ISL_6772738",21,27,15,1,13,6,1,7,"21_27_15_1_13_6_1_7"
"1430","EPI_ISL_6772739",21,27,15,1,13,6,1,7,"21_27_15_1_13_6_1_7"
"1431","EPI_ISL_6772759",21,27,15,1,13,6,1,7,"21_27_15_1_13_6_1_7"
"1432","EPI_ISL_6772898",6,4,3,1,3,5,1,3,"6_4_3_1_3_5_1_3"
"1433","EPI_ISL_6929958",2,1,1,1,2,1,1,1,"2_1_1_1_2_1_1_1"
"1434","EPI_ISL_6937114",18,1,1,1,2,1,1,1,"18_1_1_1_2_1_1_1"
"1435","EPI_ISL_7055384",2,1,1,1,2,1,1,1,"2_1_1_1_2_1_1_1"
"1436","EPI_ISL_7224437",2,1,1,1,2,1,1,1,"2_1_1_1_2_1_1_1"
"1437","EPI_ISL_7224454",2,1,1,1,2,1,1,1,"2_1_1_1_2_1_1_1"
"1438","EPI_ISL_7224463",2,1,1,1,2,1,1,1,"2_1_1_1_2_1_1_1"
"1439","EPI_ISL_7224472",2,1,1,1,2,1,1,1,"2_1_1_1_2_1_1_1"
"1440","EPI_ISL_7379463",6,4,3,1,3,2,1,3,"6_4_3_1_3_2_1_3"
"1441","EPI_ISL_7379464",6,4,3,1,3,2,1,3,"6_4_3_1_3_2_1_3"
"1442","EPI_ISL_7379465",6,4,3,1,3,2,1,3,"6_4_3_1_3_2_1_3"
"1443","EPI_ISL_7379509",6,52,3,1,3,2,1,3,"6_52_3_1_3_2_1_3"
"1444","EPI_ISL_7380253",6,53,3,1,3,2,1,3,"6_53_3_1_3_2_1_3"
"1445","EPI_ISL_7452805",2,1,1,1,2,1,1,1,"2_1_1_1_2_1_1_1"
"1446","EPI_ISL_7457654",6,4,3,1,3,5,1,3,"6_4_3_1_3_5_1_3"
"1447","EPI_ISL_7596571",6,4,3,1,3,2,1,3,"6_4_3_1_3_2_1_3"
"1448","EPI_ISL_7683077",1,1,2,1,2,1,1,1,"1_1_2_1_2_1_1_1"
"1449","EPI_ISL_7683079",1,1,2,1,2,1,1,1,"1_1_2_1_2_1_1_1"
"1450","EPI_ISL_7683101",2,1,1,1,2,1,1,1,"2_1_1_1_2_1_1_1"
"1451","EPI_ISL_7683118",18,1,1,1,2,1,1,1,"18_1_1_1_2_1_1_1"
"1452","EPI_ISL_7683137",18,1,1,1,2,1,1,1,"18_1_1_1_2_1_1_1"
"1453","EPI_ISL_7683138",18,1,1,1,2,1,1,1,"18_1_1_1_2_1_1_1"
"1454","EPI_ISL_7748001",2,1,1,1,2,1,1,1,"2_1_1_1_2_1_1_1"
"1455","EPI_ISL_7748188",2,1,2,1,2,1,1,1,"2_1_2_1_2_1_1_1"
"1456","EPI_ISL_7748262",1,1,2,1,2,1,1,1,"1_1_2_1_2_1_1_1"
"1457","EPI_ISL_7753130",1,1,2,1,2,1,1,1,"1_1_2_1_2_1_1_1"
"1458","EPI_ISL_7753152",18,1,2,1,2,1,1,1,"18_1_2_1_2_1_1_1"
"1459","EPI_ISL_7753173",1,1,2,1,2,1,1,1,"1_1_2_1_2_1_1_1"
"1460","EPI_ISL_7753193",1,1,2,1,2,1,1,1,"1_1_2_1_2_1_1_1"
"1461","EPI_ISL_7753211",1,1,2,1,2,1,1,1,"1_1_2_1_2_1_1_1"
"1462","EPI_ISL_7753251",2,1,1,1,2,1,1,1,"2_1_1_1_2_1_1_1"
"1463","EPI_ISL_7753272",2,1,1,1,2,1,1,1,"2_1_1_1_2_1_1_1"
"1464","EPI_ISL_7753290",2,1,1,1,2,1,1,1,"2_1_1_1_2_1_1_1"
"1465","EPI_ISL_7753309",2,1,1,1,2,1,1,1,"2_1_1_1_2_1_1_1"
"1466","EPI_ISL_7753329",2,1,1,1,2,1,1,1,"2_1_1_1_2_1_1_1"
"1467","EPI_ISL_7952115",1,1,13,1,26,1,1,14,"1_1_13_1_26_1_1_14"
"1468","EPI_ISL_7952116",2,1,1,1,2,1,1,1,"2_1_1_1_2_1_1_1"
"1469","EPI_ISL_7952117",2,1,1,1,2,1,1,1,"2_1_1_1_2_1_1_1"
"1470","EPI_ISL_7952118",2,1,1,1,2,1,1,1,"2_1_1_1_2_1_1_1"
"1471","EPI_ISL_7952119",2,1,1,1,2,1,1,1,"2_1_1_1_2_1_1_1"
"1472","EPI_ISL_7952124",2,1,1,1,2,1,1,1,"2_1_1_1_2_1_1_1"
"1473","EPI_ISL_7952125",2,1,1,1,2,1,1,1,"2_1_1_1_2_1_1_1"
"1474","EPI_ISL_7952126",2,1,1,1,2,1,1,1,"2_1_1_1_2_1_1_1"
"1475","EPI_ISL_7952127",1,1,2,1,2,1,1,1,"1_1_2_1_2_1_1_1"
"1476","EPI_ISL_7952128",2,1,1,1,2,1,1,1,"2_1_1_1_2_1_1_1"
"1477","EPI_ISL_7952129",1,1,2,1,2,1,1,1,"1_1_2_1_2_1_1_1"
"1478","EPI_ISL_1273441",10,7,6,2,2,2,1,3,"10_7_6_2_2_2_1_3"
"1479","EPI_ISL_1240997",10,7,6,2,2,2,1,3,"10_7_6_2_2_2_1_3"
"1480","EPI_ISL_1048238",6,4,3,1,3,2,1,3,"6_4_3_1_3_2_1_3"
"1481","EPI_ISL_2932612",6,4,3,1,3,2,1,3,"6_4_3_1_3_2_1_3"
"1482","EPI_ISL_2932600",6,4,3,1,3,2,1,3,"6_4_3_1_3_2_1_3"
"1483","EPI_ISL_7622619",6,4,3,1,3,2,1,3,"6_4_3_1_3_2_1_3"
"1484","EPI_ISL_7380500",6,4,3,1,3,2,1,3,"6_4_3_1_3_2_1_3"
"1485","EPI_ISL_5144529",6,4,3,1,3,2,1,3,"6_4_3_1_3_2_1_3"
"1486","EPI_ISL_5095336",6,4,3,1,3,2,1,3,"6_4_3_1_3_2_1_3"
"1487","EPI_ISL_5095323",6,4,3,1,3,2,1,3,"6_4_3_1_3_2_1_3"
"1488","EPI_ISL_7753425",1,1,2,1,2,1,1,1,"1_1_2_1_2_1_1_1"
"1489","EPI_ISL_7753406",2,1,1,1,2,1,1,1,"2_1_1_1_2_1_1_1"
"1490","EPI_ISL_7753400",1,1,2,1,2,1,1,1,"1_1_2_1_2_1_1_1"
"1491","EPI_ISL_7753399",1,1,2,1,2,1,1,1,"1_1_2_1_2_1_1_1"
"1492","EPI_ISL_7753396",1,1,2,1,2,1,1,1,"1_1_2_1_2_1_1_1"
"1493","EPI_ISL_5115617",6,4,3,1,3,2,1,3,"6_4_3_1_3_2_1_3"
"1494","EPI_ISL_5115616",6,4,3,1,3,2,1,3,"6_4_3_1_3_2_1_3"
"1495","EPI_ISL_6328001",2,1,1,1,2,1,1,1,"2_1_1_1_2_1_1_1"
"1496","EPI_ISL_7733048",2,1,1,1,2,1,1,1,"2_1_1_1_2_1_1_1"
"1497","EPI_ISL_5099372",1,6,25,1,2,10,1,1,"1_6_25_1_2_10_1_1"
"1498","EPI_ISL_2555536",6,4,3,1,3,2,1,3,"6_4_3_1_3_2_1_3"
"1499","EPI_ISL_5058090",6,4,3,1,3,2,1,3,"6_4_3_1_3_2_1_3"
"1500","EPI_ISL_1093426",6,4,3,1,3,2,1,3,"6_4_3_1_3_2_1_3"
"1501","EPI_ISL_2932619",6,4,3,1,3,2,1,3,"6_4_3_1_3_2_1_3"
"1502","EPI_ISL_2932614",6,4,3,1,3,2,1,3,"6_4_3_1_3_2_1_3"
"1503","EPI_ISL_978916",6,4,3,1,3,2,1,3,"6_4_3_1_3_2_1_3"
"1504","EPI_ISL_978915",6,4,3,1,3,2,1,3,"6_4_3_1_3_2_1_3"
"1505","EPI_ISL_1719912",6,4,3,1,3,2,1,3,"6_4_3_1_3_2_1_3"
"1506","EPI_ISL_1719911",6,4,3,1,3,2,1,3,"6_4_3_1_3_2_1_3"
"1507","EPI_ISL_1719910",6,4,3,1,3,2,1,3,"6_4_3_1_3_2_1_3"
"1508","EPI_ISL_1719909",6,4,3,1,3,2,1,3,"6_4_3_1_3_2_1_3"
"1509","EPI_ISL_6328009",2,1,1,1,2,1,1,1,"2_1_1_1_2_1_1_1"
"1510","EPI_ISL_2555543",6,4,3,1,3,2,1,3,"6_4_3_1_3_2_1_3"
"1511","EPI_ISL_2555542",6,4,3,1,3,2,1,3,"6_4_3_1_3_2_1_3"
"1512","EPI_ISL_2555541",6,4,3,1,3,2,1,3,"6_4_3_1_3_2_1_3"
"1513","EPI_ISL_2555538",6,4,3,1,3,2,1,3,"6_4_3_1_3_2_1_3"
"1514","EPI_ISL_2555534",6,4,3,1,3,2,1,3,"6_4_3_1_3_2_1_3"
"1515","EPI_ISL_2555532",6,4,3,1,3,2,1,3,"6_4_3_1_3_2_1_3"
"1516","EPI_ISL_2113493",6,4,3,1,3,2,1,3,"6_4_3_1_3_2_1_3"
"1517","EPI_ISL_2113167",6,4,3,1,3,2,1,3,"6_4_3_1_3_2_1_3"
"1518","EPI_ISL_5115763",1,6,27,1,2,2,1,5,"1_6_27_1_2_2_1_5"
"1519","EPI_ISL_5115618",6,4,3,1,3,2,1,3,"6_4_3_1_3_2_1_3"
"1520","EPI_ISL_5115615",6,4,3,1,3,2,1,3,"6_4_3_1_3_2_1_3"
"1521","EPI_ISL_5136192",6,4,3,1,3,2,1,3,"6_4_3_1_3_2_1_3"
"1522","EPI_ISL_5115620",6,4,3,1,3,2,1,3,"6_4_3_1_3_2_1_3"
"1523","EPI_ISL_5115619",6,4,3,1,3,2,1,3,"6_4_3_1_3_2_1_3"
"1524","EPI_ISL_5099474",6,4,3,1,3,2,1,3,"6_4_3_1_3_2_1_3"
"1525","EPI_ISL_5099468",6,4,3,1,3,2,1,3,"6_4_3_1_3_2_1_3"
"1526","EPI_ISL_5095322",6,4,3,1,3,2,1,3,"6_4_3_1_3_2_1_3"
"1527","EPI_ISL_5095321",6,4,3,1,3,2,1,3,"6_4_3_1_3_2_1_3"
"1528","EPI_ISL_5095320",6,4,3,1,3,2,1,3,"6_4_3_1_3_2_1_3"
"1529","EPI_ISL_5095319",6,4,3,1,3,2,1,3,"6_4_3_1_3_2_1_3"
"1530","EPI_ISL_5099368",6,4,3,1,3,2,1,3,"6_4_3_1_3_2_1_3"
"1531","EPI_ISL_1240677",6,4,3,1,3,2,1,3,"6_4_3_1_3_2_1_3"
"1532","EPI_ISL_2932617",6,4,3,1,3,2,1,3,"6_4_3_1_3_2_1_3"
"1533","EPI_ISL_1241004",10,7,6,2,2,2,1,3,"10_7_6_2_2_2_1_3"
"1534","EPI_ISL_7753443",2,1,1,1,2,1,1,1,"2_1_1_1_2_1_1_1"
"1535","EPI_ISL_7753407",2,1,1,1,2,1,1,1,"2_1_1_1_2_1_1_1"
"1536","EPI_ISL_7753405",1,1,2,1,2,1,1,1,"1_1_2_1_2_1_1_1"
"1537","EPI_ISL_7753387",2,1,1,1,2,1,1,1,"2_1_1_1_2_1_1_1"
"1538","EPI_ISL_7753367",2,1,1,1,2,1,1,1,"2_1_1_1_2_1_1_1"
"1539","EPI_ISL_7053000",2,1,1,1,2,1,1,1,"2_1_1_1_2_1_1_1"
"1540","EPI_ISL_1240717",6,4,3,1,3,2,1,3,"6_4_3_1_3_2_1_3"
"1541","EPI_ISL_810970",10,7,6,2,2,2,1,3,"10_7_6_2_2_2_1_3"
"1542","EPI_ISL_7626506",2,1,1,1,2,1,1,1,"2_1_1_1_2_1_1_1"
"1543","EPI_ISL_1273440",13,12,6,2,2,2,1,3,"13_12_6_2_2_2_1_3"
"1544","EPI_ISL_1273423",10,7,6,2,2,2,1,3,"10_7_6_2_2_2_1_3"
"1545","EPI_ISL_1273422",10,7,6,2,2,2,1,3,"10_7_6_2_2_2_1_3"
"1546","EPI_ISL_1273421",10,7,6,2,2,2,1,3,"10_7_6_2_2_2_1_3"
"1547","EPI_ISL_1273420",10,7,6,2,2,2,1,3,"10_7_6_2_2_2_1_3"
"1548","EPI_ISL_1273417",10,7,6,2,2,2,1,3,"10_7_6_2_2_2_1_3"
"1549","EPI_ISL_1273416",10,7,6,2,2,2,1,3,"10_7_6_2_2_2_1_3"
"1550","EPI_ISL_978909",13,12,6,2,2,2,1,3,"13_12_6_2_2_2_1_3"
"1551","EPI_ISL_978908",13,12,6,2,2,2,1,3,"13_12_6_2_2_2_1_3"
"1552","EPI_ISL_978907",13,12,6,2,2,2,1,3,"13_12_6_2_2_2_1_3"
"1553","EPI_ISL_978906",13,12,6,2,2,2,1,3,"13_12_6_2_2_2_1_3"
"1554","EPI_ISL_978905",6,4,3,1,3,2,1,3,"6_4_3_1_3_2_1_3"
"1555","EPI_ISL_978904",6,4,3,1,3,2,1,3,"6_4_3_1_3_2_1_3"
"1556","EPI_ISL_978903",6,4,3,1,3,2,1,3,"6_4_3_1_3_2_1_3"
"1557","EPI_ISL_978902",6,4,3,1,3,2,1,3,"6_4_3_1_3_2_1_3"
"1558","EPI_ISL_978901",10,7,6,2,2,2,1,3,"10_7_6_2_2_2_1_3"
"1559","EPI_ISL_978900",10,7,6,2,2,2,1,3,"10_7_6_2_2_2_1_3"
"1560","EPI_ISL_978899",10,7,6,2,2,2,1,3,"10_7_6_2_2_2_1_3"
"1561","EPI_ISL_978898",10,7,6,2,2,2,1,3,"10_7_6_2_2_2_1_3"
"1562","EPI_ISL_978897",6,4,3,1,3,2,1,3,"6_4_3_1_3_2_1_3"
"1563","EPI_ISL_978896",6,4,3,1,3,2,1,3,"6_4_3_1_3_2_1_3"
"1564","EPI_ISL_978895",6,4,3,1,3,2,1,3,"6_4_3_1_3_2_1_3"
"1565","EPI_ISL_978894",6,4,3,1,3,2,1,3,"6_4_3_1_3_2_1_3"
"1566","EPI_ISL_978893",6,4,3,1,3,2,1,3,"6_4_3_1_3_2_1_3"
"1567","EPI_ISL_978892",6,4,3,1,3,2,1,3,"6_4_3_1_3_2_1_3"
"1568","EPI_ISL_978891",6,4,3,1,3,2,1,3,"6_4_3_1_3_2_1_3"
"1569","EPI_ISL_978890",6,4,3,1,3,2,1,3,"6_4_3_1_3_2_1_3"
"1570","EPI_ISL_14769967",2,1,1,1,2,1,1,1,"2_1_1_1_2_1_1_1"
"1571","EPI_ISL_14769966",2,1,1,1,2,1,1,1,"2_1_1_1_2_1_1_1"
"1572","EPI_ISL_5144407",6,4,3,1,3,2,1,3,"6_4_3_1_3_2_1_3"
"1573","EPI_ISL_5144341",6,4,3,1,3,2,1,3,"6_4_3_1_3_2_1_3"
"1574","EPI_ISL_5115614",6,4,3,1,3,2,1,3,"6_4_3_1_3_2_1_3"
"1575","EPI_ISL_5115621",6,4,3,1,3,2,1,3,"6_4_3_1_3_2_1_3"
"1576","EPI_ISL_5115613",6,4,3,1,3,2,1,3,"6_4_3_1_3_2_1_3"
"1577","EPI_ISL_5099463",6,4,3,1,2,2,1,3,"6_4_3_1_2_2_1_3"
"1578","EPI_ISL_5099373",6,4,3,1,3,2,1,3,"6_4_3_1_3_2_1_3"
"1579","EPI_ISL_5099476",6,4,3,1,3,2,1,3,"6_4_3_1_3_2_1_3"
"1580","EPI_ISL_5099451",2,1,1,1,2,1,1,1,"2_1_1_1_2_1_1_1"
"1581","EPI_ISL_5099462",6,4,3,1,3,2,1,3,"6_4_3_1_3_2_1_3"
"1582","EPI_ISL_5099367",6,4,3,1,3,2,1,3,"6_4_3_1_3_2_1_3"
"1583","EPI_ISL_1719915",6,4,3,1,3,2,1,3,"6_4_3_1_3_2_1_3"
"1584","EPI_ISL_1719913",6,4,3,1,3,2,1,3,"6_4_3_1_3_2_1_3"
"1585","EPI_ISL_995172",6,4,3,1,3,2,1,3,"6_4_3_1_3_2_1_3"
"1586","EPI_ISL_6328036",2,1,1,1,2,1,1,1,"2_1_1_1_2_1_1_1"
"1587","EPI_ISL_6328022",1,1,2,1,2,1,1,1,"1_1_2_1_2_1_1_1"
"1588","EPI_ISL_5865417",6,4,3,1,3,2,1,3,"6_4_3_1_3_2_1_3"
"1589","EPI_ISL_2932609",6,4,3,1,3,2,1,3,"6_4_3_1_3_2_1_3"
"1590","EPI_ISL_810963",10,7,6,2,2,2,1,3,"10_7_6_2_2_2_1_3"
"1591","EPI_ISL_7458702",6,4,3,1,3,2,1,3,"6_4_3_1_3_2_1_3"
"1592","EPI_ISL_7380813",6,4,3,1,3,2,1,3,"6_4_3_1_3_2_1_3"
"1593","EPI_ISL_7380623",6,4,3,1,3,2,1,3,"6_4_3_1_3_2_1_3"
"1594","EPI_ISL_978914",6,4,3,1,3,2,1,3,"6_4_3_1_3_2_1_3"
"1595","EPI_ISL_978913",6,4,3,1,3,2,1,3,"6_4_3_1_3_2_1_3"
"1596","EPI_ISL_978912",6,4,3,1,3,2,1,3,"6_4_3_1_3_2_1_3"
"1597","EPI_ISL_978911",6,4,3,1,3,2,1,3,"6_4_3_1_3_2_1_3"
"1598","EPI_ISL_978910",6,4,3,1,3,2,1,3,"6_4_3_1_3_2_1_3"
"1599","EPI_ISL_1240998",6,4,1,1,3,2,1,3,"6_4_1_1_3_2_1_3"
"1600","EPI_ISL_5099356",6,4,3,1,3,2,1,3,"6_4_3_1_3_2_1_3"
"1601","EPI_ISL_7753230",1,1,2,1,2,1,1,1,"1_1_2_1_2_1_1_1"
"1602","EPI_ISL_5144368",6,4,3,1,3,2,1,3,"6_4_3_1_3_2_1_3"
"1603","EPI_ISL_1719914",6,4,3,1,3,2,1,3,"6_4_3_1_3_2_1_3"
"1604","EPI_ISL_7626514",2,1,1,1,2,1,1,1,"2_1_1_1_2_1_1_1"
"1605","EPI_ISL_1941480",6,4,3,1,3,2,1,3,"6_4_3_1_3_2_1_3"
"1606","EPI_ISL_1941444",6,4,3,1,3,2,1,3,"6_4_3_1_3_2_1_3"
"1607","EPI_ISL_1941417",6,4,3,1,3,2,1,3,"6_4_3_1_3_2_1_3"
"1608","EPI_ISL_1941375",6,4,3,1,3,2,1,3,"6_4_3_1_3_2_1_3"
"1609","EPI_ISL_1941365",6,4,3,1,3,2,1,3,"6_4_3_1_3_2_1_3"
"1610","EPI_ISL_1941351",6,4,3,1,3,2,1,3,"6_4_3_1_3_2_1_3"
"1611","EPI_ISL_6934175",2,1,1,1,2,1,1,1,"2_1_1_1_2_1_1_1"
"1612","EPI_ISL_1048240",2,1,1,1,2,1,1,1,"2_1_1_1_2_1_1_1"
"1613","EPI_ISL_1048239",22,6,13,1,9,7,1,1,"22_6_13_1_9_7_1_1"
"1614","EPI_ISL_7597827",6,4,3,1,3,2,1,3,"6_4_3_1_3_2_1_3"
"1615","EPI_ISL_2932682",6,4,3,1,3,2,1,3,"6_4_3_1_3_2_1_3"
"1616","EPI_ISL_1093424",6,4,2,1,3,3,1,3,"6_4_2_1_3_3_1_3"
"1617","EPI_ISL_5099456",2,1,1,1,2,1,1,1,"2_1_1_1_2_1_1_1"
"1618","EPI_ISL_5058432",6,4,3,1,3,2,1,3,"6_4_3_1_3_2_1_3"
"1619","EPI_ISL_2174728",2,1,1,1,2,1,1,1,"2_1_1_1_2_1_1_1"
"1620","EPI_ISL_1048241",2,1,1,1,2,1,1,1,"2_1_1_1_2_1_1_1"
"1621","EPI_ISL_1240718",6,4,3,1,3,2,1,3,"6_4_3_1_3_2_1_3"
"1622","EPI_ISL_2932683",6,4,3,1,3,2,1,3,"6_4_3_1_3_2_1_3"
"1623","EPI_ISL_2932616",6,4,3,1,3,2,1,3,"6_4_3_1_3_2_1_3"
"1624","EPI_ISL_2932608",6,4,3,1,3,2,1,3,"6_4_3_1_3_2_1_3"
"1625","EPI_ISL_7880696",1,1,2,1,2,1,1,1,"1_1_2_1_2_1_1_1"
"1626","EPI_ISL_7880689",1,1,2,1,2,1,1,1,"1_1_2_1_2_1_1_1"
"1627","EPI_ISL_7589566",6,4,3,1,3,2,1,3,"6_4_3_1_3_2_1_3"
"1628","EPI_ISL_7626533",2,1,1,1,2,1,1,1,"2_1_1_1_2_1_1_1"
"1629","EPI_ISL_7626532",2,1,1,1,2,1,1,1,"2_1_1_1_2_1_1_1"
"1630","EPI_ISL_7626526",2,1,1,1,2,1,1,1,"2_1_1_1_2_1_1_1"
"1631","EPI_ISL_7626513",2,1,1,1,2,1,1,1,"2_1_1_1_2_1_1_1"
"1632","EPI_ISL_7626512",2,1,1,1,2,1,1,1,"2_1_1_1_2_1_1_1"
"1633","EPI_ISL_7626484",2,1,1,1,2,1,1,1,"2_1_1_1_2_1_1_1"
"1634","EPI_ISL_1191587",6,4,3,1,3,2,1,3,"6_4_3_1_3_2_1_3"
"1635","EPI_ISL_5463801",1,1,2,1,2,1,1,1,"1_1_2_1_2_1_1_1"
"1636","EPI_ISL_5463800",1,1,2,1,2,1,1,1,"1_1_2_1_2_1_1_1"
"1637","EPI_ISL_5463804",2,1,1,1,2,1,1,1,"2_1_1_1_2_1_1_1"
"1638","EPI_ISL_5463796",2,1,1,1,2,1,1,1,"2_1_1_1_2_1_1_1"
"1639","EPI_ISL_5463795",2,1,1,1,2,1,1,1,"2_1_1_1_2_1_1_1"
"1640","EPI_ISL_5463794",2,1,1,1,2,1,1,1,"2_1_1_1_2_1_1_1"
"1641","EPI_ISL_5463793",2,1,1,1,2,1,1,1,"2_1_1_1_2_1_1_1"
"1642","EPI_ISL_1093423",6,7,2,1,3,2,1,3,"6_7_2_1_3_2_1_3"
"1643","EPI_ISL_1822599",6,4,3,1,3,2,1,3,"6_4_3_1_3_2_1_3"
"1644","EPI_ISL_1822598",6,4,3,1,3,2,1,3,"6_4_3_1_3_2_1_3"
"1645","EPI_ISL_1822597",6,4,3,1,3,2,1,3,"6_4_3_1_3_2_1_3"
"1646","EPI_ISL_1822596",6,4,3,1,3,2,1,3,"6_4_3_1_3_2_1_3"
"1647","EPI_ISL_1822595",6,4,3,1,3,2,1,3,"6_4_3_1_3_2_1_3"
"1648","EPI_ISL_1822594",6,4,3,1,3,2,1,3,"6_4_3_1_3_2_1_3"
"1649","EPI_ISL_1822593",6,4,3,1,3,2,1,3,"6_4_3_1_3_2_1_3"
"1650","EPI_ISL_1822592",6,4,3,1,3,2,1,3,"6_4_3_1_3_2_1_3"
"1651","EPI_ISL_5463806",2,1,1,1,2,1,1,1,"2_1_1_1_2_1_1_1"
"1652","EPI_ISL_5463805",2,1,1,1,2,1,1,1,"2_1_1_1_2_1_1_1"
"1653","EPI_ISL_1236901",6,7,2,1,3,2,1,3,"6_7_2_1_3_2_1_3"
"1654","EPI_ISL_3026699",6,4,3,1,3,2,1,3,"6_4_3_1_3_2_1_3"
"1655","EPI_ISL_5463803",1,1,2,1,2,1,1,1,"1_1_2_1_2_1_1_1"
"1656","EPI_ISL_5463802",1,1,2,1,2,1,1,1,"1_1_2_1_2_1_1_1"
"1657","EPI_ISL_5463799",1,1,2,1,2,1,1,1,"1_1_2_1_2_1_1_1"
"1658","EPI_ISL_5463798",1,1,2,1,2,1,1,1,"1_1_2_1_2_1_1_1"
"1659","EPI_ISL_5463797",1,1,2,1,2,1,1,1,"1_1_2_1_2_1_1_1"
"1660","EPI_ISL_1093425",6,4,3,1,3,2,1,3,"6_4_3_1_3_2_1_3"
"1661","EPI_ISL_7585764",6,4,3,1,3,2,1,3,"6_4_3_1_3_2_1_3"
"1662","EPI_ISL_6930238",2,1,1,1,2,1,1,1,"2_1_1_1_2_1_1_1"
"1663","EPI_ISL_6929970",2,1,1,1,2,1,1,1,"2_1_1_1_2_1_1_1"
"1664","EPI_ISL_1093422",6,4,3,1,3,2,1,3,"6_4_3_1_3_2_1_3"
"1665","EPI_ISL_8215689",8,7,1,1,2,1,1,1,"8_7_1_1_2_1_1_1"
"1666","EPI_ISL_8215688",8,7,1,1,2,1,1,1,"8_7_1_1_2_1_1_1"
"1667","EPI_ISL_8215686",6,4,3,1,3,2,1,3,"6_4_3_1_3_2_1_3"
"1668","EPI_ISL_8215685",6,4,3,1,3,2,1,3,"6_4_3_1_3_2_1_3"
"1669","EPI_ISL_8215662",6,4,3,1,3,2,1,3,"6_4_3_1_3_2_1_3"
"1670","EPI_ISL_8215661",6,4,3,1,3,2,1,3,"6_4_3_1_3_2_1_3"
"1671","EPI_ISL_8215660",6,4,3,1,3,2,1,3,"6_4_3_1_3_2_1_3"
"1672","EPI_ISL_8215659",6,4,3,1,3,2,1,3,"6_4_3_1_3_2_1_3"
"1673","EPI_ISL_8215658",6,4,3,1,3,2,1,3,"6_4_3_1_3_2_1_3"
"1674","EPI_ISL_8215657",6,4,3,1,3,2,1,3,"6_4_3_1_3_2_1_3"
"1675","EPI_ISL_8215656",6,4,3,1,3,2,1,3,"6_4_3_1_3_2_1_3"
"1676","EPI_ISL_8215655",6,4,3,1,3,2,1,3,"6_4_3_1_3_2_1_3"
"1677","EPI_ISL_8215654",6,4,3,1,3,2,1,3,"6_4_3_1_3_2_1_3"
"1678","EPI_ISL_8215653",6,4,3,1,3,2,1,3,"6_4_3_1_3_2_1_3"
"1679","EPI_ISL_8215687",6,4,3,1,3,2,1,3,"6_4_3_1_3_2_1_3"
"1680","EPI_ISL_8215684",6,4,3,1,3,2,1,3,"6_4_3_1_3_2_1_3"
"1681","EPI_ISL_8215663",6,4,3,1,3,2,1,3,"6_4_3_1_3_2_1_3"
"1682","EPI_ISL_8377056",2,1,1,1,2,1,1,1,"2_1_1_1_2_1_1_1"
"1683","EPI_ISL_8377254",15,8,1,1,7,1,1,5,"15_8_1_1_7_1_1_5"
"1684","EPI_ISL_8377417",1,1,2,1,2,1,1,1,"1_1_2_1_2_1_1_1"
"1685","EPI_ISL_8377418",1,1,2,1,2,1,1,1,"1_1_2_1_2_1_1_1"
"1686","EPI_ISL_8650947",2,1,1,1,2,1,1,1,"2_1_1_1_2_1_1_1"
"1687","EPI_ISL_8650948",6,4,3,1,3,2,1,3,"6_4_3_1_3_2_1_3"
"1688","EPI_ISL_8650949",2,1,1,1,9,1,1,1,"2_1_1_1_9_1_1_1"
"1689","EPI_ISL_9261741",1,1,2,1,2,1,1,1,"1_1_2_1_2_1_1_1"
"1690","EPI_ISL_9261742",2,1,1,1,2,1,1,1,"2_1_1_1_2_1_1_1"
"1691","EPI_ISL_9261743",1,1,2,1,2,1,1,1,"1_1_2_1_2_1_1_1"
"1692","EPI_ISL_9261744",2,1,2,1,2,1,1,1,"2_1_2_1_2_1_1_1"
"1693","EPI_ISL_9261745",1,1,2,1,2,1,1,1,"1_1_2_1_2_1_1_1"
"1694","EPI_ISL_9261747",1,1,2,1,2,1,1,1,"1_1_2_1_2_1_1_1"
"1695","EPI_ISL_9261748",2,1,1,1,2,1,1,1,"2_1_1_1_2_1_1_1"
"1696","EPI_ISL_9261749",2,1,1,1,2,1,1,1,"2_1_1_1_2_1_1_1"
"1697","EPI_ISL_9261750",2,1,1,1,2,1,1,1,"2_1_1_1_2_1_1_1"
"1698","EPI_ISL_9261751",2,1,1,1,2,1,1,1,"2_1_1_1_2_1_1_1"
"1699","EPI_ISL_9880015",2,1,1,1,2,1,1,1,"2_1_1_1_2_1_1_1"
"1700","EPI_ISL_9880019",2,1,1,1,2,1,1,1,"2_1_1_1_2_1_1_1"
"1701","EPI_ISL_9880021",2,1,1,1,2,1,1,1,"2_1_1_1_2_1_1_1"
"1702","EPI_ISL_9880151",2,1,1,1,2,1,1,1,"2_1_1_1_2_1_1_1"
"1703","EPI_ISL_9880152",2,1,1,1,2,1,1,1,"2_1_1_1_2_1_1_1"
"1704","EPI_ISL_9880153",2,1,1,1,2,1,1,1,"2_1_1_1_2_1_1_1"
"1705","EPI_ISL_10220427",2,1,1,1,2,1,1,1,"2_1_1_1_2_1_1_1"
"1706","EPI_ISL_10220428",2,1,1,1,2,1,1,1,"2_1_1_1_2_1_1_1"
"1707","EPI_ISL_10220429",2,1,1,1,2,1,1,1,"2_1_1_1_2_1_1_1"
"1708","EPI_ISL_10220432",1,1,2,1,2,1,1,1,"1_1_2_1_2_1_1_1"
"1709","EPI_ISL_10261376",2,1,1,1,9,1,1,1,"2_1_1_1_9_1_1_1"
"1710","EPI_ISL_10347218",1,1,2,1,2,1,1,1,"1_1_2_1_2_1_1_1"
"1711","EPI_ISL_10347219",1,1,2,1,2,1,1,1,"1_1_2_1_2_1_1_1"
"1712","EPI_ISL_10347220",1,1,2,1,2,1,1,1,"1_1_2_1_2_1_1_1"
"1713","EPI_ISL_10347326",2,1,1,1,9,1,1,1,"2_1_1_1_9_1_1_1"
"1714","EPI_ISL_10576444",1,1,2,1,2,1,1,1,"1_1_2_1_2_1_1_1"
"1715","EPI_ISL_10724257",2,1,1,1,9,1,1,1,"2_1_1_1_9_1_1_1"
"1716","EPI_ISL_10724259",1,1,2,1,2,1,1,1,"1_1_2_1_2_1_1_1"
"1717","EPI_ISL_10915976",1,1,2,1,2,1,1,1,"1_1_2_1_2_1_1_1"
"1718","EPI_ISL_11112484",1,1,2,1,2,1,1,1,"1_1_2_1_2_1_1_1"
"1719","EPI_ISL_11211731",20,1,1,1,2,1,1,1,"20_1_1_1_2_1_1_1"
"1720","EPI_ISL_11260218",2,1,1,1,2,1,1,1,"2_1_1_1_2_1_1_1"
"1721","EPI_ISL_11330431",2,1,1,1,2,1,1,1,"2_1_1_1_2_1_1_1"
"1722","EPI_ISL_11580255",2,1,1,1,2,1,1,1,"2_1_1_1_2_1_1_1"
"1723","EPI_ISL_11633613",1,1,1,1,2,1,1,1,"1_1_1_1_2_1_1_1"
"1724","EPI_ISL_11633614",8,6,1,1,2,1,1,1,"8_6_1_1_2_1_1_1"
"1725","EPI_ISL_11633616",1,1,1,1,2,1,1,1,"1_1_1_1_2_1_1_1"
"1726","EPI_ISL_12177629",1,1,2,1,2,1,1,1,"1_1_2_1_2_1_1_1"
"1727","EPI_ISL_12210335",1,1,2,1,2,1,1,1,"1_1_2_1_2_1_1_1"
"1728","EPI_ISL_12325210",1,1,10,1,21,1,1,1,"1_1_10_1_21_1_1_1"
"1729","EPI_ISL_12514442",1,1,2,1,2,1,1,1,"1_1_2_1_2_1_1_1"
"1730","EPI_ISL_12514483",1,1,2,1,2,1,1,1,"1_1_2_1_2_1_1_1"
"1731","EPI_ISL_12567390",2,1,1,1,2,1,1,1,"2_1_1_1_2_1_1_1"
"1732","EPI_ISL_12567391",2,1,1,1,2,1,1,1,"2_1_1_1_2_1_1_1"
"1733","EPI_ISL_12567392",2,1,1,1,2,1,1,1,"2_1_1_1_2_1_1_1"
"1734","EPI_ISL_12567393",4,1,1,1,1,1,1,1,"4_1_1_1_1_1_1_1"
"1735","EPI_ISL_12567529",4,1,1,1,1,1,1,1,"4_1_1_1_1_1_1_1"
"1736","EPI_ISL_12567530",4,1,1,1,1,1,1,1,"4_1_1_1_1_1_1_1"
"1737","EPI_ISL_12567531",4,1,1,1,1,1,1,1,"4_1_1_1_1_1_1_1"
"1738","EPI_ISL_12567532",2,1,1,1,2,1,1,1,"2_1_1_1_2_1_1_1"
"1739","EPI_ISL_12567533",2,1,1,1,2,1,1,1,"2_1_1_1_2_1_1_1"
"1740","EPI_ISL_12690318",4,1,1,1,1,1,1,1,"4_1_1_1_1_1_1_1"
"1741","EPI_ISL_12690319",4,1,1,1,1,1,1,1,"4_1_1_1_1_1_1_1"
"1742","EPI_ISL_12690320",4,1,1,1,1,1,1,1,"4_1_1_1_1_1_1_1"
"1743","EPI_ISL_12690321",4,1,1,1,1,1,1,1,"4_1_1_1_1_1_1_1"
"1744","EPI_ISL_12690322",4,1,1,1,1,1,1,1,"4_1_1_1_1_1_1_1"
"1745","EPI_ISL_12690323",4,1,1,1,1,1,1,1,"4_1_1_1_1_1_1_1"
"1746","EPI_ISL_12690324",4,1,1,1,1,1,1,1,"4_1_1_1_1_1_1_1"
"1747","EPI_ISL_12690325",4,1,1,1,1,1,1,1,"4_1_1_1_1_1_1_1"
"1748","EPI_ISL_12690568",2,1,1,1,2,1,1,1,"2_1_1_1_2_1_1_1"
"1749","EPI_ISL_12690569",4,1,1,1,1,1,1,1,"4_1_1_1_1_1_1_1"
"1750","EPI_ISL_12690570",4,1,1,1,1,1,1,1,"4_1_1_1_1_1_1_1"
"1751","EPI_ISL_12690571",4,1,1,1,1,1,1,1,"4_1_1_1_1_1_1_1"
"1752","EPI_ISL_12693855",4,1,1,1,1,1,1,1,"4_1_1_1_1_1_1_1"
"1753","EPI_ISL_12968592",2,1,1,1,2,1,1,1,"2_1_1_1_2_1_1_1"
"1754","EPI_ISL_12968593",2,1,1,1,2,1,1,1,"2_1_1_1_2_1_1_1"
"1755","EPI_ISL_12968817",2,1,1,1,2,1,1,1,"2_1_1_1_2_1_1_1"
"1756","EPI_ISL_12968823",2,1,1,1,2,1,1,1,"2_1_1_1_2_1_1_1"
"1757","EPI_ISL_12980521",6,6,2,1,24,3,1,3,"6_6_2_1_24_3_1_3"
"1758","EPI_ISL_13009618",2,1,1,1,2,1,1,1,"2_1_1_1_2_1_1_1"
"1759","EPI_ISL_13009620",2,1,1,1,2,1,1,1,"2_1_1_1_2_1_1_1"
"1760","EPI_ISL_13009634",2,1,1,1,2,1,1,1,"2_1_1_1_2_1_1_1"
"1761","EPI_ISL_13009636",4,5,5,1,1,1,1,1,"4_5_5_1_1_1_1_1"
"1762","EPI_ISL_13009652",2,1,1,1,2,1,1,1,"2_1_1_1_2_1_1_1"
"1763","EPI_ISL_13009658",4,1,1,1,1,1,1,1,"4_1_1_1_1_1_1_1"
"1764","EPI_ISL_13009673",2,1,1,1,2,1,1,1,"2_1_1_1_2_1_1_1"
"1765","EPI_ISL_13009677",2,1,1,1,2,1,1,1,"2_1_1_1_2_1_1_1"
"1766","EPI_ISL_13009689",4,1,1,1,1,1,1,1,"4_1_1_1_1_1_1_1"
"1767","EPI_ISL_13009694",4,1,1,1,1,1,1,1,"4_1_1_1_1_1_1_1"
"1768","EPI_ISL_13026099",2,1,1,1,2,1,1,1,"2_1_1_1_2_1_1_1"
"1769","EPI_ISL_13026104",2,1,1,1,2,1,1,1,"2_1_1_1_2_1_1_1"
"1770","EPI_ISL_13026105",2,1,1,1,2,1,1,1,"2_1_1_1_2_1_1_1"
"1771","EPI_ISL_13026106",2,1,1,1,2,1,1,1,"2_1_1_1_2_1_1_1"
"1772","EPI_ISL_13026236",2,1,1,1,2,1,1,1,"2_1_1_1_2_1_1_1"
"1773","EPI_ISL_13026237",2,1,1,1,2,1,1,1,"2_1_1_1_2_1_1_1"
"1774","EPI_ISL_13026245",2,1,1,1,2,1,1,1,"2_1_1_1_2_1_1_1"
"1775","EPI_ISL_13026246",1,1,2,1,2,1,1,1,"1_1_2_1_2_1_1_1"
"1776","EPI_ISL_13116131",3,1,1,1,1,1,1,1,"3_1_1_1_1_1_1_1"
"1777","EPI_ISL_13243350",20,1,1,1,2,1,1,1,"20_1_1_1_2_1_1_1"
"1778","EPI_ISL_13246657",2,1,1,1,2,1,1,1,"2_1_1_1_2_1_1_1"
"1779","EPI_ISL_13300319",1,1,2,1,2,1,1,1,"1_1_2_1_2_1_1_1"
"1780","EPI_ISL_13300324",1,1,2,1,2,1,1,1,"1_1_2_1_2_1_1_1"
"1781","EPI_ISL_13369398",1,1,2,1,2,1,1,1,"1_1_2_1_2_1_1_1"
"1782","EPI_ISL_13369399",2,1,1,1,2,1,1,1,"2_1_1_1_2_1_1_1"
"1783","EPI_ISL_13369400",1,1,2,1,2,1,1,1,"1_1_2_1_2_1_1_1"
"1784","EPI_ISL_13369401",1,1,2,1,2,1,1,1,"1_1_2_1_2_1_1_1"
"1785","EPI_ISL_13369740",2,1,1,1,2,1,1,1,"2_1_1_1_2_1_1_1"
"1786","EPI_ISL_13369741",2,1,1,1,2,1,1,1,"2_1_1_1_2_1_1_1"
"1787","EPI_ISL_13369742",6,4,3,1,3,2,1,3,"6_4_3_1_3_2_1_3"
"1788","EPI_ISL_13369743",2,1,1,1,2,1,1,1,"2_1_1_1_2_1_1_1"
"1789","EPI_ISL_13369744",2,1,1,1,2,1,1,1,"2_1_1_1_2_1_1_1"
"1790","EPI_ISL_13369745",1,1,2,1,2,1,1,1,"1_1_2_1_2_1_1_1"
"1791","EPI_ISL_13369746",1,1,2,1,2,1,1,1,"1_1_2_1_2_1_1_1"
"1792","EPI_ISL_13369747",1,1,2,1,2,1,1,1,"1_1_2_1_2_1_1_1"
"1793","EPI_ISL_13369748",1,1,2,1,2,1,1,1,"1_1_2_1_2_1_1_1"
"1794","EPI_ISL_13369753",1,1,2,1,2,1,1,1,"1_1_2_1_2_1_1_1"
"1795","EPI_ISL_13369754",1,1,2,1,2,1,1,1,"1_1_2_1_2_1_1_1"
"1796","EPI_ISL_13369755",1,1,2,1,2,1,1,1,"1_1_2_1_2_1_1_1"
"1797","EPI_ISL_13369756",2,1,1,1,2,1,1,1,"2_1_1_1_2_1_1_1"
"1798","EPI_ISL_13369757",2,1,1,1,2,1,1,1,"2_1_1_1_2_1_1_1"
"1799","EPI_ISL_13369758",2,1,1,1,2,1,1,1,"2_1_1_1_2_1_1_1"
"1800","EPI_ISL_13369759",2,1,1,1,2,1,1,1,"2_1_1_1_2_1_1_1"
"1801","EPI_ISL_13369760",2,1,1,1,2,1,1,1,"2_1_1_1_2_1_1_1"
"1802","EPI_ISL_13369761",2,1,1,1,2,1,1,1,"2_1_1_1_2_1_1_1"
"1803","EPI_ISL_13369762",1,1,2,1,2,1,1,1,"1_1_2_1_2_1_1_1"
"1804","EPI_ISL_13369763",1,1,2,1,2,1,1,1,"1_1_2_1_2_1_1_1"
"1805","EPI_ISL_13369764",1,1,2,1,2,1,1,1,"1_1_2_1_2_1_1_1"
"1806","EPI_ISL_13369765",2,1,1,1,2,1,1,1,"2_1_1_1_2_1_1_1"
"1807","EPI_ISL_13369766",1,1,2,1,2,1,1,1,"1_1_2_1_2_1_1_1"
"1808","EPI_ISL_13369767",1,1,2,1,2,1,1,1,"1_1_2_1_2_1_1_1"
"1809","EPI_ISL_13369768",1,1,2,1,2,1,1,1,"1_1_2_1_2_1_1_1"
"1810","EPI_ISL_13369769",1,1,2,1,2,1,1,1,"1_1_2_1_2_1_1_1"
"1811","EPI_ISL_13369770",2,1,1,1,2,1,1,1,"2_1_1_1_2_1_1_1"
"1812","EPI_ISL_13369771",1,1,2,1,2,1,1,1,"1_1_2_1_2_1_1_1"
"1813","EPI_ISL_13369772",1,1,2,1,2,1,1,1,"1_1_2_1_2_1_1_1"
"1814","EPI_ISL_13369773",2,1,1,1,2,1,1,1,"2_1_1_1_2_1_1_1"
"1815","EPI_ISL_13369774",2,1,1,1,2,1,1,1,"2_1_1_1_2_1_1_1"
"1816","EPI_ISL_13369775",2,1,1,1,2,1,1,1,"2_1_1_1_2_1_1_1"
"1817","EPI_ISL_13369776",2,1,1,1,2,1,1,1,"2_1_1_1_2_1_1_1"
"1818","EPI_ISL_13369777",1,1,2,1,2,1,1,1,"1_1_2_1_2_1_1_1"
"1819","EPI_ISL_13369778",2,1,1,1,2,1,1,1,"2_1_1_1_2_1_1_1"
"1820","EPI_ISL_13369779",2,1,1,1,2,1,1,1,"2_1_1_1_2_1_1_1"
"1821","EPI_ISL_13369780",2,1,1,1,2,1,1,1,"2_1_1_1_2_1_1_1"
"1822","EPI_ISL_13369781",1,1,2,1,2,1,1,1,"1_1_2_1_2_1_1_1"
"1823","EPI_ISL_13369782",1,1,2,1,2,1,1,1,"1_1_2_1_2_1_1_1"
"1824","EPI_ISL_13369783",1,1,2,1,2,1,1,1,"1_1_2_1_2_1_1_1"
"1825","EPI_ISL_13369784",1,1,2,1,2,1,1,1,"1_1_2_1_2_1_1_1"
"1826","EPI_ISL_13369809",2,1,1,1,2,1,1,1,"2_1_1_1_2_1_1_1"
"1827","EPI_ISL_13370248",1,1,2,1,2,1,1,1,"1_1_2_1_2_1_1_1"
"1828","EPI_ISL_13370249",2,1,1,1,2,1,1,1,"2_1_1_1_2_1_1_1"
"1829","EPI_ISL_13370343",2,1,1,1,2,1,1,1,"2_1_1_1_2_1_1_1"
"1830","EPI_ISL_13370505",1,1,2,1,2,1,1,1,"1_1_2_1_2_1_1_1"
"1831","EPI_ISL_13370506",2,1,1,1,2,1,1,1,"2_1_1_1_2_1_1_1"
"1832","EPI_ISL_13370507",1,1,2,1,2,1,1,1,"1_1_2_1_2_1_1_1"
"1833","EPI_ISL_13370508",1,1,2,1,2,1,1,1,"1_1_2_1_2_1_1_1"
"1834","EPI_ISL_13370509",2,1,1,1,2,1,1,1,"2_1_1_1_2_1_1_1"
"1835","EPI_ISL_13370510",2,1,1,1,2,1,1,1,"2_1_1_1_2_1_1_1"
"1836","EPI_ISL_13370511",2,1,1,1,2,1,1,1,"2_1_1_1_2_1_1_1"
"1837","EPI_ISL_13370560",2,1,1,1,2,1,1,1,"2_1_1_1_2_1_1_1"
"1838","EPI_ISL_13370561",2,1,1,1,2,1,1,1,"2_1_1_1_2_1_1_1"
"1839","EPI_ISL_13370562",2,1,1,1,2,1,1,1,"2_1_1_1_2_1_1_1"
"1840","EPI_ISL_13370563",2,1,1,1,2,1,1,1,"2_1_1_1_2_1_1_1"
"1841","EPI_ISL_13370564",2,1,1,1,2,1,1,1,"2_1_1_1_2_1_1_1"
"1842","EPI_ISL_13370568",2,1,1,1,2,1,1,1,"2_1_1_1_2_1_1_1"
"1843","EPI_ISL_13370569",1,1,2,1,2,1,1,1,"1_1_2_1_2_1_1_1"
"1844","EPI_ISL_13370570",1,1,2,1,2,1,1,1,"1_1_2_1_2_1_1_1"
"1845","EPI_ISL_13370571",2,1,1,1,2,1,1,1,"2_1_1_1_2_1_1_1"
"1846","EPI_ISL_13370572",2,1,1,1,2,1,1,1,"2_1_1_1_2_1_1_1"
"1847","EPI_ISL_13370573",1,1,2,1,2,1,1,1,"1_1_2_1_2_1_1_1"
"1848","EPI_ISL_13370603",1,1,2,1,2,1,1,1,"1_1_2_1_2_1_1_1"
"1849","EPI_ISL_13370604",1,1,2,1,2,1,1,1,"1_1_2_1_2_1_1_1"
"1850","EPI_ISL_13370605",2,1,1,1,2,1,1,1,"2_1_1_1_2_1_1_1"
"1851","EPI_ISL_13370606",2,1,1,1,2,1,1,1,"2_1_1_1_2_1_1_1"
"1852","EPI_ISL_13370607",2,1,1,1,2,1,1,1,"2_1_1_1_2_1_1_1"
"1853","EPI_ISL_13370608",1,1,2,1,2,1,1,1,"1_1_2_1_2_1_1_1"
"1854","EPI_ISL_13370609",1,1,2,1,2,1,1,1,"1_1_2_1_2_1_1_1"
"1855","EPI_ISL_13370610",1,1,2,1,2,1,1,1,"1_1_2_1_2_1_1_1"
"1856","EPI_ISL_13370611",2,1,1,1,2,1,1,1,"2_1_1_1_2_1_1_1"
"1857","EPI_ISL_13370612",1,1,2,1,2,1,1,1,"1_1_2_1_2_1_1_1"
"1858","EPI_ISL_13370613",1,1,2,1,2,1,1,1,"1_1_2_1_2_1_1_1"
"1859","EPI_ISL_13370614",2,1,1,1,2,1,1,1,"2_1_1_1_2_1_1_1"
"1860","EPI_ISL_13370615",2,1,1,1,2,1,1,1,"2_1_1_1_2_1_1_1"
"1861","EPI_ISL_13370617",2,1,1,1,2,1,1,1,"2_1_1_1_2_1_1_1"
"1862","EPI_ISL_13370618",2,1,1,1,2,1,1,1,"2_1_1_1_2_1_1_1"
"1863","EPI_ISL_13370619",2,1,1,1,2,1,1,1,"2_1_1_1_2_1_1_1"
"1864","EPI_ISL_13370620",2,1,1,1,2,1,1,1,"2_1_1_1_2_1_1_1"
"1865","EPI_ISL_13370621",1,1,2,1,2,1,1,1,"1_1_2_1_2_1_1_1"
"1866","EPI_ISL_13370622",2,1,1,1,2,1,1,1,"2_1_1_1_2_1_1_1"
"1867","EPI_ISL_13370623",2,1,1,1,2,1,1,1,"2_1_1_1_2_1_1_1"
"1868","EPI_ISL_13431305",4,1,1,1,1,1,1,1,"4_1_1_1_1_1_1_1"
"1869","EPI_ISL_13431306",4,1,1,1,1,1,1,1,"4_1_1_1_1_1_1_1"
"1870","EPI_ISL_13431307",4,1,1,1,1,1,1,1,"4_1_1_1_1_1_1_1"
"1871","EPI_ISL_13431308",2,1,1,1,2,1,1,1,"2_1_1_1_2_1_1_1"
"1872","EPI_ISL_13431309",4,1,1,1,1,1,1,1,"4_1_1_1_1_1_1_1"
"1873","EPI_ISL_13431310",4,1,1,1,1,1,1,1,"4_1_1_1_1_1_1_1"
"1874","EPI_ISL_13431311",4,1,1,1,1,1,1,1,"4_1_1_1_1_1_1_1"
"1875","EPI_ISL_13431312",4,1,1,1,1,1,1,1,"4_1_1_1_1_1_1_1"
"1876","EPI_ISL_13431313",5,1,1,1,1,1,1,1,"5_1_1_1_1_1_1_1"
"1877","EPI_ISL_13431314",5,1,1,1,1,1,1,1,"5_1_1_1_1_1_1_1"
"1878","EPI_ISL_13431688",4,1,1,1,1,1,1,1,"4_1_1_1_1_1_1_1"
"1879","EPI_ISL_13431689",4,1,1,1,1,1,1,1,"4_1_1_1_1_1_1_1"
"1880","EPI_ISL_13431690",4,1,1,1,1,1,1,1,"4_1_1_1_1_1_1_1"
"1881","EPI_ISL_13431691",4,1,1,1,1,1,1,1,"4_1_1_1_1_1_1_1"
"1882","EPI_ISL_13431692",4,1,1,1,1,1,1,1,"4_1_1_1_1_1_1_1"
"1883","EPI_ISL_13431693",4,1,1,1,1,1,1,1,"4_1_1_1_1_1_1_1"
"1884","EPI_ISL_13431694",4,1,1,1,1,1,1,1,"4_1_1_1_1_1_1_1"
"1885","EPI_ISL_13431695",4,1,1,1,1,1,1,1,"4_1_1_1_1_1_1_1"
"1886","EPI_ISL_13431696",4,1,1,1,1,1,1,1,"4_1_1_1_1_1_1_1"
"1887","EPI_ISL_13431697",4,1,1,1,1,1,1,1,"4_1_1_1_1_1_1_1"
"1888","EPI_ISL_13632084",6,4,3,1,3,2,1,3,"6_4_3_1_3_2_1_3"
"1889","EPI_ISL_13955171",15,8,1,1,7,1,1,5,"15_8_1_1_7_1_1_5"
"1890","EPI_ISL_13955204",15,8,1,1,7,1,1,5,"15_8_1_1_7_1_1_5"
"1891","EPI_ISL_13967740",15,8,1,1,7,1,1,5,"15_8_1_1_7_1_1_5"
"1892","EPI_ISL_14070455",2,1,1,1,2,1,1,1,"2_1_1_1_2_1_1_1"
"1893","EPI_ISL_14098915",2,1,1,1,2,1,1,1,"2_1_1_1_2_1_1_1"
"1894","EPI_ISL_14098916",2,1,1,1,2,1,1,1,"2_1_1_1_2_1_1_1"
"1895","EPI_ISL_14098917",2,1,1,1,2,1,1,1,"2_1_1_1_2_1_1_1"
"1896","EPI_ISL_14098918",2,1,1,1,2,1,1,1,"2_1_1_1_2_1_1_1"
"1897","EPI_ISL_14098919",2,1,1,1,2,1,1,1,"2_1_1_1_2_1_1_1"
"1898","EPI_ISL_14098920",2,1,1,1,2,1,1,1,"2_1_1_1_2_1_1_1"
"1899","EPI_ISL_14098921",2,1,1,1,2,1,1,1,"2_1_1_1_2_1_1_1"
"1900","EPI_ISL_14098922",2,1,1,1,2,1,1,1,"2_1_1_1_2_1_1_1"
"1901","EPI_ISL_14098923",2,1,1,1,2,1,1,1,"2_1_1_1_2_1_1_1"
"1902","EPI_ISL_14098924",2,1,1,1,2,1,1,1,"2_1_1_1_2_1_1_1"
"1903","EPI_ISL_14233919",1,1,2,1,2,1,1,1,"1_1_2_1_2_1_1_1"
"1904","EPI_ISL_14233920",1,1,2,1,2,1,1,1,"1_1_2_1_2_1_1_1"
"1905","EPI_ISL_14233921",1,1,2,1,2,1,1,1,"1_1_2_1_2_1_1_1"
"1906","EPI_ISL_14233922",1,1,2,1,2,1,1,1,"1_1_2_1_2_1_1_1"
"1907","EPI_ISL_14233924",1,1,2,1,2,1,1,1,"1_1_2_1_2_1_1_1"
"1908","EPI_ISL_14233925",1,1,2,1,2,1,1,1,"1_1_2_1_2_1_1_1"
"1909","EPI_ISL_14233927",1,1,2,1,2,1,1,1,"1_1_2_1_2_1_1_1"
"1910","EPI_ISL_14233930",1,1,2,1,2,1,1,1,"1_1_2_1_2_1_1_1"
"1911","EPI_ISL_14233931",1,1,2,1,2,1,1,1,"1_1_2_1_2_1_1_1"
"1912","EPI_ISL_14233932",1,1,2,1,2,1,1,1,"1_1_2_1_2_1_1_1"
"1913","EPI_ISL_14233944",1,1,2,1,2,1,1,1,"1_1_2_1_2_1_1_1"
"1914","EPI_ISL_14389524",1,1,2,1,2,1,1,1,"1_1_2_1_2_1_1_1"
"1915","EPI_ISL_14390100",1,1,2,1,2,1,1,1,"1_1_2_1_2_1_1_1"
"1916","EPI_ISL_14393465",1,1,2,1,2,1,1,1,"1_1_2_1_2_1_1_1"
"1917","EPI_ISL_14393671",1,1,2,1,2,1,1,1,"1_1_2_1_2_1_1_1"
"1918","EPI_ISL_14533193",4,5,1,1,1,1,1,1,"4_5_1_1_1_1_1_1"
"1919","EPI_ISL_14553997",4,5,5,1,1,1,1,1,"4_5_5_1_1_1_1_1"
"1920","EPI_ISL_14615026",2,1,1,1,2,1,1,1,"2_1_1_1_2_1_1_1"
"1921","EPI_ISL_14615027",2,1,1,1,2,1,1,1,"2_1_1_1_2_1_1_1"
"1922","EPI_ISL_14615036",2,1,1,1,2,1,1,1,"2_1_1_1_2_1_1_1"
"1923","EPI_ISL_14619009",2,1,1,1,2,1,1,1,"2_1_1_1_2_1_1_1"
"1924","EPI_ISL_14619020",2,1,1,1,2,1,1,1,"2_1_1_1_2_1_1_1"
"1925","EPI_ISL_14619024",2,1,1,1,2,1,1,1,"2_1_1_1_2_1_1_1"
"1926","EPI_ISL_14639383",2,1,1,1,2,1,1,1,"2_1_1_1_2_1_1_1"
"1927","EPI_ISL_14639837",2,1,1,1,2,1,1,1,"2_1_1_1_2_1_1_1"
"1928","EPI_ISL_14640323",2,1,1,1,2,1,1,1,"2_1_1_1_2_1_1_1"
"1929","EPI_ISL_14643779",2,1,1,1,2,1,1,1,"2_1_1_1_2_1_1_1"
"1930","EPI_ISL_14644201",2,1,1,1,2,1,1,1,"2_1_1_1_2_1_1_1"
"1931","EPI_ISL_14775517",6,4,3,1,3,2,1,3,"6_4_3_1_3_2_1_3"
"1932","EPI_ISL_14811896",2,1,1,1,2,1,1,1,"2_1_1_1_2_1_1_1"
"1933","EPI_ISL_14811929",2,1,1,1,2,1,1,1,"2_1_1_1_2_1_1_1"
"1934","EPI_ISL_14819895",10,7,6,2,2,2,1,3,"10_7_6_2_2_2_1_3"
"1935","EPI_ISL_14819900",6,4,3,1,3,2,1,3,"6_4_3_1_3_2_1_3"
"1936","EPI_ISL_14823424",6,4,3,1,3,2,1,3,"6_4_3_1_3_2_1_3"
"1937","EPI_ISL_14823425",6,4,3,1,3,2,1,3,"6_4_3_1_3_2_1_3"
"1938","EPI_ISL_14823426",6,4,3,1,3,2,1,3,"6_4_3_1_3_2_1_3"
"1939","EPI_ISL_14823549",6,4,3,1,3,2,1,3,"6_4_3_1_3_2_1_3"
"1940","EPI_ISL_14823646",6,4,3,1,3,2,1,3,"6_4_3_1_3_2_1_3"
"1941","EPI_ISL_14823672",6,4,3,1,3,2,1,3,"6_4_3_1_3_2_1_3"
"1942","EPI_ISL_14823811",6,4,3,1,3,2,1,3,"6_4_3_1_3_2_1_3"
"1943","EPI_ISL_14823812",6,4,3,1,3,2,1,3,"6_4_3_1_3_2_1_3"
"1944","EPI_ISL_14823813",6,4,3,1,3,2,1,3,"6_4_3_1_3_2_1_3"
"1945","EPI_ISL_14824026",6,4,3,1,3,2,1,3,"6_4_3_1_3_2_1_3"
"1946","EPI_ISL_14824091",6,4,3,1,3,2,1,3,"6_4_3_1_3_2_1_3"
"1947","EPI_ISL_14824095",6,4,3,1,3,2,1,3,"6_4_3_1_3_2_1_3"
"1948","EPI_ISL_14824122",6,4,3,1,3,2,1,3,"6_4_3_1_3_2_1_3"
"1949","EPI_ISL_14835960",6,4,3,1,3,2,1,3,"6_4_3_1_3_2_1_3"
"1950","EPI_ISL_14835963",6,4,3,1,3,2,1,3,"6_4_3_1_3_2_1_3"
"1951","EPI_ISL_14835964",6,4,3,1,3,2,1,3,"6_4_3_1_3_2_1_3"
"1952","EPI_ISL_14835965",6,4,3,1,3,2,1,3,"6_4_3_1_3_2_1_3"
"1953","EPI_ISL_14835968",6,4,3,1,3,2,1,3,"6_4_3_1_3_2_1_3"
"1954","EPI_ISL_14835974",6,4,3,1,3,2,1,3,"6_4_3_1_3_2_1_3"
"1955","EPI_ISL_14835976",6,4,3,1,3,2,1,3,"6_4_3_1_3_2_1_3"
"1956","EPI_ISL_14836024",6,4,3,1,3,2,1,3,"6_4_3_1_3_2_1_3"
"1957","EPI_ISL_14836025",6,4,3,1,3,2,1,3,"6_4_3_1_3_2_1_3"
"1958","EPI_ISL_14836026",6,4,3,1,3,2,1,3,"6_4_3_1_3_2_1_3"
"1959","EPI_ISL_14836027",6,4,3,1,3,2,1,3,"6_4_3_1_3_2_1_3"
"1960","EPI_ISL_14836077",6,4,3,1,3,2,1,3,"6_4_3_1_3_2_1_3"
"1961","EPI_ISL_14836078",6,4,3,1,3,2,1,3,"6_4_3_1_3_2_1_3"
"1962","EPI_ISL_14836079",6,4,3,1,3,2,1,3,"6_4_3_1_3_2_1_3"
"1963","EPI_ISL_14836080",6,4,3,1,3,2,1,3,"6_4_3_1_3_2_1_3"
"1964","EPI_ISL_14836081",6,4,3,1,3,2,1,3,"6_4_3_1_3_2_1_3"
"1965","EPI_ISL_14836082",6,4,3,1,3,2,1,3,"6_4_3_1_3_2_1_3"
"1966","EPI_ISL_14836083",6,4,3,1,3,2,1,3,"6_4_3_1_3_2_1_3"
"1967","EPI_ISL_14836086",6,4,3,1,3,2,1,3,"6_4_3_1_3_2_1_3"
"1968","EPI_ISL_14836088",6,4,3,1,3,2,1,3,"6_4_3_1_3_2_1_3"
"1969","EPI_ISL_14836098",6,4,3,1,3,2,1,3,"6_4_3_1_3_2_1_3"
"1970","EPI_ISL_14836101",6,4,3,1,3,2,1,3,"6_4_3_1_3_2_1_3"
"1971","EPI_ISL_14836104",6,4,3,1,3,2,1,3,"6_4_3_1_3_2_1_3"
"1972","EPI_ISL_14836369",6,4,3,1,3,2,1,3,"6_4_3_1_3_2_1_3"
"1973","EPI_ISL_14836371",6,4,3,1,3,2,1,3,"6_4_3_1_3_2_1_3"
"1974","EPI_ISL_14836374",6,4,3,1,3,2,1,3,"6_4_3_1_3_2_1_3"
"1975","EPI_ISL_14836376",6,4,3,1,3,2,1,3,"6_4_3_1_3_2_1_3"
"1976","EPI_ISL_14864637",1,1,2,1,2,1,1,1,"1_1_2_1_2_1_1_1"
"1977","EPI_ISL_14864646",1,1,2,1,2,1,1,1,"1_1_2_1_2_1_1_1"
"1978","EPI_ISL_14864650",1,1,2,1,2,1,1,1,"1_1_2_1_2_1_1_1"
"1979","EPI_ISL_14864652",1,1,2,1,2,1,1,1,"1_1_2_1_2_1_1_1"
"1980","EPI_ISL_14917968",1,1,2,1,2,1,1,1,"1_1_2_1_2_1_1_1"
"1981","EPI_ISL_14917979",1,1,2,1,2,1,1,1,"1_1_2_1_2_1_1_1"
"1982","EPI_ISL_14917999",1,1,2,1,2,1,1,1,"1_1_2_1_2_1_1_1"
"1983","EPI_ISL_14918030",2,1,1,1,2,1,1,1,"2_1_1_1_2_1_1_1"
"1984","EPI_ISL_14918217",2,1,1,1,2,1,1,1,"2_1_1_1_2_1_1_1"
"1985","EPI_ISL_14918305",2,1,1,1,2,1,1,1,"2_1_1_1_2_1_1_1"
"1986","EPI_ISL_14918327",2,1,1,1,2,1,1,1,"2_1_1_1_2_1_1_1"
"1987","EPI_ISL_14918605",2,1,1,1,2,1,1,1,"2_1_1_1_2_1_1_1"
"1988","EPI_ISL_14918892",2,1,1,1,2,1,1,1,"2_1_1_1_2_1_1_1"
"1989","EPI_ISL_14918893",2,1,1,1,2,1,1,1,"2_1_1_1_2_1_1_1"
"1990","EPI_ISL_14918903",2,1,1,1,2,1,1,1,"2_1_1_1_2_1_1_1"
"1991","EPI_ISL_14934317",2,1,1,1,2,1,1,1,"2_1_1_1_2_1_1_1"
"1992","EPI_ISL_14934318",2,1,1,1,2,1,1,1,"2_1_1_1_2_1_1_1"
"1993","EPI_ISL_14934479",2,1,1,1,2,1,1,1,"2_1_1_1_2_1_1_1"
"1994","EPI_ISL_14934607",2,1,1,1,2,1,1,1,"2_1_1_1_2_1_1_1"
"1995","EPI_ISL_14934883",2,1,1,1,2,1,1,1,"2_1_1_1_2_1_1_1"
"1996","EPI_ISL_14934884",2,1,1,1,2,1,1,1,"2_1_1_1_2_1_1_1"
"1997","EPI_ISL_14934885",2,1,1,1,2,1,1,1,"2_1_1_1_2_1_1_1"
"1998","EPI_ISL_15004053",4,5,5,1,1,1,1,1,"4_5_5_1_1_1_1_1"
"1999","EPI_ISL_15004054",4,5,5,1,1,1,1,1,"4_5_5_1_1_1_1_1"
"2000","EPI_ISL_15004055",4,1,1,1,1,1,1,1,"4_1_1_1_1_1_1_1"
"2001","EPI_ISL_15004056",4,1,1,1,1,1,1,1,"4_1_1_1_1_1_1_1"
"2002","EPI_ISL_15004057",4,1,1,1,1,1,1,1,"4_1_1_1_1_1_1_1"
"2003","EPI_ISL_15004058",4,1,1,1,1,1,1,1,"4_1_1_1_1_1_1_1"
"2004","EPI_ISL_15004059",4,1,1,1,1,1,1,1,"4_1_1_1_1_1_1_1"
"2005","EPI_ISL_15004060",2,1,1,1,1,1,1,1,"2_1_1_1_1_1_1_1"
"2006","EPI_ISL_15004061",2,1,1,1,1,1,1,1,"2_1_1_1_1_1_1_1"
"2007","EPI_ISL_15004062",4,1,1,1,1,1,1,2,"4_1_1_1_1_1_1_2"
"2008","EPI_ISL_15004063",4,1,1,1,1,1,1,1,"4_1_1_1_1_1_1_1"
"2009","EPI_ISL_15004064",4,1,1,1,1,1,1,1,"4_1_1_1_1_1_1_1"
"2010","EPI_ISL_15004065",4,1,1,1,1,1,1,1,"4_1_1_1_1_1_1_1"
"2011","EPI_ISL_15004066",4,1,1,1,1,1,1,1,"4_1_1_1_1_1_1_1"
"2012","EPI_ISL_15004067",4,1,1,1,1,1,1,1,"4_1_1_1_1_1_1_1"
"2013","EPI_ISL_15004068",5,1,1,1,1,1,1,1,"5_1_1_1_1_1_1_1"
"2014","EPI_ISL_15004069",4,1,1,1,1,1,1,1,"4_1_1_1_1_1_1_1"
"2015","EPI_ISL_15004070",4,1,1,1,1,1,1,1,"4_1_1_1_1_1_1_1"
"2016","EPI_ISL_15004071",4,1,1,1,1,1,1,1,"4_1_1_1_1_1_1_1"
"2017","EPI_ISL_15004072",4,1,1,1,1,1,1,1,"4_1_1_1_1_1_1_1"
"2018","EPI_ISL_15004372",2,1,1,1,2,1,1,1,"2_1_1_1_2_1_1_1"
"2019","EPI_ISL_15004373",2,1,1,1,2,1,1,1,"2_1_1_1_2_1_1_1"
"2020","EPI_ISL_15004374",4,1,1,1,1,1,1,1,"4_1_1_1_1_1_1_1"
"2021","EPI_ISL_15004375",3,1,1,1,1,1,1,1,"3_1_1_1_1_1_1_1"
"2022","EPI_ISL_15004376",5,3,1,1,1,1,1,2,"5_3_1_1_1_1_1_2"
"2023","EPI_ISL_15004377",5,3,1,1,1,1,1,2,"5_3_1_1_1_1_1_2"
"2024","EPI_ISL_15004378",5,3,1,1,1,1,1,2,"5_3_1_1_1_1_1_2"
"2025","EPI_ISL_15004379",5,3,1,1,1,1,1,2,"5_3_1_1_1_1_1_2"
"2026","EPI_ISL_15004380",2,1,1,1,2,1,1,1,"2_1_1_1_2_1_1_1"
"2027","EPI_ISL_15004381",2,1,1,1,2,1,1,1,"2_1_1_1_2_1_1_1"
"2028","EPI_ISL_15004383",4,1,1,1,1,1,1,1,"4_1_1_1_1_1_1_1"
"2029","EPI_ISL_15004384",4,1,1,1,1,1,1,1,"4_1_1_1_1_1_1_1"
"2030","EPI_ISL_15004385",4,1,1,1,1,1,1,1,"4_1_1_1_1_1_1_1"
"2031","EPI_ISL_15004386",4,1,1,1,1,1,1,1,"4_1_1_1_1_1_1_1"
"2032","EPI_ISL_15004387",4,1,1,1,1,1,1,1,"4_1_1_1_1_1_1_1"
"2033","EPI_ISL_15004388",4,1,1,1,1,1,1,1,"4_1_1_1_1_1_1_1"
"2034","EPI_ISL_15004389",4,1,1,1,1,1,1,1,"4_1_1_1_1_1_1_1"
"2035","EPI_ISL_15004390",5,3,1,1,1,1,1,2,"5_3_1_1_1_1_1_2"
"2036","EPI_ISL_15004391",5,3,1,1,1,1,1,2,"5_3_1_1_1_1_1_2"
"2037","EPI_ISL_15004392",4,1,1,1,1,1,1,1,"4_1_1_1_1_1_1_1"
"2038","EPI_ISL_15004393",4,1,1,1,1,1,1,1,"4_1_1_1_1_1_1_1"
"2039","EPI_ISL_15004394",4,1,1,1,1,1,1,1,"4_1_1_1_1_1_1_1"
"2040","EPI_ISL_15004395",4,1,1,1,1,1,1,1,"4_1_1_1_1_1_1_1"
"2041","EPI_ISL_15004396",4,1,1,1,1,1,1,1,"4_1_1_1_1_1_1_1"
"2042","EPI_ISL_15004397",2,1,1,1,1,1,1,1,"2_1_1_1_1_1_1_1"
"2043","EPI_ISL_15004398",4,1,1,1,1,1,1,1,"4_1_1_1_1_1_1_1"
"2044","EPI_ISL_15004399",4,1,1,1,1,1,1,1,"4_1_1_1_1_1_1_1"
"2045","EPI_ISL_15004400",4,1,1,1,1,1,1,1,"4_1_1_1_1_1_1_1"
"2046","EPI_ISL_15004401",4,1,1,1,1,1,1,1,"4_1_1_1_1_1_1_1"
"2047","EPI_ISL_15004402",3,1,1,1,1,1,1,1,"3_1_1_1_1_1_1_1"
"2048","EPI_ISL_15004403",5,1,1,1,1,1,1,1,"5_1_1_1_1_1_1_1"
"2049","EPI_ISL_15004404",5,3,1,1,1,1,1,2,"5_3_1_1_1_1_1_2"
"2050","EPI_ISL_15004405",5,3,1,1,1,1,1,2,"5_3_1_1_1_1_1_2"
"2051","EPI_ISL_15004406",5,3,1,1,1,1,1,2,"5_3_1_1_1_1_1_2"
"2052","EPI_ISL_15004407",5,3,1,1,1,1,1,2,"5_3_1_1_1_1_1_2"
"2053","EPI_ISL_15004408",4,1,1,1,1,1,1,1,"4_1_1_1_1_1_1_1"
"2054","EPI_ISL_15004409",4,1,1,1,1,1,1,1,"4_1_1_1_1_1_1_1"
"2055","EPI_ISL_15004410",4,1,1,1,1,1,1,1,"4_1_1_1_1_1_1_1"
"2056","EPI_ISL_15004411",4,1,1,1,1,1,1,1,"4_1_1_1_1_1_1_1"
"2057","EPI_ISL_15004412",4,1,1,1,1,1,1,1,"4_1_1_1_1_1_1_1"
"2058","EPI_ISL_15004413",4,1,1,1,1,1,1,1,"4_1_1_1_1_1_1_1"
"2059","EPI_ISL_15069397",4,5,5,1,1,1,1,1,"4_5_5_1_1_1_1_1"
"2060","EPI_ISL_15069398",1,1,4,1,4,1,1,4,"1_1_4_1_4_1_1_4"
"2061","EPI_ISL_15069399",1,1,2,1,2,1,1,1,"1_1_2_1_2_1_1_1"
"2062","EPI_ISL_15069400",1,1,2,1,2,1,1,1,"1_1_2_1_2_1_1_1"
"2063","EPI_ISL_15069401",1,1,4,1,4,1,1,4,"1_1_4_1_4_1_1_4"
"2064","EPI_ISL_15077376",4,5,1,1,1,1,1,1,"4_5_1_1_1_1_1_1"
"2065","EPI_ISL_15077377",4,5,1,1,1,1,1,1,"4_5_1_1_1_1_1_1"
"2066","EPI_ISL_15078237",4,1,1,1,1,1,1,1,"4_1_1_1_1_1_1_1"
"2067","EPI_ISL_15078238",4,1,1,1,1,1,1,1,"4_1_1_1_1_1_1_1"
"2068","EPI_ISL_15078239",4,5,1,1,1,1,1,1,"4_5_1_1_1_1_1_1"
"2069","EPI_ISL_15078240",4,1,1,1,1,1,1,1,"4_1_1_1_1_1_1_1"
"2070","EPI_ISL_15078241",3,1,1,1,1,1,1,1,"3_1_1_1_1_1_1_1"
"2071","EPI_ISL_15078244",4,5,5,1,1,1,1,1,"4_5_5_1_1_1_1_1"
"2072","EPI_ISL_15078245",4,5,5,1,1,1,1,1,"4_5_5_1_1_1_1_1"
"2073","EPI_ISL_15078246",5,3,1,1,1,1,1,1,"5_3_1_1_1_1_1_1"
"2074","EPI_ISL_15078247",5,1,1,1,1,1,1,1,"5_1_1_1_1_1_1_1"
"2075","EPI_ISL_15078248",5,3,1,1,1,1,1,2,"5_3_1_1_1_1_1_2"
"2076","EPI_ISL_15078249",5,3,1,1,1,1,1,2,"5_3_1_1_1_1_1_2"
"2077","EPI_ISL_15078250",4,5,5,1,1,1,1,1,"4_5_5_1_1_1_1_1"
"2078","EPI_ISL_15078251",5,1,1,1,1,1,1,1,"5_1_1_1_1_1_1_1"
"2079","EPI_ISL_15078252",4,1,1,1,1,1,1,1,"4_1_1_1_1_1_1_1"
"2080","EPI_ISL_15078253",5,3,1,1,1,1,1,2,"5_3_1_1_1_1_1_2"
"2081","EPI_ISL_15078254",5,3,1,1,1,1,1,2,"5_3_1_1_1_1_1_2"
"2082","EPI_ISL_15078255",4,5,5,1,1,1,1,1,"4_5_5_1_1_1_1_1"
"2083","EPI_ISL_15078261",2,1,1,1,2,1,1,1,"2_1_1_1_2_1_1_1"
"2084","EPI_ISL_15267012",1,1,2,1,2,1,1,1,"1_1_2_1_2_1_1_1"
"2085","EPI_ISL_15267013",1,1,2,1,2,1,1,1,"1_1_2_1_2_1_1_1"
"2086","EPI_ISL_15267014",1,1,2,1,2,1,1,1,"1_1_2_1_2_1_1_1"
"2087","EPI_ISL_15267016",1,1,2,1,2,1,1,1,"1_1_2_1_2_1_1_1"
"2088","EPI_ISL_15267017",1,1,2,1,2,1,1,1,"1_1_2_1_2_1_1_1"
"2089","EPI_ISL_15267018",1,1,2,1,2,1,1,1,"1_1_2_1_2_1_1_1"
"2090","EPI_ISL_15267019",1,1,2,1,2,1,1,1,"1_1_2_1_2_1_1_1"
"2091","EPI_ISL_15267020",1,1,2,1,2,1,1,1,"1_1_2_1_2_1_1_1"
"2092","EPI_ISL_15267021",1,1,2,1,2,1,1,1,"1_1_2_1_2_1_1_1"
"2093","EPI_ISL_15267022",1,1,2,1,2,1,1,1,"1_1_2_1_2_1_1_1"
"2094","EPI_ISL_15267026",2,1,1,1,2,1,1,1,"2_1_1_1_2_1_1_1"
"2095","EPI_ISL_15267027",2,1,1,1,2,1,1,1,"2_1_1_1_2_1_1_1"
"2096","EPI_ISL_15364789",1,1,4,1,4,1,1,4,"1_1_4_1_4_1_1_4"
"2097","EPI_ISL_15364790",1,1,2,1,2,1,1,1,"1_1_2_1_2_1_1_1"
"2098","EPI_ISL_15364792",1,1,2,1,2,1,1,1,"1_1_2_1_2_1_1_1"
"2099","EPI_ISL_15364794",1,1,2,1,2,1,1,1,"1_1_2_1_2_1_1_1"
"2100","EPI_ISL_15364795",1,1,2,1,2,1,1,1,"1_1_2_1_2_1_1_1"
"2101","EPI_ISL_15364796",1,1,2,1,2,1,1,1,"1_1_2_1_2_1_1_1"
"2102","EPI_ISL_15364797",1,1,2,1,2,1,1,1,"1_1_2_1_2_1_1_1"
"2103","EPI_ISL_15430209",6,4,3,1,3,2,1,3,"6_4_3_1_3_2_1_3"
"2104","EPI_ISL_15581789",18,1,2,1,2,1,1,1,"18_1_2_1_2_1_1_1"
"2105","EPI_ISL_15581792",1,1,2,1,2,1,1,1,"1_1_2_1_2_1_1_1"
"2106","EPI_ISL_15585748",1,1,4,1,4,1,1,4,"1_1_4_1_4_1_1_4"
"2107","EPI_ISL_15585749",1,1,2,1,2,1,1,1,"1_1_2_1_2_1_1_1"
"2108","EPI_ISL_15585750",1,1,2,1,2,1,1,1,"1_1_2_1_2_1_1_1"
"2109","EPI_ISL_15585751",1,1,2,1,2,1,1,1,"1_1_2_1_2_1_1_1"
"2110","EPI_ISL_15585752",1,1,2,1,2,1,1,1,"1_1_2_1_2_1_1_1"
"2111","EPI_ISL_15585753",1,1,2,1,2,1,1,1,"1_1_2_1_2_1_1_1"
"2112","EPI_ISL_15585754",1,1,2,1,2,1,1,1,"1_1_2_1_2_1_1_1"
"2113","EPI_ISL_15585755",1,1,2,1,2,1,1,1,"1_1_2_1_2_1_1_1"
"2114","EPI_ISL_15585756",1,1,2,1,2,1,1,1,"1_1_2_1_2_1_1_1"
"2115","EPI_ISL_15585757",1,1,2,1,2,1,1,1,"1_1_2_1_2_1_1_1"
"2116","EPI_ISL_15585758",1,1,2,1,2,1,1,1,"1_1_2_1_2_1_1_1"
"2117","EPI_ISL_15585759",1,1,2,1,2,1,1,1,"1_1_2_1_2_1_1_1"
"2118","EPI_ISL_15585760",1,1,2,1,2,1,1,1,"1_1_2_1_2_1_1_1"
"2119","EPI_ISL_15585761",1,1,2,1,2,1,1,1,"1_1_2_1_2_1_1_1"
"2120","EPI_ISL_15585762",1,1,2,1,2,1,1,1,"1_1_2_1_2_1_1_1"
"2121","EPI_ISL_15585763",1,1,2,1,2,1,1,1,"1_1_2_1_2_1_1_1"
"2122","EPI_ISL_15585764",1,1,2,1,2,1,1,1,"1_1_2_1_2_1_1_1"
"2123","EPI_ISL_15585765",1,1,2,1,2,1,1,1,"1_1_2_1_2_1_1_1"
"2124","EPI_ISL_15585839",1,1,2,1,2,1,1,1,"1_1_2_1_2_1_1_1"
"2125","EPI_ISL_15585840",1,1,2,1,2,1,1,1,"1_1_2_1_2_1_1_1"
"2126","EPI_ISL_15585841",1,1,2,1,2,1,1,1,"1_1_2_1_2_1_1_1"
"2127","EPI_ISL_15585842",1,1,2,1,2,1,1,1,"1_1_2_1_2_1_1_1"
"2128","EPI_ISL_15585843",1,1,4,1,4,1,1,4,"1_1_4_1_4_1_1_4"
"2129","EPI_ISL_15585844",1,1,2,1,2,1,1,1,"1_1_2_1_2_1_1_1"
"2130","EPI_ISL_15585856",1,1,2,1,2,1,1,1,"1_1_2_1_2_1_1_1"
"2131","EPI_ISL_15585857",1,1,2,1,21,1,1,1,"1_1_2_1_21_1_1_1"
"2132","EPI_ISL_15585858",1,1,2,1,2,1,1,1,"1_1_2_1_2_1_1_1"
"2133","EPI_ISL_15585861",1,1,2,1,2,1,1,1,"1_1_2_1_2_1_1_1"
"2134","EPI_ISL_15585862",1,1,2,1,2,1,1,1,"1_1_2_1_2_1_1_1"
"2135","EPI_ISL_15585863",1,1,2,1,2,1,1,1,"1_1_2_1_2_1_1_1"
"2136","EPI_ISL_15585864",1,1,2,1,2,1,1,1,"1_1_2_1_2_1_1_1"
"2137","EPI_ISL_15585865",1,1,2,1,2,1,1,1,"1_1_2_1_2_1_1_1"
"2138","EPI_ISL_15585880",1,1,2,1,2,1,1,1,"1_1_2_1_2_1_1_1"
"2139","EPI_ISL_15585881",1,1,2,1,2,1,1,1,"1_1_2_1_2_1_1_1"
"2140","EPI_ISL_15585882",1,1,2,1,2,1,1,1,"1_1_2_1_2_1_1_1"
"2141","EPI_ISL_15585883",1,1,2,1,2,1,1,1,"1_1_2_1_2_1_1_1"
"2142","EPI_ISL_15585884",1,1,2,1,2,1,1,1,"1_1_2_1_2_1_1_1"
"2143","EPI_ISL_15585885",1,1,2,1,2,1,1,1,"1_1_2_1_2_1_1_1"
"2144","EPI_ISL_15585886",1,1,2,1,2,1,1,1,"1_1_2_1_2_1_1_1"
"2145","EPI_ISL_15585888",2,1,1,1,2,1,1,1,"2_1_1_1_2_1_1_1"
"2146","EPI_ISL_15585890",2,1,1,1,2,1,1,1,"2_1_1_1_2_1_1_1"
"2147","EPI_ISL_15585891",1,1,2,1,2,1,1,1,"1_1_2_1_2_1_1_1"
"2148","EPI_ISL_15585892",1,1,2,1,2,1,1,1,"1_1_2_1_2_1_1_1"
"2149","EPI_ISL_15585893",1,1,2,1,2,1,1,1,"1_1_2_1_2_1_1_1"
"2150","EPI_ISL_15585894",1,1,2,1,2,1,1,1,"1_1_2_1_2_1_1_1"
"2151","EPI_ISL_15585895",1,1,2,1,2,1,1,1,"1_1_2_1_2_1_1_1"
"2152","EPI_ISL_15585896",1,1,2,1,2,1,1,1,"1_1_2_1_2_1_1_1"
"2153","EPI_ISL_15585897",1,1,2,1,2,1,1,1,"1_1_2_1_2_1_1_1"
"2154","EPI_ISL_15585898",1,1,2,1,2,1,1,1,"1_1_2_1_2_1_1_1"
"2155","EPI_ISL_15585899",1,1,2,1,2,1,1,1,"1_1_2_1_2_1_1_1"
"2156","EPI_ISL_15585904",1,1,2,1,2,1,1,1,"1_1_2_1_2_1_1_1"
"2157","EPI_ISL_15585905",1,1,2,1,2,1,1,1,"1_1_2_1_2_1_1_1"
"2158","EPI_ISL_15585906",1,1,2,1,2,1,1,1,"1_1_2_1_2_1_1_1"
"2159","EPI_ISL_15585908",1,1,2,1,2,1,1,1,"1_1_2_1_2_1_1_1"
"2160","EPI_ISL_15585909",1,1,2,1,2,1,1,1,"1_1_2_1_2_1_1_1"
"2161","EPI_ISL_15585910",1,1,2,1,2,1,1,1,"1_1_2_1_2_1_1_1"
"2162","EPI_ISL_15585911",1,1,2,1,2,1,1,1,"1_1_2_1_2_1_1_1"
"2163","EPI_ISL_15585920",1,1,2,1,2,1,1,1,"1_1_2_1_2_1_1_1"
"2164","EPI_ISL_15586107",1,1,2,1,2,1,1,1,"1_1_2_1_2_1_1_1"
"2165","EPI_ISL_15586108",1,1,2,1,2,1,1,1,"1_1_2_1_2_1_1_1"
"2166","EPI_ISL_15586109",1,1,2,1,2,1,1,1,"1_1_2_1_2_1_1_1"
"2167","EPI_ISL_15586110",1,1,2,1,2,1,1,1,"1_1_2_1_2_1_1_1"
"2168","EPI_ISL_15586111",1,1,2,1,2,1,1,1,"1_1_2_1_2_1_1_1"
"2169","EPI_ISL_15586112",1,1,2,1,2,1,1,1,"1_1_2_1_2_1_1_1"
"2170","EPI_ISL_15586113",1,1,2,1,2,1,1,1,"1_1_2_1_2_1_1_1"
"2171","EPI_ISL_15586114",1,1,2,1,2,1,1,1,"1_1_2_1_2_1_1_1"
"2172","EPI_ISL_15586115",1,1,2,1,2,1,1,1,"1_1_2_1_2_1_1_1"
"2173","EPI_ISL_15586116",1,1,2,1,2,1,1,1,"1_1_2_1_2_1_1_1"
"2174","EPI_ISL_15586117",1,1,2,1,2,1,1,1,"1_1_2_1_2_1_1_1"
"2175","EPI_ISL_15586118",1,1,2,1,2,1,1,1,"1_1_2_1_2_1_1_1"
"2176","EPI_ISL_15586119",1,1,2,1,2,1,1,1,"1_1_2_1_2_1_1_1"
"2177","EPI_ISL_15586120",1,1,2,1,2,1,1,1,"1_1_2_1_2_1_1_1"
"2178","EPI_ISL_15586121",1,1,2,1,2,1,1,1,"1_1_2_1_2_1_1_1"
"2179","EPI_ISL_15586122",1,1,2,1,2,1,1,1,"1_1_2_1_2_1_1_1"
"2180","EPI_ISL_15586124",1,1,2,1,2,1,1,1,"1_1_2_1_2_1_1_1"
"2181","EPI_ISL_15586125",1,1,2,1,2,1,1,1,"1_1_2_1_2_1_1_1"
"2182","EPI_ISL_15586126",1,1,2,1,2,1,1,1,"1_1_2_1_2_1_1_1"
"2183","EPI_ISL_15586127",1,1,2,1,2,1,1,1,"1_1_2_1_2_1_1_1"
"2184","EPI_ISL_15586128",1,1,2,1,2,1,1,1,"1_1_2_1_2_1_1_1"
"2185","EPI_ISL_15586129",1,1,2,1,2,1,1,1,"1_1_2_1_2_1_1_1"
"2186","EPI_ISL_15586130",1,1,2,1,2,1,1,1,"1_1_2_1_2_1_1_1"
"2187","EPI_ISL_15586131",2,1,1,1,2,1,1,1,"2_1_1_1_2_1_1_1"
"2188","EPI_ISL_15586132",1,1,2,1,2,1,1,1,"1_1_2_1_2_1_1_1"
"2189","EPI_ISL_15586133",1,1,2,1,2,1,1,1,"1_1_2_1_2_1_1_1"
"2190","EPI_ISL_15586134",1,1,2,1,2,1,1,1,"1_1_2_1_2_1_1_1"
"2191","EPI_ISL_15586135",1,1,2,1,2,1,1,1,"1_1_2_1_2_1_1_1"
"2192","EPI_ISL_15586136",1,1,2,1,2,1,1,1,"1_1_2_1_2_1_1_1"
"2193","EPI_ISL_15602898",3,30,1,1,14,19,1,1,"3_30_1_1_14_19_1_1"
"2194","EPI_ISL_15614803",2,1,1,1,2,1,1,1,"2_1_1_1_2_1_1_1"
"2195","EPI_ISL_15614805",2,1,1,1,2,1,1,1,"2_1_1_1_2_1_1_1"
"2196","EPI_ISL_15614807",4,1,1,1,1,1,1,1,"4_1_1_1_1_1_1_1"
"2197","EPI_ISL_15732741",40,1,2,1,2,18,1,1,"40_1_2_1_2_18_1_1"
"2198","EPI_ISL_15732766",8,7,1,1,2,1,1,1,"8_7_1_1_2_1_1_1"
"2199","EPI_ISL_15839837",2,1,1,1,2,1,1,1,"2_1_1_1_2_1_1_1"
"2200","EPI_ISL_15839838",2,1,1,1,2,1,1,1,"2_1_1_1_2_1_1_1"
"2201","EPI_ISL_15839840",2,1,1,1,2,1,1,1,"2_1_1_1_2_1_1_1"
"2202","EPI_ISL_15839841",2,1,1,1,2,1,1,1,"2_1_1_1_2_1_1_1"
"2203","EPI_ISL_15843373",2,1,1,1,2,1,1,1,"2_1_1_1_2_1_1_1"
"2204","EPI_ISL_15844573",3,1,1,1,1,1,1,1,"3_1_1_1_1_1_1_1"
"2205","EPI_ISL_15852186",2,1,1,1,2,1,1,1,"2_1_1_1_2_1_1_1"
"2206","EPI_ISL_15852340",2,1,1,1,2,1,1,1,"2_1_1_1_2_1_1_1"
"2207","EPI_ISL_15852757",2,1,1,1,2,1,1,1,"2_1_1_1_2_1_1_1"
"2208","EPI_ISL_15925875",1,1,2,1,2,1,1,1,"1_1_2_1_2_1_1_1"
"2209","EPI_ISL_15925876",1,1,2,1,2,1,1,1,"1_1_2_1_2_1_1_1"
"2210","EPI_ISL_15925878",1,1,2,1,2,1,1,1,"1_1_2_1_2_1_1_1"
"2211","EPI_ISL_15925880",15,1,10,1,2,1,1,1,"15_1_10_1_2_1_1_1"
"2212","EPI_ISL_15925881",15,1,10,1,2,1,1,1,"15_1_10_1_2_1_1_1"
"2213","EPI_ISL_15925883",15,1,10,1,2,1,1,1,"15_1_10_1_2_1_1_1"
"2214","EPI_ISL_15925884",18,1,30,1,2,1,1,1,"18_1_30_1_2_1_1_1"
"2215","EPI_ISL_15925885",15,1,10,1,2,1,1,1,"15_1_10_1_2_1_1_1"
"2216","EPI_ISL_15942297",1,1,2,1,2,1,1,1,"1_1_2_1_2_1_1_1"
"2217","EPI_ISL_15958017",1,1,2,1,2,1,1,1,"1_1_2_1_2_1_1_1"
"2218","EPI_ISL_15958027",1,1,2,1,2,1,1,1,"1_1_2_1_2_1_1_1"
"2219","EPI_ISL_16003253",5,3,1,1,1,1,1,2,"5_3_1_1_1_1_1_2"
"2220","EPI_ISL_16003265",4,1,1,1,1,1,1,1,"4_1_1_1_1_1_1_1"
"2221","EPI_ISL_16003266",4,1,1,1,1,1,1,1,"4_1_1_1_1_1_1_1"
"2222","EPI_ISL_16003267",4,1,1,1,1,1,1,1,"4_1_1_1_1_1_1_1"
"2223","EPI_ISL_16003268",3,1,1,1,1,1,1,1,"3_1_1_1_1_1_1_1"
"2224","EPI_ISL_16003270",4,5,5,1,1,1,1,1,"4_5_5_1_1_1_1_1"
"2225","EPI_ISL_16003275",4,5,5,1,1,1,1,1,"4_5_5_1_1_1_1_1"
"2226","EPI_ISL_16003281",4,5,5,1,1,1,1,1,"4_5_5_1_1_1_1_1"
"2227","EPI_ISL_16040744",15,1,10,1,2,1,1,1,"15_1_10_1_2_1_1_1"
"2228","EPI_ISL_16056568",15,1,10,1,2,1,1,1,"15_1_10_1_2_1_1_1"
"2229","EPI_ISL_16056569",15,1,10,1,2,1,1,1,"15_1_10_1_2_1_1_1"
"2230","EPI_ISL_16056570",15,1,10,1,2,1,1,1,"15_1_10_1_2_1_1_1"
"2231","EPI_ISL_16056571",1,1,2,1,2,1,1,1,"1_1_2_1_2_1_1_1"
"2232","EPI_ISL_16056572",1,1,2,1,2,1,1,1,"1_1_2_1_2_1_1_1"
"2233","EPI_ISL_16098026",1,1,2,1,2,1,1,1,"1_1_2_1_2_1_1_1"
"2234","EPI_ISL_16101521",3,1,1,1,1,1,1,1,"3_1_1_1_1_1_1_1"
"2235","EPI_ISL_16101522",4,1,1,1,1,1,1,1,"4_1_1_1_1_1_1_1"
"2236","EPI_ISL_16101523",4,1,1,1,1,1,1,1,"4_1_1_1_1_1_1_1"
"2237","EPI_ISL_16101524",5,1,1,1,1,1,1,1,"5_1_1_1_1_1_1_1"
"2238","EPI_ISL_16101525",5,1,1,1,1,1,1,1,"5_1_1_1_1_1_1_1"
"2239","EPI_ISL_16101526",4,5,5,1,1,1,1,1,"4_5_5_1_1_1_1_1"
"2240","EPI_ISL_16101527",4,1,1,1,1,1,1,1,"4_1_1_1_1_1_1_1"
"2241","EPI_ISL_16101528",4,1,1,1,1,1,1,1,"4_1_1_1_1_1_1_1"
"2242","EPI_ISL_16101529",4,1,1,1,1,1,1,1,"4_1_1_1_1_1_1_1"
"2243","EPI_ISL_16102154",4,5,1,1,1,1,1,1,"4_5_1_1_1_1_1_1"
"2244","EPI_ISL_16102155",4,5,1,1,1,1,1,1,"4_5_1_1_1_1_1_1"
"2245","EPI_ISL_16102156",4,5,5,1,1,1,1,1,"4_5_5_1_1_1_1_1"
"2246","EPI_ISL_16102157",4,5,5,1,1,1,1,1,"4_5_5_1_1_1_1_1"
"2247","EPI_ISL_16102158",4,5,5,1,1,1,1,1,"4_5_5_1_1_1_1_1"
"2248","EPI_ISL_16102159",4,5,5,1,1,1,1,1,"4_5_5_1_1_1_1_1"
"2249","EPI_ISL_16102160",4,5,5,1,1,1,1,1,"4_5_5_1_1_1_1_1"
"2250","EPI_ISL_16102161",4,5,5,1,1,1,1,1,"4_5_5_1_1_1_1_1"
"2251","EPI_ISL_16102162",4,5,5,1,1,1,1,1,"4_5_5_1_1_1_1_1"
"2252","EPI_ISL_16102163",2,1,1,1,2,1,1,1,"2_1_1_1_2_1_1_1"
"2253","EPI_ISL_16102164",2,1,1,1,2,1,1,1,"2_1_1_1_2_1_1_1"
"2254","EPI_ISL_16102165",4,1,1,1,1,1,1,1,"4_1_1_1_1_1_1_1"
"2255","EPI_ISL_16102166",2,1,1,1,2,1,1,1,"2_1_1_1_2_1_1_1"
"2256","EPI_ISL_16102167",4,1,1,1,1,1,1,1,"4_1_1_1_1_1_1_1"
"2257","EPI_ISL_16102168",4,1,1,1,1,1,1,1,"4_1_1_1_1_1_1_1"
"2258","EPI_ISL_16102169",4,1,1,1,1,1,1,1,"4_1_1_1_1_1_1_1"
"2259","EPI_ISL_16102170",4,1,1,1,1,1,1,1,"4_1_1_1_1_1_1_1"
"2260","EPI_ISL_16102171",4,1,1,1,1,1,1,1,"4_1_1_1_1_1_1_1"
"2261","EPI_ISL_16102172",4,1,1,1,1,1,1,1,"4_1_1_1_1_1_1_1"
"2262","EPI_ISL_16102173",4,1,1,1,1,1,1,1,"4_1_1_1_1_1_1_1"
"2263","EPI_ISL_16102174",5,3,1,1,1,1,1,2,"5_3_1_1_1_1_1_2"
"2264","EPI_ISL_16102227",4,1,1,1,1,1,1,1,"4_1_1_1_1_1_1_1"
"2265","EPI_ISL_16102228",4,1,1,1,1,1,1,1,"4_1_1_1_1_1_1_1"
"2266","EPI_ISL_16102229",5,3,1,1,1,1,1,2,"5_3_1_1_1_1_1_2"
"2267","EPI_ISL_16102230",5,3,1,1,1,1,1,2,"5_3_1_1_1_1_1_2"
"2268","EPI_ISL_16102261",4,1,1,1,1,1,1,1,"4_1_1_1_1_1_1_1"
"2269","EPI_ISL_16102262",4,1,1,1,1,1,1,1,"4_1_1_1_1_1_1_1"
"2270","EPI_ISL_16102263",4,1,1,1,1,1,1,1,"4_1_1_1_1_1_1_1"
"2271","EPI_ISL_16102264",4,1,1,1,1,1,1,1,"4_1_1_1_1_1_1_1"
"2272","EPI_ISL_16102265",4,1,1,1,1,1,1,1,"4_1_1_1_1_1_1_1"
"2273","EPI_ISL_16102266",5,3,1,1,1,1,1,2,"5_3_1_1_1_1_1_2"
"2274","EPI_ISL_16102267",5,3,1,1,1,1,1,2,"5_3_1_1_1_1_1_2"
"2275","EPI_ISL_16102275",4,1,1,1,1,1,1,1,"4_1_1_1_1_1_1_1"
"2276","EPI_ISL_16102276",4,1,1,1,1,1,1,1,"4_1_1_1_1_1_1_1"
"2277","EPI_ISL_16102277",4,1,1,1,1,1,1,1,"4_1_1_1_1_1_1_1"
"2278","EPI_ISL_16102278",4,1,1,1,1,1,1,1,"4_1_1_1_1_1_1_1"
"2279","EPI_ISL_16102279",2,1,1,1,2,1,1,1,"2_1_1_1_2_1_1_1"
"2280","EPI_ISL_16102280",2,1,1,1,2,1,1,1,"2_1_1_1_2_1_1_1"
"2281","EPI_ISL_16102281",4,5,5,1,1,1,1,1,"4_5_5_1_1_1_1_1"
"2282","EPI_ISL_16102282",4,5,5,1,1,1,1,1,"4_5_5_1_1_1_1_1"
"2283","EPI_ISL_16102283",5,3,1,1,1,1,1,2,"5_3_1_1_1_1_1_2"
"2284","EPI_ISL_16122075",1,1,2,1,2,1,1,1,"1_1_2_1_2_1_1_1"
"2285","EPI_ISL_16122154",2,1,1,1,2,1,1,1,"2_1_1_1_2_1_1_1"
"2286","EPI_ISL_16171247",2,1,1,1,2,1,1,1,"2_1_1_1_2_1_1_1"
"2287","EPI_ISL_16171248",2,1,1,1,2,1,1,1,"2_1_1_1_2_1_1_1"
"2288","EPI_ISL_16171249",2,1,1,1,2,1,1,1,"2_1_1_1_2_1_1_1"
"2289","EPI_ISL_16171250",5,3,1,1,1,1,1,2,"5_3_1_1_1_1_1_2"
"2290","EPI_ISL_16171251",5,3,1,1,1,1,1,2,"5_3_1_1_1_1_1_2"
"2291","EPI_ISL_16171252",5,1,1,1,1,1,1,1,"5_1_1_1_1_1_1_1"
"2292","EPI_ISL_16171254",5,3,1,1,1,1,1,2,"5_3_1_1_1_1_1_2"
"2293","EPI_ISL_16171255",5,3,1,1,1,1,1,2,"5_3_1_1_1_1_1_2"
"2294","EPI_ISL_16171256",5,3,1,1,1,1,1,2,"5_3_1_1_1_1_1_2"
"2295","EPI_ISL_16171322",5,3,1,1,1,1,1,2,"5_3_1_1_1_1_1_2"
"2296","EPI_ISL_16171323",5,3,1,1,1,1,1,2,"5_3_1_1_1_1_1_2"
"2297","EPI_ISL_16171324",2,1,1,1,2,1,1,1,"2_1_1_1_2_1_1_1"
"2298","EPI_ISL_16171325",2,1,1,1,2,1,1,1,"2_1_1_1_2_1_1_1"
"2299","EPI_ISL_16171326",5,3,1,1,1,1,1,2,"5_3_1_1_1_1_1_2"
"2300","EPI_ISL_16171327",5,3,1,1,1,1,1,2,"5_3_1_1_1_1_1_2"
"2301","EPI_ISL_16171328",4,1,1,1,1,1,1,1,"4_1_1_1_1_1_1_1"
"2302","EPI_ISL_16171329",4,1,1,1,1,1,1,1,"4_1_1_1_1_1_1_1"
"2303","EPI_ISL_16171330",4,1,1,1,1,1,1,1,"4_1_1_1_1_1_1_1"
"2304","EPI_ISL_16171331",4,1,1,1,1,1,1,1,"4_1_1_1_1_1_1_1"
"2305","EPI_ISL_16171332",4,1,1,1,1,1,1,1,"4_1_1_1_1_1_1_1"
"2306","EPI_ISL_16171399",4,1,1,1,1,1,1,1,"4_1_1_1_1_1_1_1"
"2307","EPI_ISL_16171400",4,1,1,1,1,1,1,1,"4_1_1_1_1_1_1_1"
"2308","EPI_ISL_16171401",4,1,1,1,1,1,1,1,"4_1_1_1_1_1_1_1"
"2309","EPI_ISL_16171402",2,1,1,1,2,1,1,1,"2_1_1_1_2_1_1_1"
"2310","EPI_ISL_16171403",4,1,1,1,1,1,1,1,"4_1_1_1_1_1_1_1"
"2311","EPI_ISL_16171404",4,1,1,1,1,1,1,1,"4_1_1_1_1_1_1_1"
"2312","EPI_ISL_16171405",4,1,1,1,1,1,1,1,"4_1_1_1_1_1_1_1"
"2313","EPI_ISL_16171406",5,3,1,1,1,1,1,2,"5_3_1_1_1_1_1_2"
"2314","EPI_ISL_16171407",5,3,1,1,1,1,1,2,"5_3_1_1_1_1_1_2"
"2315","EPI_ISL_16171408",4,1,1,1,1,1,1,1,"4_1_1_1_1_1_1_1"
"2316","EPI_ISL_16171409",5,1,1,1,1,1,1,1,"5_1_1_1_1_1_1_1"
"2317","EPI_ISL_16171411",5,1,1,1,1,1,1,1,"5_1_1_1_1_1_1_1"
"2318","EPI_ISL_16171412",4,1,1,1,1,1,1,1,"4_1_1_1_1_1_1_1"
"2319","EPI_ISL_16171413",4,1,1,1,1,1,1,1,"4_1_1_1_1_1_1_1"
"2320","EPI_ISL_16171415",2,1,1,1,2,1,1,1,"2_1_1_1_2_1_1_1"
"2321","EPI_ISL_16171416",4,1,1,1,1,1,1,1,"4_1_1_1_1_1_1_1"
"2322","EPI_ISL_16171417",2,1,1,1,2,1,1,1,"2_1_1_1_2_1_1_1"
"2323","EPI_ISL_16171418",2,1,1,1,2,1,1,1,"2_1_1_1_2_1_1_1"
"2324","EPI_ISL_16171419",4,1,1,1,1,1,1,1,"4_1_1_1_1_1_1_1"
"2325","EPI_ISL_16171449",4,5,5,1,1,1,1,1,"4_5_5_1_1_1_1_1"
"2326","EPI_ISL_16171450",4,5,5,1,1,1,1,1,"4_5_5_1_1_1_1_1"
"2327","EPI_ISL_16171451",4,5,5,1,1,1,1,1,"4_5_5_1_1_1_1_1"
"2328","EPI_ISL_16171452",4,5,5,1,1,1,1,1,"4_5_5_1_1_1_1_1"
"2329","EPI_ISL_16171453",4,5,5,1,1,1,1,1,"4_5_5_1_1_1_1_1"
"2330","EPI_ISL_16171454",4,1,1,1,1,1,1,1,"4_1_1_1_1_1_1_1"
"2331","EPI_ISL_16171455",4,1,1,1,1,1,1,1,"4_1_1_1_1_1_1_1"
"2332","EPI_ISL_16171456",4,1,1,1,1,1,1,2,"4_1_1_1_1_1_1_2"
"2333","EPI_ISL_16171457",4,1,1,1,1,1,1,1,"4_1_1_1_1_1_1_1"
"2334","EPI_ISL_16171458",5,3,1,1,1,1,1,2,"5_3_1_1_1_1_1_2"
"2335","EPI_ISL_16171459",5,3,1,1,1,1,1,2,"5_3_1_1_1_1_1_2"
"2336","EPI_ISL_16171460",5,3,1,1,1,1,1,2,"5_3_1_1_1_1_1_2"
"2337","EPI_ISL_16171461",4,5,5,1,1,1,1,1,"4_5_5_1_1_1_1_1"
"2338","EPI_ISL_16171462",3,1,1,1,1,1,1,1,"3_1_1_1_1_1_1_1"
"2339","EPI_ISL_16171463",3,1,1,1,1,1,1,1,"3_1_1_1_1_1_1_1"
"2340","EPI_ISL_16171464",5,1,1,1,1,1,1,1,"5_1_1_1_1_1_1_1"
"2341","EPI_ISL_16171465",5,1,1,1,1,1,1,1,"5_1_1_1_1_1_1_1"
"2342","EPI_ISL_16171466",3,1,1,1,1,1,1,1,"3_1_1_1_1_1_1_1"
"2343","EPI_ISL_16171467",2,1,1,1,2,1,1,1,"2_1_1_1_2_1_1_1"
"2344","EPI_ISL_16171468",4,1,1,1,1,1,1,1,"4_1_1_1_1_1_1_1"
"2345","EPI_ISL_16171469",4,1,1,1,1,1,1,1,"4_1_1_1_1_1_1_1"
"2346","EPI_ISL_16171470",4,1,1,1,1,1,1,1,"4_1_1_1_1_1_1_1"
"2347","EPI_ISL_16171471",5,1,1,1,1,1,1,1,"5_1_1_1_1_1_1_1"
"2348","EPI_ISL_16171472",5,1,1,1,1,1,1,1,"5_1_1_1_1_1_1_1"
"2349","EPI_ISL_16171473",5,3,1,1,1,1,1,2,"5_3_1_1_1_1_1_2"
"2350","EPI_ISL_16171474",3,1,1,1,1,1,1,1,"3_1_1_1_1_1_1_1"
"2351","EPI_ISL_16171475",3,1,1,1,1,1,1,1,"3_1_1_1_1_1_1_1"
"2352","EPI_ISL_16171476",5,3,1,1,1,1,1,2,"5_3_1_1_1_1_1_2"
"2353","EPI_ISL_16171477",5,3,1,1,1,1,1,2,"5_3_1_1_1_1_1_2"
"2354","EPI_ISL_16171478",5,3,1,1,1,1,1,2,"5_3_1_1_1_1_1_2"
"2355","EPI_ISL_16171479",5,3,1,1,1,1,1,2,"5_3_1_1_1_1_1_2"
"2356","EPI_ISL_16171480",2,1,1,1,2,1,1,1,"2_1_1_1_2_1_1_1"
"2357","EPI_ISL_16171481",2,1,1,1,2,1,1,1,"2_1_1_1_2_1_1_1"
"2358","EPI_ISL_16171482",4,5,5,1,1,1,1,1,"4_5_5_1_1_1_1_1"
"2359","EPI_ISL_16171483",4,5,5,1,1,1,1,1,"4_5_5_1_1_1_1_1"
"2360","EPI_ISL_16171485",5,3,1,1,1,1,1,2,"5_3_1_1_1_1_1_2"
"2361","EPI_ISL_16171486",5,3,1,1,1,1,1,2,"5_3_1_1_1_1_1_2"
"2362","EPI_ISL_16171487",5,3,1,1,1,1,1,2,"5_3_1_1_1_1_1_2"
"2363","EPI_ISL_16171488",4,1,1,1,1,1,1,1,"4_1_1_1_1_1_1_1"
"2364","EPI_ISL_16171490",4,1,1,1,1,1,1,1,"4_1_1_1_1_1_1_1"
"2365","EPI_ISL_16171491",4,1,1,1,1,1,1,1,"4_1_1_1_1_1_1_1"
"2366","EPI_ISL_16171492",5,1,1,1,1,1,1,1,"5_1_1_1_1_1_1_1"
"2367","EPI_ISL_16171493",5,1,1,1,1,1,1,1,"5_1_1_1_1_1_1_1"
"2368","EPI_ISL_16171494",4,5,5,1,1,1,1,1,"4_5_5_1_1_1_1_1"
"2369","EPI_ISL_16171495",2,1,1,1,2,1,1,1,"2_1_1_1_2_1_1_1"
"2370","EPI_ISL_16171496",4,5,1,1,1,1,1,1,"4_5_1_1_1_1_1_1"
"2371","EPI_ISL_16171497",4,5,1,1,1,1,1,1,"4_5_1_1_1_1_1_1"
"2372","EPI_ISL_16171498",4,1,1,1,1,1,1,1,"4_1_1_1_1_1_1_1"
"2373","EPI_ISL_16171499",4,1,1,1,1,1,1,1,"4_1_1_1_1_1_1_1"
"2374","EPI_ISL_16171500",4,1,1,1,1,1,1,1,"4_1_1_1_1_1_1_1"
"2375","EPI_ISL_16171501",4,1,1,1,1,1,1,1,"4_1_1_1_1_1_1_1"
"2376","EPI_ISL_16171502",4,1,1,1,1,1,1,1,"4_1_1_1_1_1_1_1"
"2377","EPI_ISL_16171503",4,1,1,1,1,1,1,1,"4_1_1_1_1_1_1_1"
"2378","EPI_ISL_16171504",4,5,5,1,1,1,1,1,"4_5_5_1_1_1_1_1"
"2379","EPI_ISL_16171505",5,3,1,1,1,1,1,1,"5_3_1_1_1_1_1_1"
"2380","EPI_ISL_16171506",5,3,1,1,1,1,1,2,"5_3_1_1_1_1_1_2"
"2381","EPI_ISL_16171507",5,3,1,1,1,1,1,2,"5_3_1_1_1_1_1_2"
"2382","EPI_ISL_16171508",5,3,1,1,1,1,1,2,"5_3_1_1_1_1_1_2"
"2383","EPI_ISL_16171509",5,3,1,1,1,1,1,2,"5_3_1_1_1_1_1_2"
"2384","EPI_ISL_16171510",4,1,1,1,1,1,1,1,"4_1_1_1_1_1_1_1"
"2385","EPI_ISL_16171511",4,1,1,1,1,1,1,1,"4_1_1_1_1_1_1_1"
"2386","EPI_ISL_16171512",4,1,1,1,1,1,1,1,"4_1_1_1_1_1_1_1"
"2387","EPI_ISL_16171513",4,1,1,1,1,1,1,1,"4_1_1_1_1_1_1_1"
"2388","EPI_ISL_16171514",4,1,1,1,1,1,1,1,"4_1_1_1_1_1_1_1"
"2389","EPI_ISL_16171516",4,1,1,1,1,1,1,1,"4_1_1_1_1_1_1_1"
"2390","EPI_ISL_16171517",5,3,1,1,1,1,1,2,"5_3_1_1_1_1_1_2"
"2391","EPI_ISL_16171518",5,3,1,1,1,1,1,2,"5_3_1_1_1_1_1_2"
"2392","EPI_ISL_16171519",3,1,1,1,1,1,1,1,"3_1_1_1_1_1_1_1"
"2393","EPI_ISL_16171520",3,1,1,1,1,1,1,1,"3_1_1_1_1_1_1_1"
"2394","EPI_ISL_16171521",4,1,1,1,1,1,1,1,"4_1_1_1_1_1_1_1"
"2395","EPI_ISL_16171522",3,1,1,1,1,1,1,1,"3_1_1_1_1_1_1_1"
"2396","EPI_ISL_16171523",3,1,1,1,1,1,1,1,"3_1_1_1_1_1_1_1"
"2397","EPI_ISL_16171524",3,1,1,1,1,1,1,1,"3_1_1_1_1_1_1_1"
"2398","EPI_ISL_16171528",4,1,1,1,1,1,1,1,"4_1_1_1_1_1_1_1"
"2399","EPI_ISL_16171530",4,1,1,1,1,1,1,1,"4_1_1_1_1_1_1_1"
"2400","EPI_ISL_16183504",5,3,1,1,1,1,1,2,"5_3_1_1_1_1_1_2"
"2401","EPI_ISL_16183595",5,3,1,1,1,1,1,2,"5_3_1_1_1_1_1_2"
"2402","EPI_ISL_16183625",3,1,1,1,1,1,1,1,"3_1_1_1_1_1_1_1"
"2403","EPI_ISL_16183656",5,3,1,1,1,1,1,2,"5_3_1_1_1_1_1_2"
"2404","EPI_ISL_16212269",4,5,5,1,1,1,1,1,"4_5_5_1_1_1_1_1"
"2405","EPI_ISL_16240640",4,1,1,1,1,1,1,1,"4_1_1_1_1_1_1_1"
"2406","EPI_ISL_16240641",4,1,1,1,1,1,1,1,"4_1_1_1_1_1_1_1"
"2407","EPI_ISL_16240642",5,1,1,1,1,1,1,1,"5_1_1_1_1_1_1_1"
"2408","EPI_ISL_16240643",5,1,1,1,1,1,1,1,"5_1_1_1_1_1_1_1"
"2409","EPI_ISL_16240644",4,1,1,1,1,1,1,1,"4_1_1_1_1_1_1_1"
"2410","EPI_ISL_16240880",4,1,1,1,1,1,1,1,"4_1_1_1_1_1_1_1"
"2411","EPI_ISL_16240881",3,1,1,1,1,1,1,1,"3_1_1_1_1_1_1_1"
"2412","EPI_ISL_16240882",3,1,1,1,1,1,1,1,"3_1_1_1_1_1_1_1"
"2413","EPI_ISL_16240883",3,1,1,1,1,1,1,1,"3_1_1_1_1_1_1_1"
"2414","EPI_ISL_16240884",3,1,1,1,1,1,1,1,"3_1_1_1_1_1_1_1"
"2415","EPI_ISL_16240885",4,1,1,1,1,1,1,1,"4_1_1_1_1_1_1_1"
"2416","EPI_ISL_16240886",4,1,1,1,1,1,1,1,"4_1_1_1_1_1_1_1"
"2417","EPI_ISL_16240887",4,1,1,1,1,1,1,1,"4_1_1_1_1_1_1_1"
"2418","EPI_ISL_16240888",3,1,1,1,1,1,1,1,"3_1_1_1_1_1_1_1"
"2419","EPI_ISL_16240889",3,1,1,1,1,1,1,1,"3_1_1_1_1_1_1_1"
"2420","EPI_ISL_16240985",4,1,1,1,1,1,1,1,"4_1_1_1_1_1_1_1"
"2421","EPI_ISL_16253342",49,8,13,1,2,14,1,1,"49_8_13_1_2_14_1_1"
"2422","EPI_ISL_16839065",2,1,1,1,2,1,1,1,"2_1_1_1_2_1_1_1"
"2423","EPI_ISL_17154592",4,5,1,1,1,1,1,1,"4_5_1_1_1_1_1_1"
"2424","EPI_ISL_17154593",4,5,5,1,1,1,1,1,"4_5_5_1_1_1_1_1"
"2425","EPI_ISL_8338002",2,1,1,1,2,1,1,1,"2_1_1_1_2_1_1_1"
"2426","EPI_ISL_8440175",15,8,1,1,7,1,1,5,"15_8_1_1_7_1_1_5"
"2427","EPI_ISL_8799314",2,1,1,1,9,1,1,1,"2_1_1_1_9_1_1_1"
"2428","EPI_ISL_8799317",1,1,1,1,2,1,1,1,"1_1_1_1_2_1_1_1"
"2429","EPI_ISL_8799318",1,1,2,1,2,1,1,1,"1_1_2_1_2_1_1_1"
"2430","EPI_ISL_8799320",1,1,2,1,2,1,1,1,"1_1_2_1_2_1_1_1"
"2431","EPI_ISL_8799552",2,1,1,1,2,1,1,1,"2_1_1_1_2_1_1_1"
"2432","EPI_ISL_8809153",2,1,1,1,2,1,1,1,"2_1_1_1_2_1_1_1"
"2433","EPI_ISL_8882166",2,1,1,1,2,1,1,1,"2_1_1_1_2_1_1_1"
"2434","EPI_ISL_8882167",2,1,1,1,2,1,1,1,"2_1_1_1_2_1_1_1"
"2435","EPI_ISL_8882168",2,1,1,1,2,1,1,1,"2_1_1_1_2_1_1_1"
"2436","EPI_ISL_8882169",2,1,1,1,2,1,1,1,"2_1_1_1_2_1_1_1"
"2437","EPI_ISL_8882170",2,1,1,1,2,1,1,1,"2_1_1_1_2_1_1_1"
"2438","EPI_ISL_8882172",2,1,1,1,2,1,1,1,"2_1_1_1_2_1_1_1"
"2439","EPI_ISL_8882173",2,1,1,1,2,1,1,1,"2_1_1_1_2_1_1_1"
"2440","EPI_ISL_8882187",8,16,1,1,2,1,1,1,"8_16_1_1_2_1_1_1"
"2441","EPI_ISL_8882201",8,16,1,1,2,1,1,1,"8_16_1_1_2_1_1_1"
"2442","EPI_ISL_8882209",2,1,1,1,2,1,1,1,"2_1_1_1_2_1_1_1"
"2443","EPI_ISL_8882210",2,1,1,1,2,1,1,1,"2_1_1_1_2_1_1_1"
"2444","EPI_ISL_8882212",15,8,1,1,7,1,1,5,"15_8_1_1_7_1_1_5"
"2445","EPI_ISL_8882213",2,1,1,1,2,1,1,1,"2_1_1_1_2_1_1_1"
"2446","EPI_ISL_8882214",1,1,2,1,2,1,1,1,"1_1_2_1_2_1_1_1"
"2447","EPI_ISL_8882215",2,1,1,1,2,1,1,1,"2_1_1_1_2_1_1_1"
"2448","EPI_ISL_8882216",2,1,1,1,2,1,1,1,"2_1_1_1_2_1_1_1"
"2449","EPI_ISL_8882218",18,1,1,1,2,1,1,1,"18_1_1_1_2_1_1_1"
"2450","EPI_ISL_9012457",2,1,1,1,2,1,1,1,"2_1_1_1_2_1_1_1"
"2451","EPI_ISL_9012572",15,1,1,1,2,1,1,1,"15_1_1_1_2_1_1_1"
"2452","EPI_ISL_9012574",1,1,2,1,2,1,1,1,"1_1_2_1_2_1_1_1"
"2453","EPI_ISL_9012577",2,1,1,1,2,1,1,1,"2_1_1_1_2_1_1_1"
"2454","EPI_ISL_9012578",2,1,1,1,2,1,1,1,"2_1_1_1_2_1_1_1"
"2455","EPI_ISL_9012580",2,1,1,1,2,1,1,1,"2_1_1_1_2_1_1_1"
"2456","EPI_ISL_9012618",15,1,1,1,2,1,1,1,"15_1_1_1_2_1_1_1"
"2457","EPI_ISL_9012694",1,1,2,1,2,1,1,1,"1_1_2_1_2_1_1_1"
"2458","EPI_ISL_9012696",1,1,2,1,2,1,1,1,"1_1_2_1_2_1_1_1"
"2459","EPI_ISL_9012700",1,1,2,1,2,1,1,1,"1_1_2_1_2_1_1_1"
"2460","EPI_ISL_9029956",2,1,1,1,2,1,1,1,"2_1_1_1_2_1_1_1"
"2461","EPI_ISL_9029957",2,1,1,1,2,1,1,1,"2_1_1_1_2_1_1_1"
"2462","EPI_ISL_9029959",2,1,1,1,2,1,1,1,"2_1_1_1_2_1_1_1"
"2463","EPI_ISL_9029960",2,1,1,1,2,1,1,1,"2_1_1_1_2_1_1_1"
"2464","EPI_ISL_9029961",2,1,1,1,2,1,1,1,"2_1_1_1_2_1_1_1"
"2465","EPI_ISL_9029962",2,1,1,1,2,1,1,1,"2_1_1_1_2_1_1_1"
"2466","EPI_ISL_9029965",2,1,1,1,2,1,1,1,"2_1_1_1_2_1_1_1"
"2467","EPI_ISL_9111095",1,1,2,1,2,1,1,1,"1_1_2_1_2_1_1_1"
"2468","EPI_ISL_9111104",1,1,2,1,2,1,1,1,"1_1_2_1_2_1_1_1"
"2469","EPI_ISL_9111105",1,1,2,1,2,1,1,1,"1_1_2_1_2_1_1_1"
"2470","EPI_ISL_9160206",2,1,1,1,2,1,1,1,"2_1_1_1_2_1_1_1"
"2471","EPI_ISL_9221411",1,1,2,1,2,1,1,1,"1_1_2_1_2_1_1_1"
"2472","EPI_ISL_9221430",15,1,1,1,2,1,1,1,"15_1_1_1_2_1_1_1"
"2473","EPI_ISL_9221469",1,1,2,1,2,1,1,1,"1_1_2_1_2_1_1_1"
"2474","EPI_ISL_9221519",1,1,2,1,2,1,1,1,"1_1_2_1_2_1_1_1"
"2475","EPI_ISL_9250718",6,4,3,1,3,2,1,3,"6_4_3_1_3_2_1_3"
"2476","EPI_ISL_9377021",15,1,1,1,20,1,1,1,"15_1_1_1_20_1_1_1"
"2477","EPI_ISL_9439410",1,1,2,1,2,1,1,1,"1_1_2_1_2_1_1_1"
"2478","EPI_ISL_9603767",2,1,1,1,2,1,1,1,"2_1_1_1_2_1_1_1"
"2479","EPI_ISL_9603769",2,1,1,1,2,1,1,1,"2_1_1_1_2_1_1_1"
"2480","EPI_ISL_9603775",2,1,1,1,2,1,1,1,"2_1_1_1_2_1_1_1"
"2481","EPI_ISL_9603780",2,1,1,1,2,1,1,1,"2_1_1_1_2_1_1_1"
"2482","EPI_ISL_9603795",2,1,1,1,2,1,1,1,"2_1_1_1_2_1_1_1"
"2483","EPI_ISL_9856775",1,1,2,1,2,1,1,1,"1_1_2_1_2_1_1_1"
"2484","EPI_ISL_9869760",2,1,1,1,2,1,1,1,"2_1_1_1_2_1_1_1"
"2485","EPI_ISL_9876777",2,1,1,1,2,1,1,1,"2_1_1_1_2_1_1_1"
"2486","EPI_ISL_9909371",2,1,1,1,2,1,1,1,"2_1_1_1_2_1_1_1"
"2487","EPI_ISL_10364607",8,1,1,1,2,3,1,1,"8_1_1_1_2_3_1_1"
"2488","EPI_ISL_10434072",35,1,2,1,2,14,1,1,"35_1_2_1_2_14_1_1"
"2489","EPI_ISL_10434073",35,1,2,1,2,14,1,1,"35_1_2_1_2_14_1_1"
"2490","EPI_ISL_10454874",2,1,1,1,2,1,1,1,"2_1_1_1_2_1_1_1"
"2491","EPI_ISL_10454886",1,1,2,1,2,1,1,1,"1_1_2_1_2_1_1_1"
"2492","EPI_ISL_10454887",1,1,2,1,2,1,1,1,"1_1_2_1_2_1_1_1"
"2493","EPI_ISL_11007527",15,8,1,1,7,1,1,5,"15_8_1_1_7_1_1_5"
"2494","EPI_ISL_11007528",2,1,1,1,2,1,1,1,"2_1_1_1_2_1_1_1"
"2495","EPI_ISL_11007529",2,1,1,1,2,1,1,1,"2_1_1_1_2_1_1_1"
"2496","EPI_ISL_11007530",8,1,1,1,2,1,1,1,"8_1_1_1_2_1_1_1"
"2497","EPI_ISL_11007531",2,1,1,1,2,1,1,1,"2_1_1_1_2_1_1_1"
"2498","EPI_ISL_11007532",8,1,1,1,2,1,1,1,"8_1_1_1_2_1_1_1"
"2499","EPI_ISL_11007533",2,1,1,1,2,1,1,1,"2_1_1_1_2_1_1_1"
"2500","EPI_ISL_11007534",8,1,1,1,2,1,1,1,"8_1_1_1_2_1_1_1"
"2501","EPI_ISL_11007535",2,1,1,1,2,1,1,1,"2_1_1_1_2_1_1_1"
"2502","EPI_ISL_11007537",15,8,1,1,7,1,1,5,"15_8_1_1_7_1_1_5"
"2503","EPI_ISL_11007538",15,8,1,1,7,1,1,5,"15_8_1_1_7_1_1_5"
"2504","EPI_ISL_11007539",15,8,1,1,7,1,1,5,"15_8_1_1_7_1_1_5"
"2505","EPI_ISL_11007540",15,8,1,1,7,1,1,5,"15_8_1_1_7_1_1_5"
"2506","EPI_ISL_11007541",15,8,1,1,7,1,1,5,"15_8_1_1_7_1_1_5"
"2507","EPI_ISL_11007542",2,1,1,1,2,1,1,1,"2_1_1_1_2_1_1_1"
"2508","EPI_ISL_11007543",2,1,1,1,2,1,1,1,"2_1_1_1_2_1_1_1"
"2509","EPI_ISL_11007544",2,1,1,1,2,1,1,1,"2_1_1_1_2_1_1_1"
"2510","EPI_ISL_11007545",2,1,1,1,2,1,1,1,"2_1_1_1_2_1_1_1"
"2511","EPI_ISL_11007546",2,1,1,1,2,1,1,1,"2_1_1_1_2_1_1_1"
"2512","EPI_ISL_11007547",2,1,1,1,2,1,1,1,"2_1_1_1_2_1_1_1"
"2513","EPI_ISL_11007548",2,1,1,1,2,1,1,1,"2_1_1_1_2_1_1_1"
"2514","EPI_ISL_11007721",15,8,1,1,7,1,1,5,"15_8_1_1_7_1_1_5"
"2515","EPI_ISL_11007722",15,8,1,1,7,1,1,5,"15_8_1_1_7_1_1_5"
"2516","EPI_ISL_11019784",2,1,1,1,2,1,1,1,"2_1_1_1_2_1_1_1"
"2517","EPI_ISL_11019882",2,1,1,1,2,1,1,1,"2_1_1_1_2_1_1_1"
"2518","EPI_ISL_11208193",6,4,3,1,3,6,1,7,"6_4_3_1_3_6_1_7"
"2519","EPI_ISL_11208194",6,43,3,1,3,9,1,7,"6_43_3_1_3_9_1_7"
"2520","EPI_ISL_11208195",26,24,18,1,17,9,1,7,"26_24_18_1_17_9_1_7"
"2521","EPI_ISL_11208196",6,28,3,1,15,5,1,11,"6_28_3_1_15_5_1_11"
"2522","EPI_ISL_11208197",26,24,18,1,17,9,1,7,"26_24_18_1_17_9_1_7"
"2523","EPI_ISL_11208198",19,17,11,1,10,4,1,8,"19_17_11_1_10_4_1_8"
"2524","EPI_ISL_11208199",26,24,18,1,17,9,1,7,"26_24_18_1_17_9_1_7"
"2525","EPI_ISL_11208200",6,28,3,1,15,5,1,11,"6_28_3_1_15_5_1_11"
"2526","EPI_ISL_11327088",2,1,1,1,2,1,1,1,"2_1_1_1_2_1_1_1"
"2527","EPI_ISL_11327089",2,1,1,1,2,1,1,1,"2_1_1_1_2_1_1_1"
"2528","EPI_ISL_11327090",2,1,1,1,2,1,1,1,"2_1_1_1_2_1_1_1"
"2529","EPI_ISL_11388317",6,4,3,1,3,2,1,3,"6_4_3_1_3_2_1_3"
"2530","EPI_ISL_11392591",22,6,13,1,9,7,1,1,"22_6_13_1_9_7_1_1"
"2531","EPI_ISL_11396552",1,6,2,1,9,2,1,3,"1_6_2_1_9_2_1_3"
"2532","EPI_ISL_11449674",1,1,2,1,2,1,1,1,"1_1_2_1_2_1_1_1"
"2533","EPI_ISL_11560233",1,1,2,1,2,1,1,1,"1_1_2_1_2_1_1_1"
"2534","EPI_ISL_11560235",1,1,2,1,2,1,1,1,"1_1_2_1_2_1_1_1"
"2535","EPI_ISL_11560236",1,1,2,1,2,1,1,1,"1_1_2_1_2_1_1_1"
"2536","EPI_ISL_11560323",1,1,2,1,2,1,1,1,"1_1_2_1_2_1_1_1"
"2537","EPI_ISL_11560324",1,1,2,1,2,1,1,1,"1_1_2_1_2_1_1_1"
"2538","EPI_ISL_11560325",1,1,23,1,2,1,1,1,"1_1_23_1_2_1_1_1"
"2539","EPI_ISL_11633709",1,1,1,1,2,1,1,1,"1_1_1_1_2_1_1_1"
"2540","EPI_ISL_11798566",2,1,1,1,2,1,1,1,"2_1_1_1_2_1_1_1"
"2541","EPI_ISL_11798568",2,1,1,1,2,1,1,1,"2_1_1_1_2_1_1_1"
"2542","EPI_ISL_11798569",2,1,1,1,2,1,1,1,"2_1_1_1_2_1_1_1"
"2543","EPI_ISL_11798570",2,1,1,1,2,1,1,1,"2_1_1_1_2_1_1_1"
"2544","EPI_ISL_11798571",2,1,1,1,2,1,1,1,"2_1_1_1_2_1_1_1"
"2545","EPI_ISL_11798572",1,1,1,1,2,1,1,1,"1_1_1_1_2_1_1_1"
"2546","EPI_ISL_11798573",1,1,2,1,2,1,1,1,"1_1_2_1_2_1_1_1"
"2547","EPI_ISL_11798574",1,1,2,1,2,1,1,1,"1_1_2_1_2_1_1_1"
"2548","EPI_ISL_11798575",2,1,1,1,2,1,1,1,"2_1_1_1_2_1_1_1"
"2549","EPI_ISL_11798577",2,1,1,1,2,1,1,1,"2_1_1_1_2_1_1_1"
"2550","EPI_ISL_11798578",1,1,2,1,2,1,1,1,"1_1_2_1_2_1_1_1"
"2551","EPI_ISL_11798579",1,1,2,1,2,1,1,1,"1_1_2_1_2_1_1_1"
"2552","EPI_ISL_11798580",2,1,1,1,2,1,1,1,"2_1_1_1_2_1_1_1"
"2553","EPI_ISL_11880371",1,1,2,1,2,1,1,1,"1_1_2_1_2_1_1_1"
"2554","EPI_ISL_11897507",2,1,1,1,2,1,1,1,"2_1_1_1_2_1_1_1"
"2555","EPI_ISL_11897508",2,1,1,1,2,1,1,1,"2_1_1_1_2_1_1_1"
"2556","EPI_ISL_12069288",2,1,1,1,2,1,1,1,"2_1_1_1_2_1_1_1"
"2557","EPI_ISL_12069289",1,1,2,1,2,1,1,1,"1_1_2_1_2_1_1_1"
"2558","EPI_ISL_12150657",2,1,1,1,2,1,1,1,"2_1_1_1_2_1_1_1"
"2559","EPI_ISL_12150658",2,1,1,1,2,1,1,1,"2_1_1_1_2_1_1_1"
"2560","EPI_ISL_12150661",2,1,1,1,2,1,1,1,"2_1_1_1_2_1_1_1"
"2561","EPI_ISL_12150664",2,1,1,1,2,1,1,1,"2_1_1_1_2_1_1_1"
"2562","EPI_ISL_12150666",2,1,1,1,2,1,1,1,"2_1_1_1_2_1_1_1"
"2563","EPI_ISL_12174842",2,1,1,1,2,1,1,1,"2_1_1_1_2_1_1_1"
"2564","EPI_ISL_12174843",2,1,1,1,2,1,1,1,"2_1_1_1_2_1_1_1"
"2565","EPI_ISL_12215416",1,1,2,1,2,1,1,1,"1_1_2_1_2_1_1_1"
"2566","EPI_ISL_12223688",28,1,19,1,12,1,1,5,"28_1_19_1_12_1_1_5"
"2567","EPI_ISL_12223734",28,1,19,1,12,1,1,5,"28_1_19_1_12_1_1_5"
"2568","EPI_ISL_12325995",2,1,1,1,2,1,1,1,"2_1_1_1_2_1_1_1"
"2569","EPI_ISL_12436968",6,4,3,1,3,2,1,3,"6_4_3_1_3_2_1_3"
"2570","EPI_ISL_12437699",6,4,3,1,3,2,1,3,"6_4_3_1_3_2_1_3"
"2571","EPI_ISL_12437700",6,4,3,1,3,2,1,3,"6_4_3_1_3_2_1_3"
"2572","EPI_ISL_12474793",1,1,2,1,2,1,1,1,"1_1_2_1_2_1_1_1"
"2573","EPI_ISL_12474794",1,1,2,1,2,1,1,1,"1_1_2_1_2_1_1_1"
"2574","EPI_ISL_12514425",1,1,2,1,2,1,1,1,"1_1_2_1_2_1_1_1"
"2575","EPI_ISL_12514532",1,1,2,1,2,1,1,1,"1_1_2_1_2_1_1_1"
"2576","EPI_ISL_12514573",1,1,2,1,2,1,1,1,"1_1_2_1_2_1_1_1"
"2577","EPI_ISL_12514622",1,1,2,1,2,1,1,1,"1_1_2_1_2_1_1_1"
"2578","EPI_ISL_12572652",6,12,3,1,2,12,1,3,"6_12_3_1_2_12_1_3"
"2579","EPI_ISL_12572653",6,12,3,1,2,12,1,3,"6_12_3_1_2_12_1_3"
"2580","EPI_ISL_12572654",8,7,1,1,2,1,1,1,"8_7_1_1_2_1_1_1"
"2581","EPI_ISL_12572655",8,7,1,1,2,1,1,1,"8_7_1_1_2_1_1_1"
"2582","EPI_ISL_12572656",8,7,1,1,2,1,1,1,"8_7_1_1_2_1_1_1"
"2583","EPI_ISL_12572657",6,12,3,1,2,12,1,3,"6_12_3_1_2_12_1_3"
"2584","EPI_ISL_12572658",6,12,3,1,2,12,1,3,"6_12_3_1_2_12_1_3"
"2585","EPI_ISL_12572659",8,7,1,1,2,1,1,1,"8_7_1_1_2_1_1_1"
"2586","EPI_ISL_12572660",6,12,3,1,2,12,1,3,"6_12_3_1_2_12_1_3"
"2587","EPI_ISL_12572661",8,7,1,1,2,1,1,1,"8_7_1_1_2_1_1_1"
"2588","EPI_ISL_12572662",1,1,1,1,2,1,1,1,"1_1_1_1_2_1_1_1"
"2589","EPI_ISL_12572663",6,12,3,1,2,12,1,3,"6_12_3_1_2_12_1_3"
"2590","EPI_ISL_12572664",2,1,1,1,2,1,1,1,"2_1_1_1_2_1_1_1"
"2591","EPI_ISL_12690589",4,5,1,1,1,1,1,1,"4_5_1_1_1_1_1_1"
"2592","EPI_ISL_12690590",4,5,1,1,1,1,1,1,"4_5_1_1_1_1_1_1"
"2593","EPI_ISL_12690591",4,1,1,1,1,1,1,1,"4_1_1_1_1_1_1_1"
"2594","EPI_ISL_12690903",4,1,1,1,1,1,1,1,"4_1_1_1_1_1_1_1"
"2595","EPI_ISL_12690904",4,1,1,1,1,1,1,1,"4_1_1_1_1_1_1_1"
"2596","EPI_ISL_12690905",2,1,1,1,2,1,1,1,"2_1_1_1_2_1_1_1"
"2597","EPI_ISL_12690906",2,1,1,1,2,1,1,1,"2_1_1_1_2_1_1_1"
"2598","EPI_ISL_12690907",2,1,1,1,2,1,1,1,"2_1_1_1_2_1_1_1"
"2599","EPI_ISL_12690908",2,1,1,1,2,1,1,1,"2_1_1_1_2_1_1_1"
"2600","EPI_ISL_12690909",4,1,1,1,1,1,1,1,"4_1_1_1_1_1_1_1"
"2601","EPI_ISL_12690910",4,1,1,1,1,1,1,1,"4_1_1_1_1_1_1_1"
"2602","EPI_ISL_12690911",4,1,1,1,1,1,1,1,"4_1_1_1_1_1_1_1"
"2603","EPI_ISL_12690912",4,1,1,1,1,1,1,1,"4_1_1_1_1_1_1_1"
"2604","EPI_ISL_12691028",5,1,1,1,1,1,1,1,"5_1_1_1_1_1_1_1"
"2605","EPI_ISL_12691029",5,1,1,1,1,1,1,1,"5_1_1_1_1_1_1_1"
"2606","EPI_ISL_12691030",4,1,1,1,1,1,1,1,"4_1_1_1_1_1_1_1"
"2607","EPI_ISL_12691031",4,1,1,1,1,1,1,1,"4_1_1_1_1_1_1_1"
"2608","EPI_ISL_12691032",2,1,1,1,2,1,1,1,"2_1_1_1_2_1_1_1"
"2609","EPI_ISL_12691033",2,1,1,1,2,1,1,1,"2_1_1_1_2_1_1_1"
"2610","EPI_ISL_12691034",5,1,1,1,1,1,1,1,"5_1_1_1_1_1_1_1"
"2611","EPI_ISL_12691035",5,1,1,1,1,1,1,1,"5_1_1_1_1_1_1_1"
"2612","EPI_ISL_13052412",2,1,1,1,2,1,1,1,"2_1_1_1_2_1_1_1"
"2613","EPI_ISL_13052413",2,1,1,1,2,1,1,1,"2_1_1_1_2_1_1_1"
"2614","EPI_ISL_13052414",4,1,1,1,1,1,1,1,"4_1_1_1_1_1_1_1"
"2615","EPI_ISL_13052415",4,1,1,1,1,1,1,1,"4_1_1_1_1_1_1_1"
"2616","EPI_ISL_13117168",3,1,1,1,1,1,1,1,"3_1_1_1_1_1_1_1"
"2617","EPI_ISL_13117288",3,1,1,1,1,1,1,1,"3_1_1_1_1_1_1_1"
"2618","EPI_ISL_13117289",3,1,1,1,1,1,1,1,"3_1_1_1_1_1_1_1"
"2619","EPI_ISL_13117290",4,1,1,1,1,1,1,1,"4_1_1_1_1_1_1_1"
"2620","EPI_ISL_13117299",4,1,1,1,1,1,1,1,"4_1_1_1_1_1_1_1"
"2621","EPI_ISL_13243698",20,1,1,1,2,1,1,1,"20_1_1_1_2_1_1_1"
"2622","EPI_ISL_13285237",2,1,1,1,1,1,1,1,"2_1_1_1_1_1_1_1"
"2623","EPI_ISL_13285238",2,1,1,1,1,1,1,1,"2_1_1_1_1_1_1_1"
"2624","EPI_ISL_13285239",2,1,1,1,2,1,1,1,"2_1_1_1_2_1_1_1"
"2625","EPI_ISL_13285240",2,1,1,1,2,1,1,1,"2_1_1_1_2_1_1_1"
"2626","EPI_ISL_13285241",2,1,1,1,2,1,1,1,"2_1_1_1_2_1_1_1"
"2627","EPI_ISL_13285242",2,1,1,1,2,1,1,1,"2_1_1_1_2_1_1_1"
"2628","EPI_ISL_13285243",2,1,1,1,2,1,1,1,"2_1_1_1_2_1_1_1"
"2629","EPI_ISL_13285244",2,1,1,1,2,1,1,1,"2_1_1_1_2_1_1_1"
"2630","EPI_ISL_13285245",2,1,1,1,2,1,1,1,"2_1_1_1_2_1_1_1"
"2631","EPI_ISL_13285246",2,1,1,1,2,1,1,1,"2_1_1_1_2_1_1_1"
"2632","EPI_ISL_13285536",4,1,1,1,1,1,1,1,"4_1_1_1_1_1_1_1"
"2633","EPI_ISL_13285537",4,1,1,1,1,1,1,1,"4_1_1_1_1_1_1_1"
"2634","EPI_ISL_13285538",4,1,1,1,1,1,1,1,"4_1_1_1_1_1_1_1"
"2635","EPI_ISL_13285539",2,1,1,1,2,1,1,1,"2_1_1_1_2_1_1_1"
"2636","EPI_ISL_13285540",2,1,1,1,2,1,1,1,"2_1_1_1_2_1_1_1"
"2637","EPI_ISL_13285541",4,1,1,1,1,1,1,1,"4_1_1_1_1_1_1_1"
"2638","EPI_ISL_13285542",4,1,1,1,1,1,1,1,"4_1_1_1_1_1_1_1"
"2639","EPI_ISL_13285543",4,1,1,1,1,1,1,1,"4_1_1_1_1_1_1_1"
"2640","EPI_ISL_13285548",4,1,1,1,1,1,1,1,"4_1_1_1_1_1_1_1"
"2641","EPI_ISL_13285549",2,1,1,1,2,1,1,1,"2_1_1_1_2_1_1_1"
"2642","EPI_ISL_13285550",2,1,1,1,2,1,1,1,"2_1_1_1_2_1_1_1"
"2643","EPI_ISL_13285551",4,1,1,1,1,1,1,1,"4_1_1_1_1_1_1_1"
"2644","EPI_ISL_13285552",4,1,1,1,1,1,1,1,"4_1_1_1_1_1_1_1"
"2645","EPI_ISL_13285553",4,1,1,1,1,1,1,1,"4_1_1_1_1_1_1_1"
"2646","EPI_ISL_13285554",4,1,1,1,1,1,1,1,"4_1_1_1_1_1_1_1"
"2647","EPI_ISL_13285555",5,3,1,1,1,1,1,2,"5_3_1_1_1_1_1_2"
"2648","EPI_ISL_13285556",5,3,1,1,1,1,1,2,"5_3_1_1_1_1_1_2"
"2649","EPI_ISL_13285557",4,1,1,1,1,1,1,1,"4_1_1_1_1_1_1_1"
"2650","EPI_ISL_13285558",4,1,1,1,1,1,1,1,"4_1_1_1_1_1_1_1"
"2651","EPI_ISL_13285559",4,1,1,1,1,1,1,1,"4_1_1_1_1_1_1_1"
"2652","EPI_ISL_13285560",4,1,1,1,1,1,1,1,"4_1_1_1_1_1_1_1"
"2653","EPI_ISL_13338081",2,1,1,1,2,1,1,1,"2_1_1_1_2_1_1_1"
"2654","EPI_ISL_13370415",2,1,1,1,2,1,1,1,"2_1_1_1_2_1_1_1"
"2655","EPI_ISL_13370416",2,1,1,1,2,1,1,1,"2_1_1_1_2_1_1_1"
"2656","EPI_ISL_13370417",2,1,1,1,2,1,1,1,"2_1_1_1_2_1_1_1"
"2657","EPI_ISL_13370418",2,1,1,1,2,1,1,1,"2_1_1_1_2_1_1_1"
"2658","EPI_ISL_13370419",1,1,2,1,2,1,1,1,"1_1_2_1_2_1_1_1"
"2659","EPI_ISL_13370420",1,1,2,1,2,1,1,1,"1_1_2_1_2_1_1_1"
"2660","EPI_ISL_13370421",2,1,1,1,2,1,1,1,"2_1_1_1_2_1_1_1"
"2661","EPI_ISL_13370512",2,1,1,1,2,1,1,1,"2_1_1_1_2_1_1_1"
"2662","EPI_ISL_13370513",2,1,1,1,2,1,1,1,"2_1_1_1_2_1_1_1"
"2663","EPI_ISL_13370514",1,1,2,1,2,1,1,1,"1_1_2_1_2_1_1_1"
"2664","EPI_ISL_13370515",1,1,2,1,2,1,1,1,"1_1_2_1_2_1_1_1"
"2665","EPI_ISL_13370516",2,1,1,1,2,1,1,1,"2_1_1_1_2_1_1_1"
"2666","EPI_ISL_13370517",2,1,1,1,2,1,1,1,"2_1_1_1_2_1_1_1"
"2667","EPI_ISL_13370518",1,1,2,1,2,1,1,1,"1_1_2_1_2_1_1_1"
"2668","EPI_ISL_13370519",2,1,1,1,2,1,1,1,"2_1_1_1_2_1_1_1"
"2669","EPI_ISL_13370520",1,1,2,1,2,1,1,1,"1_1_2_1_2_1_1_1"
"2670","EPI_ISL_13370521",2,1,1,1,2,1,1,1,"2_1_1_1_2_1_1_1"
"2671","EPI_ISL_13370522",2,1,1,1,2,1,1,1,"2_1_1_1_2_1_1_1"
"2672","EPI_ISL_13370523",1,1,2,1,2,1,1,1,"1_1_2_1_2_1_1_1"
"2673","EPI_ISL_13370524",1,1,2,1,2,1,1,1,"1_1_2_1_2_1_1_1"
"2674","EPI_ISL_13370556",2,1,1,1,2,1,1,1,"2_1_1_1_2_1_1_1"
"2675","EPI_ISL_13370557",2,1,1,1,2,1,1,1,"2_1_1_1_2_1_1_1"
"2676","EPI_ISL_13370558",1,1,2,1,2,1,1,1,"1_1_2_1_2_1_1_1"
"2677","EPI_ISL_13370559",2,1,1,1,2,1,1,1,"2_1_1_1_2_1_1_1"
"2678","EPI_ISL_13370624",2,1,1,1,2,1,1,1,"2_1_1_1_2_1_1_1"
"2679","EPI_ISL_13370625",1,1,2,1,2,1,1,1,"1_1_2_1_2_1_1_1"
"2680","EPI_ISL_13370626",1,1,2,1,2,1,1,1,"1_1_2_1_2_1_1_1"
"2681","EPI_ISL_13370627",2,1,1,1,2,1,1,1,"2_1_1_1_2_1_1_1"
"2682","EPI_ISL_13370628",1,1,2,1,2,1,1,1,"1_1_2_1_2_1_1_1"
"2683","EPI_ISL_13370629",2,1,1,1,2,1,1,1,"2_1_1_1_2_1_1_1"
"2684","EPI_ISL_13370630",2,1,1,1,2,1,1,1,"2_1_1_1_2_1_1_1"
"2685","EPI_ISL_13370631",1,1,2,1,2,1,1,1,"1_1_2_1_2_1_1_1"
"2686","EPI_ISL_13370632",1,1,2,1,2,1,1,1,"1_1_2_1_2_1_1_1"
"2687","EPI_ISL_13370633",1,1,2,1,2,1,1,1,"1_1_2_1_2_1_1_1"
"2688","EPI_ISL_13370679",1,1,2,1,2,1,1,1,"1_1_2_1_2_1_1_1"
"2689","EPI_ISL_13370692",2,1,1,1,2,1,1,1,"2_1_1_1_2_1_1_1"
"2690","EPI_ISL_13370693",2,1,1,1,2,1,1,1,"2_1_1_1_2_1_1_1"
"2691","EPI_ISL_13370694",1,1,2,1,2,1,1,1,"1_1_2_1_2_1_1_1"
"2692","EPI_ISL_13370695",2,1,1,1,2,1,1,1,"2_1_1_1_2_1_1_1"
"2693","EPI_ISL_13370696",2,1,1,1,2,1,1,1,"2_1_1_1_2_1_1_1"
"2694","EPI_ISL_13370697",2,1,1,1,2,1,1,1,"2_1_1_1_2_1_1_1"
"2695","EPI_ISL_13370698",2,1,1,1,2,1,1,1,"2_1_1_1_2_1_1_1"
"2696","EPI_ISL_13370699",2,1,1,1,2,1,1,1,"2_1_1_1_2_1_1_1"
"2697","EPI_ISL_13370700",2,1,1,1,2,1,1,1,"2_1_1_1_2_1_1_1"
"2698","EPI_ISL_13370701",2,1,1,1,2,1,1,1,"2_1_1_1_2_1_1_1"
"2699","EPI_ISL_13370702",2,1,1,1,2,1,1,1,"2_1_1_1_2_1_1_1"
"2700","EPI_ISL_13370703",1,1,2,1,2,1,1,1,"1_1_2_1_2_1_1_1"
"2701","EPI_ISL_13370704",1,1,2,1,2,1,1,1,"1_1_2_1_2_1_1_1"
"2702","EPI_ISL_13370705",1,1,2,1,2,1,1,1,"1_1_2_1_2_1_1_1"
"2703","EPI_ISL_13370706",1,1,2,1,2,1,1,1,"1_1_2_1_2_1_1_1"
"2704","EPI_ISL_13370707",2,1,1,1,2,1,1,1,"2_1_1_1_2_1_1_1"
"2705","EPI_ISL_13370708",1,1,2,1,2,1,1,1,"1_1_2_1_2_1_1_1"
"2706","EPI_ISL_13370709",1,1,2,1,2,1,1,1,"1_1_2_1_2_1_1_1"
"2707","EPI_ISL_13370710",1,1,2,1,2,1,1,1,"1_1_2_1_2_1_1_1"
"2708","EPI_ISL_13370892",2,1,1,1,2,1,1,1,"2_1_1_1_2_1_1_1"
"2709","EPI_ISL_13370893",1,1,2,1,2,1,1,1,"1_1_2_1_2_1_1_1"
"2710","EPI_ISL_13370894",2,1,1,1,2,1,1,1,"2_1_1_1_2_1_1_1"
"2711","EPI_ISL_13370895",2,1,1,1,2,1,1,1,"2_1_1_1_2_1_1_1"
"2712","EPI_ISL_13370896",2,1,1,1,2,1,1,1,"2_1_1_1_2_1_1_1"
"2713","EPI_ISL_13370897",2,1,1,1,2,1,1,1,"2_1_1_1_2_1_1_1"
"2714","EPI_ISL_13370907",1,1,2,1,2,1,1,1,"1_1_2_1_2_1_1_1"
"2715","EPI_ISL_13370908",1,1,2,1,2,1,1,1,"1_1_2_1_2_1_1_1"
"2716","EPI_ISL_13370909",1,1,2,1,2,1,1,1,"1_1_2_1_2_1_1_1"
"2717","EPI_ISL_13370910",1,1,2,1,2,1,1,1,"1_1_2_1_2_1_1_1"
"2718","EPI_ISL_13370911",1,1,2,1,2,1,1,1,"1_1_2_1_2_1_1_1"
"2719","EPI_ISL_13370912",1,1,2,1,2,1,1,1,"1_1_2_1_2_1_1_1"
"2720","EPI_ISL_13370913",1,1,2,1,2,1,1,1,"1_1_2_1_2_1_1_1"
"2721","EPI_ISL_13370914",1,1,2,1,2,1,1,1,"1_1_2_1_2_1_1_1"
"2722","EPI_ISL_13370915",1,1,2,1,2,1,1,1,"1_1_2_1_2_1_1_1"
"2723","EPI_ISL_13370916",1,1,2,1,2,1,1,1,"1_1_2_1_2_1_1_1"
"2724","EPI_ISL_13370917",1,1,2,1,2,1,1,1,"1_1_2_1_2_1_1_1"
"2725","EPI_ISL_13370918",1,1,2,1,2,1,1,1,"1_1_2_1_2_1_1_1"
"2726","EPI_ISL_13370919",1,1,2,1,2,1,1,1,"1_1_2_1_2_1_1_1"
"2727","EPI_ISL_13370920",2,1,1,1,2,1,1,1,"2_1_1_1_2_1_1_1"
"2728","EPI_ISL_13370921",1,1,2,1,2,1,1,1,"1_1_2_1_2_1_1_1"
"2729","EPI_ISL_13370922",2,1,1,1,2,1,1,1,"2_1_1_1_2_1_1_1"
"2730","EPI_ISL_13370923",1,1,2,1,2,1,1,1,"1_1_2_1_2_1_1_1"
"2731","EPI_ISL_13370924",2,1,1,1,2,1,1,1,"2_1_1_1_2_1_1_1"
"2732","EPI_ISL_13370925",2,1,1,1,2,1,1,1,"2_1_1_1_2_1_1_1"
"2733","EPI_ISL_13432603",4,1,1,1,1,1,1,1,"4_1_1_1_1_1_1_1"
"2734","EPI_ISL_13432604",4,1,1,1,1,1,1,1,"4_1_1_1_1_1_1_1"
"2735","EPI_ISL_13432605",5,1,1,1,1,1,1,1,"5_1_1_1_1_1_1_1"
"2736","EPI_ISL_13432606",4,1,1,1,1,1,1,1,"4_1_1_1_1_1_1_1"
"2737","EPI_ISL_13432607",2,1,1,1,2,1,1,1,"2_1_1_1_2_1_1_1"
"2738","EPI_ISL_13432608",2,1,1,1,2,1,1,1,"2_1_1_1_2_1_1_1"
"2739","EPI_ISL_13432609",2,1,1,1,2,1,1,1,"2_1_1_1_2_1_1_1"
"2740","EPI_ISL_13432610",2,1,1,1,2,1,1,1,"2_1_1_1_2_1_1_1"
"2741","EPI_ISL_13432611",2,1,1,1,2,1,1,1,"2_1_1_1_2_1_1_1"
"2742","EPI_ISL_13432612",2,1,1,1,2,1,1,1,"2_1_1_1_2_1_1_1"
"2743","EPI_ISL_13432752",2,1,1,1,2,1,1,1,"2_1_1_1_2_1_1_1"
"2744","EPI_ISL_13432764",2,1,1,1,2,1,1,1,"2_1_1_1_2_1_1_1"
"2745","EPI_ISL_13432776",2,1,1,1,2,1,1,1,"2_1_1_1_2_1_1_1"
"2746","EPI_ISL_13432788",2,1,1,1,2,1,1,1,"2_1_1_1_2_1_1_1"
"2747","EPI_ISL_13432800",2,1,1,1,2,1,1,1,"2_1_1_1_2_1_1_1"
"2748","EPI_ISL_13432814",4,5,1,1,1,1,1,1,"4_5_1_1_1_1_1_1"
"2749","EPI_ISL_13432826",4,5,1,1,1,1,1,1,"4_5_1_1_1_1_1_1"
"2750","EPI_ISL_13432838",2,1,1,1,2,1,1,1,"2_1_1_1_2_1_1_1"
"2751","EPI_ISL_13432849",2,1,1,1,2,1,1,1,"2_1_1_1_2_1_1_1"
"2752","EPI_ISL_13432861",2,1,1,1,2,1,1,1,"2_1_1_1_2_1_1_1"
"2753","EPI_ISL_13433340",2,1,1,1,2,1,1,1,"2_1_1_1_2_1_1_1"
"2754","EPI_ISL_13453559",2,1,1,1,2,1,1,1,"2_1_1_1_2_1_1_1"
"2755","EPI_ISL_13453560",2,1,1,1,2,1,1,1,"2_1_1_1_2_1_1_1"
"2756","EPI_ISL_13453561",2,1,1,1,2,1,1,1,"2_1_1_1_2_1_1_1"
"2757","EPI_ISL_13453562",2,1,1,1,2,1,1,1,"2_1_1_1_2_1_1_1"
"2758","EPI_ISL_13453563",2,1,1,1,2,1,1,1,"2_1_1_1_2_1_1_1"
"2759","EPI_ISL_13453564",2,1,1,1,2,1,1,1,"2_1_1_1_2_1_1_1"
"2760","EPI_ISL_13453565",2,1,1,1,2,1,1,1,"2_1_1_1_2_1_1_1"
"2761","EPI_ISL_13453567",1,1,2,1,2,1,1,1,"1_1_2_1_2_1_1_1"
"2762","EPI_ISL_13453568",1,1,2,1,2,1,1,1,"1_1_2_1_2_1_1_1"
"2763","EPI_ISL_13453569",2,1,1,1,2,1,1,1,"2_1_1_1_2_1_1_1"
"2764","EPI_ISL_13453570",2,1,1,1,2,1,1,1,"2_1_1_1_2_1_1_1"
"2765","EPI_ISL_13453571",2,1,1,1,2,1,1,1,"2_1_1_1_2_1_1_1"
"2766","EPI_ISL_13486729",2,1,1,1,2,1,1,1,"2_1_1_1_2_1_1_1"
"2767","EPI_ISL_13486738",2,1,1,1,2,1,1,1,"2_1_1_1_2_1_1_1"
"2768","EPI_ISL_13486748",2,1,1,1,2,1,1,1,"2_1_1_1_2_1_1_1"
"2769","EPI_ISL_13486785",2,1,1,1,2,1,1,1,"2_1_1_1_2_1_1_1"
"2770","EPI_ISL_13486796",2,1,1,1,2,1,1,1,"2_1_1_1_2_1_1_1"
"2771","EPI_ISL_13486807",2,1,1,1,2,1,1,1,"2_1_1_1_2_1_1_1"
"2772","EPI_ISL_13486819",2,1,1,1,2,1,1,1,"2_1_1_1_2_1_1_1"
"2773","EPI_ISL_13486831",1,1,2,1,2,1,1,1,"1_1_2_1_2_1_1_1"
"2774","EPI_ISL_13486844",1,1,2,1,2,1,1,1,"1_1_2_1_2_1_1_1"
"2775","EPI_ISL_13514370",1,1,2,1,2,1,1,1,"1_1_2_1_2_1_1_1"
"2776","EPI_ISL_13514375",1,1,2,1,2,1,1,1,"1_1_2_1_2_1_1_1"
"2777","EPI_ISL_13613219",1,1,2,1,2,1,1,1,"1_1_2_1_2_1_1_1"
"2778","EPI_ISL_13613220",1,1,2,1,2,1,1,1,"1_1_2_1_2_1_1_1"
"2779","EPI_ISL_13613221",1,1,2,1,2,1,1,1,"1_1_2_1_2_1_1_1"
"2780","EPI_ISL_13613222",1,1,2,1,2,1,1,1,"1_1_2_1_2_1_1_1"
"2781","EPI_ISL_13613223",1,1,2,1,2,1,1,1,"1_1_2_1_2_1_1_1"
"2782","EPI_ISL_13613224",1,1,2,1,2,1,1,1,"1_1_2_1_2_1_1_1"
"2783","EPI_ISL_13613225",1,1,2,1,2,1,1,1,"1_1_2_1_2_1_1_1"
"2784","EPI_ISL_13613226",1,1,2,1,2,1,1,1,"1_1_2_1_2_1_1_1"
"2785","EPI_ISL_13613227",1,1,2,1,2,1,1,1,"1_1_2_1_2_1_1_1"
"2786","EPI_ISL_13613228",1,1,2,1,2,1,1,1,"1_1_2_1_2_1_1_1"
"2787","EPI_ISL_13613229",1,1,2,1,2,1,1,1,"1_1_2_1_2_1_1_1"
"2788","EPI_ISL_13613230",1,1,2,1,2,1,1,1,"1_1_2_1_2_1_1_1"
"2789","EPI_ISL_13902858",1,1,4,1,4,1,1,4,"1_1_4_1_4_1_1_4"
"2790","EPI_ISL_13969420",2,1,1,1,2,1,1,1,"2_1_1_1_2_1_1_1"
"2791","EPI_ISL_13969421",1,1,2,1,2,1,1,1,"1_1_2_1_2_1_1_1"
"2792","EPI_ISL_13969422",2,1,1,1,2,1,1,1,"2_1_1_1_2_1_1_1"
"2793","EPI_ISL_13969423",1,1,2,1,2,1,1,1,"1_1_2_1_2_1_1_1"
"2794","EPI_ISL_13969424",2,1,1,1,2,1,1,1,"2_1_1_1_2_1_1_1"
"2795","EPI_ISL_13969425",2,1,1,1,2,1,1,1,"2_1_1_1_2_1_1_1"
"2796","EPI_ISL_13969426",2,1,1,1,2,1,1,1,"2_1_1_1_2_1_1_1"
"2797","EPI_ISL_13969427",1,1,2,1,2,1,1,1,"1_1_2_1_2_1_1_1"
"2798","EPI_ISL_13969428",2,1,1,1,2,1,1,1,"2_1_1_1_2_1_1_1"
"2799","EPI_ISL_13969429",1,1,2,1,2,1,1,1,"1_1_2_1_2_1_1_1"
"2800","EPI_ISL_13969430",2,1,1,1,2,1,1,1,"2_1_1_1_2_1_1_1"
"2801","EPI_ISL_14390385",2,1,1,1,2,1,1,1,"2_1_1_1_2_1_1_1"
"2802","EPI_ISL_14493135",1,1,1,1,2,1,1,1,"1_1_1_1_2_1_1_1"
"2803","EPI_ISL_14493899",1,1,2,1,2,1,1,1,"1_1_2_1_2_1_1_1"
"2804","EPI_ISL_14494351",1,1,4,1,4,1,1,4,"1_1_4_1_4_1_1_4"
"2805","EPI_ISL_14497321",1,1,2,1,2,1,1,1,"1_1_2_1_2_1_1_1"
"2806","EPI_ISL_14497837",2,1,1,1,2,1,1,1,"2_1_1_1_2_1_1_1"
"2807","EPI_ISL_14497855",1,1,2,1,2,1,1,1,"1_1_2_1_2_1_1_1"
"2808","EPI_ISL_14497870",1,1,2,1,2,1,1,1,"1_1_2_1_2_1_1_1"
"2809","EPI_ISL_14497885",1,1,2,1,2,1,1,1,"1_1_2_1_2_1_1_1"
"2810","EPI_ISL_14542488",2,1,1,1,2,1,1,1,"2_1_1_1_2_1_1_1"
"2811","EPI_ISL_14542530",2,1,1,1,2,1,1,1,"2_1_1_1_2_1_1_1"
"2812","EPI_ISL_14542831",2,1,1,1,2,1,1,1,"2_1_1_1_2_1_1_1"
"2813","EPI_ISL_14543004",2,1,1,1,2,1,1,1,"2_1_1_1_2_1_1_1"
"2814","EPI_ISL_14543005",2,1,1,1,2,1,1,1,"2_1_1_1_2_1_1_1"
"2815","EPI_ISL_14571430",1,1,2,1,2,1,1,1,"1_1_2_1_2_1_1_1"
"2816","EPI_ISL_14571432",1,1,2,1,2,1,1,1,"1_1_2_1_2_1_1_1"
"2817","EPI_ISL_14571434",1,1,2,1,2,1,1,1,"1_1_2_1_2_1_1_1"
"2818","EPI_ISL_14571436",1,1,2,1,2,1,1,1,"1_1_2_1_2_1_1_1"
"2819","EPI_ISL_14571438",1,1,2,1,2,1,1,1,"1_1_2_1_2_1_1_1"
"2820","EPI_ISL_14571448",1,1,2,1,2,1,1,1,"1_1_2_1_2_1_1_1"
"2821","EPI_ISL_14571449",1,1,2,1,2,1,1,1,"1_1_2_1_2_1_1_1"
"2822","EPI_ISL_14571452",2,1,1,1,2,1,1,1,"2_1_1_1_2_1_1_1"
"2823","EPI_ISL_14604371",2,1,1,1,2,1,1,1,"2_1_1_1_2_1_1_1"
"2824","EPI_ISL_14620174",2,1,1,1,2,1,1,1,"2_1_1_1_2_1_1_1"
"2825","EPI_ISL_14620233",2,1,1,1,2,1,1,1,"2_1_1_1_2_1_1_1"
"2826","EPI_ISL_14644592",2,1,1,1,2,1,1,1,"2_1_1_1_2_1_1_1"
"2827","EPI_ISL_14645331",2,1,1,1,2,1,1,1,"2_1_1_1_2_1_1_1"
"2828","EPI_ISL_14645717",2,1,1,1,2,1,1,1,"2_1_1_1_2_1_1_1"
"2829","EPI_ISL_14702899",2,1,1,1,2,1,1,1,"2_1_1_1_2_1_1_1"
"2830","EPI_ISL_14710239",2,1,1,1,2,1,1,1,"2_1_1_1_2_1_1_1"
"2831","EPI_ISL_14710708",2,1,1,1,2,1,1,1,"2_1_1_1_2_1_1_1"
"2832","EPI_ISL_14710814",2,1,1,1,2,1,1,1,"2_1_1_1_2_1_1_1"
"2833","EPI_ISL_14711165",2,1,1,1,2,1,1,1,"2_1_1_1_2_1_1_1"
"2834","EPI_ISL_14722960",1,1,2,1,2,1,1,1,"1_1_2_1_2_1_1_1"
"2835","EPI_ISL_14760608",2,1,1,1,2,1,1,1,"2_1_1_1_2_1_1_1"
"2836","EPI_ISL_14760609",2,1,1,1,2,1,1,1,"2_1_1_1_2_1_1_1"
"2837","EPI_ISL_14760611",15,8,1,1,7,1,1,5,"15_8_1_1_7_1_1_5"
"2838","EPI_ISL_14760612",2,1,1,1,2,1,1,1,"2_1_1_1_2_1_1_1"
"2839","EPI_ISL_14760613",2,1,1,1,2,1,1,1,"2_1_1_1_2_1_1_1"
"2840","EPI_ISL_14760614",2,1,1,1,2,1,1,1,"2_1_1_1_2_1_1_1"
"2841","EPI_ISL_14760615",2,1,1,1,2,1,1,1,"2_1_1_1_2_1_1_1"
"2842","EPI_ISL_14760616",2,1,1,1,2,1,1,1,"2_1_1_1_2_1_1_1"
"2843","EPI_ISL_14760617",2,1,1,1,2,1,1,1,"2_1_1_1_2_1_1_1"
"2844","EPI_ISL_14760618",2,1,1,1,2,1,1,1,"2_1_1_1_2_1_1_1"
"2845","EPI_ISL_14760619",2,1,1,1,2,1,1,1,"2_1_1_1_2_1_1_1"
"2846","EPI_ISL_14760620",2,1,1,1,2,1,1,1,"2_1_1_1_2_1_1_1"
"2847","EPI_ISL_14760621",2,1,1,1,2,1,1,1,"2_1_1_1_2_1_1_1"
"2848","EPI_ISL_14760622",2,1,1,1,2,1,1,1,"2_1_1_1_2_1_1_1"
"2849","EPI_ISL_14760623",2,1,1,1,2,1,1,1,"2_1_1_1_2_1_1_1"
"2850","EPI_ISL_14760624",2,1,1,1,2,1,1,1,"2_1_1_1_2_1_1_1"
"2851","EPI_ISL_14760625",2,1,1,1,2,1,1,1,"2_1_1_1_2_1_1_1"
"2852","EPI_ISL_14760626",2,1,1,1,2,1,1,1,"2_1_1_1_2_1_1_1"
"2853","EPI_ISL_14760627",2,1,1,1,2,1,1,1,"2_1_1_1_2_1_1_1"
"2854","EPI_ISL_14760628",2,1,1,1,2,1,1,1,"2_1_1_1_2_1_1_1"
"2855","EPI_ISL_14760629",2,1,1,1,2,1,1,1,"2_1_1_1_2_1_1_1"
"2856","EPI_ISL_14760630",2,1,1,1,2,1,1,1,"2_1_1_1_2_1_1_1"
"2857","EPI_ISL_14760631",2,1,1,1,2,1,1,1,"2_1_1_1_2_1_1_1"
"2858","EPI_ISL_14760632",2,1,1,1,2,1,1,1,"2_1_1_1_2_1_1_1"
"2859","EPI_ISL_14760633",2,1,1,1,2,1,1,1,"2_1_1_1_2_1_1_1"
"2860","EPI_ISL_14760634",2,1,1,1,2,1,1,1,"2_1_1_1_2_1_1_1"
"2861","EPI_ISL_14760635",2,1,1,1,2,1,1,1,"2_1_1_1_2_1_1_1"
"2862","EPI_ISL_14760636",2,1,1,1,2,1,1,1,"2_1_1_1_2_1_1_1"
"2863","EPI_ISL_14760637",2,1,1,1,2,1,1,1,"2_1_1_1_2_1_1_1"
"2864","EPI_ISL_14760638",2,1,1,1,2,1,1,1,"2_1_1_1_2_1_1_1"
"2865","EPI_ISL_14760639",2,1,1,1,2,1,1,1,"2_1_1_1_2_1_1_1"
"2866","EPI_ISL_14760640",2,1,1,1,2,1,1,1,"2_1_1_1_2_1_1_1"
"2867","EPI_ISL_14760641",2,1,1,1,2,1,1,1,"2_1_1_1_2_1_1_1"
"2868","EPI_ISL_14760642",2,1,1,1,2,1,1,1,"2_1_1_1_2_1_1_1"
"2869","EPI_ISL_14760643",2,1,1,1,2,1,1,1,"2_1_1_1_2_1_1_1"
"2870","EPI_ISL_14760644",2,1,1,1,2,1,1,1,"2_1_1_1_2_1_1_1"
"2871","EPI_ISL_14760645",2,1,1,1,2,1,1,1,"2_1_1_1_2_1_1_1"
"2872","EPI_ISL_14760646",2,1,1,1,2,1,1,1,"2_1_1_1_2_1_1_1"
"2873","EPI_ISL_14760647",2,1,1,1,2,1,1,1,"2_1_1_1_2_1_1_1"
"2874","EPI_ISL_14760648",2,1,1,1,2,1,1,1,"2_1_1_1_2_1_1_1"
"2875","EPI_ISL_14760649",2,1,1,1,2,1,1,1,"2_1_1_1_2_1_1_1"
"2876","EPI_ISL_14760650",2,1,1,1,2,1,1,1,"2_1_1_1_2_1_1_1"
"2877","EPI_ISL_14760651",2,1,1,1,2,1,1,1,"2_1_1_1_2_1_1_1"
"2878","EPI_ISL_14760652",2,1,1,1,2,1,1,1,"2_1_1_1_2_1_1_1"
"2879","EPI_ISL_14760653",2,1,1,1,2,1,1,1,"2_1_1_1_2_1_1_1"
"2880","EPI_ISL_14760654",2,1,1,1,2,1,1,1,"2_1_1_1_2_1_1_1"
"2881","EPI_ISL_14760655",2,1,1,1,2,1,1,1,"2_1_1_1_2_1_1_1"
"2882","EPI_ISL_14760656",2,1,1,1,2,1,1,1,"2_1_1_1_2_1_1_1"
"2883","EPI_ISL_14760658",2,1,1,1,2,1,1,1,"2_1_1_1_2_1_1_1"
"2884","EPI_ISL_14760659",2,1,1,1,2,1,1,1,"2_1_1_1_2_1_1_1"
"2885","EPI_ISL_14760660",2,1,1,1,2,1,1,1,"2_1_1_1_2_1_1_1"
"2886","EPI_ISL_14760661",2,1,1,1,2,1,1,1,"2_1_1_1_2_1_1_1"
"2887","EPI_ISL_14760662",2,1,1,1,2,1,1,1,"2_1_1_1_2_1_1_1"
"2888","EPI_ISL_14760663",2,1,1,1,2,1,1,1,"2_1_1_1_2_1_1_1"
"2889","EPI_ISL_14760664",2,1,1,1,2,1,1,1,"2_1_1_1_2_1_1_1"
"2890","EPI_ISL_14760665",2,1,1,1,2,1,1,1,"2_1_1_1_2_1_1_1"
"2891","EPI_ISL_14760666",2,1,1,1,2,1,1,1,"2_1_1_1_2_1_1_1"
"2892","EPI_ISL_14760667",2,1,1,1,2,1,1,1,"2_1_1_1_2_1_1_1"
"2893","EPI_ISL_14760668",2,1,1,1,2,1,1,1,"2_1_1_1_2_1_1_1"
"2894","EPI_ISL_14760669",2,1,1,1,2,1,1,1,"2_1_1_1_2_1_1_1"
"2895","EPI_ISL_14760670",2,1,1,1,2,1,1,1,"2_1_1_1_2_1_1_1"
"2896","EPI_ISL_14760671",2,1,1,1,2,1,1,1,"2_1_1_1_2_1_1_1"
"2897","EPI_ISL_14760672",2,1,1,1,2,1,1,1,"2_1_1_1_2_1_1_1"
"2898","EPI_ISL_14760673",2,1,1,1,2,1,1,1,"2_1_1_1_2_1_1_1"
"2899","EPI_ISL_14760674",2,1,1,1,2,1,1,1,"2_1_1_1_2_1_1_1"
"2900","EPI_ISL_14760675",2,1,1,1,2,1,1,1,"2_1_1_1_2_1_1_1"
"2901","EPI_ISL_14760676",2,1,1,1,2,1,1,1,"2_1_1_1_2_1_1_1"
"2902","EPI_ISL_14760677",2,1,1,1,2,1,1,1,"2_1_1_1_2_1_1_1"
"2903","EPI_ISL_14760678",2,1,1,1,2,1,1,1,"2_1_1_1_2_1_1_1"
"2904","EPI_ISL_14760679",2,1,1,1,2,1,1,1,"2_1_1_1_2_1_1_1"
"2905","EPI_ISL_14760680",2,1,1,1,2,1,1,1,"2_1_1_1_2_1_1_1"
"2906","EPI_ISL_14760681",8,16,1,1,2,1,1,1,"8_16_1_1_2_1_1_1"
"2907","EPI_ISL_14760682",2,1,1,1,2,1,1,1,"2_1_1_1_2_1_1_1"
"2908","EPI_ISL_14760683",2,1,1,1,2,1,1,1,"2_1_1_1_2_1_1_1"
"2909","EPI_ISL_14760684",2,1,1,1,2,1,1,1,"2_1_1_1_2_1_1_1"
"2910","EPI_ISL_14760685",2,1,1,1,2,1,1,1,"2_1_1_1_2_1_1_1"
"2911","EPI_ISL_14760686",2,1,1,1,2,1,1,1,"2_1_1_1_2_1_1_1"
"2912","EPI_ISL_14760687",2,1,1,1,2,1,1,1,"2_1_1_1_2_1_1_1"
"2913","EPI_ISL_14760688",2,1,1,1,2,1,1,1,"2_1_1_1_2_1_1_1"
"2914","EPI_ISL_14760689",2,1,1,1,2,1,1,1,"2_1_1_1_2_1_1_1"
"2915","EPI_ISL_14760690",2,1,1,1,2,1,1,1,"2_1_1_1_2_1_1_1"
"2916","EPI_ISL_14760691",8,16,1,1,2,1,1,1,"8_16_1_1_2_1_1_1"
"2917","EPI_ISL_14760692",2,1,1,1,2,1,1,1,"2_1_1_1_2_1_1_1"
"2918","EPI_ISL_14760693",2,1,1,1,2,1,1,1,"2_1_1_1_2_1_1_1"
"2919","EPI_ISL_14760694",2,1,1,1,2,1,1,1,"2_1_1_1_2_1_1_1"
"2920","EPI_ISL_14760695",2,1,1,1,2,1,1,1,"2_1_1_1_2_1_1_1"
"2921","EPI_ISL_14760696",2,1,1,1,2,1,1,1,"2_1_1_1_2_1_1_1"
"2922","EPI_ISL_14760697",2,1,1,1,2,1,1,1,"2_1_1_1_2_1_1_1"
"2923","EPI_ISL_14760698",2,1,1,1,2,1,1,1,"2_1_1_1_2_1_1_1"
"2924","EPI_ISL_14760699",2,1,1,1,2,1,1,1,"2_1_1_1_2_1_1_1"
"2925","EPI_ISL_14760700",2,1,1,1,2,1,1,1,"2_1_1_1_2_1_1_1"
"2926","EPI_ISL_14760701",8,16,1,1,2,1,1,1,"8_16_1_1_2_1_1_1"
"2927","EPI_ISL_14760702",2,1,1,1,2,1,1,1,"2_1_1_1_2_1_1_1"
"2928","EPI_ISL_14760703",2,1,1,1,2,1,1,1,"2_1_1_1_2_1_1_1"
"2929","EPI_ISL_14841913",18,1,4,1,21,1,1,1,"18_1_4_1_21_1_1_1"
"2930","EPI_ISL_14874401",6,4,3,1,3,2,1,3,"6_4_3_1_3_2_1_3"
"2931","EPI_ISL_14886367",20,1,1,1,2,1,1,1,"20_1_1_1_2_1_1_1"
"2932","EPI_ISL_14886675",20,1,1,1,2,1,1,1,"20_1_1_1_2_1_1_1"
"2933","EPI_ISL_14886825",20,1,1,1,2,1,1,1,"20_1_1_1_2_1_1_1"
"2934","EPI_ISL_14918800",2,1,1,1,2,1,1,1,"2_1_1_1_2_1_1_1"
"2935","EPI_ISL_14918839",2,1,1,1,2,1,1,1,"2_1_1_1_2_1_1_1"
"2936","EPI_ISL_15022831",2,1,1,1,2,1,1,1,"2_1_1_1_2_1_1_1"
"2937","EPI_ISL_15038818",1,1,2,1,2,1,1,1,"1_1_2_1_2_1_1_1"
"2938","EPI_ISL_15038819",1,1,2,1,2,1,1,1,"1_1_2_1_2_1_1_1"
"2939","EPI_ISL_15038820",2,1,1,1,2,1,1,1,"2_1_1_1_2_1_1_1"
"2940","EPI_ISL_15038822",1,1,2,1,2,1,1,1,"1_1_2_1_2_1_1_1"
"2941","EPI_ISL_15088295",1,1,2,1,2,1,1,1,"1_1_2_1_2_1_1_1"
"2942","EPI_ISL_15088296",1,1,4,1,4,1,1,4,"1_1_4_1_4_1_1_4"
"2943","EPI_ISL_15088297",1,1,4,1,4,1,1,4,"1_1_4_1_4_1_1_4"
"2944","EPI_ISL_15088298",1,1,2,1,2,1,1,1,"1_1_2_1_2_1_1_1"
"2945","EPI_ISL_15088299",1,1,2,1,2,1,1,1,"1_1_2_1_2_1_1_1"
"2946","EPI_ISL_15088300",1,1,2,1,2,1,1,1,"1_1_2_1_2_1_1_1"
"2947","EPI_ISL_15088302",1,1,2,1,2,1,1,1,"1_1_2_1_2_1_1_1"
"2948","EPI_ISL_15088303",1,1,2,1,2,1,1,1,"1_1_2_1_2_1_1_1"
"2949","EPI_ISL_15088304",1,1,4,1,4,1,1,4,"1_1_4_1_4_1_1_4"
"2950","EPI_ISL_15088305",1,1,2,1,2,1,1,1,"1_1_2_1_2_1_1_1"
"2951","EPI_ISL_15088306",1,1,2,1,2,1,1,1,"1_1_2_1_2_1_1_1"
"2952","EPI_ISL_15088309",1,1,2,1,2,1,1,1,"1_1_2_1_2_1_1_1"
"2953","EPI_ISL_15115556",2,1,1,1,2,1,1,1,"2_1_1_1_2_1_1_1"
"2954","EPI_ISL_15214835",2,1,1,1,2,1,1,1,"2_1_1_1_2_1_1_1"
"2955","EPI_ISL_15214837",4,1,1,1,1,1,1,1,"4_1_1_1_1_1_1_1"
"2956","EPI_ISL_15214838",2,1,1,1,2,1,1,1,"2_1_1_1_2_1_1_1"
"2957","EPI_ISL_15214839",4,5,1,1,1,1,1,1,"4_5_1_1_1_1_1_1"
"2958","EPI_ISL_15214841",2,1,1,1,2,1,1,1,"2_1_1_1_2_1_1_1"
"2959","EPI_ISL_15214843",4,1,1,1,1,1,1,1,"4_1_1_1_1_1_1_1"
"2960","EPI_ISL_15214845",5,3,1,1,1,1,1,2,"5_3_1_1_1_1_1_2"
"2961","EPI_ISL_15214846",2,1,1,1,2,1,1,1,"2_1_1_1_2_1_1_1"
"2962","EPI_ISL_15215277",3,1,1,1,1,1,1,1,"3_1_1_1_1_1_1_1"
"2963","EPI_ISL_15215278",4,5,5,1,1,1,1,1,"4_5_5_1_1_1_1_1"
"2964","EPI_ISL_15215280",4,1,1,1,1,1,1,1,"4_1_1_1_1_1_1_1"
"2965","EPI_ISL_15234355",1,1,2,1,2,1,1,1,"1_1_2_1_2_1_1_1"
"2966","EPI_ISL_15234356",1,1,2,1,2,1,1,1,"1_1_2_1_2_1_1_1"
"2967","EPI_ISL_15234357",1,1,2,1,2,1,1,1,"1_1_2_1_2_1_1_1"
"2968","EPI_ISL_15234358",1,1,2,1,2,1,1,1,"1_1_2_1_2_1_1_1"
"2969","EPI_ISL_15234359",2,1,1,1,2,1,1,1,"2_1_1_1_2_1_1_1"
"2970","EPI_ISL_15234360",1,1,2,1,2,1,1,1,"1_1_2_1_2_1_1_1"
"2971","EPI_ISL_15234361",1,1,2,1,2,1,1,1,"1_1_2_1_2_1_1_1"
"2972","EPI_ISL_15234362",1,1,2,1,2,1,1,1,"1_1_2_1_2_1_1_1"
"2973","EPI_ISL_15234363",1,1,2,1,2,1,1,1,"1_1_2_1_2_1_1_1"
"2974","EPI_ISL_15234364",1,1,2,1,2,1,1,1,"1_1_2_1_2_1_1_1"
"2975","EPI_ISL_15234365",1,1,2,1,2,1,1,1,"1_1_2_1_2_1_1_1"
"2976","EPI_ISL_15234366",1,1,2,1,2,1,1,1,"1_1_2_1_2_1_1_1"
"2977","EPI_ISL_15234656",1,1,2,1,2,1,1,1,"1_1_2_1_2_1_1_1"
"2978","EPI_ISL_15435500",6,4,3,1,3,2,1,3,"6_4_3_1_3_2_1_3"
"2979","EPI_ISL_15435511",6,4,3,1,3,2,1,3,"6_4_3_1_3_2_1_3"
"2980","EPI_ISL_15542438",20,1,2,1,2,1,1,1,"20_1_2_1_2_1_1_1"
"2981","EPI_ISL_15579535",1,1,4,1,4,1,1,4,"1_1_4_1_4_1_1_4"
"2982","EPI_ISL_15579537",1,1,2,1,2,1,1,1,"1_1_2_1_2_1_1_1"
"2983","EPI_ISL_15579538",1,1,2,1,2,1,1,1,"1_1_2_1_2_1_1_1"
"2984","EPI_ISL_15579539",1,1,4,1,4,1,1,4,"1_1_4_1_4_1_1_4"
"2985","EPI_ISL_15579540",1,1,2,1,2,1,1,1,"1_1_2_1_2_1_1_1"
"2986","EPI_ISL_15579543",1,1,2,1,15,1,1,1,"1_1_2_1_15_1_1_1"
"2987","EPI_ISL_15579544",2,1,1,1,2,1,1,1,"2_1_1_1_2_1_1_1"
"2988","EPI_ISL_15579545",1,1,2,1,2,1,1,1,"1_1_2_1_2_1_1_1"
"2989","EPI_ISL_15647834",1,1,1,1,2,1,1,1,"1_1_1_1_2_1_1_1"
"2990","EPI_ISL_15647835",5,3,1,1,1,1,1,2,"5_3_1_1_1_1_1_2"
"2991","EPI_ISL_15647836",1,1,1,1,2,1,1,1,"1_1_1_1_2_1_1_1"
"2992","EPI_ISL_15647837",1,1,1,1,2,1,1,1,"1_1_1_1_2_1_1_1"
"2993","EPI_ISL_15697406",1,1,2,1,2,1,1,1,"1_1_2_1_2_1_1_1"
"2994","EPI_ISL_15697407",1,1,2,1,2,1,1,1,"1_1_2_1_2_1_1_1"
"2995","EPI_ISL_15698209",1,1,2,1,2,1,1,1,"1_1_2_1_2_1_1_1"
"2996","EPI_ISL_15698370",1,1,2,1,2,1,1,1,"1_1_2_1_2_1_1_1"
"2997","EPI_ISL_15812579",1,1,2,1,2,1,1,1,"1_1_2_1_2_1_1_1"
"2998","EPI_ISL_15812678",1,1,2,1,2,1,1,1,"1_1_2_1_2_1_1_1"
"2999","EPI_ISL_15812864",1,1,2,1,2,1,1,1,"1_1_2_1_2_1_1_1"
"3000","EPI_ISL_15837655",2,1,1,1,2,1,1,1,"2_1_1_1_2_1_1_1"
"3001","EPI_ISL_15852552",2,1,1,1,2,1,1,1,"2_1_1_1_2_1_1_1"
"3002","EPI_ISL_15852625",2,1,1,1,2,1,1,1,"2_1_1_1_2_1_1_1"
"3003","EPI_ISL_15852626",2,1,1,1,2,1,1,1,"2_1_1_1_2_1_1_1"
"3004","EPI_ISL_15852844",2,1,1,1,2,1,1,1,"2_1_1_1_2_1_1_1"
"3005","EPI_ISL_15852846",2,1,1,1,2,1,1,1,"2_1_1_1_2_1_1_1"
"3006","EPI_ISL_15853010",2,1,1,1,2,1,1,1,"2_1_1_1_2_1_1_1"
"3007","EPI_ISL_15853343",2,1,1,1,2,1,1,1,"2_1_1_1_2_1_1_1"
"3008","EPI_ISL_15853438",2,1,1,1,2,1,1,1,"2_1_1_1_2_1_1_1"
"3009","EPI_ISL_15853608",2,1,1,1,2,1,1,1,"2_1_1_1_2_1_1_1"
"3010","EPI_ISL_15853610",2,1,1,1,2,1,1,1,"2_1_1_1_2_1_1_1"
"3011","EPI_ISL_15853701",2,1,1,1,2,1,1,1,"2_1_1_1_2_1_1_1"
"3012","EPI_ISL_15853835",2,1,1,1,2,1,1,1,"2_1_1_1_2_1_1_1"
"3013","EPI_ISL_15853920",2,1,1,1,2,1,1,1,"2_1_1_1_2_1_1_1"
"3014","EPI_ISL_15853932",2,1,1,1,2,1,1,1,"2_1_1_1_2_1_1_1"
"3015","EPI_ISL_15853933",2,1,1,1,2,1,1,1,"2_1_1_1_2_1_1_1"
"3016","EPI_ISL_15853934",2,1,1,1,2,1,1,1,"2_1_1_1_2_1_1_1"
"3017","EPI_ISL_15853935",2,1,1,1,2,1,1,1,"2_1_1_1_2_1_1_1"
"3018","EPI_ISL_15857836",1,1,2,1,2,1,1,1,"1_1_2_1_2_1_1_1"
"3019","EPI_ISL_15857837",1,1,2,1,2,1,1,1,"1_1_2_1_2_1_1_1"
"3020","EPI_ISL_15857839",1,1,2,1,2,1,1,1,"1_1_2_1_2_1_1_1"
"3021","EPI_ISL_15857840",1,1,2,1,2,1,1,1,"1_1_2_1_2_1_1_1"
"3022","EPI_ISL_15857841",1,1,2,1,12,1,1,5,"1_1_2_1_12_1_1_5"
"3023","EPI_ISL_15857842",1,1,2,1,2,1,1,1,"1_1_2_1_2_1_1_1"
"3024","EPI_ISL_15857843",1,1,2,1,2,1,1,1,"1_1_2_1_2_1_1_1"
"3025","EPI_ISL_15857844",1,1,2,1,2,1,1,1,"1_1_2_1_2_1_1_1"
"3026","EPI_ISL_15857845",1,1,2,1,2,1,1,1,"1_1_2_1_2_1_1_1"
"3027","EPI_ISL_15857846",1,1,2,1,2,1,1,1,"1_1_2_1_2_1_1_1"
"3028","EPI_ISL_15857847",1,1,2,1,2,1,1,1,"1_1_2_1_2_1_1_1"
"3029","EPI_ISL_15857848",1,1,2,1,2,1,1,1,"1_1_2_1_2_1_1_1"
"3030","EPI_ISL_15857849",1,1,2,1,2,1,1,1,"1_1_2_1_2_1_1_1"
"3031","EPI_ISL_15857864",1,1,2,1,2,1,1,1,"1_1_2_1_2_1_1_1"
"3032","EPI_ISL_15857953",1,1,2,1,2,1,1,1,"1_1_2_1_2_1_1_1"
"3033","EPI_ISL_15857954",1,1,2,1,2,1,1,1,"1_1_2_1_2_1_1_1"
"3034","EPI_ISL_15857955",1,1,2,1,2,1,1,1,"1_1_2_1_2_1_1_1"
"3035","EPI_ISL_15857956",1,1,2,1,2,1,1,1,"1_1_2_1_2_1_1_1"
"3036","EPI_ISL_15857957",1,1,2,1,2,1,1,1,"1_1_2_1_2_1_1_1"
"3037","EPI_ISL_15857958",1,1,2,1,2,1,1,1,"1_1_2_1_2_1_1_1"
"3038","EPI_ISL_15857959",1,1,2,1,2,1,1,1,"1_1_2_1_2_1_1_1"
"3039","EPI_ISL_15857961",1,1,2,1,2,1,1,1,"1_1_2_1_2_1_1_1"
"3040","EPI_ISL_15857990",1,1,2,1,2,1,1,1,"1_1_2_1_2_1_1_1"
"3041","EPI_ISL_15857991",1,1,2,1,2,1,1,1,"1_1_2_1_2_1_1_1"
"3042","EPI_ISL_15857992",15,1,10,1,2,1,1,1,"15_1_10_1_2_1_1_1"
"3043","EPI_ISL_15878539",1,1,4,1,4,1,1,4,"1_1_4_1_4_1_1_4"
"3044","EPI_ISL_15878540",1,1,4,1,4,1,1,4,"1_1_4_1_4_1_1_4"
"3045","EPI_ISL_15878541",1,1,4,1,4,1,1,4,"1_1_4_1_4_1_1_4"
"3046","EPI_ISL_15878542",1,1,4,1,4,1,1,4,"1_1_4_1_4_1_1_4"
"3047","EPI_ISL_15878543",20,1,2,1,2,1,1,1,"20_1_2_1_2_1_1_1"
"3048","EPI_ISL_15878544",20,1,2,1,2,1,1,1,"20_1_2_1_2_1_1_1"
"3049","EPI_ISL_15878545",20,1,2,1,2,1,1,1,"20_1_2_1_2_1_1_1"
"3050","EPI_ISL_15878546",20,1,2,1,2,1,1,1,"20_1_2_1_2_1_1_1"
"3051","EPI_ISL_15878548",2,1,1,1,2,1,1,1,"2_1_1_1_2_1_1_1"
"3052","EPI_ISL_15878549",1,1,2,1,2,1,1,1,"1_1_2_1_2_1_1_1"
"3053","EPI_ISL_15909904",15,1,10,1,2,1,1,1,"15_1_10_1_2_1_1_1"
"3054","EPI_ISL_15923322",8,7,1,1,2,1,1,1,"8_7_1_1_2_1_1_1"
"3055","EPI_ISL_15943002",1,20,2,1,5,1,1,5,"1_20_2_1_5_1_1_5"
"3056","EPI_ISL_15943015",1,20,2,1,5,1,1,5,"1_20_2_1_5_1_1_5"
"3057","EPI_ISL_16013752",4,1,1,1,1,1,1,2,"4_1_1_1_1_1_1_2"
"3058","EPI_ISL_16013986",4,5,5,1,1,1,1,1,"4_5_5_1_1_1_1_1"
"3059","EPI_ISL_16013987",4,5,5,1,1,1,1,1,"4_5_5_1_1_1_1_1"
"3060","EPI_ISL_16013990",4,5,5,1,1,1,1,1,"4_5_5_1_1_1_1_1"
"3061","EPI_ISL_16013993",4,5,5,1,1,1,1,1,"4_5_5_1_1_1_1_1"
"3062","EPI_ISL_16020772",2,1,1,1,2,1,1,1,"2_1_1_1_2_1_1_1"
"3063","EPI_ISL_16020773",2,1,1,1,2,1,1,1,"2_1_1_1_2_1_1_1"
"3064","EPI_ISL_16020774",2,1,1,1,2,1,1,1,"2_1_1_1_2_1_1_1"
"3065","EPI_ISL_16021587",2,1,1,1,2,1,1,1,"2_1_1_1_2_1_1_1"
"3066","EPI_ISL_16021788",2,1,1,1,2,1,1,1,"2_1_1_1_2_1_1_1"
"3067","EPI_ISL_16021854",2,1,1,1,2,1,1,1,"2_1_1_1_2_1_1_1"
"3068","EPI_ISL_16022233",5,3,1,1,1,1,1,2,"5_3_1_1_1_1_1_2"
"3069","EPI_ISL_16102926",5,3,1,1,1,1,1,2,"5_3_1_1_1_1_1_2"
"3070","EPI_ISL_16102927",5,3,1,1,1,1,1,2,"5_3_1_1_1_1_1_2"
"3071","EPI_ISL_16102928",3,1,1,1,1,1,1,1,"3_1_1_1_1_1_1_1"
"3072","EPI_ISL_16102929",3,1,1,1,1,1,1,1,"3_1_1_1_1_1_1_1"
"3073","EPI_ISL_16102930",3,1,1,1,1,1,1,1,"3_1_1_1_1_1_1_1"
"3074","EPI_ISL_16102931",3,1,1,1,1,1,1,1,"3_1_1_1_1_1_1_1"
"3075","EPI_ISL_16102932",3,1,1,1,1,1,1,1,"3_1_1_1_1_1_1_1"
"3076","EPI_ISL_16102933",3,1,1,1,1,1,1,1,"3_1_1_1_1_1_1_1"
"3077","EPI_ISL_16112044",1,1,2,1,2,1,1,1,"1_1_2_1_2_1_1_1"
"3078","EPI_ISL_16115054",8,1,2,1,2,1,1,1,"8_1_2_1_2_1_1_1"
"3079","EPI_ISL_16172175",4,1,1,1,1,1,1,1,"4_1_1_1_1_1_1_1"
"3080","EPI_ISL_16173525",4,1,1,1,1,1,1,1,"4_1_1_1_1_1_1_1"
"3081","EPI_ISL_16173526",2,1,1,1,2,1,1,1,"2_1_1_1_2_1_1_1"
"3082","EPI_ISL_16173527",2,1,1,1,2,1,1,1,"2_1_1_1_2_1_1_1"
"3083","EPI_ISL_16173528",4,5,5,1,1,1,1,1,"4_5_5_1_1_1_1_1"
"3084","EPI_ISL_16173529",4,5,5,1,1,1,1,1,"4_5_5_1_1_1_1_1"
"3085","EPI_ISL_16173530",4,5,5,1,1,1,1,1,"4_5_5_1_1_1_1_1"
"3086","EPI_ISL_16173531",4,5,5,1,1,1,1,1,"4_5_5_1_1_1_1_1"
"3087","EPI_ISL_16173532",4,5,5,1,1,1,1,1,"4_5_5_1_1_1_1_1"
"3088","EPI_ISL_16173537",4,5,5,1,1,1,1,1,"4_5_5_1_1_1_1_1"
"3089","EPI_ISL_16173542",4,5,1,1,1,1,1,1,"4_5_1_1_1_1_1_1"
"3090","EPI_ISL_16173545",4,5,1,1,1,1,1,1,"4_5_1_1_1_1_1_1"
"3091","EPI_ISL_16173549",4,5,1,1,1,1,1,1,"4_5_1_1_1_1_1_1"
"3092","EPI_ISL_16189912",5,3,1,1,1,1,1,2,"5_3_1_1_1_1_1_2"
"3093","EPI_ISL_16196676",1,1,2,1,2,1,1,1,"1_1_2_1_2_1_1_1"
"3094","EPI_ISL_16196756",1,1,2,1,2,1,1,1,"1_1_2_1_2_1_1_1"
"3095","EPI_ISL_16196757",1,1,2,1,2,1,1,1,"1_1_2_1_2_1_1_1"
"3096","EPI_ISL_16196758",1,1,2,1,2,1,1,1,"1_1_2_1_2_1_1_1"
"3097","EPI_ISL_16196759",1,1,2,1,2,1,1,1,"1_1_2_1_2_1_1_1"
"3098","EPI_ISL_16196760",1,1,2,1,2,1,1,1,"1_1_2_1_2_1_1_1"
"3099","EPI_ISL_16196761",1,1,2,1,2,1,1,1,"1_1_2_1_2_1_1_1"
"3100","EPI_ISL_16209015",6,4,3,1,2,2,1,3,"6_4_3_1_2_2_1_3"
"3101","EPI_ISL_16209048",25,23,2,1,5,2,1,1,"25_23_2_1_5_2_1_1"
"3102","EPI_ISL_16209274",8,6,2,1,2,3,1,1,"8_6_2_1_2_3_1_1"
"3103","EPI_ISL_16209275",8,6,2,1,2,3,1,1,"8_6_2_1_2_3_1_1"
"3104","EPI_ISL_16209276",8,6,2,1,2,3,1,1,"8_6_2_1_2_3_1_1"
"3105","EPI_ISL_16209277",8,6,2,1,2,3,1,1,"8_6_2_1_2_3_1_1"
"3106","EPI_ISL_16209278",8,6,2,1,2,3,1,1,"8_6_2_1_2_3_1_1"
"3107","EPI_ISL_16271814",4,1,1,1,1,1,1,2,"4_1_1_1_1_1_1_2"
"3108","EPI_ISL_16271815",4,1,1,1,1,1,1,2,"4_1_1_1_1_1_1_2"
"3109","EPI_ISL_16271816",4,1,1,1,1,1,1,2,"4_1_1_1_1_1_1_2"
"3110","EPI_ISL_16271817",5,3,1,1,1,1,1,2,"5_3_1_1_1_1_1_2"
"3111","EPI_ISL_16271818",5,3,1,1,1,1,1,2,"5_3_1_1_1_1_1_2"
"3112","EPI_ISL_16271819",4,1,1,1,1,1,1,2,"4_1_1_1_1_1_1_2"
"3113","EPI_ISL_16271820",9,9,7,1,1,1,1,1,"9_9_7_1_1_1_1_1"
"3114","EPI_ISL_16271821",4,1,1,1,1,1,1,2,"4_1_1_1_1_1_1_2"
"3115","EPI_ISL_16271822",4,1,1,1,1,1,1,2,"4_1_1_1_1_1_1_2"
"3116","EPI_ISL_16271823",5,3,1,1,1,1,1,2,"5_3_1_1_1_1_1_2"
"3117","EPI_ISL_16271824",5,3,1,1,1,1,1,2,"5_3_1_1_1_1_1_2"
"3118","EPI_ISL_16271825",4,1,1,1,1,1,1,1,"4_1_1_1_1_1_1_1"
"3119","EPI_ISL_16271826",5,3,1,1,1,1,1,2,"5_3_1_1_1_1_1_2"
"3120","EPI_ISL_16271827",4,1,1,1,1,1,1,2,"4_1_1_1_1_1_1_2"
"3121","EPI_ISL_16271828",4,5,1,1,1,1,1,1,"4_5_1_1_1_1_1_1"
"3122","EPI_ISL_16271829",5,3,1,1,1,1,1,2,"5_3_1_1_1_1_1_2"
"3123","EPI_ISL_16271830",5,3,1,1,1,1,1,2,"5_3_1_1_1_1_1_2"
"3124","EPI_ISL_16271831",5,3,1,1,1,1,1,2,"5_3_1_1_1_1_1_2"
"3125","EPI_ISL_16271832",9,9,7,1,1,1,1,1,"9_9_7_1_1_1_1_1"
"3126","EPI_ISL_16271833",4,1,1,1,1,1,1,2,"4_1_1_1_1_1_1_2"
"3127","EPI_ISL_16271834",5,3,1,1,1,1,1,2,"5_3_1_1_1_1_1_2"
"3128","EPI_ISL_16271835",5,3,1,1,1,1,1,2,"5_3_1_1_1_1_1_2"
"3129","EPI_ISL_16271836",9,9,7,1,1,1,1,1,"9_9_7_1_1_1_1_1"
"3130","EPI_ISL_16271837",9,9,7,1,1,1,1,1,"9_9_7_1_1_1_1_1"
"3131","EPI_ISL_16271838",9,9,7,1,1,1,1,1,"9_9_7_1_1_1_1_1"
"3132","EPI_ISL_16271839",4,3,1,1,1,1,1,1,"4_3_1_1_1_1_1_1"
"3133","EPI_ISL_16271840",5,3,1,1,1,1,1,2,"5_3_1_1_1_1_1_2"
"3134","EPI_ISL_16271841",5,3,1,1,1,1,1,2,"5_3_1_1_1_1_1_2"
"3135","EPI_ISL_16271842",9,9,7,1,1,1,1,1,"9_9_7_1_1_1_1_1"
"3136","EPI_ISL_16271843",9,9,7,1,1,1,1,1,"9_9_7_1_1_1_1_1"
"3137","EPI_ISL_16271844",9,9,7,1,1,1,1,1,"9_9_7_1_1_1_1_1"
"3138","EPI_ISL_16271845",4,1,1,1,1,1,1,2,"4_1_1_1_1_1_1_2"
"3139","EPI_ISL_16271846",4,1,1,1,1,1,1,2,"4_1_1_1_1_1_1_2"
"3140","EPI_ISL_16271847",4,5,5,1,1,1,1,1,"4_5_5_1_1_1_1_1"
"3141","EPI_ISL_16271848",3,1,1,1,1,1,1,1,"3_1_1_1_1_1_1_1"
"3142","EPI_ISL_16271849",9,9,7,1,1,1,1,1,"9_9_7_1_1_1_1_1"
"3143","EPI_ISL_16271850",9,9,7,1,1,1,1,1,"9_9_7_1_1_1_1_1"
"3144","EPI_ISL_16271851",4,1,1,1,1,1,1,2,"4_1_1_1_1_1_1_2"
"3145","EPI_ISL_16271852",4,1,1,1,1,1,1,2,"4_1_1_1_1_1_1_2"
"3146","EPI_ISL_16271853",9,9,7,1,1,1,1,1,"9_9_7_1_1_1_1_1"
"3147","EPI_ISL_16271854",4,1,1,1,1,1,1,2,"4_1_1_1_1_1_1_2"
"3148","EPI_ISL_16271855",5,3,1,1,1,1,1,2,"5_3_1_1_1_1_1_2"
"3149","EPI_ISL_16271856",9,9,7,1,1,1,1,1,"9_9_7_1_1_1_1_1"
"3150","EPI_ISL_16271857",9,9,7,1,1,1,1,1,"9_9_7_1_1_1_1_1"
"3151","EPI_ISL_16271858",4,5,1,1,1,1,1,1,"4_5_1_1_1_1_1_1"
"3152","EPI_ISL_16271859",5,3,1,1,1,1,1,2,"5_3_1_1_1_1_1_2"
"3153","EPI_ISL_16271860",4,5,1,1,1,1,1,1,"4_5_1_1_1_1_1_1"
"3154","EPI_ISL_16271861",5,3,1,1,1,1,1,2,"5_3_1_1_1_1_1_2"
"3155","EPI_ISL_16271862",4,5,5,1,1,1,1,1,"4_5_5_1_1_1_1_1"
"3156","EPI_ISL_16271863",4,5,5,1,1,1,1,1,"4_5_5_1_1_1_1_1"
"3157","EPI_ISL_16271864",4,5,5,1,1,1,1,1,"4_5_5_1_1_1_1_1"
"3158","EPI_ISL_16271865",9,9,7,1,1,1,1,1,"9_9_7_1_1_1_1_1"
"3159","EPI_ISL_8440976",1,1,2,1,2,1,1,1,"1_1_2_1_2_1_1_1"
"3160","EPI_ISL_8518268",26,24,18,1,17,9,1,7,"26_24_18_1_17_9_1_7"
"3161","EPI_ISL_9304992",2,1,1,1,2,1,1,1,"2_1_1_1_2_1_1_1"
"3162","EPI_ISL_9603819",2,1,1,1,2,1,1,1,"2_1_1_1_2_1_1_1"
"3163","EPI_ISL_9603901",2,1,1,1,2,1,1,1,"2_1_1_1_2_1_1_1"
"3164","EPI_ISL_9603916",2,1,1,1,2,1,1,1,"2_1_1_1_2_1_1_1"
"3165","EPI_ISL_9603918",2,1,1,1,2,1,1,1,"2_1_1_1_2_1_1_1"
"3166","EPI_ISL_9603920",8,16,1,1,2,1,1,1,"8_16_1_1_2_1_1_1"
"3167","EPI_ISL_9603922",2,1,1,1,2,1,1,1,"2_1_1_1_2_1_1_1"
"3168","EPI_ISL_9603924",2,1,1,1,2,1,1,1,"2_1_1_1_2_1_1_1"
"3169","EPI_ISL_9603927",2,1,1,1,2,1,1,1,"2_1_1_1_2_1_1_1"
"3170","EPI_ISL_9603929",8,16,1,1,2,1,1,1,"8_16_1_1_2_1_1_1"
"3171","EPI_ISL_9603931",2,1,1,1,2,1,1,1,"2_1_1_1_2_1_1_1"
"3172","EPI_ISL_9603937",2,1,1,1,2,1,1,1,"2_1_1_1_2_1_1_1"
"3173","EPI_ISL_9603939",2,1,1,1,2,1,1,1,"2_1_1_1_2_1_1_1"
"3174","EPI_ISL_9603943",2,1,1,1,2,1,1,1,"2_1_1_1_2_1_1_1"
"3175","EPI_ISL_9616210",2,1,1,1,2,1,1,1,"2_1_1_1_2_1_1_1"
"3176","EPI_ISL_9616212",2,1,1,1,9,1,1,1,"2_1_1_1_9_1_1_1"
"3177","EPI_ISL_9616263",1,1,2,1,2,1,1,1,"1_1_2_1_2_1_1_1"
"3178","EPI_ISL_9616265",1,1,2,1,2,1,1,1,"1_1_2_1_2_1_1_1"
"3179","EPI_ISL_9616266",2,1,1,1,2,1,1,1,"2_1_1_1_2_1_1_1"
"3180","EPI_ISL_9616271",1,1,2,1,2,1,1,1,"1_1_2_1_2_1_1_1"
"3181","EPI_ISL_9616272",2,1,1,1,2,1,1,1,"2_1_1_1_2_1_1_1"
"3182","EPI_ISL_10255580",2,1,1,1,2,1,1,1,"2_1_1_1_2_1_1_1"
"3183","EPI_ISL_10255581",2,1,1,1,2,1,1,1,"2_1_1_1_2_1_1_1"
"3184","EPI_ISL_10255587",2,1,1,1,2,1,1,1,"2_1_1_1_2_1_1_1"
"3185","EPI_ISL_10943657",2,1,1,1,2,1,1,1,"2_1_1_1_2_1_1_1"
"3186","EPI_ISL_10992813",2,1,1,1,2,1,1,1,"2_1_1_1_2_1_1_1"
"3187","EPI_ISL_10993074",2,1,2,1,2,1,1,1,"2_1_2_1_2_1_1_1"
"3188","EPI_ISL_10993075",1,1,2,1,2,1,1,1,"1_1_2_1_2_1_1_1"
"3189","EPI_ISL_10993076",1,1,2,1,2,1,1,1,"1_1_2_1_2_1_1_1"
"3190","EPI_ISL_10993105",1,1,2,1,2,1,1,1,"1_1_2_1_2_1_1_1"
"3191","EPI_ISL_10993134",1,1,2,1,2,1,1,1,"1_1_2_1_2_1_1_1"
"3192","EPI_ISL_11259264",2,1,1,1,2,1,1,1,"2_1_1_1_2_1_1_1"
"3193","EPI_ISL_11259265",2,1,1,1,9,1,1,1,"2_1_1_1_9_1_1_1"
"3194","EPI_ISL_11259266",2,1,1,1,2,1,1,1,"2_1_1_1_2_1_1_1"
"3195","EPI_ISL_11259267",2,1,1,1,2,1,1,1,"2_1_1_1_2_1_1_1"
"3196","EPI_ISL_11259268",2,1,1,1,2,1,1,1,"2_1_1_1_2_1_1_1"
"3197","EPI_ISL_11259269",2,1,1,1,2,1,1,1,"2_1_1_1_2_1_1_1"
"3198","EPI_ISL_11259270",2,1,1,1,2,1,1,1,"2_1_1_1_2_1_1_1"
"3199","EPI_ISL_11259271",2,1,1,1,2,1,1,1,"2_1_1_1_2_1_1_1"
"3200","EPI_ISL_11259272",2,1,1,1,2,1,1,1,"2_1_1_1_2_1_1_1"
"3201","EPI_ISL_11259273",2,1,1,1,2,1,1,1,"2_1_1_1_2_1_1_1"
"3202","EPI_ISL_11259274",2,1,1,1,2,1,1,1,"2_1_1_1_2_1_1_1"
"3203","EPI_ISL_11259275",2,1,1,1,2,1,1,1,"2_1_1_1_2_1_1_1"
"3204","EPI_ISL_11259276",1,1,2,1,2,1,1,1,"1_1_2_1_2_1_1_1"
"3205","EPI_ISL_11259277",2,1,1,1,2,1,1,1,"2_1_1_1_2_1_1_1"
"3206","EPI_ISL_11259278",2,1,1,1,2,1,1,1,"2_1_1_1_2_1_1_1"
"3207","EPI_ISL_11259279",2,1,1,1,2,1,1,1,"2_1_1_1_2_1_1_1"
"3208","EPI_ISL_11259280",2,1,1,1,2,1,1,1,"2_1_1_1_2_1_1_1"
"3209","EPI_ISL_11259281",1,1,2,1,2,1,1,1,"1_1_2_1_2_1_1_1"
"3210","EPI_ISL_11259282",1,1,2,1,2,1,1,1,"1_1_2_1_2_1_1_1"
"3211","EPI_ISL_11259283",2,1,1,1,2,1,1,1,"2_1_1_1_2_1_1_1"
"3212","EPI_ISL_11259284",2,1,1,1,2,1,1,1,"2_1_1_1_2_1_1_1"
"3213","EPI_ISL_11259285",1,1,2,1,2,1,1,1,"1_1_2_1_2_1_1_1"
"3214","EPI_ISL_11259287",1,1,2,1,2,1,1,1,"1_1_2_1_2_1_1_1"
"3215","EPI_ISL_11259288",1,1,2,1,2,1,1,1,"1_1_2_1_2_1_1_1"
"3216","EPI_ISL_11259289",1,1,2,1,2,1,1,1,"1_1_2_1_2_1_1_1"
"3217","EPI_ISL_11259290",1,1,2,1,2,1,1,1,"1_1_2_1_2_1_1_1"
"3218","EPI_ISL_11259291",2,1,1,1,2,1,1,1,"2_1_1_1_2_1_1_1"
"3219","EPI_ISL_11259292",2,1,1,1,2,1,1,1,"2_1_1_1_2_1_1_1"
"3220","EPI_ISL_11259293",1,1,2,1,2,1,1,1,"1_1_2_1_2_1_1_1"
"3221","EPI_ISL_11259294",1,1,2,1,2,1,1,1,"1_1_2_1_2_1_1_1"
"3222","EPI_ISL_11259295",1,1,2,1,2,1,1,1,"1_1_2_1_2_1_1_1"
"3223","EPI_ISL_11259296",1,1,2,1,2,1,1,1,"1_1_2_1_2_1_1_1"
"3224","EPI_ISL_11259297",1,1,2,1,2,1,1,1,"1_1_2_1_2_1_1_1"
"3225","EPI_ISL_11259298",1,1,2,1,2,1,1,1,"1_1_2_1_2_1_1_1"
"3226","EPI_ISL_11259299",1,1,2,1,2,1,1,1,"1_1_2_1_2_1_1_1"
"3227","EPI_ISL_11259300",1,1,2,1,2,1,1,1,"1_1_2_1_2_1_1_1"
"3228","EPI_ISL_11259301",1,1,2,1,2,1,1,1,"1_1_2_1_2_1_1_1"
"3229","EPI_ISL_11259302",1,1,2,1,2,1,1,1,"1_1_2_1_2_1_1_1"
"3230","EPI_ISL_11259303",1,1,2,1,2,1,1,1,"1_1_2_1_2_1_1_1"
"3231","EPI_ISL_11259304",1,1,2,1,2,1,1,1,"1_1_2_1_2_1_1_1"
"3232","EPI_ISL_11259305",1,1,2,1,2,1,1,1,"1_1_2_1_2_1_1_1"
"3233","EPI_ISL_11259306",1,1,2,1,2,1,1,1,"1_1_2_1_2_1_1_1"
"3234","EPI_ISL_11259307",1,1,2,1,2,1,1,1,"1_1_2_1_2_1_1_1"
"3235","EPI_ISL_11259308",1,1,2,1,2,1,1,1,"1_1_2_1_2_1_1_1"
"3236","EPI_ISL_11259309",1,1,2,1,2,1,1,1,"1_1_2_1_2_1_1_1"
"3237","EPI_ISL_11259310",1,1,2,1,2,1,1,1,"1_1_2_1_2_1_1_1"
"3238","EPI_ISL_11259311",1,1,2,1,2,1,1,1,"1_1_2_1_2_1_1_1"
"3239","EPI_ISL_11259312",1,1,2,1,2,1,1,1,"1_1_2_1_2_1_1_1"
"3240","EPI_ISL_11259313",1,1,2,1,2,1,1,1,"1_1_2_1_2_1_1_1"
"3241","EPI_ISL_11259314",1,1,2,1,2,1,1,1,"1_1_2_1_2_1_1_1"
"3242","EPI_ISL_11259315",1,1,2,1,2,1,1,1,"1_1_2_1_2_1_1_1"
"3243","EPI_ISL_11259316",1,1,2,1,2,1,1,1,"1_1_2_1_2_1_1_1"
"3244","EPI_ISL_11259317",2,1,1,1,2,1,1,1,"2_1_1_1_2_1_1_1"
"3245","EPI_ISL_11259318",1,1,2,1,2,1,1,1,"1_1_2_1_2_1_1_1"
"3246","EPI_ISL_11259319",1,1,2,1,2,1,1,1,"1_1_2_1_2_1_1_1"
"3247","EPI_ISL_11402307",6,4,3,1,3,2,1,3,"6_4_3_1_3_2_1_3"
"3248","EPI_ISL_11402745",6,4,3,1,3,2,1,3,"6_4_3_1_3_2_1_3"
"3249","EPI_ISL_11406397",6,4,3,1,3,2,1,3,"6_4_3_1_3_2_1_3"
"3250","EPI_ISL_11406398",2,1,1,1,2,1,1,1,"2_1_1_1_2_1_1_1"
"3251","EPI_ISL_11406399",2,1,1,1,2,1,1,1,"2_1_1_1_2_1_1_1"
"3252","EPI_ISL_11406400",6,4,3,1,3,2,1,3,"6_4_3_1_3_2_1_3"
"3253","EPI_ISL_11406401",2,1,1,1,2,1,1,1,"2_1_1_1_2_1_1_1"
"3254","EPI_ISL_11406402",2,1,1,1,2,1,1,1,"2_1_1_1_2_1_1_1"
"3255","EPI_ISL_11406403",2,1,1,1,2,1,1,1,"2_1_1_1_2_1_1_1"
"3256","EPI_ISL_11406449",6,4,3,1,3,2,1,3,"6_4_3_1_3_2_1_3"
"3257","EPI_ISL_11504587",6,4,3,1,3,2,1,7,"6_4_3_1_3_2_1_7"
"3258","EPI_ISL_11561589",2,1,1,1,2,1,1,1,"2_1_1_1_2_1_1_1"
"3259","EPI_ISL_11561590",2,1,1,1,2,1,1,1,"2_1_1_1_2_1_1_1"
"3260","EPI_ISL_11561591",2,1,1,1,2,1,1,1,"2_1_1_1_2_1_1_1"
"3261","EPI_ISL_11561592",2,1,1,1,26,1,1,1,"2_1_1_1_26_1_1_1"
"3262","EPI_ISL_11561593",2,1,1,1,2,1,1,1,"2_1_1_1_2_1_1_1"
"3263","EPI_ISL_11725869",2,1,1,1,2,1,1,1,"2_1_1_1_2_1_1_1"
"3264","EPI_ISL_11725962",2,1,1,1,2,1,1,1,"2_1_1_1_2_1_1_1"
"3265","EPI_ISL_11725988",2,1,1,1,2,1,1,1,"2_1_1_1_2_1_1_1"
"3266","EPI_ISL_11725991",1,1,2,1,2,1,1,1,"1_1_2_1_2_1_1_1"
"3267","EPI_ISL_11725994",2,1,1,1,2,1,1,1,"2_1_1_1_2_1_1_1"
"3268","EPI_ISL_11897667",2,1,1,1,2,1,1,1,"2_1_1_1_2_1_1_1"
"3269","EPI_ISL_11897668",2,1,1,1,2,1,1,1,"2_1_1_1_2_1_1_1"
"3270","EPI_ISL_11897669",2,1,1,1,2,1,1,1,"2_1_1_1_2_1_1_1"
"3271","EPI_ISL_11897670",2,1,1,1,2,1,1,1,"2_1_1_1_2_1_1_1"
"3272","EPI_ISL_11897671",2,1,1,1,2,1,1,1,"2_1_1_1_2_1_1_1"
"3273","EPI_ISL_11897672",2,1,1,1,2,1,1,1,"2_1_1_1_2_1_1_1"
"3274","EPI_ISL_11897673",2,1,1,1,2,1,1,1,"2_1_1_1_2_1_1_1"
"3275","EPI_ISL_11897674",2,1,1,1,2,1,1,1,"2_1_1_1_2_1_1_1"
"3276","EPI_ISL_11897675",2,1,1,1,2,1,1,1,"2_1_1_1_2_1_1_1"
"3277","EPI_ISL_11897676",2,1,1,1,2,1,1,1,"2_1_1_1_2_1_1_1"
"3278","EPI_ISL_11897677",2,1,1,1,2,1,1,1,"2_1_1_1_2_1_1_1"
"3279","EPI_ISL_11897678",2,1,1,1,2,1,1,1,"2_1_1_1_2_1_1_1"
"3280","EPI_ISL_11897679",2,1,1,1,2,1,1,1,"2_1_1_1_2_1_1_1"
"3281","EPI_ISL_11897680",2,1,1,1,2,1,1,1,"2_1_1_1_2_1_1_1"
"3282","EPI_ISL_11897681",2,1,1,1,2,1,1,1,"2_1_1_1_2_1_1_1"
"3283","EPI_ISL_11897682",2,1,1,1,2,1,1,1,"2_1_1_1_2_1_1_1"
"3284","EPI_ISL_11897683",2,1,1,1,2,1,1,1,"2_1_1_1_2_1_1_1"
"3285","EPI_ISL_11897684",2,1,1,1,2,1,1,1,"2_1_1_1_2_1_1_1"
"3286","EPI_ISL_11897685",2,1,1,1,2,1,1,1,"2_1_1_1_2_1_1_1"
"3287","EPI_ISL_11897686",2,1,1,1,2,1,1,1,"2_1_1_1_2_1_1_1"
"3288","EPI_ISL_11897687",2,1,1,1,2,1,1,1,"2_1_1_1_2_1_1_1"
"3289","EPI_ISL_11897688",2,1,1,1,2,1,1,1,"2_1_1_1_2_1_1_1"
"3290","EPI_ISL_11897689",2,1,1,1,2,1,1,1,"2_1_1_1_2_1_1_1"
"3291","EPI_ISL_11897690",2,1,1,1,2,1,1,1,"2_1_1_1_2_1_1_1"
"3292","EPI_ISL_11897691",2,1,1,1,2,1,1,1,"2_1_1_1_2_1_1_1"
"3293","EPI_ISL_11897692",2,1,1,1,2,1,1,1,"2_1_1_1_2_1_1_1"
"3294","EPI_ISL_11897693",2,1,1,1,2,1,1,1,"2_1_1_1_2_1_1_1"
"3295","EPI_ISL_11897694",2,1,1,1,2,1,1,1,"2_1_1_1_2_1_1_1"
"3296","EPI_ISL_11897695",4,1,1,1,1,1,1,1,"4_1_1_1_1_1_1_1"
"3297","EPI_ISL_11897696",4,1,1,1,1,1,1,1,"4_1_1_1_1_1_1_1"
"3298","EPI_ISL_11897697",2,1,1,1,2,1,1,1,"2_1_1_1_2_1_1_1"
"3299","EPI_ISL_11897698",2,1,1,1,2,1,1,1,"2_1_1_1_2_1_1_1"
"3300","EPI_ISL_11897699",2,1,1,1,2,1,1,1,"2_1_1_1_2_1_1_1"
"3301","EPI_ISL_11897700",2,1,1,1,2,1,1,1,"2_1_1_1_2_1_1_1"
"3302","EPI_ISL_11897701",2,1,1,1,2,1,1,1,"2_1_1_1_2_1_1_1"
"3303","EPI_ISL_11897702",2,1,1,1,2,1,1,1,"2_1_1_1_2_1_1_1"
"3304","EPI_ISL_11897703",2,1,1,1,2,1,1,1,"2_1_1_1_2_1_1_1"
"3305","EPI_ISL_11897704",2,1,1,1,2,1,1,1,"2_1_1_1_2_1_1_1"
"3306","EPI_ISL_11922816",2,1,1,1,2,1,1,1,"2_1_1_1_2_1_1_1"
"3307","EPI_ISL_11922817",2,1,1,1,2,1,1,1,"2_1_1_1_2_1_1_1"
"3308","EPI_ISL_11922818",8,6,1,1,2,1,1,1,"8_6_1_1_2_1_1_1"
"3309","EPI_ISL_11922819",15,8,1,1,7,1,1,5,"15_8_1_1_7_1_1_5"
"3310","EPI_ISL_11922820",2,1,1,1,2,1,1,1,"2_1_1_1_2_1_1_1"
"3311","EPI_ISL_11922821",2,1,1,1,2,1,1,1,"2_1_1_1_2_1_1_1"
"3312","EPI_ISL_11922822",18,1,1,1,2,1,1,1,"18_1_1_1_2_1_1_1"
"3313","EPI_ISL_11971464",2,1,1,1,1,1,1,1,"2_1_1_1_1_1_1_1"
"3314","EPI_ISL_11971465",2,1,1,1,1,1,1,1,"2_1_1_1_1_1_1_1"
"3315","EPI_ISL_11971466",5,1,1,1,1,1,1,1,"5_1_1_1_1_1_1_1"
"3316","EPI_ISL_11971467",5,1,1,1,1,1,1,1,"5_1_1_1_1_1_1_1"
"3317","EPI_ISL_11971468",2,1,1,1,2,1,1,1,"2_1_1_1_2_1_1_1"
"3318","EPI_ISL_11971469",2,1,1,1,2,1,1,1,"2_1_1_1_2_1_1_1"
"3319","EPI_ISL_11971470",2,1,1,1,2,1,1,1,"2_1_1_1_2_1_1_1"
"3320","EPI_ISL_11971471",2,1,1,1,2,1,1,1,"2_1_1_1_2_1_1_1"
"3321","EPI_ISL_11971472",2,1,1,1,2,1,1,1,"2_1_1_1_2_1_1_1"
"3322","EPI_ISL_11971475",4,1,1,1,1,1,1,1,"4_1_1_1_1_1_1_1"
"3323","EPI_ISL_11971476",4,1,1,1,1,1,1,1,"4_1_1_1_1_1_1_1"
"3324","EPI_ISL_11971477",2,1,1,1,2,1,1,1,"2_1_1_1_2_1_1_1"
"3325","EPI_ISL_11971478",4,1,1,1,1,1,1,1,"4_1_1_1_1_1_1_1"
"3326","EPI_ISL_11971479",4,1,1,1,1,1,1,1,"4_1_1_1_1_1_1_1"
"3327","EPI_ISL_11971480",4,1,1,1,1,1,1,1,"4_1_1_1_1_1_1_1"
"3328","EPI_ISL_11971481",5,3,1,1,1,1,1,2,"5_3_1_1_1_1_1_2"
"3329","EPI_ISL_11971482",5,3,1,1,1,1,1,2,"5_3_1_1_1_1_1_2"
"3330","EPI_ISL_11971483",2,1,1,1,2,1,1,1,"2_1_1_1_2_1_1_1"
"3331","EPI_ISL_11971484",4,1,1,1,1,1,1,1,"4_1_1_1_1_1_1_1"
"3332","EPI_ISL_11971485",4,1,1,1,1,1,1,1,"4_1_1_1_1_1_1_1"
"3333","EPI_ISL_11971486",5,3,1,1,1,1,1,2,"5_3_1_1_1_1_1_2"
"3334","EPI_ISL_11971487",5,3,1,1,1,1,1,2,"5_3_1_1_1_1_1_2"
"3335","EPI_ISL_11971488",4,1,1,1,1,1,1,1,"4_1_1_1_1_1_1_1"
"3336","EPI_ISL_11971489",4,1,1,1,1,1,1,1,"4_1_1_1_1_1_1_1"
"3337","EPI_ISL_11971490",14,32,21,1,14,1,1,2,"14_32_21_1_14_1_1_2"
"3338","EPI_ISL_11971491",14,32,21,1,14,1,1,2,"14_32_21_1_14_1_1_2"
"3339","EPI_ISL_11971492",4,1,1,1,1,1,1,1,"4_1_1_1_1_1_1_1"
"3340","EPI_ISL_11971493",4,1,1,1,1,1,1,1,"4_1_1_1_1_1_1_1"
"3341","EPI_ISL_11971494",4,1,1,1,1,1,1,1,"4_1_1_1_1_1_1_1"
"3342","EPI_ISL_11971495",4,5,5,1,1,1,1,1,"4_5_5_1_1_1_1_1"
"3343","EPI_ISL_11971496",4,5,5,1,1,1,1,1,"4_5_5_1_1_1_1_1"
"3344","EPI_ISL_11971497",4,5,5,1,1,1,1,1,"4_5_5_1_1_1_1_1"
"3345","EPI_ISL_11971498",4,5,5,1,1,1,1,1,"4_5_5_1_1_1_1_1"
"3346","EPI_ISL_11971499",2,1,1,1,2,1,1,1,"2_1_1_1_2_1_1_1"
"3347","EPI_ISL_11971500",2,1,1,1,1,1,1,1,"2_1_1_1_1_1_1_1"
"3348","EPI_ISL_11971501",2,1,1,1,1,1,1,1,"2_1_1_1_1_1_1_1"
"3349","EPI_ISL_11971502",14,32,21,1,14,1,1,2,"14_32_21_1_14_1_1_2"
"3350","EPI_ISL_12028893",2,1,1,1,2,1,1,1,"2_1_1_1_2_1_1_1"
"3351","EPI_ISL_12066188",1,1,2,1,2,1,1,1,"1_1_2_1_2_1_1_1"
"3352","EPI_ISL_12069978",1,1,2,1,2,1,1,1,"1_1_2_1_2_1_1_1"
"3353","EPI_ISL_12069979",1,1,2,1,2,1,1,1,"1_1_2_1_2_1_1_1"
"3354","EPI_ISL_12139999",2,1,1,1,2,1,1,1,"2_1_1_1_2_1_1_1"
"3355","EPI_ISL_12176839",6,4,3,1,3,2,1,3,"6_4_3_1_3_2_1_3"
"3356","EPI_ISL_12176840",6,4,3,1,3,2,1,3,"6_4_3_1_3_2_1_3"
"3357","EPI_ISL_12176841",6,4,3,1,3,2,1,3,"6_4_3_1_3_2_1_3"
"3358","EPI_ISL_12176843",6,4,3,1,3,2,1,3,"6_4_3_1_3_2_1_3"
"3359","EPI_ISL_12176844",6,4,3,1,3,2,1,3,"6_4_3_1_3_2_1_3"
"3360","EPI_ISL_12176845",6,4,3,1,3,2,1,3,"6_4_3_1_3_2_1_3"
"3361","EPI_ISL_12176846",6,4,3,1,3,2,1,3,"6_4_3_1_3_2_1_3"
"3362","EPI_ISL_12176847",6,4,3,1,3,2,1,3,"6_4_3_1_3_2_1_3"
"3363","EPI_ISL_12176848",6,4,3,1,3,2,1,3,"6_4_3_1_3_2_1_3"
"3364","EPI_ISL_12176850",6,4,3,1,3,2,1,3,"6_4_3_1_3_2_1_3"
"3365","EPI_ISL_12176851",6,4,3,1,3,2,1,3,"6_4_3_1_3_2_1_3"
"3366","EPI_ISL_12176852",6,4,3,1,3,2,1,3,"6_4_3_1_3_2_1_3"
"3367","EPI_ISL_12176853",6,4,3,1,3,2,1,3,"6_4_3_1_3_2_1_3"
"3368","EPI_ISL_12176854",6,4,3,1,3,2,1,3,"6_4_3_1_3_2_1_3"
"3369","EPI_ISL_12176855",6,4,3,1,3,2,1,3,"6_4_3_1_3_2_1_3"
"3370","EPI_ISL_12324302",1,1,10,1,21,1,1,1,"1_1_10_1_21_1_1_1"
"3371","EPI_ISL_12749687",2,1,1,1,2,1,1,1,"2_1_1_1_2_1_1_1"
"3372","EPI_ISL_12917757",2,1,1,1,2,1,1,1,"2_1_1_1_2_1_1_1"
"3373","EPI_ISL_13048382",2,1,20,1,2,1,1,1,"2_1_20_1_2_1_1_1"
"3374","EPI_ISL_13048383",2,1,20,1,2,1,1,1,"2_1_20_1_2_1_1_1"
"3375","EPI_ISL_13052416",4,1,1,1,1,1,1,1,"4_1_1_1_1_1_1_1"
"3376","EPI_ISL_13052417",4,1,1,1,1,1,1,1,"4_1_1_1_1_1_1_1"
"3377","EPI_ISL_13052418",4,1,1,1,1,1,1,1,"4_1_1_1_1_1_1_1"
"3378","EPI_ISL_13052419",4,1,1,1,1,1,1,1,"4_1_1_1_1_1_1_1"
"3379","EPI_ISL_13052420",4,1,1,1,1,1,1,1,"4_1_1_1_1_1_1_1"
"3380","EPI_ISL_13052422",4,1,1,1,1,1,1,1,"4_1_1_1_1_1_1_1"
"3381","EPI_ISL_13052423",5,1,1,1,1,1,1,1,"5_1_1_1_1_1_1_1"
"3382","EPI_ISL_13052424",5,1,1,1,1,1,1,1,"5_1_1_1_1_1_1_1"
"3383","EPI_ISL_13052425",4,1,1,1,1,1,1,1,"4_1_1_1_1_1_1_1"
"3384","EPI_ISL_13052426",4,1,1,1,1,1,1,1,"4_1_1_1_1_1_1_1"
"3385","EPI_ISL_13052427",2,1,1,1,2,1,1,1,"2_1_1_1_2_1_1_1"
"3386","EPI_ISL_13052429",4,1,1,1,1,1,1,1,"4_1_1_1_1_1_1_1"
"3387","EPI_ISL_13052430",5,1,1,1,1,1,1,1,"5_1_1_1_1_1_1_1"
"3388","EPI_ISL_13052431",5,1,1,1,1,1,1,1,"5_1_1_1_1_1_1_1"
"3389","EPI_ISL_13052432",2,1,1,1,2,1,1,1,"2_1_1_1_2_1_1_1"
"3390","EPI_ISL_13052433",2,1,1,1,2,1,1,1,"2_1_1_1_2_1_1_1"
"3391","EPI_ISL_13052717",4,1,1,1,1,1,1,1,"4_1_1_1_1_1_1_1"
"3392","EPI_ISL_13052718",4,1,1,1,1,1,1,1,"4_1_1_1_1_1_1_1"
"3393","EPI_ISL_13052719",4,1,1,1,1,1,1,1,"4_1_1_1_1_1_1_1"
"3394","EPI_ISL_13052720",5,3,1,1,1,1,1,2,"5_3_1_1_1_1_1_2"
"3395","EPI_ISL_13052721",5,3,1,1,1,1,1,2,"5_3_1_1_1_1_1_2"
"3396","EPI_ISL_13052722",4,1,1,1,1,1,1,1,"4_1_1_1_1_1_1_1"
"3397","EPI_ISL_13052723",4,1,1,1,1,1,1,1,"4_1_1_1_1_1_1_1"
"3398","EPI_ISL_13052724",4,1,1,1,1,1,1,1,"4_1_1_1_1_1_1_1"
"3399","EPI_ISL_13052725",5,3,1,1,1,1,1,1,"5_3_1_1_1_1_1_1"
"3400","EPI_ISL_13052726",5,3,1,1,1,1,1,1,"5_3_1_1_1_1_1_1"
"3401","EPI_ISL_13052727",5,1,1,1,1,1,1,1,"5_1_1_1_1_1_1_1"
"3402","EPI_ISL_13052728",5,1,1,1,1,1,1,1,"5_1_1_1_1_1_1_1"
"3403","EPI_ISL_13114176",3,1,1,1,1,1,1,1,"3_1_1_1_1_1_1_1"
"3404","EPI_ISL_13175606",6,4,3,1,3,2,1,3,"6_4_3_1_3_2_1_3"
"3405","EPI_ISL_13175608",6,4,3,1,3,2,1,3,"6_4_3_1_3_2_1_3"
"3406","EPI_ISL_13175667",6,4,3,1,3,2,1,3,"6_4_3_1_3_2_1_3"
"3407","EPI_ISL_13245602",2,1,1,1,2,1,1,1,"2_1_1_1_2_1_1_1"
"3408","EPI_ISL_13286627",4,1,1,1,1,1,1,1,"4_1_1_1_1_1_1_1"
"3409","EPI_ISL_13295077",25,23,2,1,5,2,1,1,"25_23_2_1_5_2_1_1"
"3410","EPI_ISL_13295078",25,23,2,1,5,2,1,1,"25_23_2_1_5_2_1_1"
"3411","EPI_ISL_13360259",2,1,1,1,2,1,1,1,"2_1_1_1_2_1_1_1"
"3412","EPI_ISL_13429290",1,1,2,1,2,1,1,1,"1_1_2_1_2_1_1_1"
"3413","EPI_ISL_13429291",1,1,2,1,2,1,1,1,"1_1_2_1_2_1_1_1"
"3414","EPI_ISL_13429292",1,1,2,1,2,1,1,1,"1_1_2_1_2_1_1_1"
"3415","EPI_ISL_13429293",1,1,2,1,2,1,1,1,"1_1_2_1_2_1_1_1"
"3416","EPI_ISL_13429294",1,1,2,1,2,1,1,1,"1_1_2_1_2_1_1_1"
"3417","EPI_ISL_13429295",1,1,2,1,2,1,1,1,"1_1_2_1_2_1_1_1"
"3418","EPI_ISL_13429296",1,1,2,1,2,1,1,1,"1_1_2_1_2_1_1_1"
"3419","EPI_ISL_13429297",1,1,2,1,2,1,1,1,"1_1_2_1_2_1_1_1"
"3420","EPI_ISL_13429298",1,1,2,1,2,1,1,1,"1_1_2_1_2_1_1_1"
"3421","EPI_ISL_13429299",1,1,2,1,2,1,1,1,"1_1_2_1_2_1_1_1"
"3422","EPI_ISL_13429300",1,1,2,1,2,1,1,1,"1_1_2_1_2_1_1_1"
"3423","EPI_ISL_13433352",5,3,1,1,1,1,1,2,"5_3_1_1_1_1_1_2"
"3424","EPI_ISL_13433365",5,3,1,1,1,1,1,2,"5_3_1_1_1_1_1_2"
"3425","EPI_ISL_13433376",4,5,5,1,1,1,1,1,"4_5_5_1_1_1_1_1"
"3426","EPI_ISL_13433388",4,5,5,1,1,1,1,1,"4_5_5_1_1_1_1_1"
"3427","EPI_ISL_13433400",4,5,5,1,1,1,1,1,"4_5_5_1_1_1_1_1"
"3428","EPI_ISL_13433412",4,5,1,1,1,1,1,1,"4_5_1_1_1_1_1_1"
"3429","EPI_ISL_13433423",4,5,1,1,1,1,1,1,"4_5_1_1_1_1_1_1"
"3430","EPI_ISL_13433435",4,1,1,1,1,1,1,1,"4_1_1_1_1_1_1_1"
"3431","EPI_ISL_13433447",4,1,1,1,1,1,1,1,"4_1_1_1_1_1_1_1"
"3432","EPI_ISL_13486688",2,1,1,1,2,1,1,1,"2_1_1_1_2_1_1_1"
"3433","EPI_ISL_13486700",2,1,1,1,2,1,1,1,"2_1_1_1_2_1_1_1"
"3434","EPI_ISL_13486713",2,1,1,1,2,1,1,1,"2_1_1_1_2_1_1_1"
"3435","EPI_ISL_13486760",2,1,1,1,2,1,1,1,"2_1_1_1_2_1_1_1"
"3436","EPI_ISL_13486772",2,1,1,1,2,1,1,1,"2_1_1_1_2_1_1_1"
"3437","EPI_ISL_13486857",1,1,2,1,2,1,1,1,"1_1_2_1_2_1_1_1"
"3438","EPI_ISL_13486869",1,1,2,1,2,1,1,1,"1_1_2_1_2_1_1_1"
"3439","EPI_ISL_13486881",2,1,1,1,2,1,1,1,"2_1_1_1_2_1_1_1"
"3440","EPI_ISL_13486890",1,1,2,1,2,1,1,1,"1_1_2_1_2_1_1_1"
"3441","EPI_ISL_13486962",2,1,1,1,2,1,1,1,"2_1_1_1_2_1_1_1"
"3442","EPI_ISL_13486975",2,1,1,1,2,1,1,1,"2_1_1_1_2_1_1_1"
"3443","EPI_ISL_13519451",1,1,4,1,4,1,1,4,"1_1_4_1_4_1_1_4"
"3444","EPI_ISL_13782459",1,1,4,1,4,1,1,4,"1_1_4_1_4_1_1_4"
"3445","EPI_ISL_13782461",2,1,1,1,2,1,1,1,"2_1_1_1_2_1_1_1"
"3446","EPI_ISL_13957819",2,1,20,1,2,1,1,1,"2_1_20_1_2_1_1_1"
"3447","EPI_ISL_13957821",2,1,20,1,2,1,1,1,"2_1_20_1_2_1_1_1"
"3448","EPI_ISL_13957822",2,1,20,1,2,1,1,1,"2_1_20_1_2_1_1_1"
"3449","EPI_ISL_13957823",2,1,20,1,2,1,1,1,"2_1_20_1_2_1_1_1"
"3450","EPI_ISL_13990713",1,1,2,1,2,1,1,1,"1_1_2_1_2_1_1_1"
"3451","EPI_ISL_13990714",1,1,2,1,2,1,1,1,"1_1_2_1_2_1_1_1"
"3452","EPI_ISL_13990715",1,1,2,1,2,1,1,1,"1_1_2_1_2_1_1_1"
"3453","EPI_ISL_13990716",1,1,2,1,2,1,1,1,"1_1_2_1_2_1_1_1"
"3454","EPI_ISL_13990717",1,1,2,1,2,1,1,1,"1_1_2_1_2_1_1_1"
"3455","EPI_ISL_13990718",1,1,2,1,2,1,1,1,"1_1_2_1_2_1_1_1"
"3456","EPI_ISL_13990719",1,1,2,1,2,1,1,1,"1_1_2_1_2_1_1_1"
"3457","EPI_ISL_13990720",1,1,2,1,2,1,1,1,"1_1_2_1_2_1_1_1"
"3458","EPI_ISL_13990721",1,1,2,1,2,1,1,1,"1_1_2_1_2_1_1_1"
"3459","EPI_ISL_13990722",1,1,2,1,2,1,1,1,"1_1_2_1_2_1_1_1"
"3460","EPI_ISL_13990723",1,1,2,1,2,1,1,1,"1_1_2_1_2_1_1_1"
"3461","EPI_ISL_13990724",1,1,2,1,2,1,1,1,"1_1_2_1_2_1_1_1"
"3462","EPI_ISL_13990725",1,1,2,1,2,1,1,1,"1_1_2_1_2_1_1_1"
"3463","EPI_ISL_13990726",1,1,2,1,2,1,1,1,"1_1_2_1_2_1_1_1"
"3464","EPI_ISL_13990727",1,1,2,1,2,1,1,1,"1_1_2_1_2_1_1_1"
"3465","EPI_ISL_13990728",1,1,2,1,2,1,1,1,"1_1_2_1_2_1_1_1"
"3466","EPI_ISL_13990729",1,1,2,1,2,1,1,1,"1_1_2_1_2_1_1_1"
"3467","EPI_ISL_13990730",1,1,2,1,2,1,1,1,"1_1_2_1_2_1_1_1"
"3468","EPI_ISL_13990731",1,1,2,1,2,1,1,1,"1_1_2_1_2_1_1_1"
"3469","EPI_ISL_13990732",1,1,2,1,2,1,1,1,"1_1_2_1_2_1_1_1"
"3470","EPI_ISL_13990733",1,1,2,1,2,1,1,1,"1_1_2_1_2_1_1_1"
"3471","EPI_ISL_13990734",1,1,2,1,2,1,1,1,"1_1_2_1_2_1_1_1"
"3472","EPI_ISL_13990735",1,1,2,1,2,1,1,1,"1_1_2_1_2_1_1_1"
"3473","EPI_ISL_13990736",1,1,2,1,2,1,1,1,"1_1_2_1_2_1_1_1"
"3474","EPI_ISL_13990737",1,1,2,1,2,1,1,1,"1_1_2_1_2_1_1_1"
"3475","EPI_ISL_13990739",1,1,2,1,2,1,1,1,"1_1_2_1_2_1_1_1"
"3476","EPI_ISL_13990740",1,1,2,1,2,1,1,1,"1_1_2_1_2_1_1_1"
"3477","EPI_ISL_13990741",1,1,2,1,2,1,1,1,"1_1_2_1_2_1_1_1"
"3478","EPI_ISL_13990743",1,1,2,1,2,1,1,1,"1_1_2_1_2_1_1_1"
"3479","EPI_ISL_13990744",1,1,2,1,2,1,1,1,"1_1_2_1_2_1_1_1"
"3480","EPI_ISL_13990745",1,1,2,1,2,1,1,1,"1_1_2_1_2_1_1_1"
"3481","EPI_ISL_13990746",1,1,2,1,2,1,1,1,"1_1_2_1_2_1_1_1"
"3482","EPI_ISL_13990747",1,1,2,1,2,1,1,1,"1_1_2_1_2_1_1_1"
"3483","EPI_ISL_14064697",2,1,1,1,2,1,1,1,"2_1_1_1_2_1_1_1"
"3484","EPI_ISL_14064698",2,1,1,1,2,1,1,1,"2_1_1_1_2_1_1_1"
"3485","EPI_ISL_14064699",2,1,1,1,2,1,1,1,"2_1_1_1_2_1_1_1"
"3486","EPI_ISL_14064768",2,1,1,1,2,1,1,1,"2_1_1_1_2_1_1_1"
"3487","EPI_ISL_14064803",2,1,1,1,2,1,1,1,"2_1_1_1_2_1_1_1"
"3488","EPI_ISL_14064890",2,1,1,1,2,1,1,1,"2_1_1_1_2_1_1_1"
"3489","EPI_ISL_14064983",1,1,2,1,2,1,1,1,"1_1_2_1_2_1_1_1"
"3490","EPI_ISL_14388346",2,1,1,1,2,1,1,1,"2_1_1_1_2_1_1_1"
"3491","EPI_ISL_14388434",2,1,1,1,2,1,1,1,"2_1_1_1_2_1_1_1"
"3492","EPI_ISL_14391865",2,6,1,1,9,1,1,1,"2_6_1_1_9_1_1_1"
"3493","EPI_ISL_14392127",1,1,2,1,2,1,1,1,"1_1_2_1_2_1_1_1"
"3494","EPI_ISL_14469689",1,1,2,1,2,1,1,1,"1_1_2_1_2_1_1_1"
"3495","EPI_ISL_14469690",1,1,2,1,2,1,1,1,"1_1_2_1_2_1_1_1"
"3496","EPI_ISL_14469691",1,1,2,1,2,1,1,1,"1_1_2_1_2_1_1_1"
"3497","EPI_ISL_14469692",1,1,2,1,2,1,1,1,"1_1_2_1_2_1_1_1"
"3498","EPI_ISL_14469693",1,1,2,1,2,1,1,1,"1_1_2_1_2_1_1_1"
"3499","EPI_ISL_14494796",1,1,4,1,4,1,1,4,"1_1_4_1_4_1_1_4"
"3500","EPI_ISL_14494933",1,1,4,1,4,1,1,4,"1_1_4_1_4_1_1_4"
"3501","EPI_ISL_14572124",2,1,1,1,2,1,1,1,"2_1_1_1_2_1_1_1"
"3502","EPI_ISL_14573001",2,1,1,1,2,1,1,1,"2_1_1_1_2_1_1_1"
"3503","EPI_ISL_14573031",2,1,1,1,2,1,1,1,"2_1_1_1_2_1_1_1"
"3504","EPI_ISL_14573033",2,1,1,1,2,1,1,1,"2_1_1_1_2_1_1_1"
"3505","EPI_ISL_14573037",1,1,2,1,2,1,1,1,"1_1_2_1_2_1_1_1"
"3506","EPI_ISL_14573038",2,1,1,1,2,1,1,1,"2_1_1_1_2_1_1_1"
"3507","EPI_ISL_14573043",1,1,2,1,2,1,1,1,"1_1_2_1_2_1_1_1"
"3508","EPI_ISL_14573044",1,1,2,1,2,1,1,1,"1_1_2_1_2_1_1_1"
"3509","EPI_ISL_14573045",1,1,2,1,2,1,1,1,"1_1_2_1_2_1_1_1"
"3510","EPI_ISL_14573052",1,1,2,1,2,1,1,1,"1_1_2_1_2_1_1_1"
"3511","EPI_ISL_14573053",2,1,1,1,2,1,1,1,"2_1_1_1_2_1_1_1"
"3512","EPI_ISL_14573054",1,1,2,1,2,1,1,1,"1_1_2_1_2_1_1_1"
"3513","EPI_ISL_14637676",2,1,1,1,2,1,1,1,"2_1_1_1_2_1_1_1"
"3514","EPI_ISL_14638201",2,1,1,1,2,1,1,1,"2_1_1_1_2_1_1_1"
"3515","EPI_ISL_14646080",2,1,1,1,2,1,1,1,"2_1_1_1_2_1_1_1"
"3516","EPI_ISL_14760542",2,1,1,1,2,1,1,1,"2_1_1_1_2_1_1_1"
"3517","EPI_ISL_14760543",2,1,1,1,2,1,1,1,"2_1_1_1_2_1_1_1"
"3518","EPI_ISL_14760544",2,1,1,1,2,1,1,1,"2_1_1_1_2_1_1_1"
"3519","EPI_ISL_14760545",2,1,1,1,2,1,1,1,"2_1_1_1_2_1_1_1"
"3520","EPI_ISL_14760546",2,1,1,1,2,1,1,1,"2_1_1_1_2_1_1_1"
"3521","EPI_ISL_14760547",2,1,1,1,2,1,1,1,"2_1_1_1_2_1_1_1"
"3522","EPI_ISL_14760548",2,1,1,1,2,1,1,1,"2_1_1_1_2_1_1_1"
"3523","EPI_ISL_14760549",2,1,1,1,2,1,1,1,"2_1_1_1_2_1_1_1"
"3524","EPI_ISL_14760550",2,1,1,1,2,1,1,1,"2_1_1_1_2_1_1_1"
"3525","EPI_ISL_14760551",2,1,1,1,2,1,1,1,"2_1_1_1_2_1_1_1"
"3526","EPI_ISL_14760552",2,1,1,1,2,1,1,1,"2_1_1_1_2_1_1_1"
"3527","EPI_ISL_14760553",2,1,1,1,2,1,1,1,"2_1_1_1_2_1_1_1"
"3528","EPI_ISL_14760554",2,1,1,1,2,1,1,1,"2_1_1_1_2_1_1_1"
"3529","EPI_ISL_14760555",2,1,1,1,2,1,1,1,"2_1_1_1_2_1_1_1"
"3530","EPI_ISL_14760556",2,1,1,1,2,1,1,1,"2_1_1_1_2_1_1_1"
"3531","EPI_ISL_14760557",2,1,1,1,2,1,1,1,"2_1_1_1_2_1_1_1"
"3532","EPI_ISL_14760558",2,1,1,1,2,1,1,1,"2_1_1_1_2_1_1_1"
"3533","EPI_ISL_14760559",2,1,1,1,2,1,1,1,"2_1_1_1_2_1_1_1"
"3534","EPI_ISL_14760560",2,1,1,1,2,1,1,1,"2_1_1_1_2_1_1_1"
"3535","EPI_ISL_14760561",2,1,1,1,2,1,1,1,"2_1_1_1_2_1_1_1"
"3536","EPI_ISL_14760562",2,1,1,1,2,1,1,1,"2_1_1_1_2_1_1_1"
"3537","EPI_ISL_14760563",2,1,1,1,2,1,1,1,"2_1_1_1_2_1_1_1"
"3538","EPI_ISL_14760564",2,1,1,1,2,1,1,1,"2_1_1_1_2_1_1_1"
"3539","EPI_ISL_14760565",2,1,1,1,2,1,1,1,"2_1_1_1_2_1_1_1"
"3540","EPI_ISL_14760566",2,1,1,1,2,1,1,1,"2_1_1_1_2_1_1_1"
"3541","EPI_ISL_14760567",2,1,1,1,2,1,1,1,"2_1_1_1_2_1_1_1"
"3542","EPI_ISL_14760568",2,1,1,1,2,1,1,1,"2_1_1_1_2_1_1_1"
"3543","EPI_ISL_14760569",2,1,1,1,2,1,1,1,"2_1_1_1_2_1_1_1"
"3544","EPI_ISL_14760570",2,1,1,1,2,1,1,1,"2_1_1_1_2_1_1_1"
"3545","EPI_ISL_14760571",2,1,1,1,2,1,1,1,"2_1_1_1_2_1_1_1"
"3546","EPI_ISL_14760572",2,1,1,1,2,1,1,1,"2_1_1_1_2_1_1_1"
"3547","EPI_ISL_14760573",2,1,1,1,2,1,1,1,"2_1_1_1_2_1_1_1"
"3548","EPI_ISL_14760574",2,1,1,1,2,1,1,1,"2_1_1_1_2_1_1_1"
"3549","EPI_ISL_14760575",2,1,1,1,2,1,1,1,"2_1_1_1_2_1_1_1"
"3550","EPI_ISL_14760576",2,1,1,1,2,1,1,1,"2_1_1_1_2_1_1_1"
"3551","EPI_ISL_14760577",2,1,1,1,2,1,1,1,"2_1_1_1_2_1_1_1"
"3552","EPI_ISL_14760578",2,1,1,1,2,1,1,1,"2_1_1_1_2_1_1_1"
"3553","EPI_ISL_14760579",2,1,1,1,2,1,1,1,"2_1_1_1_2_1_1_1"
"3554","EPI_ISL_14760580",2,1,1,1,2,1,1,1,"2_1_1_1_2_1_1_1"
"3555","EPI_ISL_14760581",2,1,1,1,2,1,1,1,"2_1_1_1_2_1_1_1"
"3556","EPI_ISL_14760582",2,1,1,1,2,1,1,1,"2_1_1_1_2_1_1_1"
"3557","EPI_ISL_14760583",2,1,1,1,2,1,1,1,"2_1_1_1_2_1_1_1"
"3558","EPI_ISL_14760584",2,1,1,1,2,1,1,1,"2_1_1_1_2_1_1_1"
"3559","EPI_ISL_14760585",2,1,1,1,2,1,1,1,"2_1_1_1_2_1_1_1"
"3560","EPI_ISL_14760586",2,1,1,1,2,1,1,1,"2_1_1_1_2_1_1_1"
"3561","EPI_ISL_14760587",2,1,1,1,2,1,1,1,"2_1_1_1_2_1_1_1"
"3562","EPI_ISL_14760588",2,1,1,1,2,1,1,1,"2_1_1_1_2_1_1_1"
"3563","EPI_ISL_14760589",2,1,1,1,2,1,1,1,"2_1_1_1_2_1_1_1"
"3564","EPI_ISL_14760590",2,1,1,1,2,1,1,1,"2_1_1_1_2_1_1_1"
"3565","EPI_ISL_14760591",2,1,1,1,2,1,1,1,"2_1_1_1_2_1_1_1"
"3566","EPI_ISL_14760592",2,1,1,1,2,1,1,1,"2_1_1_1_2_1_1_1"
"3567","EPI_ISL_14760593",2,1,1,1,2,1,1,1,"2_1_1_1_2_1_1_1"
"3568","EPI_ISL_14760594",2,1,1,1,2,1,1,1,"2_1_1_1_2_1_1_1"
"3569","EPI_ISL_14760595",2,1,1,1,2,1,1,1,"2_1_1_1_2_1_1_1"
"3570","EPI_ISL_14760596",2,1,1,1,2,1,1,1,"2_1_1_1_2_1_1_1"
"3571","EPI_ISL_14760597",2,1,1,1,2,1,1,1,"2_1_1_1_2_1_1_1"
"3572","EPI_ISL_14760598",2,1,1,1,2,1,1,1,"2_1_1_1_2_1_1_1"
"3573","EPI_ISL_14760599",2,1,1,1,2,1,1,1,"2_1_1_1_2_1_1_1"
"3574","EPI_ISL_14760600",2,1,1,1,2,1,1,1,"2_1_1_1_2_1_1_1"
"3575","EPI_ISL_14760601",2,1,1,1,2,1,1,1,"2_1_1_1_2_1_1_1"
"3576","EPI_ISL_14760602",2,1,1,1,2,1,1,1,"2_1_1_1_2_1_1_1"
"3577","EPI_ISL_14760603",2,1,1,1,2,1,1,1,"2_1_1_1_2_1_1_1"
"3578","EPI_ISL_14760604",2,1,1,1,2,1,1,1,"2_1_1_1_2_1_1_1"
"3579","EPI_ISL_14760605",2,1,1,1,2,1,1,1,"2_1_1_1_2_1_1_1"
"3580","EPI_ISL_14760606",2,1,1,1,2,1,1,1,"2_1_1_1_2_1_1_1"
"3581","EPI_ISL_14760607",2,1,1,1,2,1,1,1,"2_1_1_1_2_1_1_1"
"3582","EPI_ISL_14760704",2,1,1,1,2,1,1,1,"2_1_1_1_2_1_1_1"
"3583","EPI_ISL_14760705",2,1,1,1,2,1,1,1,"2_1_1_1_2_1_1_1"
"3584","EPI_ISL_14760706",2,1,1,1,2,1,1,1,"2_1_1_1_2_1_1_1"
"3585","EPI_ISL_14760707",2,1,1,1,2,1,1,1,"2_1_1_1_2_1_1_1"
"3586","EPI_ISL_14760708",2,1,1,1,2,1,1,1,"2_1_1_1_2_1_1_1"
"3587","EPI_ISL_14760709",2,1,1,1,2,1,1,1,"2_1_1_1_2_1_1_1"
"3588","EPI_ISL_14760710",2,1,1,1,2,1,1,1,"2_1_1_1_2_1_1_1"
"3589","EPI_ISL_14760711",2,1,1,1,2,1,1,1,"2_1_1_1_2_1_1_1"
"3590","EPI_ISL_14760712",2,1,1,1,2,1,1,1,"2_1_1_1_2_1_1_1"
"3591","EPI_ISL_14760713",2,1,1,1,2,1,1,1,"2_1_1_1_2_1_1_1"
"3592","EPI_ISL_14760714",2,1,1,1,2,1,1,1,"2_1_1_1_2_1_1_1"
"3593","EPI_ISL_14760715",2,1,1,1,2,1,1,1,"2_1_1_1_2_1_1_1"
"3594","EPI_ISL_14760716",2,1,1,1,2,1,1,1,"2_1_1_1_2_1_1_1"
"3595","EPI_ISL_14760717",2,1,1,1,2,1,1,1,"2_1_1_1_2_1_1_1"
"3596","EPI_ISL_14760718",2,1,1,1,2,1,1,1,"2_1_1_1_2_1_1_1"
"3597","EPI_ISL_14760719",2,1,1,1,2,1,1,1,"2_1_1_1_2_1_1_1"
"3598","EPI_ISL_14760720",2,1,1,1,2,1,1,1,"2_1_1_1_2_1_1_1"
"3599","EPI_ISL_14760721",8,16,1,1,2,1,1,1,"8_16_1_1_2_1_1_1"
"3600","EPI_ISL_14760722",2,1,1,1,2,1,1,1,"2_1_1_1_2_1_1_1"
"3601","EPI_ISL_14760723",2,1,1,1,2,1,1,1,"2_1_1_1_2_1_1_1"
"3602","EPI_ISL_14760724",2,1,1,1,2,1,1,1,"2_1_1_1_2_1_1_1"
"3603","EPI_ISL_14760725",2,1,1,1,2,1,1,1,"2_1_1_1_2_1_1_1"
"3604","EPI_ISL_14760726",8,16,1,1,2,1,1,1,"8_16_1_1_2_1_1_1"
"3605","EPI_ISL_14760727",8,16,1,1,2,1,1,1,"8_16_1_1_2_1_1_1"
"3606","EPI_ISL_14760728",2,1,1,1,2,1,1,1,"2_1_1_1_2_1_1_1"
"3607","EPI_ISL_14760729",2,1,1,1,2,1,1,1,"2_1_1_1_2_1_1_1"
"3608","EPI_ISL_14760730",2,1,1,1,2,1,1,1,"2_1_1_1_2_1_1_1"
"3609","EPI_ISL_14760731",2,1,1,1,2,1,1,1,"2_1_1_1_2_1_1_1"
"3610","EPI_ISL_14760732",2,1,1,1,2,1,1,1,"2_1_1_1_2_1_1_1"
"3611","EPI_ISL_14760733",2,1,1,1,2,1,1,1,"2_1_1_1_2_1_1_1"
"3612","EPI_ISL_14760734",2,1,1,1,2,1,1,1,"2_1_1_1_2_1_1_1"
"3613","EPI_ISL_14760735",2,1,1,1,2,1,1,1,"2_1_1_1_2_1_1_1"
"3614","EPI_ISL_14760736",2,1,1,1,2,1,1,1,"2_1_1_1_2_1_1_1"
"3615","EPI_ISL_14760737",2,1,1,1,2,1,1,1,"2_1_1_1_2_1_1_1"
"3616","EPI_ISL_14760738",2,1,1,1,2,1,1,1,"2_1_1_1_2_1_1_1"
"3617","EPI_ISL_14760739",2,1,1,1,2,1,1,1,"2_1_1_1_2_1_1_1"
"3618","EPI_ISL_14760740",2,1,1,1,2,1,1,1,"2_1_1_1_2_1_1_1"
"3619","EPI_ISL_14760741",8,16,1,1,2,1,1,1,"8_16_1_1_2_1_1_1"
"3620","EPI_ISL_14760742",2,1,1,1,2,1,1,1,"2_1_1_1_2_1_1_1"
"3621","EPI_ISL_14760743",2,1,1,1,2,1,1,1,"2_1_1_1_2_1_1_1"
"3622","EPI_ISL_14760744",2,1,1,1,2,1,1,1,"2_1_1_1_2_1_1_1"
"3623","EPI_ISL_14760745",2,1,1,1,2,1,1,1,"2_1_1_1_2_1_1_1"
"3624","EPI_ISL_14760746",2,1,1,1,2,1,1,1,"2_1_1_1_2_1_1_1"
"3625","EPI_ISL_14760747",8,16,1,1,2,1,1,1,"8_16_1_1_2_1_1_1"
"3626","EPI_ISL_14760748",8,16,1,1,2,1,1,1,"8_16_1_1_2_1_1_1"
"3627","EPI_ISL_14760750",2,1,1,1,2,1,1,1,"2_1_1_1_2_1_1_1"
"3628","EPI_ISL_14760751",2,1,1,1,2,1,1,1,"2_1_1_1_2_1_1_1"
"3629","EPI_ISL_14760752",2,1,1,1,2,1,1,1,"2_1_1_1_2_1_1_1"
"3630","EPI_ISL_14760753",8,16,1,1,2,1,1,1,"8_16_1_1_2_1_1_1"
"3631","EPI_ISL_14760754",8,16,1,1,2,1,1,1,"8_16_1_1_2_1_1_1"
"3632","EPI_ISL_14760755",8,16,1,1,2,1,1,1,"8_16_1_1_2_1_1_1"
"3633","EPI_ISL_14760756",8,16,1,1,2,1,1,1,"8_16_1_1_2_1_1_1"
"3634","EPI_ISL_14760757",8,16,1,1,2,1,1,1,"8_16_1_1_2_1_1_1"
"3635","EPI_ISL_14760758",8,16,1,1,2,1,1,1,"8_16_1_1_2_1_1_1"
"3636","EPI_ISL_14760762",2,1,1,1,2,1,1,1,"2_1_1_1_2_1_1_1"
"3637","EPI_ISL_14760774",2,1,1,1,2,1,1,1,"2_1_1_1_2_1_1_1"
"3638","EPI_ISL_14760784",2,1,1,1,2,1,1,1,"2_1_1_1_2_1_1_1"
"3639","EPI_ISL_14760793",2,1,1,1,2,1,1,1,"2_1_1_1_2_1_1_1"
"3640","EPI_ISL_14760803",2,1,1,1,2,1,1,1,"2_1_1_1_2_1_1_1"
"3641","EPI_ISL_14760814",2,1,1,1,2,1,1,1,"2_1_1_1_2_1_1_1"
"3642","EPI_ISL_14760826",8,16,1,1,2,1,1,1,"8_16_1_1_2_1_1_1"
"3643","EPI_ISL_14760837",2,1,1,1,2,1,1,1,"2_1_1_1_2_1_1_1"
"3644","EPI_ISL_14760849",2,1,1,1,2,1,1,1,"2_1_1_1_2_1_1_1"
"3645","EPI_ISL_14760859",8,16,1,1,2,1,1,1,"8_16_1_1_2_1_1_1"
"3646","EPI_ISL_14760870",2,1,1,1,2,1,1,1,"2_1_1_1_2_1_1_1"
"3647","EPI_ISL_14760880",2,1,1,1,2,1,1,1,"2_1_1_1_2_1_1_1"
"3648","EPI_ISL_14760891",2,1,1,1,2,1,1,1,"2_1_1_1_2_1_1_1"
"3649","EPI_ISL_14760902",2,1,1,1,2,1,1,1,"2_1_1_1_2_1_1_1"
"3650","EPI_ISL_14760913",8,16,1,1,2,1,1,1,"8_16_1_1_2_1_1_1"
"3651","EPI_ISL_14760923",8,16,1,1,2,1,1,1,"8_16_1_1_2_1_1_1"
"3652","EPI_ISL_14760936",8,16,1,1,2,1,1,1,"8_16_1_1_2_1_1_1"
"3653","EPI_ISL_14760946",15,8,1,1,7,1,1,5,"15_8_1_1_7_1_1_5"
"3654","EPI_ISL_14760956",2,1,1,1,2,1,1,1,"2_1_1_1_2_1_1_1"
"3655","EPI_ISL_14760967",2,1,1,1,2,1,1,1,"2_1_1_1_2_1_1_1"
"3656","EPI_ISL_14760977",2,1,1,1,2,1,1,1,"2_1_1_1_2_1_1_1"
"3657","EPI_ISL_14760988",2,1,1,1,2,1,1,1,"2_1_1_1_2_1_1_1"
"3658","EPI_ISL_14760999",2,1,1,1,2,1,1,1,"2_1_1_1_2_1_1_1"
"3659","EPI_ISL_14761009",2,1,1,1,2,1,1,1,"2_1_1_1_2_1_1_1"
"3660","EPI_ISL_14761020",2,1,1,1,2,1,1,1,"2_1_1_1_2_1_1_1"
"3661","EPI_ISL_14761031",8,16,1,1,2,1,1,1,"8_16_1_1_2_1_1_1"
"3662","EPI_ISL_14761041",2,1,1,1,2,1,1,1,"2_1_1_1_2_1_1_1"
"3663","EPI_ISL_14761052",2,1,1,1,2,1,1,1,"2_1_1_1_2_1_1_1"
"3664","EPI_ISL_14761065",2,1,1,1,2,1,1,1,"2_1_1_1_2_1_1_1"
"3665","EPI_ISL_14761075",8,16,1,1,2,1,1,1,"8_16_1_1_2_1_1_1"
"3666","EPI_ISL_14761086",2,1,1,1,2,1,1,1,"2_1_1_1_2_1_1_1"
"3667","EPI_ISL_14761097",2,1,1,1,2,1,1,1,"2_1_1_1_2_1_1_1"
"3668","EPI_ISL_14761107",2,1,1,1,2,1,1,1,"2_1_1_1_2_1_1_1"
"3669","EPI_ISL_14761119",2,1,1,1,2,1,1,1,"2_1_1_1_2_1_1_1"
"3670","EPI_ISL_14761129",2,1,1,1,2,1,1,1,"2_1_1_1_2_1_1_1"
"3671","EPI_ISL_14761141",2,1,1,1,2,1,1,1,"2_1_1_1_2_1_1_1"
"3672","EPI_ISL_14761152",2,1,1,1,2,1,1,1,"2_1_1_1_2_1_1_1"
"3673","EPI_ISL_14761165",2,1,1,1,2,1,1,1,"2_1_1_1_2_1_1_1"
"3674","EPI_ISL_14761176",2,1,1,1,2,1,1,1,"2_1_1_1_2_1_1_1"
"3675","EPI_ISL_14761188",2,1,1,1,2,1,1,1,"2_1_1_1_2_1_1_1"
"3676","EPI_ISL_14761199",8,16,1,1,2,1,1,1,"8_16_1_1_2_1_1_1"
"3677","EPI_ISL_14761208",2,1,1,1,2,1,1,1,"2_1_1_1_2_1_1_1"
"3678","EPI_ISL_14761312",2,1,1,1,2,1,1,1,"2_1_1_1_2_1_1_1"
"3679","EPI_ISL_14761318",2,1,1,1,2,1,1,1,"2_1_1_1_2_1_1_1"
"3680","EPI_ISL_14761349",2,1,1,1,2,1,1,1,"2_1_1_1_2_1_1_1"
"3681","EPI_ISL_14761361",15,8,1,1,7,1,1,5,"15_8_1_1_7_1_1_5"
"3682","EPI_ISL_14761373",15,8,1,1,7,1,1,5,"15_8_1_1_7_1_1_5"
"3683","EPI_ISL_14761383",2,1,1,1,2,1,1,1,"2_1_1_1_2_1_1_1"
"3684","EPI_ISL_14761395",1,1,2,1,2,1,1,1,"1_1_2_1_2_1_1_1"
"3685","EPI_ISL_14761407",2,1,1,1,2,1,1,1,"2_1_1_1_2_1_1_1"
"3686","EPI_ISL_14761417",2,1,1,1,2,1,1,1,"2_1_1_1_2_1_1_1"
"3687","EPI_ISL_14761428",2,1,1,1,2,1,1,1,"2_1_1_1_2_1_1_1"
"3688","EPI_ISL_14761439",2,1,1,1,2,1,1,1,"2_1_1_1_2_1_1_1"
"3689","EPI_ISL_14761451",2,1,1,1,2,1,1,1,"2_1_1_1_2_1_1_1"
"3690","EPI_ISL_14761462",2,1,1,1,2,1,1,1,"2_1_1_1_2_1_1_1"
"3691","EPI_ISL_14822356",6,4,3,1,3,2,1,3,"6_4_3_1_3_2_1_3"
"3692","EPI_ISL_14822357",6,4,3,1,3,2,1,3,"6_4_3_1_3_2_1_3"
"3693","EPI_ISL_14822549",6,4,3,1,3,2,1,3,"6_4_3_1_3_2_1_3"
"3694","EPI_ISL_14822756",6,4,3,1,3,2,1,3,"6_4_3_1_3_2_1_3"
"3695","EPI_ISL_14871335",2,1,1,1,2,1,1,1,"2_1_1_1_2_1_1_1"
"3696","EPI_ISL_14871336",2,1,1,1,2,1,1,1,"2_1_1_1_2_1_1_1"
"3697","EPI_ISL_14871337",2,1,1,1,2,1,1,1,"2_1_1_1_2_1_1_1"
"3698","EPI_ISL_14871338",2,1,1,1,2,1,1,1,"2_1_1_1_2_1_1_1"
"3699","EPI_ISL_14871339",2,1,1,1,2,1,1,1,"2_1_1_1_2_1_1_1"
"3700","EPI_ISL_14932914",2,1,1,1,2,1,1,1,"2_1_1_1_2_1_1_1"
"3701","EPI_ISL_14933095",2,1,1,1,2,1,1,1,"2_1_1_1_2_1_1_1"
"3702","EPI_ISL_14933096",2,1,1,1,2,1,1,1,"2_1_1_1_2_1_1_1"
"3703","EPI_ISL_14933117",2,1,1,1,2,1,1,1,"2_1_1_1_2_1_1_1"
"3704","EPI_ISL_14936999",2,1,1,1,2,1,1,1,"2_1_1_1_2_1_1_1"
"3705","EPI_ISL_14937000",5,1,1,1,1,1,1,1,"5_1_1_1_1_1_1_1"
"3706","EPI_ISL_14937001",4,1,1,1,1,1,1,1,"4_1_1_1_1_1_1_1"
"3707","EPI_ISL_14937002",4,5,5,1,1,1,1,1,"4_5_5_1_1_1_1_1"
"3708","EPI_ISL_14937069",51,44,1,1,1,1,1,1,"51_44_1_1_1_1_1_1"
"3709","EPI_ISL_14937070",4,5,5,1,1,1,1,1,"4_5_5_1_1_1_1_1"
"3710","EPI_ISL_14937071",4,5,5,1,1,1,1,1,"4_5_5_1_1_1_1_1"
"3711","EPI_ISL_14937098",52,40,1,1,2,1,1,1,"52_40_1_1_2_1_1_1"
"3712","EPI_ISL_14937099",56,1,1,1,2,1,1,1,"56_1_1_1_2_1_1_1"
"3713","EPI_ISL_14937100",4,1,1,1,1,1,1,1,"4_1_1_1_1_1_1_1"
"3714","EPI_ISL_14937101",4,5,1,1,1,1,1,1,"4_5_1_1_1_1_1_1"
"3715","EPI_ISL_14937102",4,1,1,1,1,1,1,1,"4_1_1_1_1_1_1_1"
"3716","EPI_ISL_14937103",4,5,1,1,1,1,1,1,"4_5_1_1_1_1_1_1"
"3717","EPI_ISL_14937104",4,1,1,1,1,1,1,1,"4_1_1_1_1_1_1_1"
"3718","EPI_ISL_14937105",47,47,1,1,1,1,1,1,"47_47_1_1_1_1_1_1"
"3719","EPI_ISL_14937233",6,4,3,1,3,2,1,3,"6_4_3_1_3_2_1_3"
"3720","EPI_ISL_14973559",2,1,1,1,2,1,1,1,"2_1_1_1_2_1_1_1"
"3721","EPI_ISL_14973759",2,1,1,1,2,1,1,1,"2_1_1_1_2_1_1_1"
"3722","EPI_ISL_14973864",2,1,1,1,2,1,1,1,"2_1_1_1_2_1_1_1"
"3723","EPI_ISL_15063618",54,1,1,1,1,1,1,1,"54_1_1_1_1_1_1_1"
"3724","EPI_ISL_15063648",4,1,1,1,1,1,1,1,"4_1_1_1_1_1_1_1"
"3725","EPI_ISL_15063668",4,1,1,1,1,1,1,1,"4_1_1_1_1_1_1_1"
"3726","EPI_ISL_15063669",2,1,1,1,2,1,1,1,"2_1_1_1_2_1_1_1"
"3727","EPI_ISL_15063839",4,5,1,1,1,1,1,1,"4_5_1_1_1_1_1_1"
"3728","EPI_ISL_15063841",4,5,1,1,1,1,1,1,"4_5_1_1_1_1_1_1"
"3729","EPI_ISL_15063842",4,5,1,1,1,1,1,1,"4_5_1_1_1_1_1_1"
"3730","EPI_ISL_15063844",2,1,1,1,2,1,1,1,"2_1_1_1_2_1_1_1"
"3731","EPI_ISL_15063845",4,1,1,1,1,1,1,1,"4_1_1_1_1_1_1_1"
"3732","EPI_ISL_15063846",4,5,1,1,1,1,1,1,"4_5_1_1_1_1_1_1"
"3733","EPI_ISL_15215193",57,1,1,1,2,1,1,1,"57_1_1_1_2_1_1_1"
"3734","EPI_ISL_15350905",2,1,1,1,2,1,1,1,"2_1_1_1_2_1_1_1"
"3735","EPI_ISL_15518262",15,1,1,1,2,1,1,1,"15_1_1_1_2_1_1_1"
"3736","EPI_ISL_15518263",2,1,1,1,2,1,1,1,"2_1_1_1_2_1_1_1"
"3737","EPI_ISL_15518264",2,1,1,1,2,1,1,1,"2_1_1_1_2_1_1_1"
"3738","EPI_ISL_15518265",2,1,1,1,2,1,1,1,"2_1_1_1_2_1_1_1"
"3739","EPI_ISL_15518266",15,1,1,1,2,1,1,1,"15_1_1_1_2_1_1_1"
"3740","EPI_ISL_15518267",15,1,1,1,2,1,1,1,"15_1_1_1_2_1_1_1"
"3741","EPI_ISL_15518268",2,1,1,1,2,1,1,1,"2_1_1_1_2_1_1_1"
"3742","EPI_ISL_15518269",15,1,1,1,2,1,1,1,"15_1_1_1_2_1_1_1"
"3743","EPI_ISL_15518270",2,1,1,1,2,1,1,1,"2_1_1_1_2_1_1_1"
"3744","EPI_ISL_15518271",2,1,1,1,2,1,1,1,"2_1_1_1_2_1_1_1"
"3745","EPI_ISL_15535272",1,1,2,1,2,1,1,1,"1_1_2_1_2_1_1_1"
"3746","EPI_ISL_15699041",1,1,2,1,2,1,1,1,"1_1_2_1_2_1_1_1"
"3747","EPI_ISL_15759950",1,1,2,1,2,1,1,1,"1_1_2_1_2_1_1_1"
"3748","EPI_ISL_15759951",18,1,2,1,2,1,1,1,"18_1_2_1_2_1_1_1"
"3749","EPI_ISL_15759953",1,1,2,1,2,1,1,1,"1_1_2_1_2_1_1_1"
"3750","EPI_ISL_15813174",1,1,2,1,2,1,1,1,"1_1_2_1_2_1_1_1"
"3751","EPI_ISL_15814043",1,1,2,1,2,1,1,1,"1_1_2_1_2_1_1_1"
"3752","EPI_ISL_15837851",2,1,1,1,2,1,1,1,"2_1_1_1_2_1_1_1"
"3753","EPI_ISL_15838197",2,1,1,1,2,1,1,1,"2_1_1_1_2_1_1_1"
"3754","EPI_ISL_15838583",2,1,1,1,2,1,1,1,"2_1_1_1_2_1_1_1"
"3755","EPI_ISL_15944663",1,20,2,1,5,1,1,5,"1_20_2_1_5_1_1_5"
"3756","EPI_ISL_15944665",1,20,2,1,5,1,1,5,"1_20_2_1_5_1_1_5"
"3757","EPI_ISL_15944667",1,11,8,1,5,1,1,5,"1_11_8_1_5_1_1_5"
"3758","EPI_ISL_16013982",4,5,5,1,1,1,1,1,"4_5_5_1_1_1_1_1"
"3759","EPI_ISL_16014112",4,5,5,1,1,1,1,1,"4_5_5_1_1_1_1_1"
"3760","EPI_ISL_16014368",4,5,5,1,1,1,1,1,"4_5_5_1_1_1_1_1"
"3761","EPI_ISL_16014445",4,5,5,1,1,1,1,1,"4_5_5_1_1_1_1_1"
"3762","EPI_ISL_16014448",4,5,5,1,1,1,1,1,"4_5_5_1_1_1_1_1"
"3763","EPI_ISL_16014527",4,5,5,1,1,1,1,1,"4_5_5_1_1_1_1_1"
"3764","EPI_ISL_16014529",4,5,5,1,1,1,1,1,"4_5_5_1_1_1_1_1"
"3765","EPI_ISL_16096040",1,1,2,1,2,1,1,1,"1_1_2_1_2_1_1_1"
"3766","EPI_ISL_16096042",2,1,1,1,2,1,1,1,"2_1_1_1_2_1_1_1"
"3767","EPI_ISL_16096044",1,1,2,1,2,1,1,1,"1_1_2_1_2_1_1_1"
"3768","EPI_ISL_16096047",1,1,2,1,2,1,1,1,"1_1_2_1_2_1_1_1"
"3769","EPI_ISL_16113089",1,1,2,1,2,1,1,1,"1_1_2_1_2_1_1_1"
"3770","EPI_ISL_16113090",1,1,2,1,2,1,1,1,"1_1_2_1_2_1_1_1"
"3771","EPI_ISL_16189977",5,3,1,1,1,1,1,2,"5_3_1_1_1_1_1_2"
"3772","EPI_ISL_16189978",3,1,1,1,1,1,1,1,"3_1_1_1_1_1_1_1"
"3773","EPI_ISL_16189979",2,1,1,1,2,1,1,1,"2_1_1_1_2_1_1_1"
"3774","EPI_ISL_16189980",4,1,1,1,1,1,1,1,"4_1_1_1_1_1_1_1"
"3775","EPI_ISL_16189981",5,3,1,1,1,1,1,2,"5_3_1_1_1_1_1_2"
"3776","EPI_ISL_16189983",3,1,1,1,1,1,1,1,"3_1_1_1_1_1_1_1"
"3777","EPI_ISL_16190394",3,1,1,1,1,1,1,1,"3_1_1_1_1_1_1_1"
"3778","EPI_ISL_16190395",3,1,1,1,1,1,1,1,"3_1_1_1_1_1_1_1"
"3779","EPI_ISL_16190578",3,1,1,1,1,1,1,1,"3_1_1_1_1_1_1_1"
"3780","EPI_ISL_16190673",5,1,1,1,1,1,1,1,"5_1_1_1_1_1_1_1"
"3781","EPI_ISL_16190849",2,1,1,1,2,1,1,1,"2_1_1_1_2_1_1_1"
"3782","EPI_ISL_16190850",2,1,1,1,2,1,1,1,"2_1_1_1_2_1_1_1"
"3783","EPI_ISL_16199040",1,1,2,1,2,1,1,1,"1_1_2_1_2_1_1_1"
"3784","EPI_ISL_16206845",1,1,2,1,2,1,1,1,"1_1_2_1_2_1_1_1"
"3785","EPI_ISL_16243202",5,3,1,1,1,1,1,2,"5_3_1_1_1_1_1_2"
"3786","EPI_ISL_16243210",5,1,1,1,1,1,1,1,"5_1_1_1_1_1_1_1"
"3787","EPI_ISL_16243221",5,3,1,1,1,1,1,2,"5_3_1_1_1_1_1_2"
"3788","EPI_ISL_16243231",2,1,1,1,2,1,1,1,"2_1_1_1_2_1_1_1"
"3789","EPI_ISL_16243241",2,1,1,1,2,1,1,1,"2_1_1_1_2_1_1_1"
"3790","EPI_ISL_16243253",4,5,1,1,1,1,1,1,"4_5_1_1_1_1_1_1"
"3791","EPI_ISL_16243264",4,1,1,1,1,1,1,1,"4_1_1_1_1_1_1_1"
"3792","EPI_ISL_16243273",4,1,1,1,1,1,1,1,"4_1_1_1_1_1_1_1"
"3793","EPI_ISL_16243294",4,1,1,1,1,1,1,1,"4_1_1_1_1_1_1_1"
"3794","EPI_ISL_16243306",4,1,1,1,1,1,1,1,"4_1_1_1_1_1_1_1"
"3795","EPI_ISL_16243316",5,1,1,1,1,1,1,1,"5_1_1_1_1_1_1_1"
"3796","EPI_ISL_16243326",4,1,1,1,1,1,1,1,"4_1_1_1_1_1_1_1"
"3797","EPI_ISL_16243588",4,1,1,1,1,1,1,1,"4_1_1_1_1_1_1_1"
"3798","EPI_ISL_16243598",2,1,1,1,2,1,1,1,"2_1_1_1_2_1_1_1"
"3799","EPI_ISL_16243610",2,1,1,1,2,1,1,1,"2_1_1_1_2_1_1_1"
"3800","EPI_ISL_16243619",3,1,1,1,1,1,1,1,"3_1_1_1_1_1_1_1"
"3801","EPI_ISL_16243630",3,1,1,1,1,1,1,1,"3_1_1_1_1_1_1_1"
"3802","EPI_ISL_16243641",5,3,1,1,1,1,1,2,"5_3_1_1_1_1_1_2"
"3803","EPI_ISL_16243651",5,3,1,1,1,1,1,2,"5_3_1_1_1_1_1_2"
"3804","EPI_ISL_16243660",5,3,1,1,1,1,1,2,"5_3_1_1_1_1_1_2"
"3805","EPI_ISL_16243667",5,3,1,1,1,1,1,2,"5_3_1_1_1_1_1_2"
"3806","EPI_ISL_16243872",4,5,1,1,1,1,1,1,"4_5_1_1_1_1_1_1"
"3807","EPI_ISL_16243883",4,5,1,1,1,1,1,1,"4_5_1_1_1_1_1_1"
"3808","EPI_ISL_16243894",5,1,1,1,1,1,1,1,"5_1_1_1_1_1_1_1"
"3809","EPI_ISL_16243915",5,3,1,1,1,1,1,2,"5_3_1_1_1_1_1_2"
"3810","EPI_ISL_16243926",5,3,1,1,1,1,1,2,"5_3_1_1_1_1_1_2"
"3811","EPI_ISL_16243948",2,1,1,1,2,1,1,1,"2_1_1_1_2_1_1_1"
"3812","EPI_ISL_16243958",2,1,1,1,2,1,1,1,"2_1_1_1_2_1_1_1"
"3813","EPI_ISL_16248229",4,5,5,1,1,1,1,1,"4_5_5_1_1_1_1_1"
"3814","EPI_ISL_16297060",3,1,1,1,1,1,1,1,"3_1_1_1_1_1_1_1"
"3815","EPI_ISL_16297061",9,9,7,1,1,1,1,1,"9_9_7_1_1_1_1_1"
"3816","EPI_ISL_16297062",5,3,1,1,1,1,1,2,"5_3_1_1_1_1_1_2"
"3817","EPI_ISL_16297063",4,3,1,1,1,1,1,2,"4_3_1_1_1_1_1_2"
"3818","EPI_ISL_16297064",3,1,1,1,1,1,1,1,"3_1_1_1_1_1_1_1"
"3819","EPI_ISL_16297065",9,9,7,1,1,1,1,1,"9_9_7_1_1_1_1_1"
"3820","EPI_ISL_16297066",9,9,7,1,1,1,1,1,"9_9_7_1_1_1_1_1"
"3821","EPI_ISL_16297067",5,3,1,1,1,1,1,2,"5_3_1_1_1_1_1_2"
"3822","EPI_ISL_16297068",9,9,7,1,1,1,1,1,"9_9_7_1_1_1_1_1"
"3823","EPI_ISL_16297069",9,9,7,1,1,1,1,1,"9_9_7_1_1_1_1_1"
"3824","EPI_ISL_16297070",5,3,1,1,1,1,1,2,"5_3_1_1_1_1_1_2"
"3825","EPI_ISL_16297071",5,3,1,1,1,1,1,2,"5_3_1_1_1_1_1_2"
"3826","EPI_ISL_16297072",5,3,1,1,1,1,1,2,"5_3_1_1_1_1_1_2"
"3827","EPI_ISL_16297073",2,1,1,1,2,1,1,1,"2_1_1_1_2_1_1_1"
"3828","EPI_ISL_16297074",2,1,1,1,2,1,1,1,"2_1_1_1_2_1_1_1"
"3829","EPI_ISL_16297075",4,5,1,1,1,1,1,1,"4_5_1_1_1_1_1_1"
"3830","EPI_ISL_16297076",4,5,1,1,1,1,1,1,"4_5_1_1_1_1_1_1"
"3831","EPI_ISL_16297077",9,9,7,1,1,1,1,1,"9_9_7_1_1_1_1_1"
"3832","EPI_ISL_16297078",5,3,1,1,1,1,1,2,"5_3_1_1_1_1_1_2"
"3833","EPI_ISL_16297079",14,1,1,1,2,1,1,1,"14_1_1_1_2_1_1_1"
"3834","EPI_ISL_16297080",14,1,1,1,2,1,1,1,"14_1_1_1_2_1_1_1"
"3835","EPI_ISL_16297081",5,3,1,1,1,1,1,2,"5_3_1_1_1_1_1_2"
"3836","EPI_ISL_16297082",9,9,7,1,1,1,1,1,"9_9_7_1_1_1_1_1"
"3837","EPI_ISL_16297083",9,9,7,1,1,1,1,1,"9_9_7_1_1_1_1_1"
"3838","EPI_ISL_16297084",9,9,7,1,1,1,1,1,"9_9_7_1_1_1_1_1"
"3839","EPI_ISL_16297085",5,3,1,1,1,1,1,2,"5_3_1_1_1_1_1_2"
"3840","EPI_ISL_16297086",9,9,7,1,1,1,1,1,"9_9_7_1_1_1_1_1"
"3841","EPI_ISL_16297117",5,3,1,1,1,1,1,2,"5_3_1_1_1_1_1_2"
"3842","EPI_ISL_16297118",5,3,1,1,1,1,1,2,"5_3_1_1_1_1_1_2"
"3843","EPI_ISL_16297119",9,9,7,1,1,1,1,1,"9_9_7_1_1_1_1_1"
"3844","EPI_ISL_16297120",9,9,7,1,1,1,1,1,"9_9_7_1_1_1_1_1"
"3845","EPI_ISL_16297121",5,3,1,1,1,1,1,2,"5_3_1_1_1_1_1_2"
"3846","EPI_ISL_16297122",9,9,7,1,1,1,1,1,"9_9_7_1_1_1_1_1"
"3847","EPI_ISL_16297123",4,1,1,1,1,1,1,1,"4_1_1_1_1_1_1_1"
"3848","EPI_ISL_16297124",4,1,1,1,1,1,1,1,"4_1_1_1_1_1_1_1"
"3849","EPI_ISL_16297125",9,9,7,1,1,1,1,1,"9_9_7_1_1_1_1_1"
"3850","EPI_ISL_16297126",4,1,1,1,1,1,1,1,"4_1_1_1_1_1_1_1"
"3851","EPI_ISL_16297127",9,9,7,1,1,1,1,1,"9_9_7_1_1_1_1_1"
"3852","EPI_ISL_16297128",5,3,1,1,1,1,1,2,"5_3_1_1_1_1_1_2"
"3853","EPI_ISL_16297129",5,3,1,1,1,1,1,2,"5_3_1_1_1_1_1_2"
"3854","EPI_ISL_16297130",4,1,1,1,1,1,1,2,"4_1_1_1_1_1_1_2"
"3855","EPI_ISL_16297131",14,29,1,1,1,1,1,2,"14_29_1_1_1_1_1_2"
"3856","EPI_ISL_16297132",14,29,1,1,1,1,1,2,"14_29_1_1_1_1_1_2"
"3857","EPI_ISL_16297133",5,3,1,1,1,1,1,2,"5_3_1_1_1_1_1_2"
"3858","EPI_ISL_16297134",4,1,1,1,1,1,1,2,"4_1_1_1_1_1_1_2"
"3859","EPI_ISL_16297135",5,3,1,1,1,1,1,2,"5_3_1_1_1_1_1_2"
"3860","EPI_ISL_16297136",5,3,1,1,1,1,1,2,"5_3_1_1_1_1_1_2"
"3861","EPI_ISL_16297137",5,3,1,1,1,1,1,2,"5_3_1_1_1_1_1_2"
"3862","EPI_ISL_16297138",9,9,7,1,1,1,1,1,"9_9_7_1_1_1_1_1"
"3863","EPI_ISL_16297139",4,5,1,1,1,1,1,1,"4_5_1_1_1_1_1_1"
"3864","EPI_ISL_16297140",5,3,1,1,1,1,1,2,"5_3_1_1_1_1_1_2"
"3865","EPI_ISL_16297141",4,1,1,1,1,1,1,2,"4_1_1_1_1_1_1_2"
"3866","EPI_ISL_16297142",4,5,1,1,1,1,1,1,"4_5_1_1_1_1_1_1"
"3867","EPI_ISL_16297328",5,3,1,1,1,1,1,2,"5_3_1_1_1_1_1_2"
"3868","EPI_ISL_16297329",3,1,1,1,1,1,1,1,"3_1_1_1_1_1_1_1"
"3869","EPI_ISL_16297330",5,3,1,1,1,1,1,2,"5_3_1_1_1_1_1_2"
"3870","EPI_ISL_16297336",5,1,1,1,1,1,1,1,"5_1_1_1_1_1_1_1"
"3871","EPI_ISL_16297337",5,3,1,1,1,1,1,2,"5_3_1_1_1_1_1_2"
"3872","EPI_ISL_16297338",9,9,7,1,1,1,1,1,"9_9_7_1_1_1_1_1"
"3873","EPI_ISL_16297339",9,9,7,1,1,1,1,1,"9_9_7_1_1_1_1_1"
"3874","EPI_ISL_16297340",5,3,1,1,1,1,1,2,"5_3_1_1_1_1_1_2"
"3875","EPI_ISL_16297341",4,1,1,1,1,1,1,2,"4_1_1_1_1_1_1_2"
"3876","EPI_ISL_16297342",5,3,1,1,1,1,1,2,"5_3_1_1_1_1_1_2"
"3877","EPI_ISL_16297343",4,1,1,1,1,1,1,2,"4_1_1_1_1_1_1_2"
"3878","EPI_ISL_16297344",5,3,1,1,1,1,1,2,"5_3_1_1_1_1_1_2"
"3879","EPI_ISL_16297345",9,9,7,1,1,1,1,1,"9_9_7_1_1_1_1_1"
"3880","EPI_ISL_16297346",9,9,7,1,1,1,1,1,"9_9_7_1_1_1_1_1"
"3881","EPI_ISL_16297347",9,9,7,1,1,1,1,1,"9_9_7_1_1_1_1_1"
"3882","EPI_ISL_16297348",9,9,7,1,1,1,1,1,"9_9_7_1_1_1_1_1"
"3883","EPI_ISL_16297349",9,9,7,1,1,1,1,1,"9_9_7_1_1_1_1_1"
"3884","EPI_ISL_16297350",4,1,1,1,1,1,1,2,"4_1_1_1_1_1_1_2"
"3885","EPI_ISL_16297351",5,3,1,1,1,1,1,2,"5_3_1_1_1_1_1_2"
"3886","EPI_ISL_16297352",9,9,7,1,1,1,1,1,"9_9_7_1_1_1_1_1"
"3887","EPI_ISL_16297353",5,3,1,1,1,1,1,2,"5_3_1_1_1_1_1_2"
"3888","EPI_ISL_16297354",5,3,1,1,1,1,1,2,"5_3_1_1_1_1_1_2"
"3889","EPI_ISL_16297355",5,3,1,1,1,1,1,2,"5_3_1_1_1_1_1_2"
"3890","EPI_ISL_16297356",5,3,1,1,1,1,1,2,"5_3_1_1_1_1_1_2"
"3891","EPI_ISL_16297357",9,9,7,1,1,1,1,1,"9_9_7_1_1_1_1_1"
"3892","EPI_ISL_16297358",5,3,1,1,1,1,1,2,"5_3_1_1_1_1_1_2"
"3893","EPI_ISL_16297359",5,3,1,1,1,1,1,2,"5_3_1_1_1_1_1_2"
"3894","EPI_ISL_16297360",5,3,1,1,1,1,1,2,"5_3_1_1_1_1_1_2"
"3895","EPI_ISL_16297361",5,3,1,1,1,1,1,2,"5_3_1_1_1_1_1_2"
"3896","EPI_ISL_16297362",4,1,1,1,1,1,1,2,"4_1_1_1_1_1_1_2"
"3897","EPI_ISL_16297363",4,5,1,1,1,1,1,1,"4_5_1_1_1_1_1_1"
"3898","EPI_ISL_16297364",5,3,1,1,1,1,1,2,"5_3_1_1_1_1_1_2"
"3899","EPI_ISL_16297365",5,3,1,1,1,1,1,2,"5_3_1_1_1_1_1_2"
"3900","EPI_ISL_16297366",4,5,5,1,1,1,1,1,"4_5_5_1_1_1_1_1"
"3901","EPI_ISL_16297367",4,1,1,1,1,1,1,2,"4_1_1_1_1_1_1_2"
"3902","EPI_ISL_16297368",5,3,1,1,1,1,1,2,"5_3_1_1_1_1_1_2"
"3903","EPI_ISL_16297369",4,1,1,1,1,1,1,2,"4_1_1_1_1_1_1_2"
"3904","EPI_ISL_16297370",3,1,1,1,1,1,1,1,"3_1_1_1_1_1_1_1"
"3905","EPI_ISL_16297371",9,9,7,1,1,1,1,1,"9_9_7_1_1_1_1_1"
"3906","EPI_ISL_16297372",4,1,1,1,1,1,1,2,"4_1_1_1_1_1_1_2"
"3907","EPI_ISL_16297373",4,1,1,1,1,1,1,2,"4_1_1_1_1_1_1_2"
"3908","EPI_ISL_16297374",4,1,1,1,1,1,1,2,"4_1_1_1_1_1_1_2"
"3909","EPI_ISL_16297375",4,5,5,1,1,1,1,1,"4_5_5_1_1_1_1_1"
"3910","EPI_ISL_16297376",9,9,7,1,1,1,1,1,"9_9_7_1_1_1_1_1"
"3911","EPI_ISL_16297377",5,3,1,1,1,1,1,2,"5_3_1_1_1_1_1_2"
"3912","EPI_ISL_16297378",5,3,1,1,1,1,1,2,"5_3_1_1_1_1_1_2"
"3913","EPI_ISL_16297379",5,3,1,1,1,1,1,2,"5_3_1_1_1_1_1_2"
"3914","EPI_ISL_16297380",5,3,1,1,1,1,1,2,"5_3_1_1_1_1_1_2"
"3915","EPI_ISL_16297381",4,5,5,1,1,1,1,1,"4_5_5_1_1_1_1_1"
"3916","EPI_ISL_16297382",5,3,1,1,1,1,1,2,"5_3_1_1_1_1_1_2"
"3917","EPI_ISL_17529369",1,1,2,1,2,1,1,1,"1_1_2_1_2_1_1_1"
"3918","EPI_ISL_17529370",1,1,2,1,2,1,1,1,"1_1_2_1_2_1_1_1"
"3919","EPI_ISL_17529371",1,1,2,1,2,1,1,1,"1_1_2_1_2_1_1_1"
"3920","EPI_ISL_17529372",1,1,2,1,2,1,1,1,"1_1_2_1_2_1_1_1"
"3921","EPI_ISL_15957906",1,1,2,1,2,1,1,1,"1_1_2_1_2_1_1_1"
"3922","EPI_ISL_15957885",1,1,2,1,2,1,1,1,"1_1_2_1_2_1_1_1"
"3923","EPI_ISL_15957844",1,1,2,1,2,1,1,1,"1_1_2_1_2_1_1_1"
"3924","EPI_ISL_15957684",1,1,2,1,2,1,1,1,"1_1_2_1_2_1_1_1"
"3925","EPI_ISL_11922811",1,1,2,1,2,1,1,1,"1_1_2_1_2_1_1_1"
"3926","EPI_ISL_16838578",2,1,1,1,2,1,1,1,"2_1_1_1_2_1_1_1"
"3927","EPI_ISL_16297332",5,3,1,1,1,1,1,2,"5_3_1_1_1_1_1_2"
"3928","EPI_ISL_14761291",8,16,1,1,2,1,1,1,"8_16_1_1_2_1_1_1"
"3929","EPI_ISL_12512879",1,1,2,1,2,1,1,1,"1_1_2_1_2_1_1_1"
"3930","EPI_ISL_14389133",2,1,1,1,2,1,1,1,"2_1_1_1_2_1_1_1"
"3931","EPI_ISL_9690841",1,1,2,1,2,1,1,1,"1_1_2_1_2_1_1_1"
"3932","EPI_ISL_16113230",1,1,2,1,2,1,1,1,"1_1_2_1_2_1_1_1"
"3933","EPI_ISL_16113229",1,1,2,1,2,1,1,1,"1_1_2_1_2_1_1_1"
"3934","EPI_ISL_16113225",1,1,2,1,2,1,1,1,"1_1_2_1_2_1_1_1"
"3935","EPI_ISL_14933722",2,1,1,1,2,1,1,1,"2_1_1_1_2_1_1_1"
"3936","EPI_ISL_11922815",15,8,1,1,7,1,1,5,"15_8_1_1_7_1_1_5"
"3937","EPI_ISL_11922814",2,1,1,1,2,1,1,1,"2_1_1_1_2_1_1_1"
"3938","EPI_ISL_11922813",28,1,19,1,12,1,1,5,"28_1_19_1_12_1_1_5"
"3939","EPI_ISL_14770166",13,12,6,2,2,2,1,3,"13_12_6_2_2_2_1_3"
"3940","EPI_ISL_15957998",1,1,2,1,2,1,1,1,"1_1_2_1_2_1_1_1"
"3941","EPI_ISL_15957984",1,1,2,1,2,1,1,1,"1_1_2_1_2_1_1_1"
"3942","EPI_ISL_15957972",1,1,2,1,2,1,1,1,"1_1_2_1_2_1_1_1"
"3943","EPI_ISL_15957940",1,1,2,1,2,1,1,1,"1_1_2_1_2_1_1_1"
"3944","EPI_ISL_15957933",1,1,2,1,2,1,1,1,"1_1_2_1_2_1_1_1"
"3945","EPI_ISL_15957925",1,1,2,1,2,1,1,1,"1_1_2_1_2_1_1_1"
"3946","EPI_ISL_15957919",1,1,2,1,2,1,1,1,"1_1_2_1_2_1_1_1"
"3947","EPI_ISL_15957899",1,1,2,1,2,1,1,1,"1_1_2_1_2_1_1_1"
"3948","EPI_ISL_15957865",1,1,2,1,2,1,1,1,"1_1_2_1_2_1_1_1"
"3949","EPI_ISL_15957857",1,1,2,1,2,1,1,1,"1_1_2_1_2_1_1_1"
"3950","EPI_ISL_15957837",1,1,2,1,2,1,1,1,"1_1_2_1_2_1_1_1"
"3951","EPI_ISL_15957830",1,1,2,1,2,1,1,1,"1_1_2_1_2_1_1_1"
"3952","EPI_ISL_15957817",1,1,2,1,2,1,1,1,"1_1_2_1_2_1_1_1"
"3953","EPI_ISL_15957810",1,1,2,1,2,1,1,1,"1_1_2_1_2_1_1_1"
"3954","EPI_ISL_15957804",1,1,2,1,2,1,1,1,"1_1_2_1_2_1_1_1"
"3955","EPI_ISL_15957798",1,1,2,1,2,1,1,1,"1_1_2_1_2_1_1_1"
"3956","EPI_ISL_15957731",1,1,2,1,2,1,1,1,"1_1_2_1_2_1_1_1"
"3957","EPI_ISL_15957730",1,1,2,1,2,1,1,1,"1_1_2_1_2_1_1_1"
"3958","EPI_ISL_15957708",1,1,2,1,2,1,1,1,"1_1_2_1_2_1_1_1"
"3959","EPI_ISL_15957702",1,1,4,1,4,1,1,4,"1_1_4_1_4_1_1_4"
"3960","EPI_ISL_15957690",1,1,2,1,2,1,1,1,"1_1_2_1_2_1_1_1"
"3961","EPI_ISL_15957666",1,1,2,1,2,1,1,1,"1_1_2_1_2_1_1_1"
"3962","EPI_ISL_15957635",1,1,2,1,2,1,1,1,"1_1_2_1_2_1_1_1"
"3963","EPI_ISL_15957624",1,1,4,1,4,1,1,4,"1_1_4_1_4_1_1_4"
"3964","EPI_ISL_15957618",1,1,2,1,2,1,1,1,"1_1_2_1_2_1_1_1"
"3965","EPI_ISL_14761281",8,16,1,1,2,1,1,1,"8_16_1_1_2_1_1_1"
"3966","EPI_ISL_14761232",8,16,1,1,2,1,1,1,"8_16_1_1_2_1_1_1"
"3967","EPI_ISL_14761272",8,1,1,1,2,1,1,1,"8_1_1_1_2_1_1_1"
"3968","EPI_ISL_12176931",6,4,3,1,3,2,1,3,"6_4_3_1_3_2_1_3"
"3969","EPI_ISL_8416806",1,1,2,1,2,1,1,1,"1_1_2_1_2_1_1_1"
"3970","EPI_ISL_15957912",1,1,2,1,2,1,1,1,"1_1_2_1_2_1_1_1"
"3971","EPI_ISL_11259263",2,1,1,1,2,1,1,1,"2_1_1_1_2_1_1_1"
"3972","EPI_ISL_11259262",2,1,1,1,2,1,1,1,"2_1_1_1_2_1_1_1"
"3973","EPI_ISL_11259261",2,1,1,1,2,1,1,1,"2_1_1_1_2_1_1_1"
"3974","EPI_ISL_12471663",1,1,2,1,2,1,1,1,"1_1_2_1_2_1_1_1"
"3975","EPI_ISL_12471662",1,1,2,1,2,1,1,1,"1_1_2_1_2_1_1_1"
"3976","EPI_ISL_12471661",1,1,2,1,2,1,1,1,"1_1_2_1_2_1_1_1"
"3977","EPI_ISL_12471660",1,1,2,1,2,1,1,1,"1_1_2_1_2_1_1_1"
"3978","EPI_ISL_12471658",1,1,2,1,2,1,1,1,"1_1_2_1_2_1_1_1"
"3979","EPI_ISL_12471657",1,1,2,1,2,1,1,1,"1_1_2_1_2_1_1_1"
"3980","EPI_ISL_12471656",1,1,2,1,2,1,1,1,"1_1_2_1_2_1_1_1"
"3981","EPI_ISL_12471655",1,1,2,1,2,1,1,1,"1_1_2_1_2_1_1_1"
"3982","EPI_ISL_14761473",2,1,1,1,2,1,1,1,"2_1_1_1_2_1_1_1"
"3983","EPI_ISL_14761338",2,1,1,1,2,1,1,1,"2_1_1_1_2_1_1_1"
"3984","EPI_ISL_14761302",2,1,1,1,2,1,1,1,"2_1_1_1_2_1_1_1"
"3985","EPI_ISL_14761261",2,1,1,1,2,1,1,1,"2_1_1_1_2_1_1_1"
"3986","EPI_ISL_15813940",1,1,2,1,2,1,1,1,"1_1_2_1_2_1_1_1"
"3987","EPI_ISL_16838580",2,1,1,1,2,1,1,1,"2_1_1_1_2_1_1_1"
"3988","EPI_ISL_16838579",2,1,1,1,2,1,1,1,"2_1_1_1_2_1_1_1"
"3989","EPI_ISL_10497305",2,1,1,1,9,1,1,1,"2_1_1_1_9_1_1_1"
"3990","EPI_ISL_14393126",1,1,2,1,2,1,1,1,"1_1_2_1_2_1_1_1"
"3991","EPI_ISL_14393097",1,1,2,1,2,1,1,1,"1_1_2_1_2_1_1_1"
"3992","EPI_ISL_16244526",2,1,1,1,2,1,1,1,"2_1_1_1_2_1_1_1"
"3993","EPI_ISL_16023453",3,1,1,1,1,1,1,1,"3_1_1_1_1_1_1_1"
"3994","EPI_ISL_16023452",5,1,1,1,1,1,1,1,"5_1_1_1_1_1_1_1"
"3995","EPI_ISL_16023451",3,1,1,1,1,1,1,1,"3_1_1_1_1_1_1_1"
"3996","EPI_ISL_16023450",3,1,1,1,1,1,1,1,"3_1_1_1_1_1_1_1"
"3997","EPI_ISL_16023449",3,1,1,1,1,1,1,1,"3_1_1_1_1_1_1_1"
"3998","EPI_ISL_16023377",3,1,1,1,1,1,1,1,"3_1_1_1_1_1_1_1"
"3999","EPI_ISL_16023376",5,3,1,1,1,1,1,2,"5_3_1_1_1_1_1_2"
"4000","EPI_ISL_16023375",5,3,1,1,1,1,1,2,"5_3_1_1_1_1_1_2"
"4001","EPI_ISL_16023374",5,3,1,1,1,1,1,2,"5_3_1_1_1_1_1_2"
"4002","EPI_ISL_16023372",5,3,1,1,1,1,1,2,"5_3_1_1_1_1_1_2"
"4003","EPI_ISL_16023371",5,3,1,1,1,1,1,2,"5_3_1_1_1_1_1_2"
"4004","EPI_ISL_16023370",3,1,1,1,1,1,1,1,"3_1_1_1_1_1_1_1"
"4005","EPI_ISL_16023345",5,3,1,1,1,1,1,2,"5_3_1_1_1_1_1_2"
"4006","EPI_ISL_16243970",4,5,5,1,1,1,1,1,"4_5_5_1_1_1_1_1"
"4007","EPI_ISL_16240637",4,5,5,1,1,1,1,1,"4_5_5_1_1_1_1_1"
"4008","EPI_ISL_16240636",4,5,5,1,1,1,1,1,"4_5_5_1_1_1_1_1"
"4009","EPI_ISL_16240635",4,5,5,1,1,1,1,1,"4_5_5_1_1_1_1_1"
"4010","EPI_ISL_16240634",4,5,5,1,1,1,1,1,"4_5_5_1_1_1_1_1"
"4011","EPI_ISL_14810369",2,1,1,1,2,1,1,1,"2_1_1_1_2_1_1_1"
"4012","EPI_ISL_14770172",6,4,3,1,3,2,1,3,"6_4_3_1_3_2_1_3"
"4013","EPI_ISL_14770165",6,4,3,1,3,2,1,3,"6_4_3_1_3_2_1_3"
"4014","EPI_ISL_14770164",6,4,3,1,3,2,1,3,"6_4_3_1_3_2_1_3"
"4015","EPI_ISL_14770163",6,4,3,1,3,2,1,3,"6_4_3_1_3_2_1_3"
"4016","EPI_ISL_14770162",6,4,3,1,3,2,1,3,"6_4_3_1_3_2_1_3"
"4017","EPI_ISL_15072540",2,1,1,1,2,1,1,1,"2_1_1_1_2_1_1_1"
"4018","EPI_ISL_15072539",2,1,1,1,2,1,1,1,"2_1_1_1_2_1_1_1"
"4019","EPI_ISL_14065167",2,1,1,1,2,1,1,1,"2_1_1_1_2_1_1_1"
"4020","EPI_ISL_14064988",2,1,1,1,2,1,1,1,"2_1_1_1_2_1_1_1"
"4021","EPI_ISL_14064986",2,1,1,1,2,1,1,1,"2_1_1_1_2_1_1_1"
"4022","EPI_ISL_14171741",1,1,2,1,2,1,1,1,"1_1_2_1_2_1_1_1"
"4023","EPI_ISL_14171729",1,1,2,1,2,1,1,1,"1_1_2_1_2_1_1_1"
"4024","EPI_ISL_14163715",1,1,2,1,2,1,1,1,"1_1_2_1_2_1_1_1"
"4025","EPI_ISL_14163714",1,1,36,1,4,1,1,4,"1_1_36_1_4_1_1_4"
"4026","EPI_ISL_14163713",1,1,2,1,2,1,1,1,"1_1_2_1_2_1_1_1"
"4027","EPI_ISL_14163712",1,1,4,1,4,1,1,4,"1_1_4_1_4_1_1_4"
"4028","EPI_ISL_14163711",1,1,2,1,2,1,1,1,"1_1_2_1_2_1_1_1"
"4029","EPI_ISL_13778526",1,1,2,1,2,1,1,1,"1_1_2_1_2_1_1_1"
"4030","EPI_ISL_13778525",1,1,2,1,2,1,1,1,"1_1_2_1_2_1_1_1"
"4031","EPI_ISL_13778524",1,1,2,1,2,1,1,1,"1_1_2_1_2_1_1_1"
"4032","EPI_ISL_13778523",1,1,2,1,2,1,1,1,"1_1_2_1_2_1_1_1"
"4033","EPI_ISL_13778522",1,1,2,1,2,1,1,1,"1_1_2_1_2_1_1_1"
"4034","EPI_ISL_13778479",1,1,2,1,2,1,1,1,"1_1_2_1_2_1_1_1"
"4035","EPI_ISL_13778478",1,1,2,1,2,1,1,1,"1_1_2_1_2_1_1_1"
"4036","EPI_ISL_13778477",1,1,2,1,2,1,1,1,"1_1_2_1_2_1_1_1"
"4037","EPI_ISL_13778476",1,1,2,1,2,1,1,1,"1_1_2_1_2_1_1_1"
"4038","EPI_ISL_13778475",1,1,2,1,2,1,1,1,"1_1_2_1_2_1_1_1"
"4039","EPI_ISL_13778474",1,1,4,1,4,1,1,4,"1_1_4_1_4_1_1_4"
"4040","EPI_ISL_13778469",1,1,4,1,4,1,1,4,"1_1_4_1_4_1_1_4"
"4041","EPI_ISL_13778468",1,1,4,1,4,1,1,4,"1_1_4_1_4_1_1_4"
"4042","EPI_ISL_13778467",1,1,2,1,2,1,1,1,"1_1_2_1_2_1_1_1"
"4043","EPI_ISL_13778464",1,1,2,1,2,1,1,1,"1_1_2_1_2_1_1_1"
"4044","EPI_ISL_13778462",1,1,2,1,2,1,1,1,"1_1_2_1_2_1_1_1"
"4045","EPI_ISL_13201050",1,1,2,1,2,1,1,1,"1_1_2_1_2_1_1_1"
"4046","EPI_ISL_11112360",1,1,2,1,2,1,1,1,"1_1_2_1_2_1_1_1"
"4047","EPI_ISL_11112358",1,1,2,1,2,1,1,1,"1_1_2_1_2_1_1_1"
"4048","EPI_ISL_11112356",1,1,2,1,2,1,1,1,"1_1_2_1_2_1_1_1"
"4049","EPI_ISL_11112354",1,1,2,1,2,1,1,1,"1_1_2_1_2_1_1_1"
"4050","EPI_ISL_11112352",1,1,2,1,2,1,1,1,"1_1_2_1_2_1_1_1"
"4051","EPI_ISL_11112350",1,1,2,1,2,1,1,1,"1_1_2_1_2_1_1_1"
"4052","EPI_ISL_11112346",1,1,2,1,2,1,1,1,"1_1_2_1_2_1_1_1"
"4053","EPI_ISL_11112344",1,1,2,1,2,1,1,1,"1_1_2_1_2_1_1_1"
"4054","EPI_ISL_11112342",1,1,2,1,2,1,1,1,"1_1_2_1_2_1_1_1"
"4055","EPI_ISL_11112340",1,1,2,1,2,1,1,1,"1_1_2_1_2_1_1_1"
"4056","EPI_ISL_10993196",2,1,1,1,2,1,1,1,"2_1_1_1_2_1_1_1"
"4057","EPI_ISL_10993166",1,1,2,1,2,1,1,1,"1_1_2_1_2_1_1_1"
"4058","EPI_ISL_16297335",5,3,1,1,1,1,1,2,"5_3_1_1_1_1_1_2"
"4059","EPI_ISL_16297334",5,3,1,1,1,1,1,2,"5_3_1_1_1_1_1_2"
"4060","EPI_ISL_16297333",5,3,1,1,1,1,1,2,"5_3_1_1_1_1_1_2"
"4061","EPI_ISL_16297331",4,1,1,1,1,1,1,2,"4_1_1_1_1_1_1_2"
"4062","EPI_ISL_16297327",9,9,7,1,1,1,1,1,"9_9_7_1_1_1_1_1"
"4063","EPI_ISL_16297326",4,5,1,1,1,1,1,1,"4_5_1_1_1_1_1_1"
"4064","EPI_ISL_16244030",3,1,1,1,1,1,1,1,"3_1_1_1_1_1_1_1"
"4065","EPI_ISL_16244029",3,1,1,1,1,1,1,1,"3_1_1_1_1_1_1_1"
"4066","EPI_ISL_16244028",2,1,1,1,2,1,1,1,"2_1_1_1_2_1_1_1"
"4067","EPI_ISL_16244026",4,1,1,1,1,1,1,1,"4_1_1_1_1_1_1_1"
"4068","EPI_ISL_16244025",5,3,1,1,1,1,1,2,"5_3_1_1_1_1_1_2"
"4069","EPI_ISL_16244024",5,3,1,1,1,1,1,2,"5_3_1_1_1_1_1_2"
"4070","EPI_ISL_16244023",4,1,1,1,1,1,1,1,"4_1_1_1_1_1_1_1"
"4071","EPI_ISL_16244022",4,1,1,1,1,1,1,1,"4_1_1_1_1_1_1_1"
"4072","EPI_ISL_16244021",5,3,1,1,1,1,1,2,"5_3_1_1_1_1_1_2"
"4073","EPI_ISL_16244020",5,3,1,1,1,1,1,2,"5_3_1_1_1_1_1_2"
"4074","EPI_ISL_16244019",5,3,1,1,1,1,1,2,"5_3_1_1_1_1_1_2"
"4075","EPI_ISL_16244018",5,3,1,1,1,1,1,2,"5_3_1_1_1_1_1_2"
"4076","EPI_ISL_16244017",4,1,1,1,1,1,1,1,"4_1_1_1_1_1_1_1"
"4077","EPI_ISL_16244016",4,1,1,1,1,1,1,1,"4_1_1_1_1_1_1_1"
"4078","EPI_ISL_16244015",4,1,1,1,1,1,1,1,"4_1_1_1_1_1_1_1"
"4079","EPI_ISL_16244014",5,3,1,1,1,1,1,2,"5_3_1_1_1_1_1_2"
"4080","EPI_ISL_16244013",4,1,1,1,1,1,1,1,"4_1_1_1_1_1_1_1"
"4081","EPI_ISL_16244012",5,3,1,1,1,1,1,2,"5_3_1_1_1_1_1_2"
"4082","EPI_ISL_16244011",4,1,1,1,1,1,1,1,"4_1_1_1_1_1_1_1"
"4083","EPI_ISL_16244010",4,5,5,1,1,1,1,1,"4_5_5_1_1_1_1_1"
"4084","EPI_ISL_16244009",2,1,1,1,2,1,1,1,"2_1_1_1_2_1_1_1"
"4085","EPI_ISL_16244008",5,1,1,1,1,1,1,1,"5_1_1_1_1_1_1_1"
"4086","EPI_ISL_16244007",5,1,1,1,1,1,1,1,"5_1_1_1_1_1_1_1"
"4087","EPI_ISL_16244006",5,3,1,1,1,1,1,2,"5_3_1_1_1_1_1_2"
"4088","EPI_ISL_16244005",5,3,1,1,1,1,1,2,"5_3_1_1_1_1_1_2"
"4089","EPI_ISL_16244004",4,1,1,1,1,1,1,1,"4_1_1_1_1_1_1_1"
"4090","EPI_ISL_16244003",5,3,1,1,1,1,1,2,"5_3_1_1_1_1_1_2"
"4091","EPI_ISL_16244002",5,3,1,1,1,1,1,2,"5_3_1_1_1_1_1_2"
"4092","EPI_ISL_16243992",5,3,1,1,1,1,1,2,"5_3_1_1_1_1_1_2"
"4093","EPI_ISL_16243981",5,3,1,1,1,1,1,2,"5_3_1_1_1_1_1_2"
"4094","EPI_ISL_16240639",4,1,1,1,1,1,1,1,"4_1_1_1_1_1_1_1"
"4095","EPI_ISL_16240638",4,1,1,1,1,1,1,1,"4_1_1_1_1_1_1_1"
"4096","EPI_ISL_16240529",4,1,1,1,1,1,1,1,"4_1_1_1_1_1_1_1"
"4097","EPI_ISL_16240519",4,1,1,1,1,1,1,1,"4_1_1_1_1_1_1_1"
"4098","EPI_ISL_16240508",5,3,1,1,1,1,1,2,"5_3_1_1_1_1_1_2"
"4099","EPI_ISL_16240497",5,3,1,1,1,1,1,2,"5_3_1_1_1_1_1_2"
"4100","EPI_ISL_16240486",3,1,1,1,1,1,1,1,"3_1_1_1_1_1_1_1"
"4101","EPI_ISL_16240476",3,1,1,1,1,1,1,1,"3_1_1_1_1_1_1_1"
"4102","EPI_ISL_16240466",3,1,1,1,1,1,1,1,"3_1_1_1_1_1_1_1"
"4103","EPI_ISL_16240456",5,1,1,1,1,1,1,1,"5_1_1_1_1_1_1_1"
"4104","EPI_ISL_16240445",2,1,1,1,2,1,1,1,"2_1_1_1_2_1_1_1"
"4105","EPI_ISL_16240434",2,1,1,1,2,1,1,1,"2_1_1_1_2_1_1_1"
"4106","EPI_ISL_16240423",2,1,1,1,2,1,1,1,"2_1_1_1_2_1_1_1"
"4107","EPI_ISL_16240414",2,1,1,1,2,1,1,1,"2_1_1_1_2_1_1_1"
"4108","EPI_ISL_16240404",2,1,1,1,2,1,1,1,"2_1_1_1_2_1_1_1"
"4109","EPI_ISL_16240392",3,1,1,1,1,1,1,1,"3_1_1_1_1_1_1_1"
"4110","EPI_ISL_16240382",3,1,1,1,1,1,1,1,"3_1_1_1_1_1_1_1"
"4111","EPI_ISL_16240372",3,1,1,1,1,1,1,1,"3_1_1_1_1_1_1_1"
"4112","EPI_ISL_16240361",3,1,1,1,1,1,1,1,"3_1_1_1_1_1_1_1"
"4113","EPI_ISL_16240353",5,3,1,1,1,1,1,2,"5_3_1_1_1_1_1_2"
"4114","EPI_ISL_16240352",5,3,1,1,1,1,1,2,"5_3_1_1_1_1_1_2"
"4115","EPI_ISL_16240351",5,3,1,1,1,1,1,2,"5_3_1_1_1_1_1_2"
"4116","EPI_ISL_16240239",5,3,1,1,1,1,1,2,"5_3_1_1_1_1_1_2"
"4117","EPI_ISL_16240229",5,3,1,1,1,1,1,2,"5_3_1_1_1_1_1_2"
"4118","EPI_ISL_16240228",5,3,1,1,1,1,1,2,"5_3_1_1_1_1_1_2"
"4119","EPI_ISL_16240227",5,3,1,1,1,1,1,2,"5_3_1_1_1_1_1_2"
"4120","EPI_ISL_16240225",5,3,1,1,1,1,1,2,"5_3_1_1_1_1_1_2"
"4121","EPI_ISL_16240224",5,3,1,1,1,1,1,2,"5_3_1_1_1_1_1_2"
"4122","EPI_ISL_16240223",5,3,1,1,1,1,1,2,"5_3_1_1_1_1_1_2"
"4123","EPI_ISL_16240221",4,5,1,1,1,1,1,1,"4_5_1_1_1_1_1_1"
"4124","EPI_ISL_16240220",4,1,1,1,1,1,1,1,"4_1_1_1_1_1_1_1"
"4125","EPI_ISL_16240169",4,1,1,1,1,1,1,1,"4_1_1_1_1_1_1_1"
"4126","EPI_ISL_16240168",4,1,1,1,1,1,1,1,"4_1_1_1_1_1_1_1"
"4127","EPI_ISL_16240167",4,1,1,1,1,1,1,1,"4_1_1_1_1_1_1_1"
"4128","EPI_ISL_16240166",4,1,1,1,1,1,1,1,"4_1_1_1_1_1_1_1"
"4129","EPI_ISL_16240165",4,1,1,1,1,1,1,1,"4_1_1_1_1_1_1_1"
"4130","EPI_ISL_16240164",5,3,1,1,1,1,1,2,"5_3_1_1_1_1_1_2"
"4131","EPI_ISL_16240163",5,3,1,1,1,1,1,2,"5_3_1_1_1_1_1_2"
"4132","EPI_ISL_16240162",5,3,1,1,1,1,1,2,"5_3_1_1_1_1_1_2"
"4133","EPI_ISL_16240161",3,1,1,1,1,1,1,1,"3_1_1_1_1_1_1_1"
"4134","EPI_ISL_15077375",4,1,1,1,1,1,1,1,"4_1_1_1_1_1_1_1"
"4135","EPI_ISL_15077374",4,5,1,1,1,1,1,1,"4_5_1_1_1_1_1_1"
"4136","EPI_ISL_15077373",2,1,1,1,2,1,1,1,"2_1_1_1_2_1_1_1"
"4137","EPI_ISL_15077371",4,1,1,1,1,1,1,1,"4_1_1_1_1_1_1_1"
"4138","EPI_ISL_13434551",4,1,1,1,1,1,1,1,"4_1_1_1_1_1_1_1"
"4139","EPI_ISL_13434489",4,1,1,1,1,1,1,1,"4_1_1_1_1_1_1_1"
"4140","EPI_ISL_13434477",4,1,1,1,1,1,1,1,"4_1_1_1_1_1_1_1"
"4141","EPI_ISL_13434466",3,1,1,1,1,1,1,1,"3_1_1_1_1_1_1_1"
"4142","EPI_ISL_13434454",3,1,1,1,1,1,1,1,"3_1_1_1_1_1_1_1"
"4143","EPI_ISL_13434442",2,1,1,1,2,1,1,1,"2_1_1_1_2_1_1_1"
"4144","EPI_ISL_13434430",2,1,1,1,2,1,1,1,"2_1_1_1_2_1_1_1"
"4145","EPI_ISL_13434418",3,1,1,1,1,1,1,1,"3_1_1_1_1_1_1_1"
"4146","EPI_ISL_13434407",3,1,1,1,1,1,1,1,"3_1_1_1_1_1_1_1"
"4147","EPI_ISL_13434393",2,1,1,1,2,1,1,1,"2_1_1_1_2_1_1_1"
"4148","EPI_ISL_11628252",2,1,1,1,2,1,1,1,"2_1_1_1_2_1_1_1"
"4149","EPI_ISL_11628251",2,1,1,1,2,1,1,1,"2_1_1_1_2_1_1_1"
"4150","EPI_ISL_11628250",2,1,1,1,2,1,1,1,"2_1_1_1_2_1_1_1"
"4151","EPI_ISL_11628249",2,1,1,1,2,1,1,1,"2_1_1_1_2_1_1_1"
"4152","EPI_ISL_11628248",2,1,1,1,2,1,1,1,"2_1_1_1_2_1_1_1"
"4153","EPI_ISL_11628247",2,1,1,1,2,1,1,1,"2_1_1_1_2_1_1_1"
"4154","EPI_ISL_11628246",2,1,1,1,2,1,1,1,"2_1_1_1_2_1_1_1"
"4155","EPI_ISL_11628245",2,1,1,1,2,1,1,1,"2_1_1_1_2_1_1_1"
"4156","EPI_ISL_11628244",2,1,1,1,2,1,1,1,"2_1_1_1_2_1_1_1"
"4157","EPI_ISL_11628243",2,1,1,1,2,1,1,1,"2_1_1_1_2_1_1_1"
"4158","EPI_ISL_11628242",2,1,1,1,2,1,1,1,"2_1_1_1_2_1_1_1"
"4159","EPI_ISL_11628241",2,1,1,1,2,1,1,1,"2_1_1_1_2_1_1_1"
"4160","EPI_ISL_11628240",2,1,1,1,2,1,1,1,"2_1_1_1_2_1_1_1"
"4161","EPI_ISL_11628239",2,1,1,1,2,1,1,1,"2_1_1_1_2_1_1_1"
"4162","EPI_ISL_11628238",2,1,1,1,2,1,1,1,"2_1_1_1_2_1_1_1"
"4163","EPI_ISL_11628237",2,1,1,1,2,1,1,1,"2_1_1_1_2_1_1_1"
"4164","EPI_ISL_11628236",2,1,1,1,2,1,1,1,"2_1_1_1_2_1_1_1"
"4165","EPI_ISL_11628235",2,1,1,1,2,1,1,1,"2_1_1_1_2_1_1_1"
"4166","EPI_ISL_11628234",2,1,1,1,2,1,1,1,"2_1_1_1_2_1_1_1"
"4167","EPI_ISL_11628233",2,1,1,1,2,1,1,1,"2_1_1_1_2_1_1_1"
"4168","EPI_ISL_11628232",2,1,1,1,2,1,1,1,"2_1_1_1_2_1_1_1"
"4169","EPI_ISL_11628231",2,1,1,1,2,1,1,1,"2_1_1_1_2_1_1_1"
"4170","EPI_ISL_11628230",2,1,1,1,2,1,1,1,"2_1_1_1_2_1_1_1"
"4171","EPI_ISL_11628229",2,1,1,1,2,1,1,1,"2_1_1_1_2_1_1_1"
"4172","EPI_ISL_11628228",2,1,1,1,2,1,1,1,"2_1_1_1_2_1_1_1"
"4173","EPI_ISL_11628227",2,1,1,1,2,1,1,1,"2_1_1_1_2_1_1_1"
"4174","EPI_ISL_11628226",2,1,1,1,2,1,1,1,"2_1_1_1_2_1_1_1"
"4175","EPI_ISL_11628225",2,1,1,1,2,1,1,1,"2_1_1_1_2_1_1_1"
"4176","EPI_ISL_11628224",2,1,1,1,2,1,1,1,"2_1_1_1_2_1_1_1"
"4177","EPI_ISL_11628223",2,1,1,1,2,1,1,1,"2_1_1_1_2_1_1_1"
"4178","EPI_ISL_11628222",2,1,1,1,2,1,1,1,"2_1_1_1_2_1_1_1"
"4179","EPI_ISL_11628221",2,1,1,1,2,1,1,1,"2_1_1_1_2_1_1_1"
"4180","EPI_ISL_11628220",2,1,1,1,2,1,1,1,"2_1_1_1_2_1_1_1"
"4181","EPI_ISL_11628219",2,1,1,1,2,1,1,1,"2_1_1_1_2_1_1_1"
"4182","EPI_ISL_11628218",2,1,1,1,2,1,1,1,"2_1_1_1_2_1_1_1"
"4183","EPI_ISL_11628217",2,1,1,1,2,1,1,1,"2_1_1_1_2_1_1_1"
"4184","EPI_ISL_11628216",2,1,1,1,2,1,1,1,"2_1_1_1_2_1_1_1"
"4185","EPI_ISL_11628215",2,1,1,1,2,1,1,1,"2_1_1_1_2_1_1_1"
"4186","EPI_ISL_11628214",2,1,1,1,2,1,1,1,"2_1_1_1_2_1_1_1"
"4187","EPI_ISL_11628213",2,1,1,1,2,1,1,1,"2_1_1_1_2_1_1_1"
"4188","EPI_ISL_11628212",2,1,1,1,2,1,1,1,"2_1_1_1_2_1_1_1"
"4189","EPI_ISL_15072538",2,1,1,1,2,1,1,1,"2_1_1_1_2_1_1_1"
"4190","EPI_ISL_15957978",1,1,2,1,2,1,1,1,"1_1_2_1_2_1_1_1"
"4191","EPI_ISL_15957966",1,1,2,1,2,1,1,1,"1_1_2_1_2_1_1_1"
"4192","EPI_ISL_15957960",1,1,2,1,2,1,1,1,"1_1_2_1_2_1_1_1"
"4193","EPI_ISL_15957953",1,1,2,1,2,1,1,1,"1_1_2_1_2_1_1_1"
"4194","EPI_ISL_15957946",1,1,2,1,2,1,1,1,"1_1_2_1_2_1_1_1"
"4195","EPI_ISL_15957892",1,1,4,1,4,1,1,4,"1_1_4_1_4_1_1_4"
"4196","EPI_ISL_15957872",1,1,2,1,2,1,1,1,"1_1_2_1_2_1_1_1"
"4197","EPI_ISL_15957850",1,1,2,1,2,1,1,1,"1_1_2_1_2_1_1_1"
"4198","EPI_ISL_15957824",1,1,2,1,2,1,1,1,"1_1_2_1_2_1_1_1"
"4199","EPI_ISL_15957792",1,1,2,1,2,1,1,1,"1_1_2_1_2_1_1_1"
"4200","EPI_ISL_15957785",1,1,2,1,2,1,1,1,"1_1_2_1_2_1_1_1"
"4201","EPI_ISL_15957779",1,1,2,1,2,1,1,1,"1_1_2_1_2_1_1_1"
"4202","EPI_ISL_15957774",1,1,2,1,2,1,1,1,"1_1_2_1_2_1_1_1"
"4203","EPI_ISL_15957744",1,1,2,1,2,1,1,1,"1_1_2_1_2_1_1_1"
"4204","EPI_ISL_15957728",1,1,2,1,2,1,1,1,"1_1_2_1_2_1_1_1"
"4205","EPI_ISL_15957696",1,1,2,1,2,1,1,1,"1_1_2_1_2_1_1_1"
"4206","EPI_ISL_15957678",1,1,2,1,2,1,1,1,"1_1_2_1_2_1_1_1"
"4207","EPI_ISL_15957672",1,1,2,1,2,1,1,1,"1_1_2_1_2_1_1_1"
"4208","EPI_ISL_15957660",1,1,4,1,4,1,1,4,"1_1_4_1_4_1_1_4"
"4209","EPI_ISL_15957654",1,1,2,1,2,1,1,1,"1_1_2_1_2_1_1_1"
"4210","EPI_ISL_15957648",1,1,2,1,2,1,1,1,"1_1_2_1_2_1_1_1"
"4211","EPI_ISL_15957641",1,1,2,1,2,1,1,1,"1_1_2_1_2_1_1_1"
"4212","EPI_ISL_12176932",6,4,3,1,3,2,1,3,"6_4_3_1_3_2_1_3"
"4213","EPI_ISL_14761507",2,1,1,1,2,1,1,1,"2_1_1_1_2_1_1_1"
"4214","EPI_ISL_14761496",2,1,1,1,2,1,1,1,"2_1_1_1_2_1_1_1"
"4215","EPI_ISL_14761485",2,1,1,1,2,1,1,1,"2_1_1_1_2_1_1_1"
"4216","EPI_ISL_14761327",8,16,1,1,2,1,1,1,"8_16_1_1_2_1_1_1"
"4217","EPI_ISL_14761251",2,1,1,1,2,1,1,1,"2_1_1_1_2_1_1_1"
"4218","EPI_ISL_14761250",2,1,1,1,2,1,1,1,"2_1_1_1_2_1_1_1"
"4219","EPI_ISL_14761249",2,1,1,1,2,1,1,1,"2_1_1_1_2_1_1_1"
"4220","EPI_ISL_14761243",2,1,1,1,2,1,1,1,"2_1_1_1_2_1_1_1"
"4221","EPI_ISL_14761220",2,1,1,1,2,1,1,1,"2_1_1_1_2_1_1_1"
"4222","EPI_ISL_11922812",1,1,2,1,2,1,1,1,"1_1_2_1_2_1_1_1"
"4223","EPI_ISL_11922809",2,1,1,1,2,1,1,1,"2_1_1_1_2_1_1_1"
"4224","EPI_ISL_11922807",35,1,2,1,2,14,1,1,"35_1_2_1_2_14_1_1"
"4225","EPI_ISL_14761519",2,1,1,1,2,1,1,1,"2_1_1_1_2_1_1_1"
"4226","EPI_ISL_16215736",6,4,3,1,3,2,1,3,"6_4_3_1_3_2_1_3"
"4227","EPI_ISL_13246267",2,1,1,1,2,1,1,1,"2_1_1_1_2_1_1_1"
"4228","EPI_ISL_12754534",2,1,1,1,2,1,1,1,"2_1_1_1_2_1_1_1"
"4229","EPI_ISL_12754531",2,1,1,1,2,1,1,1,"2_1_1_1_2_1_1_1"
"4230","EPI_ISL_16199509",1,1,2,1,2,1,1,1,"1_1_2_1_2_1_1_1"
"4231","EPI_ISL_15576617",8,7,1,1,2,1,1,1,"8_7_1_1_2_1_1_1"
"4232","EPI_ISL_15576616",2,1,1,1,2,1,1,1,"2_1_1_1_2_1_1_1"
"4233","EPI_ISL_13295170",25,23,2,1,5,2,1,1,"25_23_2_1_5_2_1_1"
"4234","EPI_ISL_13295169",25,23,2,1,5,2,1,1,"25_23_2_1_5_2_1_1"
"4235","EPI_ISL_13295139",25,23,2,1,5,2,1,1,"25_23_2_1_5_2_1_1"
"4236","EPI_ISL_15958011",1,1,2,1,2,1,1,1,"1_1_2_1_2_1_1_1"
"4237","EPI_ISL_15958004",1,1,2,1,2,1,1,1,"1_1_2_1_2_1_1_1"
"4238","EPI_ISL_15957878",1,1,2,1,2,1,1,1,"1_1_2_1_2_1_1_1"
"4239","EPI_ISL_15957766",1,1,2,1,2,1,1,1,"1_1_2_1_2_1_1_1"
"4240","EPI_ISL_15957722",1,1,2,1,2,1,1,1,"1_1_2_1_2_1_1_1"
"4241","EPI_ISL_15957715",1,1,2,1,2,1,1,1,"1_1_2_1_2_1_1_1"
"4242","EPI_ISL_15957629",1,1,2,1,2,1,1,1,"1_1_2_1_2_1_1_1"
"4243","EPI_ISL_11922810",1,1,2,1,2,1,1,1,"1_1_2_1_2_1_1_1"
"4244","EPI_ISL_11922808",28,1,19,1,12,1,1,5,"28_1_19_1_12_1_1_5"
"4245","EPI_ISL_14933724",1,6,10,1,2,1,1,1,"1_6_10_1_2_1_1_1"
"4246","EPI_ISL_16838577",2,1,1,1,2,1,1,1,"2_1_1_1_2_1_1_1"
"4247","EPI_ISL_12140437",2,1,1,1,2,1,1,1,"2_1_1_1_2_1_1_1"
"4248","EPI_ISL_9117228",2,1,1,1,2,1,1,1,"2_1_1_1_2_1_1_1"
"4249","EPI_ISL_10497306",2,1,1,1,9,1,1,1,"2_1_1_1_9_1_1_1"
"4250","EPI_ISL_9690956",1,1,2,1,2,1,1,1,"1_1_2_1_2_1_1_1"
"4251","EPI_ISL_16113366",1,1,2,1,2,1,1,1,"1_1_2_1_2_1_1_1"
"4252","EPI_ISL_14638909",2,1,1,1,2,1,1,1,"2_1_1_1_2_1_1_1"
"4253","EPI_ISL_16174374",4,5,5,1,1,1,1,1,"4_5_5_1_1_1_1_1"
"4254","EPI_ISL_16190761",3,1,1,1,1,1,1,1,"3_1_1_1_1_1_1_1"
"4255","EPI_ISL_16113231",1,1,2,1,2,1,1,1,"1_1_2_1_2_1_1_1"
"4256","EPI_ISL_16113242",1,1,2,1,2,1,1,1,"1_1_2_1_2_1_1_1"
"4257","EPI_ISL_8515483",28,1,19,1,12,1,1,5,"28_1_19_1_12_1_1_5"
"4258","EPI_ISL_8515481",28,1,19,1,12,1,1,5,"28_1_19_1_12_1_1_5"
"4259","EPI_ISL_12754536",8,6,2,1,2,3,1,1,"8_6_2_1_2_3_1_1"
"4260","EPI_ISL_12754535",8,6,2,1,2,3,1,1,"8_6_2_1_2_3_1_1"
"4261","EPI_ISL_12754533",1,1,2,1,2,1,1,1,"1_1_2_1_2_1_1_1"
"4262","EPI_ISL_12754532",1,1,2,1,2,1,1,1,"1_1_2_1_2_1_1_1"
"4263","EPI_ISL_8515482",28,1,19,1,12,1,1,5,"28_1_19_1_12_1_1_5"
"4264","EPI_ISL_14572927",2,1,1,1,2,1,1,1,"2_1_1_1_2_1_1_1"
"4265","EPI_ISL_14933916",2,1,1,1,2,1,1,1,"2_1_1_1_2_1_1_1"
"4266","EPI_ISL_14933725",2,1,1,1,2,1,1,1,"2_1_1_1_2_1_1_1"
"4267","EPI_ISL_14933723",2,1,1,1,2,1,1,1,"2_1_1_1_2_1_1_1"
"4268","EPI_ISL_14933721",2,1,1,1,2,1,1,1,"2_1_1_1_2_1_1_1"
"4269","EPI_ISL_14933695",2,1,1,1,2,1,1,1,"2_1_1_1_2_1_1_1"
"4270","EPI_ISL_15838771",2,1,1,1,2,1,1,1,"2_1_1_1_2_1_1_1"
"4271","EPI_ISL_15699929",1,1,2,1,2,1,1,1,"1_1_2_1_2_1_1_1"
"4272","EPI_ISL_15699799",1,1,2,1,2,1,1,1,"1_1_2_1_2_1_1_1"
"4273","EPI_ISL_15699790",1,1,2,1,2,1,1,1,"1_1_2_1_2_1_1_1"
"4274","EPI_ISL_8515480",2,1,1,1,2,1,1,1,"2_1_1_1_2_1_1_1"
"4275","EPI_ISL_14064984",1,1,2,1,2,1,1,1,"1_1_2_1_2_1_1_1"
"4276","EPI_ISL_11402752",6,4,3,1,3,2,1,3,"6_4_3_1_3_2_1_3"
"4277","EPI_ISL_8515479",2,1,1,1,2,1,1,1,"2_1_1_1_2_1_1_1"
"4278","EPI_ISL_8515478",2,1,1,1,2,1,1,1,"2_1_1_1_2_1_1_1"
"4279","EPI_ISL_14064985",1,1,2,1,2,1,1,1,"1_1_2_1_2_1_1_1"
"4280","EPI_ISL_8814195",2,1,1,1,2,1,1,1,"2_1_1_1_2_1_1_1"
"4281","EPI_ISL_8814146",2,1,1,1,2,1,1,1,"2_1_1_1_2_1_1_1"
"4282","EPI_ISL_14389148",1,1,2,1,2,1,1,1,"1_1_2_1_2_1_1_1"
"4283","EPI_ISL_16367899",5,3,1,1,1,1,1,2,"5_3_1_1_1_1_1_2"
"4284","EPI_ISL_16367971",5,3,1,1,1,1,1,2,"5_3_1_1_1_1_1_2"
"4285","EPI_ISL_16384125",1,1,2,1,2,1,1,1,"1_1_2_1_2_1_1_1"
"4286","EPI_ISL_16384126",1,1,2,1,2,1,1,1,"1_1_2_1_2_1_1_1"
"4287","EPI_ISL_16384127",1,1,2,1,2,1,1,1,"1_1_2_1_2_1_1_1"
"4288","EPI_ISL_16384128",1,1,2,1,2,1,1,1,"1_1_2_1_2_1_1_1"
"4289","EPI_ISL_16384129",1,1,2,1,2,1,1,1,"1_1_2_1_2_1_1_1"
"4290","EPI_ISL_16384137",1,1,2,1,2,1,1,1,"1_1_2_1_2_1_1_1"
"4291","EPI_ISL_16384138",1,1,2,1,2,1,1,1,"1_1_2_1_2_1_1_1"
"4292","EPI_ISL_16384139",1,1,2,1,2,1,1,1,"1_1_2_1_2_1_1_1"
"4293","EPI_ISL_16384140",1,1,2,1,2,1,1,1,"1_1_2_1_2_1_1_1"
"4294","EPI_ISL_16384141",1,1,2,1,2,1,1,1,"1_1_2_1_2_1_1_1"
"4295","EPI_ISL_16384142",1,1,2,1,2,1,1,1,"1_1_2_1_2_1_1_1"
"4296","EPI_ISL_16384143",1,1,2,1,2,1,1,1,"1_1_2_1_2_1_1_1"
"4297","EPI_ISL_16384144",1,1,2,1,2,1,1,1,"1_1_2_1_2_1_1_1"
"4298","EPI_ISL_16384145",1,1,2,1,2,1,1,1,"1_1_2_1_2_1_1_1"
"4299","EPI_ISL_16384146",1,1,2,1,2,1,1,1,"1_1_2_1_2_1_1_1"
"4300","EPI_ISL_16384147",1,1,2,1,2,1,1,1,"1_1_2_1_2_1_1_1"
"4301","EPI_ISL_16384148",1,1,2,1,2,1,1,1,"1_1_2_1_2_1_1_1"
"4302","EPI_ISL_16384149",1,1,2,1,2,1,1,1,"1_1_2_1_2_1_1_1"
"4303","EPI_ISL_16384151",1,1,2,1,2,1,1,1,"1_1_2_1_2_1_1_1"
"4304","EPI_ISL_16384152",1,1,2,1,2,1,1,1,"1_1_2_1_2_1_1_1"
"4305","EPI_ISL_16384153",1,1,2,1,2,1,1,1,"1_1_2_1_2_1_1_1"
"4306","EPI_ISL_16384154",1,1,2,1,2,1,1,1,"1_1_2_1_2_1_1_1"
"4307","EPI_ISL_16384155",1,1,2,1,2,1,1,1,"1_1_2_1_2_1_1_1"
"4308","EPI_ISL_16384156",1,1,2,1,2,1,1,1,"1_1_2_1_2_1_1_1"
"4309","EPI_ISL_16384157",1,1,2,1,2,1,1,1,"1_1_2_1_2_1_1_1"
"4310","EPI_ISL_16384158",1,1,2,1,2,1,1,1,"1_1_2_1_2_1_1_1"
"4311","EPI_ISL_16384159",15,1,10,1,2,1,1,1,"15_1_10_1_2_1_1_1"
"4312","EPI_ISL_16384160",1,1,2,1,2,1,1,1,"1_1_2_1_2_1_1_1"
"4313","EPI_ISL_16384161",1,1,2,1,2,1,1,1,"1_1_2_1_2_1_1_1"
"4314","EPI_ISL_16384162",1,1,2,1,2,1,1,1,"1_1_2_1_2_1_1_1"
"4315","EPI_ISL_16384163",1,1,2,1,2,1,1,1,"1_1_2_1_2_1_1_1"
"4316","EPI_ISL_16384164",15,1,10,1,2,1,1,1,"15_1_10_1_2_1_1_1"
"4317","EPI_ISL_16384165",15,1,10,1,2,1,1,1,"15_1_10_1_2_1_1_1"
"4318","EPI_ISL_16384166",1,1,2,1,2,1,1,1,"1_1_2_1_2_1_1_1"
"4319","EPI_ISL_16384167",1,1,2,1,2,1,1,1,"1_1_2_1_2_1_1_1"
"4320","EPI_ISL_16384168",1,1,2,1,2,1,1,1,"1_1_2_1_2_1_1_1"
"4321","EPI_ISL_16384169",1,1,2,1,2,1,1,1,"1_1_2_1_2_1_1_1"
"4322","EPI_ISL_16384170",1,1,2,1,2,1,1,1,"1_1_2_1_2_1_1_1"
"4323","EPI_ISL_16384171",1,1,2,1,2,1,1,1,"1_1_2_1_2_1_1_1"
"4324","EPI_ISL_16384172",1,1,2,1,2,1,1,1,"1_1_2_1_2_1_1_1"
"4325","EPI_ISL_16384173",1,1,2,1,2,1,1,1,"1_1_2_1_2_1_1_1"
"4326","EPI_ISL_16384174",1,1,2,1,2,1,1,1,"1_1_2_1_2_1_1_1"
"4327","EPI_ISL_16384175",1,1,2,1,2,1,1,1,"1_1_2_1_2_1_1_1"
"4328","EPI_ISL_16384176",1,1,2,1,2,1,1,1,"1_1_2_1_2_1_1_1"
"4329","EPI_ISL_16384177",1,1,2,1,2,1,1,1,"1_1_2_1_2_1_1_1"
"4330","EPI_ISL_16384178",1,1,2,1,2,1,1,1,"1_1_2_1_2_1_1_1"
"4331","EPI_ISL_16384179",1,1,2,1,2,1,1,1,"1_1_2_1_2_1_1_1"
"4332","EPI_ISL_16384180",1,1,2,1,2,1,1,1,"1_1_2_1_2_1_1_1"
"4333","EPI_ISL_16384181",1,1,2,1,2,1,1,1,"1_1_2_1_2_1_1_1"
"4334","EPI_ISL_16384182",15,1,10,1,2,1,1,1,"15_1_10_1_2_1_1_1"
"4335","EPI_ISL_16384184",1,1,2,1,2,1,1,1,"1_1_2_1_2_1_1_1"
"4336","EPI_ISL_16384185",1,1,2,1,2,1,1,1,"1_1_2_1_2_1_1_1"
"4337","EPI_ISL_16384186",1,1,2,1,2,1,1,1,"1_1_2_1_2_1_1_1"
"4338","EPI_ISL_16384187",1,1,2,1,2,1,1,1,"1_1_2_1_2_1_1_1"
"4339","EPI_ISL_16384188",15,1,10,1,2,1,1,1,"15_1_10_1_2_1_1_1"
"4340","EPI_ISL_16384189",1,1,2,1,2,1,1,1,"1_1_2_1_2_1_1_1"
"4341","EPI_ISL_16384190",15,1,10,1,2,1,1,1,"15_1_10_1_2_1_1_1"
"4342","EPI_ISL_16384192",1,1,2,1,2,1,1,1,"1_1_2_1_2_1_1_1"
"4343","EPI_ISL_16384193",1,1,2,1,2,1,1,1,"1_1_2_1_2_1_1_1"
"4344","EPI_ISL_16384194",1,1,2,1,2,1,1,1,"1_1_2_1_2_1_1_1"
"4345","EPI_ISL_16384195",1,1,2,1,2,1,1,1,"1_1_2_1_2_1_1_1"
"4346","EPI_ISL_16384196",1,1,2,1,2,1,1,1,"1_1_2_1_2_1_1_1"
"4347","EPI_ISL_16384198",1,1,2,1,2,1,1,1,"1_1_2_1_2_1_1_1"
"4348","EPI_ISL_16384199",1,1,2,1,2,1,1,1,"1_1_2_1_2_1_1_1"
"4349","EPI_ISL_16388458",11,10,2,1,5,1,1,6,"11_10_2_1_5_1_1_6"
"4350","EPI_ISL_16466440",6,28,3,1,15,5,1,11,"6_28_3_1_15_5_1_11"
"4351","EPI_ISL_16507094",2,1,1,1,2,1,1,1,"2_1_1_1_2_1_1_1"
"4352","EPI_ISL_16507095",1,1,4,1,4,1,1,4,"1_1_4_1_4_1_1_4"
"4353","EPI_ISL_16507096",1,1,4,1,4,1,1,4,"1_1_4_1_4_1_1_4"
"4354","EPI_ISL_16507097",1,1,4,1,4,1,1,4,"1_1_4_1_4_1_1_4"
"4355","EPI_ISL_16507098",1,1,2,1,2,1,1,1,"1_1_2_1_2_1_1_1"
"4356","EPI_ISL_16507100",2,1,1,1,2,1,1,1,"2_1_1_1_2_1_1_1"
"4357","EPI_ISL_16507102",1,1,2,1,2,1,1,1,"1_1_2_1_2_1_1_1"
"4358","EPI_ISL_16507104",1,1,2,1,2,1,1,1,"1_1_2_1_2_1_1_1"
"4359","EPI_ISL_16507106",1,1,2,1,2,1,1,1,"1_1_2_1_2_1_1_1"
"4360","EPI_ISL_16507107",2,1,1,1,2,1,1,1,"2_1_1_1_2_1_1_1"
"4361","EPI_ISL_16507108",2,1,1,1,2,1,1,1,"2_1_1_1_2_1_1_1"
"4362","EPI_ISL_16507109",1,1,2,1,2,1,1,1,"1_1_2_1_2_1_1_1"
"4363","EPI_ISL_16507177",1,1,2,1,2,1,1,1,"1_1_2_1_2_1_1_1"
"4364","EPI_ISL_16524187",1,1,2,1,2,1,1,1,"1_1_2_1_2_1_1_1"
"4365","EPI_ISL_16524203",1,1,4,1,4,1,1,4,"1_1_4_1_4_1_1_4"
"4366","EPI_ISL_16524213",1,1,4,1,4,1,1,4,"1_1_4_1_4_1_1_4"
"4367","EPI_ISL_16524246",1,1,4,1,4,1,1,4,"1_1_4_1_4_1_1_4"
"4368","EPI_ISL_16524247",1,1,4,1,4,1,1,4,"1_1_4_1_4_1_1_4"
"4369","EPI_ISL_16524248",1,1,4,1,4,1,1,4,"1_1_4_1_4_1_1_4"
"4370","EPI_ISL_16524591",1,1,2,1,2,1,1,1,"1_1_2_1_2_1_1_1"
"4371","EPI_ISL_16524593",1,1,2,1,2,1,1,1,"1_1_2_1_2_1_1_1"
"4372","EPI_ISL_16524594",1,1,2,1,2,1,1,1,"1_1_2_1_2_1_1_1"
"4373","EPI_ISL_16524595",1,1,2,1,2,1,1,1,"1_1_2_1_2_1_1_1"
"4374","EPI_ISL_16524596",2,1,1,1,2,1,1,1,"2_1_1_1_2_1_1_1"
"4375","EPI_ISL_16547851",1,1,2,1,2,1,1,1,"1_1_2_1_2_1_1_1"
"4376","EPI_ISL_16548347",1,1,2,1,2,1,1,1,"1_1_2_1_2_1_1_1"
"4377","EPI_ISL_16548356",1,1,2,1,2,1,1,1,"1_1_2_1_2_1_1_1"
"4378","EPI_ISL_16548429",1,1,2,1,2,1,1,1,"1_1_2_1_2_1_1_1"
"4379","EPI_ISL_16548600",1,1,2,1,2,1,1,1,"1_1_2_1_2_1_1_1"
"4380","EPI_ISL_16548638",1,1,2,1,2,1,1,1,"1_1_2_1_2_1_1_1"
"4381","EPI_ISL_16549157",1,1,2,1,2,1,1,1,"1_1_2_1_2_1_1_1"
"4382","EPI_ISL_16549245",1,1,2,1,2,1,1,1,"1_1_2_1_2_1_1_1"
"4383","EPI_ISL_16549349",1,1,2,1,2,1,1,1,"1_1_2_1_2_1_1_1"
"4384","EPI_ISL_16560274",1,1,2,1,2,1,1,1,"1_1_2_1_2_1_1_1"
"4385","EPI_ISL_16560278",1,1,2,1,2,1,1,1,"1_1_2_1_2_1_1_1"
"4386","EPI_ISL_16560282",1,1,2,1,2,1,1,1,"1_1_2_1_2_1_1_1"
"4387","EPI_ISL_16560284",1,1,2,1,2,1,1,1,"1_1_2_1_2_1_1_1"
"4388","EPI_ISL_16613711",15,8,1,1,7,1,1,5,"15_8_1_1_7_1_1_5"
"4389","EPI_ISL_16613712",15,8,1,1,7,1,1,5,"15_8_1_1_7_1_1_5"
"4390","EPI_ISL_16613713",1,1,2,1,2,1,1,1,"1_1_2_1_2_1_1_1"
"4391","EPI_ISL_16613714",1,1,2,1,2,1,1,1,"1_1_2_1_2_1_1_1"
"4392","EPI_ISL_16613715",1,1,2,1,2,1,1,1,"1_1_2_1_2_1_1_1"
"4393","EPI_ISL_16613716",1,1,2,1,2,1,1,1,"1_1_2_1_2_1_1_1"
"4394","EPI_ISL_16613717",1,1,2,1,2,1,1,1,"1_1_2_1_2_1_1_1"
"4395","EPI_ISL_16613718",1,1,2,1,2,1,1,1,"1_1_2_1_2_1_1_1"
"4396","EPI_ISL_16630763",1,1,2,1,2,1,1,1,"1_1_2_1_2_1_1_1"
"4397","EPI_ISL_16630765",1,1,2,1,2,1,1,1,"1_1_2_1_2_1_1_1"
"4398","EPI_ISL_16638641",1,1,2,1,2,1,1,1,"1_1_2_1_2_1_1_1"
"4399","EPI_ISL_16638642",1,1,2,1,2,1,1,1,"1_1_2_1_2_1_1_1"
"4400","EPI_ISL_16638643",1,1,2,1,2,1,1,1,"1_1_2_1_2_1_1_1"
"4401","EPI_ISL_16638657",1,1,2,1,2,1,1,1,"1_1_2_1_2_1_1_1"
"4402","EPI_ISL_16638676",1,1,2,1,2,1,1,1,"1_1_2_1_2_1_1_1"
"4403","EPI_ISL_16638696",15,8,1,1,7,1,1,5,"15_8_1_1_7_1_1_5"
"4404","EPI_ISL_16675872",2,1,1,1,2,1,1,1,"2_1_1_1_2_1_1_1"
"4405","EPI_ISL_16679310",1,1,2,1,2,1,1,1,"1_1_2_1_2_1_1_1"
"4406","EPI_ISL_16740903",1,1,2,1,2,1,1,1,"1_1_2_1_2_1_1_1"
"4407","EPI_ISL_16740904",1,1,2,1,2,1,1,1,"1_1_2_1_2_1_1_1"
"4408","EPI_ISL_16740905",1,1,2,1,2,1,1,1,"1_1_2_1_2_1_1_1"
"4409","EPI_ISL_16741031",1,1,2,1,2,1,1,1,"1_1_2_1_2_1_1_1"
"4410","EPI_ISL_16741115",1,1,2,1,2,1,1,1,"1_1_2_1_2_1_1_1"
"4411","EPI_ISL_16741201",1,1,2,1,2,1,1,1,"1_1_2_1_2_1_1_1"
"4412","EPI_ISL_16741221",1,1,2,1,2,1,1,1,"1_1_2_1_2_1_1_1"
"4413","EPI_ISL_16741325",1,1,2,1,2,1,1,1,"1_1_2_1_2_1_1_1"
"4414","EPI_ISL_16741326",1,1,2,1,2,1,1,1,"1_1_2_1_2_1_1_1"
"4415","EPI_ISL_16741402",1,1,2,1,2,1,1,1,"1_1_2_1_2_1_1_1"
"4416","EPI_ISL_16748778",1,1,2,1,2,1,1,1,"1_1_2_1_2_1_1_1"
"4417","EPI_ISL_16748957",1,38,2,1,2,1,1,1,"1_38_2_1_2_1_1_1"
"4418","EPI_ISL_16758492",15,1,10,1,2,1,1,1,"15_1_10_1_2_1_1_1"
"4419","EPI_ISL_16809999",1,1,2,1,2,1,1,1,"1_1_2_1_2_1_1_1"
"4420","EPI_ISL_16810069",2,1,1,1,2,1,1,1,"2_1_1_1_2_1_1_1"
"4421","EPI_ISL_16810105",2,1,1,1,2,1,1,1,"2_1_1_1_2_1_1_1"
"4422","EPI_ISL_16810562",1,1,2,1,2,1,1,1,"1_1_2_1_2_1_1_1"
"4423","EPI_ISL_16810698",1,1,2,1,2,1,1,1,"1_1_2_1_2_1_1_1"
"4424","EPI_ISL_16811039",1,1,2,1,2,1,1,1,"1_1_2_1_2_1_1_1"
"4425","EPI_ISL_16811181",15,1,10,1,2,1,1,1,"15_1_10_1_2_1_1_1"
"4426","EPI_ISL_16811183",1,1,2,1,2,1,1,1,"1_1_2_1_2_1_1_1"
"4427","EPI_ISL_16811185",1,1,2,1,2,1,1,1,"1_1_2_1_2_1_1_1"
"4428","EPI_ISL_16811187",1,1,2,1,2,1,1,1,"1_1_2_1_2_1_1_1"
"4429","EPI_ISL_16811189",15,1,10,1,2,1,1,1,"15_1_10_1_2_1_1_1"
"4430","EPI_ISL_16811191",1,1,2,1,2,1,1,1,"1_1_2_1_2_1_1_1"
"4431","EPI_ISL_16811193",15,1,10,1,2,1,1,1,"15_1_10_1_2_1_1_1"
"4432","EPI_ISL_16811195",1,1,2,1,2,1,1,1,"1_1_2_1_2_1_1_1"
"4433","EPI_ISL_16811197",1,1,2,1,2,1,1,1,"1_1_2_1_2_1_1_1"
"4434","EPI_ISL_16811199",1,1,2,1,2,1,1,1,"1_1_2_1_2_1_1_1"
"4435","EPI_ISL_16811201",1,1,2,1,2,1,1,1,"1_1_2_1_2_1_1_1"
"4436","EPI_ISL_16811204",1,1,2,1,2,1,1,1,"1_1_2_1_2_1_1_1"
"4437","EPI_ISL_16811205",1,1,2,1,2,1,1,1,"1_1_2_1_2_1_1_1"
"4438","EPI_ISL_16896360",1,1,2,1,2,1,1,1,"1_1_2_1_2_1_1_1"
"4439","EPI_ISL_16896468",1,1,2,1,2,1,1,1,"1_1_2_1_2_1_1_1"
"4440","EPI_ISL_16896602",1,1,2,1,2,1,1,1,"1_1_2_1_2_1_1_1"
"4441","EPI_ISL_16896603",1,1,2,1,2,1,1,1,"1_1_2_1_2_1_1_1"
"4442","EPI_ISL_16896604",1,1,2,1,2,1,1,1,"1_1_2_1_2_1_1_1"
"4443","EPI_ISL_16896605",1,1,2,1,2,1,1,1,"1_1_2_1_2_1_1_1"
"4444","EPI_ISL_16896606",1,1,2,1,2,1,1,1,"1_1_2_1_2_1_1_1"
"4445","EPI_ISL_16904550",1,1,2,1,2,1,1,1,"1_1_2_1_2_1_1_1"
"4446","EPI_ISL_16904551",1,1,2,1,2,1,1,1,"1_1_2_1_2_1_1_1"
"4447","EPI_ISL_16904552",1,1,2,1,2,1,1,1,"1_1_2_1_2_1_1_1"
"4448","EPI_ISL_16904553",1,1,2,1,2,1,1,1,"1_1_2_1_2_1_1_1"
"4449","EPI_ISL_16904554",2,1,1,1,2,1,1,1,"2_1_1_1_2_1_1_1"
"4450","EPI_ISL_16904555",1,1,4,1,4,1,1,4,"1_1_4_1_4_1_1_4"
"4451","EPI_ISL_16905050",1,1,2,1,2,1,1,1,"1_1_2_1_2_1_1_1"
"4452","EPI_ISL_16905051",1,1,2,1,2,1,1,1,"1_1_2_1_2_1_1_1"
"4453","EPI_ISL_16937292",1,1,2,1,2,1,1,1,"1_1_2_1_2_1_1_1"
"4454","EPI_ISL_16937293",1,1,2,1,2,1,1,1,"1_1_2_1_2_1_1_1"
"4455","EPI_ISL_16937294",15,8,1,1,7,1,1,5,"15_8_1_1_7_1_1_5"
"4456","EPI_ISL_16937295",1,1,2,1,2,1,1,1,"1_1_2_1_2_1_1_1"
"4457","EPI_ISL_16937296",1,1,2,1,2,1,1,1,"1_1_2_1_2_1_1_1"
"4458","EPI_ISL_16937297",1,1,2,1,2,1,1,1,"1_1_2_1_2_1_1_1"
"4459","EPI_ISL_16937298",1,1,2,1,2,1,1,1,"1_1_2_1_2_1_1_1"
"4460","EPI_ISL_16937299",1,1,2,1,2,1,1,1,"1_1_2_1_2_1_1_1"
"4461","EPI_ISL_16937300",1,1,2,1,2,1,1,1,"1_1_2_1_2_1_1_1"
"4462","EPI_ISL_16937301",1,1,2,1,2,1,1,1,"1_1_2_1_2_1_1_1"
"4463","EPI_ISL_16937302",1,1,2,1,2,1,1,1,"1_1_2_1_2_1_1_1"
"4464","EPI_ISL_16937303",1,1,2,1,2,1,1,1,"1_1_2_1_2_1_1_1"
"4465","EPI_ISL_16937304",1,1,2,1,2,1,1,1,"1_1_2_1_2_1_1_1"
"4466","EPI_ISL_16937305",15,8,1,1,7,1,1,5,"15_8_1_1_7_1_1_5"
"4467","EPI_ISL_16937306",1,1,2,1,2,1,1,1,"1_1_2_1_2_1_1_1"
"4468","EPI_ISL_16937307",1,1,2,1,2,1,1,1,"1_1_2_1_2_1_1_1"
"4469","EPI_ISL_16937308",1,1,2,1,2,1,1,1,"1_1_2_1_2_1_1_1"
"4470","EPI_ISL_16958548",5,3,1,1,1,1,1,2,"5_3_1_1_1_1_1_2"
"4471","EPI_ISL_16979808",1,1,2,1,2,1,1,1,"1_1_2_1_2_1_1_1"
"4472","EPI_ISL_16979809",1,1,2,1,2,1,1,1,"1_1_2_1_2_1_1_1"
"4473","EPI_ISL_16979810",1,1,2,1,2,1,1,1,"1_1_2_1_2_1_1_1"
"4474","EPI_ISL_16979812",1,1,2,1,2,1,1,1,"1_1_2_1_2_1_1_1"
"4475","EPI_ISL_16979813",1,1,2,1,2,1,1,1,"1_1_2_1_2_1_1_1"
"4476","EPI_ISL_16979814",1,1,2,1,2,1,1,1,"1_1_2_1_2_1_1_1"
"4477","EPI_ISL_16979815",1,1,2,1,2,1,1,1,"1_1_2_1_2_1_1_1"
"4478","EPI_ISL_16979816",1,1,2,1,2,1,1,1,"1_1_2_1_2_1_1_1"
"4479","EPI_ISL_16979817",1,1,4,1,4,1,1,4,"1_1_4_1_4_1_1_4"
"4480","EPI_ISL_16979818",1,1,4,1,4,1,1,4,"1_1_4_1_4_1_1_4"
"4481","EPI_ISL_16979819",1,1,4,1,4,1,1,4,"1_1_4_1_4_1_1_4"
"4482","EPI_ISL_16979820",1,1,4,1,4,1,1,4,"1_1_4_1_4_1_1_4"
"4483","EPI_ISL_16979821",1,1,4,1,4,1,1,4,"1_1_4_1_4_1_1_4"
"4484","EPI_ISL_16983510",4,5,1,1,1,1,1,1,"4_5_1_1_1_1_1_1"
"4485","EPI_ISL_17008431",1,1,2,1,2,1,1,1,"1_1_2_1_2_1_1_1"
"4486","EPI_ISL_17011957",5,3,1,1,1,1,1,2,"5_3_1_1_1_1_1_2"
"4487","EPI_ISL_17011958",5,3,1,1,1,1,1,2,"5_3_1_1_1_1_1_2"
"4488","EPI_ISL_17011959",5,3,1,1,1,1,1,2,"5_3_1_1_1_1_1_2"
"4489","EPI_ISL_17011961",5,3,1,1,1,1,1,2,"5_3_1_1_1_1_1_2"
"4490","EPI_ISL_17011962",5,3,1,1,1,1,1,2,"5_3_1_1_1_1_1_2"
"4491","EPI_ISL_17011963",5,3,1,1,1,1,1,2,"5_3_1_1_1_1_1_2"
"4492","EPI_ISL_17011964",5,3,1,1,1,1,1,2,"5_3_1_1_1_1_1_2"
"4493","EPI_ISL_17012018",5,3,1,1,1,1,1,2,"5_3_1_1_1_1_1_2"
"4494","EPI_ISL_17015359",1,1,2,1,2,1,1,1,"1_1_2_1_2_1_1_1"
"4495","EPI_ISL_17015360",1,1,2,1,2,1,1,1,"1_1_2_1_2_1_1_1"
"4496","EPI_ISL_17015362",1,1,2,1,2,1,1,1,"1_1_2_1_2_1_1_1"
"4497","EPI_ISL_17015363",1,1,2,1,2,1,1,1,"1_1_2_1_2_1_1_1"
"4498","EPI_ISL_17015364",1,1,2,1,2,1,1,1,"1_1_2_1_2_1_1_1"
"4499","EPI_ISL_17015365",1,1,2,1,2,1,1,1,"1_1_2_1_2_1_1_1"
"4500","EPI_ISL_17015366",1,1,2,1,2,1,1,1,"1_1_2_1_2_1_1_1"
"4501","EPI_ISL_17015367",1,1,2,1,2,1,1,1,"1_1_2_1_2_1_1_1"
"4502","EPI_ISL_17015368",1,1,2,1,2,1,1,1,"1_1_2_1_2_1_1_1"
"4503","EPI_ISL_17015369",1,1,2,1,2,1,1,1,"1_1_2_1_2_1_1_1"
"4504","EPI_ISL_17036172",5,3,1,1,1,1,1,2,"5_3_1_1_1_1_1_2"
"4505","EPI_ISL_17036173",4,1,1,1,1,1,1,2,"4_1_1_1_1_1_1_2"
"4506","EPI_ISL_17069180",2,1,1,1,2,1,1,1,"2_1_1_1_2_1_1_1"
"4507","EPI_ISL_17072173",1,1,2,1,2,1,1,1,"1_1_2_1_2_1_1_1"
"4508","EPI_ISL_17072312",1,1,4,1,4,1,1,4,"1_1_4_1_4_1_1_4"
"4509","EPI_ISL_17072336",1,1,2,1,2,1,1,1,"1_1_2_1_2_1_1_1"
"4510","EPI_ISL_17072337",1,1,2,1,2,1,1,1,"1_1_2_1_2_1_1_1"
"4511","EPI_ISL_17072338",1,1,2,1,2,1,1,1,"1_1_2_1_2_1_1_1"
"4512","EPI_ISL_17072339",1,1,2,1,2,1,1,1,"1_1_2_1_2_1_1_1"
"4513","EPI_ISL_17072341",1,1,2,1,2,1,1,1,"1_1_2_1_2_1_1_1"
"4514","EPI_ISL_17072342",1,1,2,1,2,1,1,1,"1_1_2_1_2_1_1_1"
"4515","EPI_ISL_17072388",1,1,4,1,4,1,1,4,"1_1_4_1_4_1_1_4"
"4516","EPI_ISL_17072779",1,1,2,1,2,1,1,1,"1_1_2_1_2_1_1_1"
"4517","EPI_ISL_17072780",1,1,2,1,2,1,1,1,"1_1_2_1_2_1_1_1"
"4518","EPI_ISL_17072781",1,1,2,1,2,1,1,1,"1_1_2_1_2_1_1_1"
"4519","EPI_ISL_17072782",1,1,2,1,2,1,1,1,"1_1_2_1_2_1_1_1"
"4520","EPI_ISL_17073215",37,1,1,1,14,1,1,1,"37_1_1_1_14_1_1_1"
"4521","EPI_ISL_17073217",5,1,1,1,1,1,1,1,"5_1_1_1_1_1_1_1"
"4522","EPI_ISL_17179652",1,1,2,1,2,1,1,1,"1_1_2_1_2_1_1_1"
"4523","EPI_ISL_17179653",1,1,2,1,2,1,1,1,"1_1_2_1_2_1_1_1"
"4524","EPI_ISL_17179654",1,1,2,1,2,1,1,1,"1_1_2_1_2_1_1_1"
"4525","EPI_ISL_17208159",1,1,4,1,4,1,1,4,"1_1_4_1_4_1_1_4"
"4526","EPI_ISL_17208160",1,1,4,1,4,1,1,4,"1_1_4_1_4_1_1_4"
"4527","EPI_ISL_17208162",1,1,4,1,4,1,1,4,"1_1_4_1_4_1_1_4"
"4528","EPI_ISL_17208164",1,1,4,1,4,1,1,4,"1_1_4_1_4_1_1_4"
"4529","EPI_ISL_17208165",1,1,4,1,4,1,1,4,"1_1_4_1_4_1_1_4"
"4530","EPI_ISL_17208166",1,1,4,1,4,1,1,4,"1_1_4_1_4_1_1_4"
"4531","EPI_ISL_17212363",6,4,3,1,3,2,1,3,"6_4_3_1_3_2_1_3"
"4532","EPI_ISL_17212547",2,1,1,1,2,1,1,1,"2_1_1_1_2_1_1_1"
"4533","EPI_ISL_17233302",1,1,4,1,4,1,1,4,"1_1_4_1_4_1_1_4"
"4534","EPI_ISL_17244818",1,1,4,1,4,1,1,4,"1_1_4_1_4_1_1_4"
"4535","EPI_ISL_17244973",1,1,4,1,4,1,1,4,"1_1_4_1_4_1_1_4"
"4536","EPI_ISL_17245099",1,1,4,1,4,1,1,4,"1_1_4_1_4_1_1_4"
"4537","EPI_ISL_17245141",1,1,4,1,4,1,1,4,"1_1_4_1_4_1_1_4"
"4538","EPI_ISL_17245142",1,1,2,1,2,1,1,1,"1_1_2_1_2_1_1_1"
"4539","EPI_ISL_17257530",1,1,2,1,2,1,1,1,"1_1_2_1_2_1_1_1"
"4540","EPI_ISL_17257532",1,1,2,1,2,1,1,1,"1_1_2_1_2_1_1_1"
"4541","EPI_ISL_17260661",4,1,1,1,1,1,1,1,"4_1_1_1_1_1_1_1"
"4542","EPI_ISL_17260662",4,1,1,1,1,1,1,1,"4_1_1_1_1_1_1_1"
"4543","EPI_ISL_17260663",5,3,1,1,1,1,1,2,"5_3_1_1_1_1_1_2"
"4544","EPI_ISL_17260664",4,1,1,1,1,1,1,1,"4_1_1_1_1_1_1_1"
"4545","EPI_ISL_17260665",5,3,1,1,1,1,1,1,"5_3_1_1_1_1_1_1"
"4546","EPI_ISL_17260666",5,1,1,1,1,1,1,1,"5_1_1_1_1_1_1_1"
"4547","EPI_ISL_17260667",5,1,1,1,1,1,1,1,"5_1_1_1_1_1_1_1"
"4548","EPI_ISL_17260669",2,1,1,1,2,1,1,1,"2_1_1_1_2_1_1_1"
"4549","EPI_ISL_17260670",3,1,1,1,1,1,1,1,"3_1_1_1_1_1_1_1"
"4550","EPI_ISL_17260671",4,5,5,1,1,1,1,1,"4_5_5_1_1_1_1_1"
"4551","EPI_ISL_17260672",4,1,1,1,1,1,1,1,"4_1_1_1_1_1_1_1"
"4552","EPI_ISL_17260673",5,1,1,1,1,1,1,1,"5_1_1_1_1_1_1_1"
"4553","EPI_ISL_17260674",5,1,1,1,1,1,1,1,"5_1_1_1_1_1_1_1"
"4554","EPI_ISL_17260675",4,5,5,1,1,1,1,1,"4_5_5_1_1_1_1_1"
"4555","EPI_ISL_17260676",4,5,5,1,1,1,1,1,"4_5_5_1_1_1_1_1"
"4556","EPI_ISL_17260677",4,5,5,1,1,1,1,1,"4_5_5_1_1_1_1_1"
"4557","EPI_ISL_17260678",4,5,1,1,1,1,1,1,"4_5_1_1_1_1_1_1"
"4558","EPI_ISL_17260679",4,5,1,1,1,1,1,1,"4_5_1_1_1_1_1_1"
"4559","EPI_ISL_17260680",5,3,1,1,1,1,1,2,"5_3_1_1_1_1_1_2"
"4560","EPI_ISL_17260681",5,3,1,1,1,1,1,2,"5_3_1_1_1_1_1_2"
"4561","EPI_ISL_17260682",5,3,1,1,1,1,1,2,"5_3_1_1_1_1_1_2"
"4562","EPI_ISL_17260683",5,3,1,1,1,1,1,2,"5_3_1_1_1_1_1_2"
"4563","EPI_ISL_17260684",5,3,1,1,1,1,1,2,"5_3_1_1_1_1_1_2"
"4564","EPI_ISL_17260685",4,5,1,1,1,1,1,1,"4_5_1_1_1_1_1_1"
"4565","EPI_ISL_17260686",4,5,1,1,1,1,1,1,"4_5_1_1_1_1_1_1"
"4566","EPI_ISL_17260687",4,5,1,1,1,1,1,1,"4_5_1_1_1_1_1_1"
"4567","EPI_ISL_17260688",4,5,5,1,1,1,1,1,"4_5_5_1_1_1_1_1"
"4568","EPI_ISL_17260689",5,3,1,1,1,1,1,2,"5_3_1_1_1_1_1_2"
"4569","EPI_ISL_17277616",1,1,2,1,2,1,1,1,"1_1_2_1_2_1_1_1"
"4570","EPI_ISL_17277617",1,1,2,1,2,1,1,1,"1_1_2_1_2_1_1_1"
"4571","EPI_ISL_17277694",1,1,2,1,2,1,1,1,"1_1_2_1_2_1_1_1"
"4572","EPI_ISL_17360132",1,1,2,1,2,1,1,1,"1_1_2_1_2_1_1_1"
"4573","EPI_ISL_17360133",1,1,2,1,2,1,1,1,"1_1_2_1_2_1_1_1"
"4574","EPI_ISL_17367266",1,1,4,1,4,1,1,4,"1_1_4_1_4_1_1_4"
"4575","EPI_ISL_17371282",8,7,1,1,2,1,1,1,"8_7_1_1_2_1_1_1"
"4576","EPI_ISL_17371283",8,7,1,1,2,1,1,1,"8_7_1_1_2_1_1_1"
"4577","EPI_ISL_17371284",8,7,1,1,2,1,1,1,"8_7_1_1_2_1_1_1"
"4578","EPI_ISL_17393093",4,5,5,1,1,1,1,1,"4_5_5_1_1_1_1_1"
"4579","EPI_ISL_17424622",2,1,1,1,2,1,1,1,"2_1_1_1_2_1_1_1"
"4580","EPI_ISL_17424623",2,1,1,1,2,1,1,1,"2_1_1_1_2_1_1_1"
"4581","EPI_ISL_17424624",2,1,1,1,2,1,1,1,"2_1_1_1_2_1_1_1"
"4582","EPI_ISL_17424625",2,1,1,1,2,1,1,1,"2_1_1_1_2_1_1_1"
"4583","EPI_ISL_17424626",2,1,1,1,2,1,1,1,"2_1_1_1_2_1_1_1"
"4584","EPI_ISL_17424627",2,1,1,1,2,1,1,1,"2_1_1_1_2_1_1_1"
"4585","EPI_ISL_17424628",4,5,1,1,1,1,1,1,"4_5_1_1_1_1_1_1"
"4586","EPI_ISL_17424629",4,5,1,1,1,1,1,1,"4_5_1_1_1_1_1_1"
"4587","EPI_ISL_17424630",4,1,1,1,1,1,1,1,"4_1_1_1_1_1_1_1"
"4588","EPI_ISL_17424631",5,3,1,1,1,1,1,2,"5_3_1_1_1_1_1_2"
"4589","EPI_ISL_17424632",5,3,1,1,1,1,1,2,"5_3_1_1_1_1_1_2"
"4590","EPI_ISL_17424633",4,5,1,1,1,1,1,1,"4_5_1_1_1_1_1_1"
"4591","EPI_ISL_17424634",4,5,1,1,1,1,1,1,"4_5_1_1_1_1_1_1"
"4592","EPI_ISL_17424635",9,3,1,1,1,1,1,2,"9_3_1_1_1_1_1_2"
"4593","EPI_ISL_17424636",5,3,1,1,1,1,1,2,"5_3_1_1_1_1_1_2"
"4594","EPI_ISL_17424637",5,3,1,1,1,1,1,2,"5_3_1_1_1_1_1_2"
"4595","EPI_ISL_17424638",4,5,1,1,1,1,1,1,"4_5_1_1_1_1_1_1"
"4596","EPI_ISL_17424639",5,3,1,1,1,1,1,2,"5_3_1_1_1_1_1_2"
"4597","EPI_ISL_17424640",5,3,1,1,1,1,1,2,"5_3_1_1_1_1_1_2"
"4598","EPI_ISL_17424641",4,5,1,1,1,1,1,1,"4_5_1_1_1_1_1_1"
"4599","EPI_ISL_17424642",9,9,7,1,1,1,1,1,"9_9_7_1_1_1_1_1"
"4600","EPI_ISL_17424643",4,5,1,1,1,1,1,1,"4_5_1_1_1_1_1_1"
"4601","EPI_ISL_17424644",4,5,1,1,1,1,1,1,"4_5_1_1_1_1_1_1"
"4602","EPI_ISL_17424645",4,1,1,1,1,1,1,1,"4_1_1_1_1_1_1_1"
"4603","EPI_ISL_17424646",5,3,1,1,1,1,1,2,"5_3_1_1_1_1_1_2"
"4604","EPI_ISL_17424647",4,5,1,1,1,1,1,1,"4_5_1_1_1_1_1_1"
"4605","EPI_ISL_17424648",5,3,1,1,1,1,1,2,"5_3_1_1_1_1_1_2"
"4606","EPI_ISL_17424649",5,3,1,1,1,1,1,2,"5_3_1_1_1_1_1_2"
"4607","EPI_ISL_17424650",4,5,1,1,1,1,1,1,"4_5_1_1_1_1_1_1"
"4608","EPI_ISL_17424651",9,9,7,1,1,1,1,1,"9_9_7_1_1_1_1_1"
"4609","EPI_ISL_17424652",9,9,7,1,1,1,1,1,"9_9_7_1_1_1_1_1"
"4610","EPI_ISL_17424653",9,9,7,1,1,1,1,1,"9_9_7_1_1_1_1_1"
"4611","EPI_ISL_17424654",46,3,1,1,1,1,1,2,"46_3_1_1_1_1_1_2"
"4612","EPI_ISL_17424655",9,9,7,1,1,1,1,1,"9_9_7_1_1_1_1_1"
"4613","EPI_ISL_17465830",1,1,2,1,2,1,1,1,"1_1_2_1_2_1_1_1"
"4614","EPI_ISL_17465831",1,1,4,1,4,1,1,4,"1_1_4_1_4_1_1_4"
"4615","EPI_ISL_17465832",1,1,2,1,2,1,1,1,"1_1_2_1_2_1_1_1"
"4616","EPI_ISL_17465833",1,1,2,1,2,1,1,1,"1_1_2_1_2_1_1_1"
"4617","EPI_ISL_17465834",1,1,2,1,2,1,1,1,"1_1_2_1_2_1_1_1"
"4618","EPI_ISL_17465835",2,1,1,1,2,1,1,1,"2_1_1_1_2_1_1_1"
"4619","EPI_ISL_17465836",1,1,2,1,2,1,1,1,"1_1_2_1_2_1_1_1"
"4620","EPI_ISL_17465837",1,1,4,1,4,1,1,4,"1_1_4_1_4_1_1_4"
"4621","EPI_ISL_17470101",1,1,2,1,2,1,1,1,"1_1_2_1_2_1_1_1"
"4622","EPI_ISL_17470102",1,1,2,1,2,1,1,1,"1_1_2_1_2_1_1_1"
"4623","EPI_ISL_17470103",1,1,2,1,2,1,1,1,"1_1_2_1_2_1_1_1"
"4624","EPI_ISL_17470104",1,1,2,1,2,1,1,1,"1_1_2_1_2_1_1_1"
"4625","EPI_ISL_17470105",1,1,4,1,4,1,1,4,"1_1_4_1_4_1_1_4"
"4626","EPI_ISL_17470106",1,1,4,1,4,1,1,4,"1_1_4_1_4_1_1_4"
"4627","EPI_ISL_17470107",1,1,4,1,4,1,1,4,"1_1_4_1_4_1_1_4"
"4628","EPI_ISL_17470108",1,1,4,1,4,1,1,4,"1_1_4_1_4_1_1_4"
"4629","EPI_ISL_17470109",1,1,4,1,4,1,1,4,"1_1_4_1_4_1_1_4"
"4630","EPI_ISL_17471324",4,3,1,1,1,1,1,1,"4_3_1_1_1_1_1_1"
"4631","EPI_ISL_17478584",2,1,1,1,2,1,1,1,"2_1_1_1_2_1_1_1"
"4632","EPI_ISL_17478645",2,1,1,1,2,1,1,1,"2_1_1_1_2_1_1_1"
"4633","EPI_ISL_17478907",5,3,1,1,1,1,1,2,"5_3_1_1_1_1_1_2"
"4634","EPI_ISL_17479113",5,3,1,1,1,1,1,2,"5_3_1_1_1_1_1_2"
"4635","EPI_ISL_17479167",5,3,1,1,1,1,1,2,"5_3_1_1_1_1_1_2"
"4636","EPI_ISL_17494318",2,1,1,1,2,1,1,1,"2_1_1_1_2_1_1_1"
"4637","EPI_ISL_17494319",2,1,1,1,2,1,1,1,"2_1_1_1_2_1_1_1"
"4638","EPI_ISL_17511728",1,1,2,1,2,1,1,1,"1_1_2_1_2_1_1_1"
"4639","EPI_ISL_17547365",1,1,4,1,4,1,1,4,"1_1_4_1_4_1_1_4"
"4640","EPI_ISL_17547366",1,1,4,1,4,1,1,4,"1_1_4_1_4_1_1_4"
"4641","EPI_ISL_17547367",1,1,4,1,4,1,1,4,"1_1_4_1_4_1_1_4"
"4642","EPI_ISL_17547368",1,1,4,1,4,1,1,4,"1_1_4_1_4_1_1_4"
"4643","EPI_ISL_17547369",1,1,4,1,4,1,1,4,"1_1_4_1_4_1_1_4"
"4644","EPI_ISL_17547370",1,1,4,1,4,1,1,4,"1_1_4_1_4_1_1_4"
"4645","EPI_ISL_17547371",1,1,4,1,4,1,1,4,"1_1_4_1_4_1_1_4"
"4646","EPI_ISL_17547372",1,1,4,1,4,1,1,4,"1_1_4_1_4_1_1_4"
"4647","EPI_ISL_17547373",1,1,4,1,4,1,1,4,"1_1_4_1_4_1_1_4"
"4648","EPI_ISL_17547374",1,1,4,1,4,1,1,4,"1_1_4_1_4_1_1_4"
"4649","EPI_ISL_17547375",1,1,4,1,4,1,1,4,"1_1_4_1_4_1_1_4"
"4650","EPI_ISL_17564740",1,1,2,1,2,1,1,1,"1_1_2_1_2_1_1_1"
"4651","EPI_ISL_17564760",1,1,2,1,2,1,1,1,"1_1_2_1_2_1_1_1"
"4652","EPI_ISL_17564773",1,1,4,1,4,1,1,4,"1_1_4_1_4_1_1_4"
"4653","EPI_ISL_17564792",1,1,4,1,4,1,1,4,"1_1_4_1_4_1_1_4"
"4654","EPI_ISL_17564815",1,1,2,1,2,1,1,1,"1_1_2_1_2_1_1_1"
"4655","EPI_ISL_17580930",1,1,2,1,2,1,1,1,"1_1_2_1_2_1_1_1"
"4656","EPI_ISL_17584752",1,1,2,1,2,1,1,1,"1_1_2_1_2_1_1_1"
"4657","EPI_ISL_17584807",1,1,2,1,2,1,1,1,"1_1_2_1_2_1_1_1"
"4658","EPI_ISL_17584808",1,1,2,1,2,1,1,1,"1_1_2_1_2_1_1_1"
"4659","EPI_ISL_17584809",1,1,2,1,2,1,1,1,"1_1_2_1_2_1_1_1"
"4660","EPI_ISL_17584810",1,1,4,1,4,1,1,4,"1_1_4_1_4_1_1_4"
"4661","EPI_ISL_17584811",1,1,4,1,4,1,1,4,"1_1_4_1_4_1_1_4"
"4662","EPI_ISL_17584812",1,1,4,1,4,1,1,4,"1_1_4_1_4_1_1_4"
"4663","EPI_ISL_17584813",1,1,4,1,4,1,1,4,"1_1_4_1_4_1_1_4"
"4664","EPI_ISL_17584814",1,1,4,1,4,1,1,4,"1_1_4_1_4_1_1_4"
"4665","EPI_ISL_17584815",1,1,4,1,4,1,1,4,"1_1_4_1_4_1_1_4"
"4666","EPI_ISL_17584816",1,1,4,1,4,1,1,4,"1_1_4_1_4_1_1_4"
"4667","EPI_ISL_17584817",1,1,4,1,4,1,1,4,"1_1_4_1_4_1_1_4"
"4668","EPI_ISL_17584818",1,1,4,1,4,1,1,4,"1_1_4_1_4_1_1_4"
"4669","EPI_ISL_17584819",1,1,4,1,4,1,1,4,"1_1_4_1_4_1_1_4"
"4670","EPI_ISL_17584820",1,1,4,1,4,1,1,4,"1_1_4_1_4_1_1_4"
"4671","EPI_ISL_17584821",1,1,4,1,4,1,1,4,"1_1_4_1_4_1_1_4"
"4672","EPI_ISL_17584822",1,1,4,1,4,1,1,4,"1_1_4_1_4_1_1_4"
"4673","EPI_ISL_17584823",1,1,4,1,4,1,1,4,"1_1_4_1_4_1_1_4"
"4674","EPI_ISL_17584824",1,1,4,1,4,1,1,4,"1_1_4_1_4_1_1_4"
"4675","EPI_ISL_17584825",1,1,4,1,4,1,1,4,"1_1_4_1_4_1_1_4"
"4676","EPI_ISL_17584826",1,1,4,1,4,1,1,4,"1_1_4_1_4_1_1_4"
"4677","EPI_ISL_17584827",1,1,4,1,4,1,1,4,"1_1_4_1_4_1_1_4"
"4678","EPI_ISL_17600912",1,1,4,1,4,1,1,4,"1_1_4_1_4_1_1_4"
"4679","EPI_ISL_17600913",1,1,4,1,4,1,1,4,"1_1_4_1_4_1_1_4"
"4680","EPI_ISL_17601100",1,1,4,1,4,1,1,4,"1_1_4_1_4_1_1_4"
"4681","EPI_ISL_17601183",1,1,4,1,4,1,1,4,"1_1_4_1_4_1_1_4"
"4682","EPI_ISL_17625761",1,1,4,1,4,1,1,4,"1_1_4_1_4_1_1_4"
"4683","EPI_ISL_17625762",1,1,4,1,4,1,1,4,"1_1_4_1_4_1_1_4"
"4684","EPI_ISL_17625763",1,1,4,1,4,1,1,4,"1_1_4_1_4_1_1_4"
"4685","EPI_ISL_17625764",1,1,4,1,4,1,1,4,"1_1_4_1_4_1_1_4"
"4686","EPI_ISL_17626164",1,1,4,1,4,1,1,4,"1_1_4_1_4_1_1_4"
"4687","EPI_ISL_17626165",1,1,4,1,4,1,1,4,"1_1_4_1_4_1_1_4"
"4688","EPI_ISL_17626167",1,1,4,1,4,1,1,4,"1_1_4_1_4_1_1_4"
"4689","EPI_ISL_17626168",1,1,4,1,4,1,1,4,"1_1_4_1_4_1_1_4"
"4690","EPI_ISL_17626169",1,1,4,1,4,1,1,4,"1_1_4_1_4_1_1_4"
"4691","EPI_ISL_17626170",1,1,4,1,4,1,1,4,"1_1_4_1_4_1_1_4"
"4692","EPI_ISL_17626171",1,1,4,1,4,1,1,4,"1_1_4_1_4_1_1_4"
"4693","EPI_ISL_17626172",1,1,4,1,4,1,1,4,"1_1_4_1_4_1_1_4"
"4694","EPI_ISL_17626173",1,1,4,1,4,1,1,4,"1_1_4_1_4_1_1_4"
"4695","EPI_ISL_17626174",1,1,4,1,4,1,1,4,"1_1_4_1_4_1_1_4"
"4696","EPI_ISL_17626175",1,1,4,1,4,1,1,4,"1_1_4_1_4_1_1_4"
"4697","EPI_ISL_17638141",11,10,2,1,5,1,1,6,"11_10_2_1_5_1_1_6"
"4698","EPI_ISL_17638143",11,10,2,1,5,1,1,6,"11_10_2_1_5_1_1_6"
"4699","EPI_ISL_17638448",11,10,2,1,5,1,1,6,"11_10_2_1_5_1_1_6"
"4700","EPI_ISL_17638491",2,1,1,1,2,1,1,1,"2_1_1_1_2_1_1_1"
"4701","EPI_ISL_17638492",2,1,1,1,2,1,1,1,"2_1_1_1_2_1_1_1"
"4702","EPI_ISL_17638493",2,1,1,1,2,1,1,1,"2_1_1_1_2_1_1_1"
"4703","EPI_ISL_17638495",2,1,1,1,2,1,1,1,"2_1_1_1_2_1_1_1"
"4704","EPI_ISL_17638496",2,1,1,1,2,1,1,1,"2_1_1_1_2_1_1_1"
"4705","EPI_ISL_17638498",2,1,1,1,2,1,1,1,"2_1_1_1_2_1_1_1"
"4706","EPI_ISL_17638499",2,1,1,1,2,1,1,1,"2_1_1_1_2_1_1_1"
"4707","EPI_ISL_17638500",2,1,1,1,2,1,1,1,"2_1_1_1_2_1_1_1"
"4708","EPI_ISL_17638501",2,1,1,1,2,1,1,1,"2_1_1_1_2_1_1_1"
"4709","EPI_ISL_17638502",2,1,1,1,2,1,1,1,"2_1_1_1_2_1_1_1"
"4710","EPI_ISL_17638503",2,1,1,1,2,1,1,1,"2_1_1_1_2_1_1_1"
"4711","EPI_ISL_17638504",2,1,1,1,2,1,1,1,"2_1_1_1_2_1_1_1"
"4712","EPI_ISL_17638505",2,1,1,1,2,1,1,1,"2_1_1_1_2_1_1_1"
"4713","EPI_ISL_17650916",1,1,4,1,4,1,1,4,"1_1_4_1_4_1_1_4"
"4714","EPI_ISL_17650917",1,1,4,1,4,1,1,4,"1_1_4_1_4_1_1_4"
"4715","EPI_ISL_17650918",1,1,4,1,4,1,1,4,"1_1_4_1_4_1_1_4"
"4716","EPI_ISL_17650919",1,1,4,1,4,1,1,4,"1_1_4_1_4_1_1_4"
"4717","EPI_ISL_17650920",1,1,4,1,4,1,1,4,"1_1_4_1_4_1_1_4"
"4718","EPI_ISL_17650921",1,1,4,1,4,1,1,4,"1_1_4_1_4_1_1_4"
"4719","EPI_ISL_17679728",1,1,4,1,4,1,1,4,"1_1_4_1_4_1_1_4"
"4720","EPI_ISL_17679729",1,1,4,1,4,1,1,4,"1_1_4_1_4_1_1_4"
"4721","EPI_ISL_17679730",1,1,4,1,4,1,1,4,"1_1_4_1_4_1_1_4"
"4722","EPI_ISL_17679731",1,1,4,1,4,1,1,4,"1_1_4_1_4_1_1_4"
"4723","EPI_ISL_17679732",1,1,4,1,4,1,1,4,"1_1_4_1_4_1_1_4"
"4724","EPI_ISL_17679733",1,1,4,1,4,1,1,4,"1_1_4_1_4_1_1_4"
"4725","EPI_ISL_17679734",1,1,4,1,4,1,1,4,"1_1_4_1_4_1_1_4"
"4726","EPI_ISL_17679735",1,1,4,1,4,1,1,4,"1_1_4_1_4_1_1_4"
"4727","EPI_ISL_17679736",1,1,4,1,4,1,1,4,"1_1_4_1_4_1_1_4"
"4728","EPI_ISL_17679737",1,1,4,1,4,1,1,4,"1_1_4_1_4_1_1_4"
"4729","EPI_ISL_17679738",1,1,4,1,4,1,1,4,"1_1_4_1_4_1_1_4"
"4730","EPI_ISL_17679739",1,1,4,1,4,1,1,4,"1_1_4_1_4_1_1_4"
"4731","EPI_ISL_17679740",1,1,4,1,4,1,1,4,"1_1_4_1_4_1_1_4"
"4732","EPI_ISL_17679741",1,1,4,1,4,1,1,4,"1_1_4_1_4_1_1_4"
"4733","EPI_ISL_17679742",1,1,4,1,4,1,1,4,"1_1_4_1_4_1_1_4"
"4734","EPI_ISL_17679743",1,1,4,1,4,1,1,4,"1_1_4_1_4_1_1_4"
"4735","EPI_ISL_17679744",1,1,4,1,4,1,1,4,"1_1_4_1_4_1_1_4"
"4736","EPI_ISL_17679745",1,1,4,1,4,1,1,4,"1_1_4_1_4_1_1_4"
"4737","EPI_ISL_17679746",1,1,4,1,4,1,1,4,"1_1_4_1_4_1_1_4"
"4738","EPI_ISL_17679747",1,1,4,1,4,1,1,4,"1_1_4_1_4_1_1_4"
"4739","EPI_ISL_17679748",1,1,4,1,4,1,1,4,"1_1_4_1_4_1_1_4"
"4740","EPI_ISL_17679749",1,1,4,1,4,1,1,4,"1_1_4_1_4_1_1_4"
"4741","EPI_ISL_17679750",1,1,4,1,4,1,1,4,"1_1_4_1_4_1_1_4"
"4742","EPI_ISL_17679751",1,1,4,1,4,1,1,4,"1_1_4_1_4_1_1_4"
"4743","EPI_ISL_17679752",1,1,4,1,4,1,1,4,"1_1_4_1_4_1_1_4"
"4744","EPI_ISL_17679753",1,1,4,1,4,1,1,4,"1_1_4_1_4_1_1_4"
"4745","EPI_ISL_17679754",1,1,4,1,4,1,1,4,"1_1_4_1_4_1_1_4"
"4746","EPI_ISL_17679755",1,1,4,1,4,1,1,4,"1_1_4_1_4_1_1_4"
"4747","EPI_ISL_17679756",1,1,4,1,4,1,1,4,"1_1_4_1_4_1_1_4"
"4748","EPI_ISL_17679757",1,1,4,1,4,1,1,4,"1_1_4_1_4_1_1_4"
"4749","EPI_ISL_17679758",1,1,4,1,4,1,1,4,"1_1_4_1_4_1_1_4"
"4750","EPI_ISL_17679759",1,1,4,1,4,1,1,4,"1_1_4_1_4_1_1_4"
"4751","EPI_ISL_17679760",1,1,4,1,4,1,1,4,"1_1_4_1_4_1_1_4"
"4752","EPI_ISL_17679761",1,1,4,1,4,1,1,4,"1_1_4_1_4_1_1_4"
"4753","EPI_ISL_17679762",1,1,4,1,4,1,1,4,"1_1_4_1_4_1_1_4"
"4754","EPI_ISL_17679763",1,1,4,1,4,1,1,4,"1_1_4_1_4_1_1_4"
"4755","EPI_ISL_17679764",1,1,4,1,4,1,1,4,"1_1_4_1_4_1_1_4"
"4756","EPI_ISL_17679765",1,1,4,1,4,1,1,4,"1_1_4_1_4_1_1_4"
"4757","EPI_ISL_17679766",1,1,4,1,4,1,1,4,"1_1_4_1_4_1_1_4"
"4758","EPI_ISL_17679767",1,1,4,1,4,1,1,4,"1_1_4_1_4_1_1_4"
"4759","EPI_ISL_17679768",1,1,4,1,4,1,1,4,"1_1_4_1_4_1_1_4"
"4760","EPI_ISL_17679769",1,1,4,1,4,1,1,4,"1_1_4_1_4_1_1_4"
"4761","EPI_ISL_17679770",1,1,4,1,4,1,1,4,"1_1_4_1_4_1_1_4"
"4762","EPI_ISL_17679771",1,1,4,1,4,1,1,4,"1_1_4_1_4_1_1_4"
"4763","EPI_ISL_17679772",1,1,4,1,4,1,1,4,"1_1_4_1_4_1_1_4"
"4764","EPI_ISL_17679773",1,1,4,1,4,1,1,4,"1_1_4_1_4_1_1_4"
"4765","EPI_ISL_17679774",1,1,4,1,4,1,1,4,"1_1_4_1_4_1_1_4"
"4766","EPI_ISL_17679775",1,1,4,1,4,1,1,4,"1_1_4_1_4_1_1_4"
"4767","EPI_ISL_17679776",1,1,2,1,2,1,1,1,"1_1_2_1_2_1_1_1"
"4768","EPI_ISL_17679777",1,1,4,1,4,1,1,4,"1_1_4_1_4_1_1_4"
"4769","EPI_ISL_17679778",1,1,4,1,4,1,1,4,"1_1_4_1_4_1_1_4"
"4770","EPI_ISL_17679779",1,1,4,1,4,1,1,4,"1_1_4_1_4_1_1_4"
"4771","EPI_ISL_17679780",1,1,4,1,4,1,1,4,"1_1_4_1_4_1_1_4"
"4772","EPI_ISL_17679781",1,1,4,1,4,1,1,4,"1_1_4_1_4_1_1_4"
"4773","EPI_ISL_17679782",1,1,2,1,2,1,1,1,"1_1_2_1_2_1_1_1"
"4774","EPI_ISL_17679783",1,1,2,1,2,1,1,1,"1_1_2_1_2_1_1_1"
"4775","EPI_ISL_17679784",1,1,2,1,2,1,1,1,"1_1_2_1_2_1_1_1"
"4776","EPI_ISL_17679785",1,1,2,1,2,1,1,1,"1_1_2_1_2_1_1_1"
"4777","EPI_ISL_17679786",1,1,2,1,2,1,1,1,"1_1_2_1_2_1_1_1"
"4778","EPI_ISL_17679787",1,1,2,1,2,1,1,1,"1_1_2_1_2_1_1_1"
"4779","EPI_ISL_17679789",1,1,2,1,2,1,1,1,"1_1_2_1_2_1_1_1"
"4780","EPI_ISL_17679790",1,1,2,1,2,1,1,1,"1_1_2_1_2_1_1_1"
"4781","EPI_ISL_17679791",1,1,2,1,2,1,1,1,"1_1_2_1_2_1_1_1"
"4782","EPI_ISL_17679792",1,1,2,1,2,1,1,1,"1_1_2_1_2_1_1_1"
"4783","EPI_ISL_17679793",1,1,2,1,2,1,1,1,"1_1_2_1_2_1_1_1"
"4784","EPI_ISL_17679794",1,1,2,1,2,1,1,1,"1_1_2_1_2_1_1_1"
"4785","EPI_ISL_17679795",1,49,2,1,2,1,1,1,"1_49_2_1_2_1_1_1"
"4786","EPI_ISL_17679796",1,1,4,1,4,1,1,4,"1_1_4_1_4_1_1_4"
"4787","EPI_ISL_17679797",1,1,2,1,2,1,1,1,"1_1_2_1_2_1_1_1"
"4788","EPI_ISL_17679798",1,1,2,1,2,1,1,1,"1_1_2_1_2_1_1_1"
"4789","EPI_ISL_17679799",1,1,2,1,2,1,1,1,"1_1_2_1_2_1_1_1"
"4790","EPI_ISL_17679800",1,1,4,1,4,1,1,4,"1_1_4_1_4_1_1_4"
"4791","EPI_ISL_17679801",1,1,4,1,4,1,1,4,"1_1_4_1_4_1_1_4"
"4792","EPI_ISL_17679802",15,1,10,1,2,1,1,1,"15_1_10_1_2_1_1_1"
"4793","EPI_ISL_17679803",1,1,4,1,4,1,1,4,"1_1_4_1_4_1_1_4"
"4794","EPI_ISL_17679804",1,1,4,1,4,1,1,4,"1_1_4_1_4_1_1_4"
"4795","EPI_ISL_17679805",1,1,2,1,2,1,1,1,"1_1_2_1_2_1_1_1"
"4796","EPI_ISL_17679806",1,1,4,1,4,1,1,4,"1_1_4_1_4_1_1_4"
"4797","EPI_ISL_17679807",1,1,4,1,4,1,1,4,"1_1_4_1_4_1_1_4"
"4798","EPI_ISL_17679808",15,1,10,1,2,1,1,1,"15_1_10_1_2_1_1_1"
"4799","EPI_ISL_17679809",1,1,2,1,2,1,1,1,"1_1_2_1_2_1_1_1"
"4800","EPI_ISL_17679810",1,1,4,1,4,1,1,4,"1_1_4_1_4_1_1_4"
"4801","EPI_ISL_17679811",1,1,4,1,4,1,1,4,"1_1_4_1_4_1_1_4"
"4802","EPI_ISL_17679812",1,1,2,1,2,1,1,1,"1_1_2_1_2_1_1_1"
"4803","EPI_ISL_17679813",15,8,1,1,7,1,1,5,"15_8_1_1_7_1_1_5"
"4804","EPI_ISL_17679814",15,8,1,1,7,1,1,5,"15_8_1_1_7_1_1_5"
"4805","EPI_ISL_17679815",1,1,2,1,2,1,1,1,"1_1_2_1_2_1_1_1"
"4806","EPI_ISL_17679816",1,1,2,1,2,1,1,1,"1_1_2_1_2_1_1_1"
"4807","EPI_ISL_17679817",1,1,2,1,2,1,1,1,"1_1_2_1_2_1_1_1"
"4808","EPI_ISL_17679818",1,1,2,1,2,1,1,1,"1_1_2_1_2_1_1_1"
"4809","EPI_ISL_17679819",1,1,2,1,2,1,1,1,"1_1_2_1_2_1_1_1"
"4810","EPI_ISL_17679820",1,1,2,1,2,1,1,1,"1_1_2_1_2_1_1_1"
"4811","EPI_ISL_17679821",15,8,1,1,7,1,1,5,"15_8_1_1_7_1_1_5"
"4812","EPI_ISL_17679822",15,8,1,1,7,1,1,5,"15_8_1_1_7_1_1_5"
"4813","EPI_ISL_17679823",15,8,1,1,7,1,1,5,"15_8_1_1_7_1_1_5"
"4814","EPI_ISL_17679824",15,8,1,1,7,1,1,5,"15_8_1_1_7_1_1_5"
"4815","EPI_ISL_17699034",1,1,4,1,4,1,1,4,"1_1_4_1_4_1_1_4"
"4816","EPI_ISL_17699037",1,1,4,1,4,1,1,4,"1_1_4_1_4_1_1_4"
"4817","EPI_ISL_17716057",1,1,2,1,2,1,1,1,"1_1_2_1_2_1_1_1"
"4818","EPI_ISL_17716058",1,1,2,1,2,1,1,1,"1_1_2_1_2_1_1_1"
"4819","EPI_ISL_17716059",1,1,2,1,2,1,1,1,"1_1_2_1_2_1_1_1"
"4820","EPI_ISL_17716060",1,1,2,1,2,1,1,1,"1_1_2_1_2_1_1_1"
"4821","EPI_ISL_17716061",1,1,2,1,2,1,1,1,"1_1_2_1_2_1_1_1"
"4822","EPI_ISL_17716062",1,1,2,1,2,1,1,1,"1_1_2_1_2_1_1_1"
"4823","EPI_ISL_17716063",1,1,4,1,4,1,1,4,"1_1_4_1_4_1_1_4"
"4824","EPI_ISL_17716064",1,1,4,1,4,1,1,4,"1_1_4_1_4_1_1_4"
"4825","EPI_ISL_17716065",1,1,4,1,4,1,1,4,"1_1_4_1_4_1_1_4"
"4826","EPI_ISL_17716066",1,1,4,1,4,1,1,4,"1_1_4_1_4_1_1_4"
"4827","EPI_ISL_17716067",1,1,4,1,4,1,1,4,"1_1_4_1_4_1_1_4"
"4828","EPI_ISL_17716068",1,1,4,1,4,1,1,17,"1_1_4_1_4_1_1_17"
"4829","EPI_ISL_17716070",1,1,4,1,4,1,1,4,"1_1_4_1_4_1_1_4"
"4830","EPI_ISL_17716071",1,1,4,1,4,1,1,4,"1_1_4_1_4_1_1_4"
"4831","EPI_ISL_17716072",1,1,4,1,4,1,1,4,"1_1_4_1_4_1_1_4"
"4832","EPI_ISL_17716073",1,1,4,1,4,1,1,4,"1_1_4_1_4_1_1_4"
"4833","EPI_ISL_17716074",1,1,4,1,4,1,1,4,"1_1_4_1_4_1_1_4"
"4834","EPI_ISL_17716075",1,1,4,1,4,1,1,4,"1_1_4_1_4_1_1_4"
"4835","EPI_ISL_17716076",1,1,4,1,4,1,1,4,"1_1_4_1_4_1_1_4"
"4836","EPI_ISL_17716077",1,1,4,1,4,1,1,4,"1_1_4_1_4_1_1_4"
"4837","EPI_ISL_17716078",1,1,4,1,4,1,1,4,"1_1_4_1_4_1_1_4"
"4838","EPI_ISL_17716079",1,1,4,1,4,1,1,4,"1_1_4_1_4_1_1_4"
"4839","EPI_ISL_17716080",1,1,2,1,2,1,1,1,"1_1_2_1_2_1_1_1"
"4840","EPI_ISL_17716081",1,1,2,1,2,1,1,1,"1_1_2_1_2_1_1_1"
"4841","EPI_ISL_17716082",1,1,2,1,2,1,1,1,"1_1_2_1_2_1_1_1"
"4842","EPI_ISL_17716083",1,1,2,1,2,1,1,1,"1_1_2_1_2_1_1_1"
"4843","EPI_ISL_17716084",1,1,2,1,2,1,1,1,"1_1_2_1_2_1_1_1"
"4844","EPI_ISL_17716086",1,1,2,1,2,1,1,1,"1_1_2_1_2_1_1_1"
"4845","EPI_ISL_17716087",1,1,2,1,2,1,1,1,"1_1_2_1_2_1_1_1"
"4846","EPI_ISL_17716088",1,1,4,1,4,1,1,4,"1_1_4_1_4_1_1_4"
"4847","EPI_ISL_17731667",18,1,2,1,2,1,1,1,"18_1_2_1_2_1_1_1"
"4848","EPI_ISL_17732338",1,1,4,1,4,1,1,4,"1_1_4_1_4_1_1_4"
"4849","EPI_ISL_17732339",1,1,4,1,4,1,1,4,"1_1_4_1_4_1_1_4"
"4850","EPI_ISL_17732340",1,1,4,1,4,1,1,4,"1_1_4_1_4_1_1_4"
"4851","EPI_ISL_17736649",1,1,4,1,4,1,1,4,"1_1_4_1_4_1_1_4"
"4852","EPI_ISL_17736969",1,1,2,1,2,1,1,1,"1_1_2_1_2_1_1_1"
"4853","EPI_ISL_17760581",25,23,2,1,5,2,1,1,"25_23_2_1_5_2_1_1"
"4854","EPI_ISL_17760582",25,23,2,1,5,2,1,1,"25_23_2_1_5_2_1_1"
"4855","EPI_ISL_17760583",25,23,2,1,5,2,1,1,"25_23_2_1_5_2_1_1"
"4856","EPI_ISL_17760584",25,23,2,1,5,2,1,1,"25_23_2_1_5_2_1_1"
"4857","EPI_ISL_17774061",1,1,2,1,2,1,1,1,"1_1_2_1_2_1_1_1"
"4858","EPI_ISL_17774062",1,1,4,1,4,1,1,4,"1_1_4_1_4_1_1_4"
"4859","EPI_ISL_17774063",1,1,2,1,2,1,1,1,"1_1_2_1_2_1_1_1"
"4860","EPI_ISL_17774357",1,1,4,1,4,1,1,4,"1_1_4_1_4_1_1_4"
"4861","EPI_ISL_17774358",1,1,4,1,4,1,1,4,"1_1_4_1_4_1_1_4"
"4862","EPI_ISL_17777525",5,3,1,1,1,1,1,2,"5_3_1_1_1_1_1_2"
"4863","EPI_ISL_17777527",5,3,1,1,1,1,1,2,"5_3_1_1_1_1_1_2"
"4864","EPI_ISL_17777528",5,3,1,1,1,1,1,2,"5_3_1_1_1_1_1_2"
"4865","EPI_ISL_17777529",5,3,1,1,1,1,1,2,"5_3_1_1_1_1_1_2"
"4866","EPI_ISL_17777530",5,3,1,1,1,1,1,2,"5_3_1_1_1_1_1_2"
"4867","EPI_ISL_17777532",5,3,1,1,1,1,1,2,"5_3_1_1_1_1_1_2"
"4868","EPI_ISL_17785725",2,1,1,1,2,1,1,1,"2_1_1_1_2_1_1_1"
"4869","EPI_ISL_17785726",2,1,1,1,2,1,1,1,"2_1_1_1_2_1_1_1"
"4870","EPI_ISL_17785727",2,1,1,1,2,1,1,1,"2_1_1_1_2_1_1_1"
"4871","EPI_ISL_17785728",2,1,1,1,2,1,1,1,"2_1_1_1_2_1_1_1"
"4872","EPI_ISL_17785729",2,1,1,1,2,1,1,1,"2_1_1_1_2_1_1_1"
"4873","EPI_ISL_17785730",1,1,2,1,2,1,1,1,"1_1_2_1_2_1_1_1"
"4874","EPI_ISL_17785731",2,1,1,1,2,1,1,1,"2_1_1_1_2_1_1_1"
"4875","EPI_ISL_17785732",2,1,1,1,2,1,1,1,"2_1_1_1_2_1_1_1"
"4876","EPI_ISL_17785733",2,1,1,1,2,1,1,1,"2_1_1_1_2_1_1_1"
"4877","EPI_ISL_17785741",1,1,4,1,4,1,1,4,"1_1_4_1_4_1_1_4"
"4878","EPI_ISL_17786288",1,1,2,1,2,1,1,1,"1_1_2_1_2_1_1_1"
"4879","EPI_ISL_17786646",1,1,4,1,4,1,1,4,"1_1_4_1_4_1_1_4"
"4880","EPI_ISL_17805820",10,7,6,2,2,2,1,3,"10_7_6_2_2_2_1_3"
"4881","EPI_ISL_17805822",13,12,6,2,2,2,1,3,"13_12_6_2_2_2_1_3"
"4882","EPI_ISL_17805882",10,7,6,2,2,2,1,3,"10_7_6_2_2_2_1_3"
"4883","EPI_ISL_17805886",10,7,6,2,2,2,1,3,"10_7_6_2_2_2_1_3"
"4884","EPI_ISL_17805890",10,7,6,2,2,2,1,3,"10_7_6_2_2_2_1_3"
"4885","EPI_ISL_17805901",10,7,6,2,2,2,1,3,"10_7_6_2_2_2_1_3"
"4886","EPI_ISL_17805905",6,4,3,1,3,2,1,3,"6_4_3_1_3_2_1_3"
"4887","EPI_ISL_17805986",5,3,1,1,1,1,1,2,"5_3_1_1_1_1_1_2"
"4888","EPI_ISL_17805987",5,3,1,1,1,1,1,2,"5_3_1_1_1_1_1_2"
"4889","EPI_ISL_17805988",5,3,1,1,1,1,1,2,"5_3_1_1_1_1_1_2"
"4890","EPI_ISL_17805989",5,3,1,1,1,1,1,2,"5_3_1_1_1_1_1_2"
"4891","EPI_ISL_17805990",5,3,1,1,1,1,1,2,"5_3_1_1_1_1_1_2"
"4892","EPI_ISL_17805991",5,3,1,1,1,1,1,2,"5_3_1_1_1_1_1_2"
"4893","EPI_ISL_17805994",5,3,1,1,1,1,1,2,"5_3_1_1_1_1_1_2"
"4894","EPI_ISL_17805995",5,3,1,1,1,1,1,2,"5_3_1_1_1_1_1_2"
"4895","EPI_ISL_17805996",5,3,1,1,1,1,1,2,"5_3_1_1_1_1_1_2"
"4896","EPI_ISL_17805997",5,3,1,1,1,1,1,2,"5_3_1_1_1_1_1_2"
"4897","EPI_ISL_17805999",5,3,1,1,1,1,1,2,"5_3_1_1_1_1_1_2"
"4898","EPI_ISL_17806000",5,3,1,1,1,1,1,2,"5_3_1_1_1_1_1_2"
"4899","EPI_ISL_17806001",5,3,1,1,1,1,1,2,"5_3_1_1_1_1_1_2"
"4900","EPI_ISL_17806003",5,3,1,1,1,1,1,2,"5_3_1_1_1_1_1_2"
"4901","EPI_ISL_17821770",5,3,1,1,1,1,1,2,"5_3_1_1_1_1_1_2"
"4902","EPI_ISL_17830836",1,1,4,1,4,1,1,4,"1_1_4_1_4_1_1_4"
"4903","EPI_ISL_17830837",1,1,4,1,4,1,1,4,"1_1_4_1_4_1_1_4"
"4904","EPI_ISL_17830838",1,1,4,1,4,1,1,4,"1_1_4_1_4_1_1_4"
"4905","EPI_ISL_17830839",1,1,4,1,4,1,1,4,"1_1_4_1_4_1_1_4"
"4906","EPI_ISL_17830866",1,1,4,1,4,1,1,4,"1_1_4_1_4_1_1_4"
"4907","EPI_ISL_17830868",1,1,4,1,4,1,1,4,"1_1_4_1_4_1_1_4"
"4908","EPI_ISL_17830871",1,1,4,1,4,1,1,4,"1_1_4_1_4_1_1_4"
"4909","EPI_ISL_17830874",1,1,4,1,4,1,1,4,"1_1_4_1_4_1_1_4"
"4910","EPI_ISL_17831040",1,1,4,1,4,1,1,4,"1_1_4_1_4_1_1_4"
"4911","EPI_ISL_17831133",1,1,4,1,4,1,1,4,"1_1_4_1_4_1_1_4"
"4912","EPI_ISL_17831134",1,1,4,1,4,1,1,4,"1_1_4_1_4_1_1_4"
"4913","EPI_ISL_17831135",1,1,4,1,4,1,1,4,"1_1_4_1_4_1_1_4"
"4914","EPI_ISL_17831136",1,1,4,1,4,1,1,4,"1_1_4_1_4_1_1_4"
"4915","EPI_ISL_17831137",1,1,4,1,4,1,1,4,"1_1_4_1_4_1_1_4"
"4916","EPI_ISL_17831138",1,1,4,1,4,1,1,4,"1_1_4_1_4_1_1_4"
"4917","EPI_ISL_17831139",1,1,4,1,4,1,1,4,"1_1_4_1_4_1_1_4"
"4918","EPI_ISL_17831140",1,1,4,1,4,1,1,4,"1_1_4_1_4_1_1_4"
"4919","EPI_ISL_17851847",5,3,1,1,1,1,1,2,"5_3_1_1_1_1_1_2"
"4920","EPI_ISL_17851850",9,9,7,1,1,1,1,1,"9_9_7_1_1_1_1_1"
"4921","EPI_ISL_17851854",9,9,7,1,1,1,1,1,"9_9_7_1_1_1_1_1"
"4922","EPI_ISL_17851857",4,5,5,1,1,1,1,1,"4_5_5_1_1_1_1_1"
"4923","EPI_ISL_17851860",9,9,7,1,1,1,1,1,"9_9_7_1_1_1_1_1"
"4924","EPI_ISL_17851870",5,3,1,1,1,1,1,2,"5_3_1_1_1_1_1_2"
"4925","EPI_ISL_17851873",9,9,7,1,1,1,1,1,"9_9_7_1_1_1_1_1"
"4926","EPI_ISL_17851876",9,9,7,1,1,1,1,1,"9_9_7_1_1_1_1_1"
"4927","EPI_ISL_17851880",9,9,7,1,1,1,1,1,"9_9_7_1_1_1_1_1"
"4928","EPI_ISL_17851883",8,7,1,1,2,1,1,1,"8_7_1_1_2_1_1_1"
"4929","EPI_ISL_17851885",4,5,5,1,1,1,1,1,"4_5_5_1_1_1_1_1"
"4930","EPI_ISL_17851901",4,5,5,1,1,1,1,1,"4_5_5_1_1_1_1_1"
"4931","EPI_ISL_17851903",9,9,7,1,1,1,1,1,"9_9_7_1_1_1_1_1"
"4932","EPI_ISL_17859569",1,1,4,1,4,1,1,4,"1_1_4_1_4_1_1_4"
"4933","EPI_ISL_17859575",1,1,4,1,4,1,1,4,"1_1_4_1_4_1_1_4"
"4934","EPI_ISL_17859692",1,1,4,1,4,1,1,4,"1_1_4_1_4_1_1_4"
"4935","EPI_ISL_17880904",2,1,1,1,2,1,1,1,"2_1_1_1_2_1_1_1"
"4936","EPI_ISL_17880908",1,1,2,1,2,1,1,1,"1_1_2_1_2_1_1_1"
"4937","EPI_ISL_17880911",1,1,2,1,2,1,1,1,"1_1_2_1_2_1_1_1"
"4938","EPI_ISL_17880914",1,1,4,1,4,1,1,4,"1_1_4_1_4_1_1_4"
"4939","EPI_ISL_17884625",1,1,4,1,4,1,1,4,"1_1_4_1_4_1_1_4"
"4940","EPI_ISL_17884626",1,1,4,1,4,1,1,4,"1_1_4_1_4_1_1_4"
"4941","EPI_ISL_17884627",1,1,4,1,4,1,1,4,"1_1_4_1_4_1_1_4"
"4942","EPI_ISL_17884628",1,1,4,1,4,1,1,4,"1_1_4_1_4_1_1_4"
"4943","EPI_ISL_16350797",1,1,2,1,2,1,1,1,"1_1_2_1_2_1_1_1"
"4944","EPI_ISL_16350802",1,1,2,1,2,1,1,1,"1_1_2_1_2_1_1_1"
"4945","EPI_ISL_16395206",1,1,2,1,2,1,1,1,"1_1_2_1_2_1_1_1"
"4946","EPI_ISL_16398192",1,1,2,1,2,1,1,1,"1_1_2_1_2_1_1_1"
"4947","EPI_ISL_16398193",1,1,2,1,2,1,1,1,"1_1_2_1_2_1_1_1"
"4948","EPI_ISL_16398194",1,1,2,1,2,1,1,1,"1_1_2_1_2_1_1_1"
"4949","EPI_ISL_16398195",1,1,2,1,2,1,1,1,"1_1_2_1_2_1_1_1"
"4950","EPI_ISL_16398196",1,1,2,1,2,1,1,1,"1_1_2_1_2_1_1_1"
"4951","EPI_ISL_16443924",1,1,2,1,2,1,1,1,"1_1_2_1_2_1_1_1"
"4952","EPI_ISL_16444163",1,1,2,1,2,1,1,1,"1_1_2_1_2_1_1_1"
"4953","EPI_ISL_16547552",1,1,2,1,2,1,1,1,"1_1_2_1_2_1_1_1"
"4954","EPI_ISL_16549379",1,1,2,1,2,1,1,1,"1_1_2_1_2_1_1_1"
"4955","EPI_ISL_16549380",1,1,2,1,2,1,1,1,"1_1_2_1_2_1_1_1"
"4956","EPI_ISL_16555202",4,1,1,1,1,1,1,1,"4_1_1_1_1_1_1_1"
"4957","EPI_ISL_16555203",4,5,1,1,1,1,1,1,"4_5_1_1_1_1_1_1"
"4958","EPI_ISL_16555204",5,1,1,1,1,1,1,1,"5_1_1_1_1_1_1_1"
"4959","EPI_ISL_16555205",3,1,1,1,1,1,1,1,"3_1_1_1_1_1_1_1"
"4960","EPI_ISL_16574465",15,1,10,1,2,1,1,1,"15_1_10_1_2_1_1_1"
"4961","EPI_ISL_16574476",1,1,2,1,2,1,1,1,"1_1_2_1_2_1_1_1"
"4962","EPI_ISL_16574488",1,1,2,1,2,1,1,1,"1_1_2_1_2_1_1_1"
"4963","EPI_ISL_16574500",1,1,2,1,2,1,1,1,"1_1_2_1_2_1_1_1"
"4964","EPI_ISL_16574507",1,1,2,1,2,1,1,1,"1_1_2_1_2_1_1_1"
"4965","EPI_ISL_16574516",1,1,2,1,2,1,1,1,"1_1_2_1_2_1_1_1"
"4966","EPI_ISL_16574529",1,1,4,1,4,1,1,4,"1_1_4_1_4_1_1_4"
"4967","EPI_ISL_16574544",1,1,2,1,2,1,1,1,"1_1_2_1_2_1_1_1"
"4968","EPI_ISL_16574556",1,1,2,1,2,1,1,1,"1_1_2_1_2_1_1_1"
"4969","EPI_ISL_16574569",1,1,2,1,2,1,1,1,"1_1_2_1_2_1_1_1"
"4970","EPI_ISL_16574586",1,1,2,1,2,1,1,1,"1_1_2_1_2_1_1_1"
"4971","EPI_ISL_16574599",1,1,2,1,2,1,1,1,"1_1_2_1_2_1_1_1"
"4972","EPI_ISL_16574612",1,1,2,1,2,1,1,1,"1_1_2_1_2_1_1_1"
"4973","EPI_ISL_16574644",1,1,2,1,2,1,1,1,"1_1_2_1_2_1_1_1"
"4974","EPI_ISL_16574657",1,1,2,1,2,1,1,1,"1_1_2_1_2_1_1_1"
"4975","EPI_ISL_16574669",1,1,2,1,2,1,1,1,"1_1_2_1_2_1_1_1"
"4976","EPI_ISL_16574682",1,1,2,1,2,1,1,1,"1_1_2_1_2_1_1_1"
"4977","EPI_ISL_16574697",1,1,2,1,2,1,1,1,"1_1_2_1_2_1_1_1"
"4978","EPI_ISL_16574710",1,1,2,1,2,1,1,1,"1_1_2_1_2_1_1_1"
"4979","EPI_ISL_16574723",1,1,2,1,2,1,1,1,"1_1_2_1_2_1_1_1"
"4980","EPI_ISL_16574736",1,1,2,1,2,1,1,1,"1_1_2_1_2_1_1_1"
"4981","EPI_ISL_16574747",1,1,2,1,2,1,1,1,"1_1_2_1_2_1_1_1"
"4982","EPI_ISL_16574756",1,1,2,1,2,1,1,1,"1_1_2_1_2_1_1_1"
"4983","EPI_ISL_16574769",1,1,2,1,2,1,1,1,"1_1_2_1_2_1_1_1"
"4984","EPI_ISL_16631820",1,1,2,1,2,1,1,1,"1_1_2_1_2_1_1_1"
"4985","EPI_ISL_16632466",2,1,1,1,2,1,1,1,"2_1_1_1_2_1_1_1"
"4986","EPI_ISL_16632487",2,1,1,1,2,1,1,1,"2_1_1_1_2_1_1_1"
"4987","EPI_ISL_16632488",2,1,1,1,2,1,1,1,"2_1_1_1_2_1_1_1"
"4988","EPI_ISL_16632494",2,1,1,1,2,1,1,1,"2_1_1_1_2_1_1_1"
"4989","EPI_ISL_16632495",2,1,1,1,2,1,1,1,"2_1_1_1_2_1_1_1"
"4990","EPI_ISL_16632496",2,1,1,1,2,1,1,1,"2_1_1_1_2_1_1_1"
"4991","EPI_ISL_16632498",2,1,1,1,2,1,1,1,"2_1_1_1_2_1_1_1"
"4992","EPI_ISL_16632499",2,1,1,1,2,1,1,1,"2_1_1_1_2_1_1_1"
"4993","EPI_ISL_16632500",2,1,1,1,2,1,1,1,"2_1_1_1_2_1_1_1"
"4994","EPI_ISL_16632501",2,1,1,1,2,1,1,1,"2_1_1_1_2_1_1_1"
"4995","EPI_ISL_16632502",2,1,1,1,2,1,1,1,"2_1_1_1_2_1_1_1"
"4996","EPI_ISL_16632503",2,1,1,1,2,1,1,1,"2_1_1_1_2_1_1_1"
"4997","EPI_ISL_16632504",2,1,1,1,2,1,1,1,"2_1_1_1_2_1_1_1"
"4998","EPI_ISL_16632505",2,1,1,1,2,1,1,1,"2_1_1_1_2_1_1_1"
"4999","EPI_ISL_16632506",2,1,1,1,2,1,1,1,"2_1_1_1_2_1_1_1"
"5000","EPI_ISL_16632507",2,1,1,1,2,1,1,1,"2_1_1_1_2_1_1_1"
"5001","EPI_ISL_16632508",2,1,1,1,2,1,1,1,"2_1_1_1_2_1_1_1"
"5002","EPI_ISL_16632509",2,1,1,1,2,1,1,1,"2_1_1_1_2_1_1_1"
"5003","EPI_ISL_16632510",2,1,1,1,2,1,1,1,"2_1_1_1_2_1_1_1"
"5004","EPI_ISL_16632511",2,1,1,1,2,1,1,1,"2_1_1_1_2_1_1_1"
"5005","EPI_ISL_16632512",2,1,1,1,2,1,1,1,"2_1_1_1_2_1_1_1"
"5006","EPI_ISL_16632513",2,1,1,1,2,1,1,1,"2_1_1_1_2_1_1_1"
"5007","EPI_ISL_16632514",2,1,1,1,2,1,1,1,"2_1_1_1_2_1_1_1"
"5008","EPI_ISL_16632515",2,1,1,1,2,1,1,1,"2_1_1_1_2_1_1_1"
"5009","EPI_ISL_16632516",2,1,1,1,2,1,1,1,"2_1_1_1_2_1_1_1"
"5010","EPI_ISL_16632517",2,1,1,1,2,1,1,1,"2_1_1_1_2_1_1_1"
"5011","EPI_ISL_16632518",2,1,1,1,2,1,1,1,"2_1_1_1_2_1_1_1"
"5012","EPI_ISL_16632519",2,1,1,1,2,1,1,1,"2_1_1_1_2_1_1_1"
"5013","EPI_ISL_16632520",2,1,1,1,2,1,1,1,"2_1_1_1_2_1_1_1"
"5014","EPI_ISL_16632521",2,1,1,1,2,1,1,1,"2_1_1_1_2_1_1_1"
"5015","EPI_ISL_16632522",2,1,1,1,2,1,1,1,"2_1_1_1_2_1_1_1"
"5016","EPI_ISL_16632523",2,1,1,1,2,1,1,1,"2_1_1_1_2_1_1_1"
"5017","EPI_ISL_16632524",4,5,5,1,1,1,1,1,"4_5_5_1_1_1_1_1"
"5018","EPI_ISL_16632536",2,1,1,1,2,1,1,1,"2_1_1_1_2_1_1_1"
"5019","EPI_ISL_16632537",2,1,1,1,2,1,1,1,"2_1_1_1_2_1_1_1"
"5020","EPI_ISL_16632538",2,1,1,1,2,1,1,1,"2_1_1_1_2_1_1_1"
"5021","EPI_ISL_16632539",2,1,1,1,2,1,1,1,"2_1_1_1_2_1_1_1"
"5022","EPI_ISL_16632540",2,1,1,1,2,1,1,1,"2_1_1_1_2_1_1_1"
"5023","EPI_ISL_16632541",2,1,1,1,2,1,1,1,"2_1_1_1_2_1_1_1"
"5024","EPI_ISL_16632542",2,1,1,1,2,1,1,1,"2_1_1_1_2_1_1_1"
"5025","EPI_ISL_16633463",1,1,2,1,2,1,1,1,"1_1_2_1_2_1_1_1"
"5026","EPI_ISL_16633464",1,1,2,1,2,1,1,1,"1_1_2_1_2_1_1_1"
"5027","EPI_ISL_16633479",1,1,2,1,2,1,1,1,"1_1_2_1_2_1_1_1"
"5028","EPI_ISL_16633481",1,1,2,1,2,1,1,1,"1_1_2_1_2_1_1_1"
"5029","EPI_ISL_16633749",1,1,2,1,2,1,1,1,"1_1_2_1_2_1_1_1"
"5030","EPI_ISL_16633751",1,1,2,1,2,1,1,1,"1_1_2_1_2_1_1_1"
"5031","EPI_ISL_16641764",2,1,1,1,2,1,1,1,"2_1_1_1_2_1_1_1"
"5032","EPI_ISL_16641765",2,1,1,1,2,1,1,1,"2_1_1_1_2_1_1_1"
"5033","EPI_ISL_16641766",2,1,1,1,2,1,1,1,"2_1_1_1_2_1_1_1"
"5034","EPI_ISL_16641767",2,1,1,1,2,1,1,1,"2_1_1_1_2_1_1_1"
"5035","EPI_ISL_16641768",2,1,1,1,2,1,1,1,"2_1_1_1_2_1_1_1"
"5036","EPI_ISL_16641769",2,1,1,1,2,1,1,1,"2_1_1_1_2_1_1_1"
"5037","EPI_ISL_16641770",2,1,1,1,2,1,1,1,"2_1_1_1_2_1_1_1"
"5038","EPI_ISL_16641771",2,1,1,1,2,1,1,1,"2_1_1_1_2_1_1_1"
"5039","EPI_ISL_16641772",2,1,1,1,2,1,1,1,"2_1_1_1_2_1_1_1"
"5040","EPI_ISL_16641773",2,1,1,1,2,1,1,1,"2_1_1_1_2_1_1_1"
"5041","EPI_ISL_16641774",2,1,1,1,2,1,1,1,"2_1_1_1_2_1_1_1"
"5042","EPI_ISL_16641775",2,1,1,1,2,1,1,1,"2_1_1_1_2_1_1_1"
"5043","EPI_ISL_16641776",2,1,1,1,2,1,1,1,"2_1_1_1_2_1_1_1"
"5044","EPI_ISL_16641777",2,1,1,1,2,1,1,1,"2_1_1_1_2_1_1_1"
"5045","EPI_ISL_16641778",2,1,1,1,2,1,1,1,"2_1_1_1_2_1_1_1"
"5046","EPI_ISL_16641779",2,1,1,1,2,1,1,1,"2_1_1_1_2_1_1_1"
"5047","EPI_ISL_16641780",2,1,1,1,2,1,1,1,"2_1_1_1_2_1_1_1"
"5048","EPI_ISL_16641781",2,1,1,1,2,1,1,1,"2_1_1_1_2_1_1_1"
"5049","EPI_ISL_16641782",2,1,1,1,2,1,1,1,"2_1_1_1_2_1_1_1"
"5050","EPI_ISL_16641783",2,1,1,1,2,1,1,1,"2_1_1_1_2_1_1_1"
"5051","EPI_ISL_16641784",2,1,1,1,2,1,1,1,"2_1_1_1_2_1_1_1"
"5052","EPI_ISL_16641785",2,1,1,1,2,1,1,1,"2_1_1_1_2_1_1_1"
"5053","EPI_ISL_16641786",2,1,1,1,2,1,1,1,"2_1_1_1_2_1_1_1"
"5054","EPI_ISL_16641787",2,1,1,1,2,1,1,1,"2_1_1_1_2_1_1_1"
"5055","EPI_ISL_16641788",2,1,1,1,2,1,1,1,"2_1_1_1_2_1_1_1"
"5056","EPI_ISL_16641789",2,1,1,1,2,1,1,1,"2_1_1_1_2_1_1_1"
"5057","EPI_ISL_16641790",2,1,1,1,2,1,1,1,"2_1_1_1_2_1_1_1"
"5058","EPI_ISL_16641791",2,1,1,1,2,1,1,1,"2_1_1_1_2_1_1_1"
"5059","EPI_ISL_16647784",1,1,2,1,2,1,1,1,"1_1_2_1_2_1_1_1"
"5060","EPI_ISL_16676447",2,1,1,1,2,1,1,1,"2_1_1_1_2_1_1_1"
"5061","EPI_ISL_16676471",1,1,2,1,2,1,1,1,"1_1_2_1_2_1_1_1"
"5062","EPI_ISL_16676474",1,1,2,1,2,1,1,1,"1_1_2_1_2_1_1_1"
"5063","EPI_ISL_16676477",2,1,1,1,2,1,1,1,"2_1_1_1_2_1_1_1"
"5064","EPI_ISL_16676487",1,1,2,1,2,1,1,1,"1_1_2_1_2_1_1_1"
"5065","EPI_ISL_16676489",1,1,2,1,2,1,1,1,"1_1_2_1_2_1_1_1"
"5066","EPI_ISL_16698060",43,1,28,1,2,1,1,1,"43_1_28_1_2_1_1_1"
"5067","EPI_ISL_16698477",2,1,1,1,2,1,1,1,"2_1_1_1_2_1_1_1"
"5068","EPI_ISL_16698546",2,1,1,1,2,1,1,1,"2_1_1_1_2_1_1_1"
"5069","EPI_ISL_16698576",2,1,1,1,2,1,1,1,"2_1_1_1_2_1_1_1"
"5070","EPI_ISL_16698579",2,1,1,1,2,1,1,1,"2_1_1_1_2_1_1_1"
"5071","EPI_ISL_16718460",13,12,6,2,2,2,1,3,"13_12_6_2_2_2_1_3"
"5072","EPI_ISL_16718461",10,7,6,2,2,2,1,3,"10_7_6_2_2_2_1_3"
"5073","EPI_ISL_16718462",10,7,6,2,2,2,1,3,"10_7_6_2_2_2_1_3"
"5074","EPI_ISL_16718463",10,7,6,2,2,2,1,3,"10_7_6_2_2_2_1_3"
"5075","EPI_ISL_16718464",10,7,6,2,2,2,1,3,"10_7_6_2_2_2_1_3"
"5076","EPI_ISL_16718465",6,4,3,1,3,2,1,3,"6_4_3_1_3_2_1_3"
"5077","EPI_ISL_16718466",10,7,6,2,2,2,1,3,"10_7_6_2_2_2_1_3"
"5078","EPI_ISL_16747602",2,1,1,1,2,1,1,1,"2_1_1_1_2_1_1_1"
"5079","EPI_ISL_16809296",1,1,2,1,2,1,1,1,"1_1_2_1_2_1_1_1"
"5080","EPI_ISL_16809297",1,1,2,1,2,1,1,1,"1_1_2_1_2_1_1_1"
"5081","EPI_ISL_16833158",1,1,2,1,2,1,1,1,"1_1_2_1_2_1_1_1"
"5082","EPI_ISL_16865548",2,1,1,1,2,1,1,1,"2_1_1_1_2_1_1_1"
"5083","EPI_ISL_16881185",1,1,4,1,4,1,1,4,"1_1_4_1_4_1_1_4"
"5084","EPI_ISL_16891400",5,3,1,1,1,1,1,2,"5_3_1_1_1_1_1_2"
"5085","EPI_ISL_16891402",5,3,1,1,1,1,1,2,"5_3_1_1_1_1_1_2"
"5086","EPI_ISL_16939160",1,1,2,1,2,1,1,1,"1_1_2_1_2_1_1_1"
"5087","EPI_ISL_16955748",2,1,1,1,2,1,1,1,"2_1_1_1_2_1_1_1"
"5088","EPI_ISL_16955765",2,1,1,1,2,1,1,1,"2_1_1_1_2_1_1_1"
"5089","EPI_ISL_16955798",2,1,1,1,2,1,1,1,"2_1_1_1_2_1_1_1"
"5090","EPI_ISL_16955829",2,1,1,1,2,1,1,1,"2_1_1_1_2_1_1_1"
"5091","EPI_ISL_16956027",1,1,2,1,2,1,1,1,"1_1_2_1_2_1_1_1"
"5092","EPI_ISL_16956028",1,1,2,1,2,1,1,1,"1_1_2_1_2_1_1_1"
"5093","EPI_ISL_16956029",1,1,2,1,2,1,1,1,"1_1_2_1_2_1_1_1"
"5094","EPI_ISL_16956354",1,1,2,1,2,1,1,1,"1_1_2_1_2_1_1_1"
"5095","EPI_ISL_16956376",1,1,2,1,2,1,1,1,"1_1_2_1_2_1_1_1"
"5096","EPI_ISL_16956386",1,1,2,1,2,1,1,1,"1_1_2_1_2_1_1_1"
"5097","EPI_ISL_16956404",1,1,2,1,2,1,1,1,"1_1_2_1_2_1_1_1"
"5098","EPI_ISL_16956424",1,1,2,1,2,1,1,1,"1_1_2_1_2_1_1_1"
"5099","EPI_ISL_16956445",1,1,2,1,2,1,1,1,"1_1_2_1_2_1_1_1"
"5100","EPI_ISL_16969354",1,1,2,1,2,1,1,1,"1_1_2_1_2_1_1_1"
"5101","EPI_ISL_16969355",1,1,2,1,2,1,1,1,"1_1_2_1_2_1_1_1"
"5102","EPI_ISL_16969356",1,1,2,1,2,1,1,1,"1_1_2_1_2_1_1_1"
"5103","EPI_ISL_16969357",1,1,2,1,2,1,1,1,"1_1_2_1_2_1_1_1"
"5104","EPI_ISL_16969358",15,1,10,1,2,1,1,1,"15_1_10_1_2_1_1_1"
"5105","EPI_ISL_16969359",1,1,2,1,2,1,1,1,"1_1_2_1_2_1_1_1"
"5106","EPI_ISL_16984642",1,1,4,1,4,1,1,4,"1_1_4_1_4_1_1_4"
"5107","EPI_ISL_16984685",1,1,4,1,4,1,1,4,"1_1_4_1_4_1_1_4"
"5108","EPI_ISL_16984863",1,1,4,1,4,1,1,4,"1_1_4_1_4_1_1_4"
"5109","EPI_ISL_16984869",1,1,2,1,2,1,1,1,"1_1_2_1_2_1_1_1"
"5110","EPI_ISL_16984878",1,1,2,1,2,1,1,1,"1_1_2_1_2_1_1_1"
"5111","EPI_ISL_16985112",1,1,4,1,4,1,1,4,"1_1_4_1_4_1_1_4"
"5112","EPI_ISL_16997293",1,1,2,1,2,1,1,1,"1_1_2_1_2_1_1_1"
"5113","EPI_ISL_16997751",1,1,2,1,2,1,1,1,"1_1_2_1_2_1_1_1"
"5114","EPI_ISL_16997752",1,1,2,1,2,1,1,1,"1_1_2_1_2_1_1_1"
"5115","EPI_ISL_16997753",1,1,2,1,2,1,1,1,"1_1_2_1_2_1_1_1"
"5116","EPI_ISL_16997754",1,1,2,1,2,1,1,1,"1_1_2_1_2_1_1_1"
"5117","EPI_ISL_16997755",1,1,2,1,2,1,1,1,"1_1_2_1_2_1_1_1"
"5118","EPI_ISL_16997756",1,1,2,1,2,1,1,1,"1_1_2_1_2_1_1_1"
"5119","EPI_ISL_16997757",1,1,2,1,2,1,1,1,"1_1_2_1_2_1_1_1"
"5120","EPI_ISL_16997758",1,1,2,1,2,1,1,1,"1_1_2_1_2_1_1_1"
"5121","EPI_ISL_16997759",1,1,2,1,2,1,1,1,"1_1_2_1_2_1_1_1"
"5122","EPI_ISL_16997921",2,1,1,1,2,1,1,1,"2_1_1_1_2_1_1_1"
"5123","EPI_ISL_17005631",1,1,2,1,2,1,1,1,"1_1_2_1_2_1_1_1"
"5124","EPI_ISL_17033243",1,1,2,1,2,1,1,1,"1_1_2_1_2_1_1_1"
"5125","EPI_ISL_17033244",1,1,2,1,2,1,1,1,"1_1_2_1_2_1_1_1"
"5126","EPI_ISL_17033246",1,1,2,1,2,1,1,1,"1_1_2_1_2_1_1_1"
"5127","EPI_ISL_17051018",3,1,1,1,1,1,1,1,"3_1_1_1_1_1_1_1"
"5128","EPI_ISL_17051019",3,1,1,1,1,1,1,1,"3_1_1_1_1_1_1_1"
"5129","EPI_ISL_17051020",3,1,1,1,1,1,1,1,"3_1_1_1_1_1_1_1"
"5130","EPI_ISL_17051021",3,1,1,1,1,1,1,1,"3_1_1_1_1_1_1_1"
"5131","EPI_ISL_17051023",3,1,1,1,1,1,1,1,"3_1_1_1_1_1_1_1"
"5132","EPI_ISL_17051024",3,1,1,1,1,1,1,1,"3_1_1_1_1_1_1_1"
"5133","EPI_ISL_17051025",3,1,1,1,1,1,1,1,"3_1_1_1_1_1_1_1"
"5134","EPI_ISL_17051026",3,1,1,1,1,1,1,1,"3_1_1_1_1_1_1_1"
"5135","EPI_ISL_17051027",3,1,1,1,1,1,1,1,"3_1_1_1_1_1_1_1"
"5136","EPI_ISL_17051029",3,1,1,1,1,1,1,1,"3_1_1_1_1_1_1_1"
"5137","EPI_ISL_17051031",3,1,1,1,1,1,1,1,"3_1_1_1_1_1_1_1"
"5138","EPI_ISL_17051033",3,1,1,1,1,1,1,1,"3_1_1_1_1_1_1_1"
"5139","EPI_ISL_17051035",3,1,1,1,1,1,1,1,"3_1_1_1_1_1_1_1"
"5140","EPI_ISL_17051036",3,1,1,1,1,1,1,1,"3_1_1_1_1_1_1_1"
"5141","EPI_ISL_17051037",3,1,1,1,1,1,1,1,"3_1_1_1_1_1_1_1"
"5142","EPI_ISL_17051038",3,1,1,1,1,1,1,1,"3_1_1_1_1_1_1_1"
"5143","EPI_ISL_17051039",3,1,1,1,1,1,1,1,"3_1_1_1_1_1_1_1"
"5144","EPI_ISL_17051041",3,1,1,1,1,1,1,1,"3_1_1_1_1_1_1_1"
"5145","EPI_ISL_17051049",3,1,1,1,1,1,1,1,"3_1_1_1_1_1_1_1"
"5146","EPI_ISL_17051050",5,1,1,1,1,1,1,1,"5_1_1_1_1_1_1_1"
"5147","EPI_ISL_17051051",3,1,1,1,1,1,1,1,"3_1_1_1_1_1_1_1"
"5148","EPI_ISL_17051053",3,1,1,1,14,1,1,1,"3_1_1_1_14_1_1_1"
"5149","EPI_ISL_17051055",3,1,1,1,1,1,1,1,"3_1_1_1_1_1_1_1"
"5150","EPI_ISL_17051056",3,1,1,1,1,1,1,1,"3_1_1_1_1_1_1_1"
"5151","EPI_ISL_17051057",3,1,1,1,1,1,1,1,"3_1_1_1_1_1_1_1"
"5152","EPI_ISL_17051058",3,1,1,1,1,1,1,1,"3_1_1_1_1_1_1_1"
"5153","EPI_ISL_17051059",3,1,1,1,1,1,1,1,"3_1_1_1_1_1_1_1"
"5154","EPI_ISL_17051061",3,1,1,1,1,1,1,1,"3_1_1_1_1_1_1_1"
"5155","EPI_ISL_17051064",3,1,1,1,1,1,1,1,"3_1_1_1_1_1_1_1"
"5156","EPI_ISL_17051065",3,1,1,1,1,1,1,1,"3_1_1_1_1_1_1_1"
"5157","EPI_ISL_17051066",3,1,1,1,1,1,1,1,"3_1_1_1_1_1_1_1"
"5158","EPI_ISL_17051067",3,1,1,1,1,1,1,1,"3_1_1_1_1_1_1_1"
"5159","EPI_ISL_17051069",4,1,1,1,1,1,1,1,"4_1_1_1_1_1_1_1"
"5160","EPI_ISL_17051070",4,1,1,1,1,1,1,1,"4_1_1_1_1_1_1_1"
"5161","EPI_ISL_17051076",4,1,1,1,1,1,1,1,"4_1_1_1_1_1_1_1"
"5162","EPI_ISL_17051077",3,1,1,1,1,1,1,1,"3_1_1_1_1_1_1_1"
"5163","EPI_ISL_17051078",3,1,1,1,1,1,1,1,"3_1_1_1_1_1_1_1"
"5164","EPI_ISL_17051081",3,1,1,1,1,1,1,1,"3_1_1_1_1_1_1_1"
"5165","EPI_ISL_17051082",3,1,1,1,1,1,1,1,"3_1_1_1_1_1_1_1"
"5166","EPI_ISL_17051129",3,1,1,1,1,1,1,1,"3_1_1_1_1_1_1_1"
"5167","EPI_ISL_17051131",4,1,1,1,1,1,1,1,"4_1_1_1_1_1_1_1"
"5168","EPI_ISL_17051132",4,1,1,1,1,1,1,1,"4_1_1_1_1_1_1_1"
"5169","EPI_ISL_17051133",4,1,1,1,1,1,1,1,"4_1_1_1_1_1_1_1"
"5170","EPI_ISL_17051135",4,1,1,1,1,1,1,1,"4_1_1_1_1_1_1_1"
"5171","EPI_ISL_17051138",4,1,1,1,1,1,1,1,"4_1_1_1_1_1_1_1"
"5172","EPI_ISL_17051139",4,1,1,1,1,1,1,1,"4_1_1_1_1_1_1_1"
"5173","EPI_ISL_17051140",4,1,1,1,1,1,1,1,"4_1_1_1_1_1_1_1"
"5174","EPI_ISL_17051392",3,1,1,1,1,1,1,1,"3_1_1_1_1_1_1_1"
"5175","EPI_ISL_17051393",5,3,1,1,1,1,1,2,"5_3_1_1_1_1_1_2"
"5176","EPI_ISL_17051394",5,3,1,1,1,1,1,2,"5_3_1_1_1_1_1_2"
"5177","EPI_ISL_17051395",3,1,1,1,1,1,1,1,"3_1_1_1_1_1_1_1"
"5178","EPI_ISL_17051397",3,1,1,1,1,1,1,1,"3_1_1_1_1_1_1_1"
"5179","EPI_ISL_17051398",3,1,1,1,1,1,1,1,"3_1_1_1_1_1_1_1"
"5180","EPI_ISL_17051401",3,1,1,1,1,1,1,1,"3_1_1_1_1_1_1_1"
"5181","EPI_ISL_17051404",3,1,1,1,1,1,1,1,"3_1_1_1_1_1_1_1"
"5182","EPI_ISL_17051405",3,1,1,1,1,1,1,1,"3_1_1_1_1_1_1_1"
"5183","EPI_ISL_17051407",3,1,1,1,1,1,1,1,"3_1_1_1_1_1_1_1"
"5184","EPI_ISL_17051408",3,1,1,1,1,1,1,1,"3_1_1_1_1_1_1_1"
"5185","EPI_ISL_17051409",3,1,1,1,1,1,1,1,"3_1_1_1_1_1_1_1"
"5186","EPI_ISL_17051410",3,9,1,1,1,1,1,1,"3_9_1_1_1_1_1_1"
"5187","EPI_ISL_17051411",3,1,1,1,1,1,1,1,"3_1_1_1_1_1_1_1"
"5188","EPI_ISL_17051413",3,1,1,1,1,1,1,1,"3_1_1_1_1_1_1_1"
"5189","EPI_ISL_17051415",37,1,1,1,14,1,1,1,"37_1_1_1_14_1_1_1"
"5190","EPI_ISL_17051416",37,51,1,1,14,1,1,2,"37_51_1_1_14_1_1_2"
"5191","EPI_ISL_17051420",3,1,1,1,1,1,1,1,"3_1_1_1_1_1_1_1"
"5192","EPI_ISL_17051421",44,1,1,1,14,1,1,1,"44_1_1_1_14_1_1_1"
"5193","EPI_ISL_17051423",5,3,1,1,1,1,1,2,"5_3_1_1_1_1_1_2"
"5194","EPI_ISL_17051424",5,3,1,1,1,1,1,2,"5_3_1_1_1_1_1_2"
"5195","EPI_ISL_17051426",5,3,1,1,1,1,1,2,"5_3_1_1_1_1_1_2"
"5196","EPI_ISL_17051428",5,3,1,1,1,1,1,2,"5_3_1_1_1_1_1_2"
"5197","EPI_ISL_17051435",5,3,1,1,1,1,1,2,"5_3_1_1_1_1_1_2"
"5198","EPI_ISL_17051462",3,1,1,1,1,1,1,1,"3_1_1_1_1_1_1_1"
"5199","EPI_ISL_17051465",3,1,1,1,1,1,1,1,"3_1_1_1_1_1_1_1"
"5200","EPI_ISL_17051475",5,3,1,1,1,1,1,2,"5_3_1_1_1_1_1_2"
"5201","EPI_ISL_17051476",3,1,1,1,1,1,1,1,"3_1_1_1_1_1_1_1"
"5202","EPI_ISL_17051480",3,1,1,1,1,1,1,1,"3_1_1_1_1_1_1_1"
"5203","EPI_ISL_17051482",2,1,1,1,2,1,1,1,"2_1_1_1_2_1_1_1"
"5204","EPI_ISL_17051483",2,1,1,1,2,1,1,1,"2_1_1_1_2_1_1_1"
"5205","EPI_ISL_17071430",1,1,2,1,2,1,1,1,"1_1_2_1_2_1_1_1"
"5206","EPI_ISL_17071926",1,1,2,1,2,1,1,1,"1_1_2_1_2_1_1_1"
"5207","EPI_ISL_17071927",2,1,1,1,2,1,1,1,"2_1_1_1_2_1_1_1"
"5208","EPI_ISL_17071930",1,1,2,1,2,1,1,1,"1_1_2_1_2_1_1_1"
"5209","EPI_ISL_17071932",2,1,1,1,2,1,1,1,"2_1_1_1_2_1_1_1"
"5210","EPI_ISL_17071937",2,1,1,1,2,1,1,1,"2_1_1_1_2_1_1_1"
"5211","EPI_ISL_17071943",2,1,1,1,2,1,1,1,"2_1_1_1_2_1_1_1"
"5212","EPI_ISL_17072111",2,1,1,1,2,1,1,1,"2_1_1_1_2_1_1_1"
"5213","EPI_ISL_17072114",1,1,2,1,2,1,1,1,"1_1_2_1_2_1_1_1"
"5214","EPI_ISL_17075747",1,1,1,1,2,1,1,1,"1_1_1_1_2_1_1_1"
"5215","EPI_ISL_17075759",1,1,1,1,2,1,1,1,"1_1_1_1_2_1_1_1"
"5216","EPI_ISL_17099964",5,3,1,1,1,1,1,2,"5_3_1_1_1_1_1_2"
"5217","EPI_ISL_17164982",15,8,1,1,7,1,1,5,"15_8_1_1_7_1_1_5"
"5218","EPI_ISL_17164983",1,1,2,1,2,1,1,1,"1_1_2_1_2_1_1_1"
"5219","EPI_ISL_17164984",15,8,1,1,7,1,1,5,"15_8_1_1_7_1_1_5"
"5220","EPI_ISL_17164985",15,8,1,1,7,1,1,5,"15_8_1_1_7_1_1_5"
"5221","EPI_ISL_17164986",1,1,2,1,2,1,1,1,"1_1_2_1_2_1_1_1"
"5222","EPI_ISL_17164987",1,1,2,1,2,1,1,1,"1_1_2_1_2_1_1_1"
"5223","EPI_ISL_17164988",1,1,2,1,2,1,1,1,"1_1_2_1_2_1_1_1"
"5224","EPI_ISL_17164989",1,1,2,1,2,1,1,1,"1_1_2_1_2_1_1_1"
"5225","EPI_ISL_17164990",1,1,2,1,2,1,1,1,"1_1_2_1_2_1_1_1"
"5226","EPI_ISL_17164991",1,1,2,1,2,1,1,1,"1_1_2_1_2_1_1_1"
"5227","EPI_ISL_17164992",1,1,2,1,2,1,1,1,"1_1_2_1_2_1_1_1"
"5228","EPI_ISL_17164993",1,1,2,1,2,1,1,1,"1_1_2_1_2_1_1_1"
"5229","EPI_ISL_17164994",1,1,2,1,2,1,1,1,"1_1_2_1_2_1_1_1"
"5230","EPI_ISL_17164995",1,1,2,1,2,1,1,1,"1_1_2_1_2_1_1_1"
"5231","EPI_ISL_17165223",5,3,1,1,1,1,1,2,"5_3_1_1_1_1_1_2"
"5232","EPI_ISL_17165498",1,1,2,1,2,1,1,1,"1_1_2_1_2_1_1_1"
"5233","EPI_ISL_17165499",1,1,2,1,2,1,1,1,"1_1_2_1_2_1_1_1"
"5234","EPI_ISL_17165500",1,1,2,1,2,1,1,1,"1_1_2_1_2_1_1_1"
"5235","EPI_ISL_17165501",1,1,2,1,2,1,1,1,"1_1_2_1_2_1_1_1"
"5236","EPI_ISL_17165502",1,1,2,1,2,1,1,1,"1_1_2_1_2_1_1_1"
"5237","EPI_ISL_17165503",1,1,2,1,2,1,1,1,"1_1_2_1_2_1_1_1"
"5238","EPI_ISL_17165504",1,1,2,1,2,1,1,1,"1_1_2_1_2_1_1_1"
"5239","EPI_ISL_17165505",1,1,2,1,2,1,1,1,"1_1_2_1_2_1_1_1"
"5240","EPI_ISL_17165506",1,1,2,1,2,1,1,1,"1_1_2_1_2_1_1_1"
"5241","EPI_ISL_17165507",1,1,2,1,2,1,1,1,"1_1_2_1_2_1_1_1"
"5242","EPI_ISL_17165508",1,1,2,1,2,1,1,1,"1_1_2_1_2_1_1_1"
"5243","EPI_ISL_17165509",1,1,2,1,2,1,1,1,"1_1_2_1_2_1_1_1"
"5244","EPI_ISL_17165510",1,1,2,1,2,1,1,1,"1_1_2_1_2_1_1_1"
"5245","EPI_ISL_17165511",1,1,2,1,2,1,1,1,"1_1_2_1_2_1_1_1"
"5246","EPI_ISL_17165512",1,1,2,1,2,1,1,1,"1_1_2_1_2_1_1_1"
"5247","EPI_ISL_17180382",1,1,2,1,2,1,1,1,"1_1_2_1_2_1_1_1"
"5248","EPI_ISL_17181724",1,1,2,1,2,1,1,1,"1_1_2_1_2_1_1_1"
"5249","EPI_ISL_17185801",4,5,1,1,1,1,1,1,"4_5_1_1_1_1_1_1"
"5250","EPI_ISL_17185802",4,5,1,1,1,1,1,1,"4_5_1_1_1_1_1_1"
"5251","EPI_ISL_17185803",4,5,1,1,1,1,1,1,"4_5_1_1_1_1_1_1"
"5252","EPI_ISL_17185804",4,5,1,1,1,1,1,1,"4_5_1_1_1_1_1_1"
"5253","EPI_ISL_17185805",4,5,1,1,1,1,1,1,"4_5_1_1_1_1_1_1"
"5254","EPI_ISL_17185806",4,5,1,1,1,1,1,1,"4_5_1_1_1_1_1_1"
"5255","EPI_ISL_17185807",4,5,1,1,1,1,1,1,"4_5_1_1_1_1_1_1"
"5256","EPI_ISL_17185808",4,5,1,1,1,1,1,1,"4_5_1_1_1_1_1_1"
"5257","EPI_ISL_17185809",4,5,5,1,1,1,1,1,"4_5_5_1_1_1_1_1"
"5258","EPI_ISL_17185810",4,5,1,1,1,1,1,1,"4_5_1_1_1_1_1_1"
"5259","EPI_ISL_17185811",4,5,1,1,1,1,1,1,"4_5_1_1_1_1_1_1"
"5260","EPI_ISL_17185812",4,5,1,1,1,1,1,1,"4_5_1_1_1_1_1_1"
"5261","EPI_ISL_17185813",4,5,1,1,1,1,1,1,"4_5_1_1_1_1_1_1"
"5262","EPI_ISL_17185814",4,5,1,1,1,1,1,1,"4_5_1_1_1_1_1_1"
"5263","EPI_ISL_17185874",4,5,1,1,1,1,1,1,"4_5_1_1_1_1_1_1"
"5264","EPI_ISL_17185875",4,5,1,1,1,1,1,1,"4_5_1_1_1_1_1_1"
"5265","EPI_ISL_17185876",4,5,1,1,1,1,1,1,"4_5_1_1_1_1_1_1"
"5266","EPI_ISL_17185877",4,1,1,1,1,1,1,1,"4_1_1_1_1_1_1_1"
"5267","EPI_ISL_17185878",4,5,1,1,1,1,1,1,"4_5_1_1_1_1_1_1"
"5268","EPI_ISL_17185879",4,5,1,1,1,1,1,1,"4_5_1_1_1_1_1_1"
"5269","EPI_ISL_17185880",4,5,1,1,1,1,1,1,"4_5_1_1_1_1_1_1"
"5270","EPI_ISL_17185881",4,5,1,1,1,1,1,1,"4_5_1_1_1_1_1_1"
"5271","EPI_ISL_17185882",4,5,1,1,1,1,1,1,"4_5_1_1_1_1_1_1"
"5272","EPI_ISL_17185883",4,5,1,1,1,1,1,1,"4_5_1_1_1_1_1_1"
"5273","EPI_ISL_17185919",4,5,1,1,1,1,1,1,"4_5_1_1_1_1_1_1"
"5274","EPI_ISL_17185920",4,5,1,1,1,1,1,1,"4_5_1_1_1_1_1_1"
"5275","EPI_ISL_17185921",4,5,1,1,1,1,1,1,"4_5_1_1_1_1_1_1"
"5276","EPI_ISL_17185922",4,5,1,1,1,1,1,1,"4_5_1_1_1_1_1_1"
"5277","EPI_ISL_17185923",4,5,1,1,1,1,1,1,"4_5_1_1_1_1_1_1"
"5278","EPI_ISL_17185924",4,5,1,1,1,1,1,1,"4_5_1_1_1_1_1_1"
"5279","EPI_ISL_17185925",4,5,1,1,1,1,1,1,"4_5_1_1_1_1_1_1"
"5280","EPI_ISL_17185926",4,5,1,1,1,1,1,1,"4_5_1_1_1_1_1_1"
"5281","EPI_ISL_17185927",4,5,1,1,1,1,1,1,"4_5_1_1_1_1_1_1"
"5282","EPI_ISL_17214730",1,1,2,1,2,1,1,1,"1_1_2_1_2_1_1_1"
"5283","EPI_ISL_17214731",1,1,2,1,2,1,1,1,"1_1_2_1_2_1_1_1"
"5284","EPI_ISL_17214732",1,1,2,1,2,1,1,1,"1_1_2_1_2_1_1_1"
"5285","EPI_ISL_17214733",1,1,4,1,4,1,1,4,"1_1_4_1_4_1_1_4"
"5286","EPI_ISL_17214734",1,1,2,1,2,1,1,1,"1_1_2_1_2_1_1_1"
"5287","EPI_ISL_17214735",1,1,2,1,2,1,1,1,"1_1_2_1_2_1_1_1"
"5288","EPI_ISL_17233426",1,1,2,1,2,1,1,1,"1_1_2_1_2_1_1_1"
"5289","EPI_ISL_17246921",1,1,2,1,2,1,1,1,"1_1_2_1_2_1_1_1"
"5290","EPI_ISL_17267143",1,1,4,1,4,1,1,4,"1_1_4_1_4_1_1_4"
"5291","EPI_ISL_17267144",1,1,4,1,4,1,1,4,"1_1_4_1_4_1_1_4"
"5292","EPI_ISL_17267146",1,1,4,1,4,1,1,4,"1_1_4_1_4_1_1_4"
"5293","EPI_ISL_17267148",1,1,4,1,4,1,1,4,"1_1_4_1_4_1_1_4"
"5294","EPI_ISL_17267149",1,1,4,1,4,1,1,4,"1_1_4_1_4_1_1_4"
"5295","EPI_ISL_17267150",1,1,4,1,4,1,1,4,"1_1_4_1_4_1_1_4"
"5296","EPI_ISL_17267151",1,1,4,1,4,1,1,4,"1_1_4_1_4_1_1_4"
"5297","EPI_ISL_17267152",1,1,4,1,4,1,1,4,"1_1_4_1_4_1_1_4"
"5298","EPI_ISL_17267153",1,1,4,1,4,1,1,4,"1_1_4_1_4_1_1_4"
"5299","EPI_ISL_17267154",1,1,4,1,4,1,1,4,"1_1_4_1_4_1_1_4"
"5300","EPI_ISL_17267155",1,1,4,1,4,1,1,4,"1_1_4_1_4_1_1_4"
"5301","EPI_ISL_17267156",1,1,4,1,4,1,1,4,"1_1_4_1_4_1_1_4"
"5302","EPI_ISL_17267157",1,1,2,1,2,1,1,1,"1_1_2_1_2_1_1_1"
"5303","EPI_ISL_17267420",2,1,1,1,2,1,1,1,"2_1_1_1_2_1_1_1"
"5304","EPI_ISL_17267427",24,1,16,1,2,1,1,1,"24_1_16_1_2_1_1_1"
"5305","EPI_ISL_17267428",2,1,1,1,2,1,1,1,"2_1_1_1_2_1_1_1"
"5306","EPI_ISL_17268132",1,6,2,1,2,1,1,1,"1_6_2_1_2_1_1_1"
"5307","EPI_ISL_17268133",1,1,4,1,4,1,1,4,"1_1_4_1_4_1_1_4"
"5308","EPI_ISL_17316075",24,1,16,1,2,1,1,1,"24_1_16_1_2_1_1_1"
"5309","EPI_ISL_17316489",24,1,16,1,2,1,1,1,"24_1_16_1_2_1_1_1"
"5310","EPI_ISL_17316965",24,1,16,1,2,1,1,1,"24_1_16_1_2_1_1_1"
"5311","EPI_ISL_17317372",24,1,16,1,2,1,1,1,"24_1_16_1_2_1_1_1"
"5312","EPI_ISL_17317373",24,1,16,1,2,1,1,1,"24_1_16_1_2_1_1_1"
"5313","EPI_ISL_17353507",5,3,1,1,1,1,1,2,"5_3_1_1_1_1_1_2"
"5314","EPI_ISL_17353508",9,9,7,1,1,1,1,1,"9_9_7_1_1_1_1_1"
"5315","EPI_ISL_17353509",9,9,7,1,1,1,1,1,"9_9_7_1_1_1_1_1"
"5316","EPI_ISL_17353510",5,3,1,1,1,1,1,2,"5_3_1_1_1_1_1_2"
"5317","EPI_ISL_17353838",5,3,1,1,1,1,1,2,"5_3_1_1_1_1_1_2"
"5318","EPI_ISL_17353839",9,9,7,1,1,1,1,1,"9_9_7_1_1_1_1_1"
"5319","EPI_ISL_17373062",4,5,1,1,1,1,1,1,"4_5_1_1_1_1_1_1"
"5320","EPI_ISL_17373063",4,1,1,1,1,1,1,2,"4_1_1_1_1_1_1_2"
"5321","EPI_ISL_17373064",4,5,1,1,1,1,1,1,"4_5_1_1_1_1_1_1"
"5322","EPI_ISL_17373065",5,3,1,1,1,1,1,1,"5_3_1_1_1_1_1_1"
"5323","EPI_ISL_17373067",4,5,1,1,1,1,1,1,"4_5_1_1_1_1_1_1"
"5324","EPI_ISL_17373068",5,3,1,1,1,1,1,2,"5_3_1_1_1_1_1_2"
"5325","EPI_ISL_17373069",4,5,1,1,1,1,1,1,"4_5_1_1_1_1_1_1"
"5326","EPI_ISL_17373071",4,5,1,1,1,1,1,1,"4_5_1_1_1_1_1_1"
"5327","EPI_ISL_17373072",4,1,1,1,1,1,1,2,"4_1_1_1_1_1_1_2"
"5328","EPI_ISL_17373073",4,5,1,1,1,1,1,1,"4_5_1_1_1_1_1_1"
"5329","EPI_ISL_17373074",5,3,1,1,1,1,1,2,"5_3_1_1_1_1_1_2"
"5330","EPI_ISL_17373075",5,3,1,1,1,1,1,2,"5_3_1_1_1_1_1_2"
"5331","EPI_ISL_17373076",4,5,1,1,1,1,1,1,"4_5_1_1_1_1_1_1"
"5332","EPI_ISL_17373077",4,5,1,1,1,1,1,1,"4_5_1_1_1_1_1_1"
"5333","EPI_ISL_17373078",4,5,1,1,1,1,1,1,"4_5_1_1_1_1_1_1"
"5334","EPI_ISL_17373141",5,3,1,1,1,1,1,2,"5_3_1_1_1_1_1_2"
"5335","EPI_ISL_17373142",4,1,1,1,1,1,1,2,"4_1_1_1_1_1_1_2"
"5336","EPI_ISL_17394087",4,5,1,1,1,1,1,1,"4_5_1_1_1_1_1_1"
"5337","EPI_ISL_17394088",2,1,1,1,2,1,1,1,"2_1_1_1_2_1_1_1"
"5338","EPI_ISL_17394089",4,5,5,1,1,1,1,1,"4_5_5_1_1_1_1_1"
"5339","EPI_ISL_17394090",9,9,7,1,1,1,1,1,"9_9_7_1_1_1_1_1"
"5340","EPI_ISL_17409673",1,1,4,1,4,1,1,4,"1_1_4_1_4_1_1_4"
"5341","EPI_ISL_17409675",1,1,4,1,4,1,1,4,"1_1_4_1_4_1_1_4"
"5342","EPI_ISL_17409676",1,1,4,1,4,1,1,4,"1_1_4_1_4_1_1_4"
"5343","EPI_ISL_17409677",1,1,4,1,4,1,1,4,"1_1_4_1_4_1_1_4"
"5344","EPI_ISL_17409678",1,1,4,1,4,1,1,4,"1_1_4_1_4_1_1_4"
"5345","EPI_ISL_17414582",2,1,1,1,2,1,1,1,"2_1_1_1_2_1_1_1"
"5346","EPI_ISL_17414583",2,1,1,1,2,1,1,1,"2_1_1_1_2_1_1_1"
"5347","EPI_ISL_17414584",2,1,1,1,2,1,1,1,"2_1_1_1_2_1_1_1"
"5348","EPI_ISL_17414585",2,1,1,1,2,1,1,1,"2_1_1_1_2_1_1_1"
"5349","EPI_ISL_17414587",2,1,1,1,2,1,1,1,"2_1_1_1_2_1_1_1"
"5350","EPI_ISL_17414588",2,1,1,1,2,1,1,1,"2_1_1_1_2_1_1_1"
"5351","EPI_ISL_17414590",2,1,1,1,2,1,1,1,"2_1_1_1_2_1_1_1"
"5352","EPI_ISL_17414591",2,1,1,1,2,1,1,1,"2_1_1_1_2_1_1_1"
"5353","EPI_ISL_17414592",2,1,1,1,2,1,1,1,"2_1_1_1_2_1_1_1"
"5354","EPI_ISL_17414594",2,1,1,1,2,1,1,1,"2_1_1_1_2_1_1_1"
"5355","EPI_ISL_17414595",2,1,1,1,2,1,1,1,"2_1_1_1_2_1_1_1"
"5356","EPI_ISL_17414596",2,1,1,1,2,1,1,1,"2_1_1_1_2_1_1_1"
"5357","EPI_ISL_17414597",2,1,1,1,2,1,1,1,"2_1_1_1_2_1_1_1"
"5358","EPI_ISL_17414598",2,1,1,1,2,1,1,1,"2_1_1_1_2_1_1_1"
"5359","EPI_ISL_17414599",2,1,1,1,2,1,1,1,"2_1_1_1_2_1_1_1"
"5360","EPI_ISL_17414600",2,1,1,1,2,1,1,1,"2_1_1_1_2_1_1_1"
"5361","EPI_ISL_17414601",2,1,1,1,2,1,1,1,"2_1_1_1_2_1_1_1"
"5362","EPI_ISL_17414602",6,4,3,1,3,2,1,3,"6_4_3_1_3_2_1_3"
"5363","EPI_ISL_17414604",6,4,3,1,3,2,1,3,"6_4_3_1_3_2_1_3"
"5364","EPI_ISL_17414605",6,4,3,1,3,2,1,3,"6_4_3_1_3_2_1_3"
"5365","EPI_ISL_17414606",6,4,3,1,3,2,1,3,"6_4_3_1_3_2_1_3"
"5366","EPI_ISL_17414607",6,4,3,1,3,2,1,3,"6_4_3_1_3_2_1_3"
"5367","EPI_ISL_17414608",2,1,1,1,2,1,1,1,"2_1_1_1_2_1_1_1"
"5368","EPI_ISL_17414609",2,1,1,1,2,1,1,1,"2_1_1_1_2_1_1_1"
"5369","EPI_ISL_17414610",2,1,1,1,2,1,1,1,"2_1_1_1_2_1_1_1"
"5370","EPI_ISL_17414611",2,1,1,1,2,1,1,1,"2_1_1_1_2_1_1_1"
"5371","EPI_ISL_17414612",2,1,1,1,2,1,1,1,"2_1_1_1_2_1_1_1"
"5372","EPI_ISL_17414613",2,1,1,1,2,1,1,1,"2_1_1_1_2_1_1_1"
"5373","EPI_ISL_17414614",2,1,1,1,2,1,1,1,"2_1_1_1_2_1_1_1"
"5374","EPI_ISL_17414616",2,1,1,1,2,1,1,1,"2_1_1_1_2_1_1_1"
"5375","EPI_ISL_17414617",2,1,1,1,2,1,1,1,"2_1_1_1_2_1_1_1"
"5376","EPI_ISL_17414618",2,1,1,1,2,1,1,1,"2_1_1_1_2_1_1_1"
"5377","EPI_ISL_17414619",2,1,1,1,2,1,1,1,"2_1_1_1_2_1_1_1"
"5378","EPI_ISL_17414620",2,1,1,1,2,1,1,1,"2_1_1_1_2_1_1_1"
"5379","EPI_ISL_17414621",2,1,1,1,2,1,1,1,"2_1_1_1_2_1_1_1"
"5380","EPI_ISL_17414622",2,1,1,1,2,1,1,1,"2_1_1_1_2_1_1_1"
"5381","EPI_ISL_17414623",2,1,1,1,2,1,1,1,"2_1_1_1_2_1_1_1"
"5382","EPI_ISL_17414624",2,1,1,1,2,1,1,1,"2_1_1_1_2_1_1_1"
"5383","EPI_ISL_17414625",2,1,1,1,2,1,1,1,"2_1_1_1_2_1_1_1"
"5384","EPI_ISL_17414626",2,1,1,1,2,1,1,1,"2_1_1_1_2_1_1_1"
"5385","EPI_ISL_17414627",2,1,1,1,2,1,1,1,"2_1_1_1_2_1_1_1"
"5386","EPI_ISL_17414628",2,1,1,1,2,1,1,1,"2_1_1_1_2_1_1_1"
"5387","EPI_ISL_17414629",2,1,1,1,2,1,1,1,"2_1_1_1_2_1_1_1"
"5388","EPI_ISL_17414630",2,1,1,1,2,1,1,1,"2_1_1_1_2_1_1_1"
"5389","EPI_ISL_17414631",2,1,1,1,2,1,1,1,"2_1_1_1_2_1_1_1"
"5390","EPI_ISL_17414632",2,1,1,1,2,1,1,1,"2_1_1_1_2_1_1_1"
"5391","EPI_ISL_17414633",2,1,1,1,2,1,1,1,"2_1_1_1_2_1_1_1"
"5392","EPI_ISL_17414634",2,1,1,1,2,1,1,1,"2_1_1_1_2_1_1_1"
"5393","EPI_ISL_17414635",2,1,1,1,2,1,1,1,"2_1_1_1_2_1_1_1"
"5394","EPI_ISL_17414636",2,1,1,1,2,1,1,1,"2_1_1_1_2_1_1_1"
"5395","EPI_ISL_17414637",2,1,1,1,2,1,1,1,"2_1_1_1_2_1_1_1"
"5396","EPI_ISL_17414638",2,1,1,1,2,1,1,1,"2_1_1_1_2_1_1_1"
"5397","EPI_ISL_17414639",2,1,1,1,2,1,1,1,"2_1_1_1_2_1_1_1"
"5398","EPI_ISL_17414641",2,1,1,1,2,1,1,1,"2_1_1_1_2_1_1_1"
"5399","EPI_ISL_17414642",2,1,1,1,2,1,1,1,"2_1_1_1_2_1_1_1"
"5400","EPI_ISL_17414643",2,1,1,1,2,1,1,1,"2_1_1_1_2_1_1_1"
"5401","EPI_ISL_17414644",2,1,1,1,2,1,1,1,"2_1_1_1_2_1_1_1"
"5402","EPI_ISL_17414645",2,1,1,1,2,1,1,1,"2_1_1_1_2_1_1_1"
"5403","EPI_ISL_17414646",2,1,1,1,2,1,1,1,"2_1_1_1_2_1_1_1"
"5404","EPI_ISL_17414647",2,1,1,1,2,1,1,1,"2_1_1_1_2_1_1_1"
"5405","EPI_ISL_17414648",2,1,1,1,2,1,1,1,"2_1_1_1_2_1_1_1"
"5406","EPI_ISL_17414649",2,1,1,1,2,1,1,1,"2_1_1_1_2_1_1_1"
"5407","EPI_ISL_17414650",2,1,1,1,2,1,1,1,"2_1_1_1_2_1_1_1"
"5408","EPI_ISL_17414651",2,1,1,1,2,1,1,1,"2_1_1_1_2_1_1_1"
"5409","EPI_ISL_17414652",2,1,1,1,2,1,1,1,"2_1_1_1_2_1_1_1"
"5410","EPI_ISL_17414653",2,1,1,1,2,1,1,1,"2_1_1_1_2_1_1_1"
"5411","EPI_ISL_17414654",2,1,1,1,2,1,1,1,"2_1_1_1_2_1_1_1"
"5412","EPI_ISL_17414655",2,1,1,1,2,1,1,1,"2_1_1_1_2_1_1_1"
"5413","EPI_ISL_17414656",2,1,1,1,2,1,1,1,"2_1_1_1_2_1_1_1"
"5414","EPI_ISL_17414657",2,1,1,1,2,1,1,1,"2_1_1_1_2_1_1_1"
"5415","EPI_ISL_17414659",6,4,3,1,3,2,1,3,"6_4_3_1_3_2_1_3"
"5416","EPI_ISL_17414660",6,4,3,1,3,2,1,3,"6_4_3_1_3_2_1_3"
"5417","EPI_ISL_17414662",2,1,1,1,2,1,1,1,"2_1_1_1_2_1_1_1"
"5418","EPI_ISL_17414663",2,1,1,1,2,1,1,1,"2_1_1_1_2_1_1_1"
"5419","EPI_ISL_17414664",2,1,1,1,2,1,1,1,"2_1_1_1_2_1_1_1"
"5420","EPI_ISL_17414665",2,1,1,1,2,1,1,1,"2_1_1_1_2_1_1_1"
"5421","EPI_ISL_17414666",2,1,1,1,2,1,1,1,"2_1_1_1_2_1_1_1"
"5422","EPI_ISL_17414667",2,1,1,1,2,21,3,1,"2_1_1_1_2_21_3_1"
"5423","EPI_ISL_17414668",2,1,1,1,2,1,1,1,"2_1_1_1_2_1_1_1"
"5424","EPI_ISL_17414669",1,1,1,1,2,1,1,1,"1_1_1_1_2_1_1_1"
"5425","EPI_ISL_17415170",2,1,1,1,2,1,1,1,"2_1_1_1_2_1_1_1"
"5426","EPI_ISL_17447413",1,1,2,1,2,1,1,1,"1_1_2_1_2_1_1_1"
"5427","EPI_ISL_17447440",1,1,2,1,2,1,1,1,"1_1_2_1_2_1_1_1"
"5428","EPI_ISL_17468386",5,3,1,1,1,1,1,2,"5_3_1_1_1_1_1_2"
"5429","EPI_ISL_17471371",4,5,1,1,1,1,1,1,"4_5_1_1_1_1_1_1"
"5430","EPI_ISL_17471493",5,3,1,1,1,1,1,2,"5_3_1_1_1_1_1_2"
"5431","EPI_ISL_17471576",4,1,1,1,1,1,1,2,"4_1_1_1_1_1_1_2"
"5432","EPI_ISL_17471577",5,3,1,1,1,1,1,2,"5_3_1_1_1_1_1_2"
"5433","EPI_ISL_17471579",2,1,1,1,2,1,1,1,"2_1_1_1_2_1_1_1"
"5434","EPI_ISL_17471580",2,1,1,1,2,1,1,1,"2_1_1_1_2_1_1_1"
"5435","EPI_ISL_17471581",2,1,1,1,2,1,1,1,"2_1_1_1_2_1_1_1"
"5436","EPI_ISL_17471582",5,3,1,1,1,1,1,2,"5_3_1_1_1_1_1_2"
"5437","EPI_ISL_17471583",4,3,1,1,1,1,1,1,"4_3_1_1_1_1_1_1"
"5438","EPI_ISL_17471584",4,5,1,1,1,1,1,1,"4_5_1_1_1_1_1_1"
"5439","EPI_ISL_17471585",9,9,7,1,1,1,1,1,"9_9_7_1_1_1_1_1"
"5440","EPI_ISL_17471937",4,5,1,1,1,1,1,1,"4_5_1_1_1_1_1_1"
"5441","EPI_ISL_17471938",9,9,7,1,1,1,1,1,"9_9_7_1_1_1_1_1"
"5442","EPI_ISL_17471939",2,1,1,1,2,1,1,1,"2_1_1_1_2_1_1_1"
"5443","EPI_ISL_17479251",5,3,1,1,1,1,1,2,"5_3_1_1_1_1_1_2"
"5444","EPI_ISL_17479396",5,3,1,1,1,1,1,2,"5_3_1_1_1_1_1_2"
"5445","EPI_ISL_17512128",1,1,2,1,2,1,1,1,"1_1_2_1_2_1_1_1"
"5446","EPI_ISL_17514126",1,1,2,1,2,1,1,1,"1_1_2_1_2_1_1_1"
"5447","EPI_ISL_17514127",1,1,2,1,2,1,1,1,"1_1_2_1_2_1_1_1"
"5448","EPI_ISL_17521022",1,1,4,1,4,1,1,4,"1_1_4_1_4_1_1_4"
"5449","EPI_ISL_17521023",1,1,4,1,4,1,1,4,"1_1_4_1_4_1_1_4"
"5450","EPI_ISL_17521049",1,1,4,1,4,1,1,4,"1_1_4_1_4_1_1_4"
"5451","EPI_ISL_17549523",5,3,1,1,1,1,1,2,"5_3_1_1_1_1_1_2"
"5452","EPI_ISL_17558875",5,3,1,1,1,1,1,2,"5_3_1_1_1_1_1_2"
"5453","EPI_ISL_17583227",1,1,2,1,2,1,1,1,"1_1_2_1_2_1_1_1"
"5454","EPI_ISL_17599451",1,1,4,1,4,1,1,4,"1_1_4_1_4_1_1_4"
"5455","EPI_ISL_17599455",1,1,4,1,4,1,1,4,"1_1_4_1_4_1_1_4"
"5456","EPI_ISL_17599532",1,1,4,1,4,1,1,4,"1_1_4_1_4_1_1_4"
"5457","EPI_ISL_17600359",1,1,4,1,4,1,1,4,"1_1_4_1_4_1_1_4"
"5458","EPI_ISL_17606260",1,1,4,1,4,1,1,4,"1_1_4_1_4_1_1_4"
"5459","EPI_ISL_17606263",1,1,4,1,4,1,1,4,"1_1_4_1_4_1_1_4"
"5460","EPI_ISL_17606755",1,1,4,1,4,1,1,4,"1_1_4_1_4_1_1_4"
"5461","EPI_ISL_17606756",1,1,4,1,4,1,1,4,"1_1_4_1_4_1_1_4"
"5462","EPI_ISL_17606757",1,1,4,1,4,1,1,4,"1_1_4_1_4_1_1_4"
"5463","EPI_ISL_17606758",1,1,4,1,4,1,1,4,"1_1_4_1_4_1_1_4"
"5464","EPI_ISL_17606759",1,1,4,1,4,1,1,4,"1_1_4_1_4_1_1_4"
"5465","EPI_ISL_17606776",1,1,4,1,4,1,1,4,"1_1_4_1_4_1_1_4"
"5466","EPI_ISL_17606777",1,1,2,1,2,1,1,1,"1_1_2_1_2_1_1_1"
"5467","EPI_ISL_17606778",1,1,4,1,4,1,1,4,"1_1_4_1_4_1_1_4"
"5468","EPI_ISL_17606814",8,7,1,1,2,1,1,1,"8_7_1_1_2_1_1_1"
"5469","EPI_ISL_17606815",8,7,1,1,2,1,1,1,"8_7_1_1_2_1_1_1"
"5470","EPI_ISL_17606816",8,7,1,1,2,1,1,1,"8_7_1_1_2_1_1_1"
"5471","EPI_ISL_17606817",8,15,1,1,2,1,1,1,"8_15_1_1_2_1_1_1"
"5472","EPI_ISL_17606818",8,15,1,1,2,1,1,1,"8_15_1_1_2_1_1_1"
"5473","EPI_ISL_17606819",8,7,1,1,2,1,1,1,"8_7_1_1_2_1_1_1"
"5474","EPI_ISL_17606820",8,7,1,1,2,1,1,1,"8_7_1_1_2_1_1_1"
"5475","EPI_ISL_17606821",8,7,1,1,2,1,1,1,"8_7_1_1_2_1_1_1"
"5476","EPI_ISL_17606822",8,7,1,1,2,1,1,1,"8_7_1_1_2_1_1_1"
"5477","EPI_ISL_17606823",8,7,1,1,2,1,1,1,"8_7_1_1_2_1_1_1"
"5478","EPI_ISL_17606824",8,7,1,1,2,1,1,1,"8_7_1_1_2_1_1_1"
"5479","EPI_ISL_17606825",8,7,1,1,2,1,1,1,"8_7_1_1_2_1_1_1"
"5480","EPI_ISL_17606826",8,7,1,1,2,1,1,1,"8_7_1_1_2_1_1_1"
"5481","EPI_ISL_17606827",8,7,1,1,2,1,1,1,"8_7_1_1_2_1_1_1"
"5482","EPI_ISL_17606828",8,6,2,1,5,1,1,1,"8_6_2_1_5_1_1_1"
"5483","EPI_ISL_17606829",8,6,2,1,5,1,1,1,"8_6_2_1_5_1_1_1"
"5484","EPI_ISL_17606830",8,7,1,1,2,1,1,1,"8_7_1_1_2_1_1_1"
"5485","EPI_ISL_17606831",8,7,1,1,2,1,1,1,"8_7_1_1_2_1_1_1"
"5486","EPI_ISL_17606832",8,7,1,1,2,1,1,1,"8_7_1_1_2_1_1_1"
"5487","EPI_ISL_17606833",8,7,1,1,2,1,1,1,"8_7_1_1_2_1_1_1"
"5488","EPI_ISL_17606834",8,6,2,1,5,1,1,1,"8_6_2_1_5_1_1_1"
"5489","EPI_ISL_17606835",8,7,1,1,2,1,1,1,"8_7_1_1_2_1_1_1"
"5490","EPI_ISL_17606836",8,7,1,1,2,1,1,1,"8_7_1_1_2_1_1_1"
"5491","EPI_ISL_17606837",8,15,1,1,2,1,1,1,"8_15_1_1_2_1_1_1"
"5492","EPI_ISL_17606838",8,15,1,1,2,1,1,1,"8_15_1_1_2_1_1_1"
"5493","EPI_ISL_17606839",8,7,1,1,2,1,1,1,"8_7_1_1_2_1_1_1"
"5494","EPI_ISL_17606840",8,15,1,1,2,1,1,1,"8_15_1_1_2_1_1_1"
"5495","EPI_ISL_17606841",8,15,1,1,2,1,1,1,"8_15_1_1_2_1_1_1"
"5496","EPI_ISL_17606842",8,15,1,1,2,1,1,1,"8_15_1_1_2_1_1_1"
"5497","EPI_ISL_17606843",8,15,1,1,2,1,1,1,"8_15_1_1_2_1_1_1"
"5498","EPI_ISL_17606844",8,6,2,1,5,1,1,1,"8_6_2_1_5_1_1_1"
"5499","EPI_ISL_17606845",8,15,1,1,2,1,1,1,"8_15_1_1_2_1_1_1"
"5500","EPI_ISL_17606846",8,15,1,1,2,1,1,1,"8_15_1_1_2_1_1_1"
"5501","EPI_ISL_17606847",8,15,1,1,2,1,1,1,"8_15_1_1_2_1_1_1"
"5502","EPI_ISL_17606848",8,15,1,1,2,1,1,1,"8_15_1_1_2_1_1_1"
"5503","EPI_ISL_17606849",8,15,1,1,2,1,1,1,"8_15_1_1_2_1_1_1"
"5504","EPI_ISL_17606850",8,6,2,1,5,1,1,1,"8_6_2_1_5_1_1_1"
"5505","EPI_ISL_17606851",1,1,1,1,2,1,1,1,"1_1_1_1_2_1_1_1"
"5506","EPI_ISL_17606852",8,15,1,1,2,1,1,1,"8_15_1_1_2_1_1_1"
"5507","EPI_ISL_17606853",8,15,1,1,2,1,1,1,"8_15_1_1_2_1_1_1"
"5508","EPI_ISL_17606854",1,1,1,1,2,1,1,1,"1_1_1_1_2_1_1_1"
"5509","EPI_ISL_17606855",8,15,1,1,2,1,1,1,"8_15_1_1_2_1_1_1"
"5510","EPI_ISL_17606856",8,15,1,1,2,1,1,1,"8_15_1_1_2_1_1_1"
"5511","EPI_ISL_17606857",8,15,1,1,2,1,1,1,"8_15_1_1_2_1_1_1"
"5512","EPI_ISL_17606858",8,15,1,1,2,1,1,1,"8_15_1_1_2_1_1_1"
"5513","EPI_ISL_17606859",8,15,1,1,2,1,1,1,"8_15_1_1_2_1_1_1"
"5514","EPI_ISL_17606860",8,15,1,1,2,1,1,1,"8_15_1_1_2_1_1_1"
"5515","EPI_ISL_17606861",1,1,1,1,2,1,1,1,"1_1_1_1_2_1_1_1"
"5516","EPI_ISL_17606862",8,15,1,1,2,1,1,1,"8_15_1_1_2_1_1_1"
"5517","EPI_ISL_17606863",1,1,1,1,2,1,1,1,"1_1_1_1_2_1_1_1"
"5518","EPI_ISL_17606864",8,15,1,1,2,1,1,1,"8_15_1_1_2_1_1_1"
"5519","EPI_ISL_17606865",8,7,1,1,2,1,1,1,"8_7_1_1_2_1_1_1"
"5520","EPI_ISL_17656637",1,1,4,1,4,1,1,4,"1_1_4_1_4_1_1_4"
"5521","EPI_ISL_17657734",1,1,4,1,4,1,1,4,"1_1_4_1_4_1_1_4"
"5522","EPI_ISL_17660069",5,3,1,1,1,1,1,2,"5_3_1_1_1_1_1_2"
"5523","EPI_ISL_17660070",5,3,1,1,1,1,1,2,"5_3_1_1_1_1_1_2"
"5524","EPI_ISL_17660071",5,3,1,1,1,1,1,2,"5_3_1_1_1_1_1_2"
"5525","EPI_ISL_17660072",5,3,1,1,1,1,1,2,"5_3_1_1_1_1_1_2"
"5526","EPI_ISL_17660073",5,3,1,1,1,1,1,2,"5_3_1_1_1_1_1_2"
"5527","EPI_ISL_17660074",5,3,1,1,1,1,1,2,"5_3_1_1_1_1_1_2"
"5528","EPI_ISL_17672077",1,1,4,1,4,1,1,4,"1_1_4_1_4_1_1_4"
"5529","EPI_ISL_17672261",1,1,2,1,2,1,1,1,"1_1_2_1_2_1_1_1"
"5530","EPI_ISL_17672262",1,1,2,1,2,1,1,1,"1_1_2_1_2_1_1_1"
"5531","EPI_ISL_17672781",1,1,2,1,2,1,1,1,"1_1_2_1_2_1_1_1"
"5532","EPI_ISL_17672782",1,1,2,1,2,1,1,1,"1_1_2_1_2_1_1_1"
"5533","EPI_ISL_17672783",1,1,2,1,2,1,1,1,"1_1_2_1_2_1_1_1"
"5534","EPI_ISL_17672824",1,1,2,1,2,1,1,1,"1_1_2_1_2_1_1_1"
"5535","EPI_ISL_17672841",1,1,2,1,2,1,1,1,"1_1_2_1_2_1_1_1"
"5536","EPI_ISL_17672954",1,1,4,1,4,1,1,4,"1_1_4_1_4_1_1_4"
"5537","EPI_ISL_17673036",1,1,4,1,4,1,1,4,"1_1_4_1_4_1_1_4"
"5538","EPI_ISL_17673144",1,1,2,1,2,1,1,1,"1_1_2_1_2_1_1_1"
"5539","EPI_ISL_17684608",2,1,1,1,2,1,1,1,"2_1_1_1_2_1_1_1"
"5540","EPI_ISL_17690223",9,9,7,1,1,1,1,1,"9_9_7_1_1_1_1_1"
"5541","EPI_ISL_17690224",9,9,7,1,1,1,1,1,"9_9_7_1_1_1_1_1"
"5542","EPI_ISL_17690225",5,3,1,1,1,1,1,2,"5_3_1_1_1_1_1_2"
"5543","EPI_ISL_17690227",42,3,1,1,1,1,1,2,"42_3_1_1_1_1_1_2"
"5544","EPI_ISL_17690228",5,3,1,1,1,1,1,2,"5_3_1_1_1_1_1_2"
"5545","EPI_ISL_17693350",2,1,1,1,2,1,1,1,"2_1_1_1_2_1_1_1"
"5546","EPI_ISL_17710020",1,1,4,1,4,1,1,4,"1_1_4_1_4_1_1_4"
"5547","EPI_ISL_17710021",1,1,4,1,4,1,1,4,"1_1_4_1_4_1_1_4"
"5548","EPI_ISL_17710023",1,1,2,1,2,1,1,1,"1_1_2_1_2_1_1_1"
"5549","EPI_ISL_17710024",1,1,4,1,4,1,1,4,"1_1_4_1_4_1_1_4"
"5550","EPI_ISL_17710025",1,1,2,1,2,1,1,1,"1_1_2_1_2_1_1_1"
"5551","EPI_ISL_17710026",1,1,4,1,4,1,1,4,"1_1_4_1_4_1_1_4"
"5552","EPI_ISL_17710027",1,1,4,1,4,1,1,4,"1_1_4_1_4_1_1_4"
"5553","EPI_ISL_17710028",1,1,4,1,4,1,1,4,"1_1_4_1_4_1_1_4"
"5554","EPI_ISL_17710029",1,1,4,1,4,1,1,4,"1_1_4_1_4_1_1_4"
"5555","EPI_ISL_17710030",1,1,4,1,4,1,1,4,"1_1_4_1_4_1_1_4"
"5556","EPI_ISL_17710031",1,1,4,1,4,1,1,4,"1_1_4_1_4_1_1_4"
"5557","EPI_ISL_17710032",1,1,4,1,4,1,1,4,"1_1_4_1_4_1_1_4"
"5558","EPI_ISL_17710034",1,1,4,1,4,1,1,4,"1_1_4_1_4_1_1_4"
"5559","EPI_ISL_17710035",1,1,4,1,4,1,1,4,"1_1_4_1_4_1_1_4"
"5560","EPI_ISL_17710036",1,1,4,1,4,1,1,4,"1_1_4_1_4_1_1_4"
"5561","EPI_ISL_17710040",1,1,4,1,4,1,1,4,"1_1_4_1_4_1_1_4"
"5562","EPI_ISL_17710041",1,1,4,1,4,1,1,4,"1_1_4_1_4_1_1_4"
"5563","EPI_ISL_17710042",1,1,4,1,4,1,1,4,"1_1_4_1_4_1_1_4"
"5564","EPI_ISL_17710043",1,1,4,1,4,1,1,4,"1_1_4_1_4_1_1_4"
"5565","EPI_ISL_17710044",1,1,4,1,4,1,1,4,"1_1_4_1_4_1_1_4"
"5566","EPI_ISL_17710045",1,1,4,1,4,1,1,4,"1_1_4_1_4_1_1_4"
"5567","EPI_ISL_17710046",1,1,4,1,4,1,1,4,"1_1_4_1_4_1_1_4"
"5568","EPI_ISL_17710047",1,1,4,1,4,1,1,4,"1_1_4_1_4_1_1_4"
"5569","EPI_ISL_17710048",1,1,4,1,4,1,1,4,"1_1_4_1_4_1_1_4"
"5570","EPI_ISL_17710049",1,1,4,1,4,1,1,4,"1_1_4_1_4_1_1_4"
"5571","EPI_ISL_17710050",1,1,4,1,4,1,1,4,"1_1_4_1_4_1_1_4"
"5572","EPI_ISL_17710051",1,1,2,1,2,1,1,1,"1_1_2_1_2_1_1_1"
"5573","EPI_ISL_17710052",1,1,4,1,4,1,1,4,"1_1_4_1_4_1_1_4"
"5574","EPI_ISL_17710053",1,1,4,1,4,1,1,4,"1_1_4_1_4_1_1_4"
"5575","EPI_ISL_17710055",1,1,4,1,4,1,1,4,"1_1_4_1_4_1_1_4"
"5576","EPI_ISL_17716780",1,1,4,1,4,1,1,4,"1_1_4_1_4_1_1_4"
"5577","EPI_ISL_17716807",1,1,2,1,2,1,1,1,"1_1_2_1_2_1_1_1"
"5578","EPI_ISL_17716808",1,1,2,1,2,1,1,1,"1_1_2_1_2_1_1_1"
"5579","EPI_ISL_17716809",1,1,2,1,2,1,1,1,"1_1_2_1_2_1_1_1"
"5580","EPI_ISL_17716810",1,1,4,1,4,1,1,4,"1_1_4_1_4_1_1_4"
"5581","EPI_ISL_17716811",1,1,4,1,4,1,1,4,"1_1_4_1_4_1_1_4"
"5582","EPI_ISL_17716812",1,1,4,1,4,1,1,4,"1_1_4_1_4_1_1_4"
"5583","EPI_ISL_17716813",1,1,4,1,4,1,1,4,"1_1_4_1_4_1_1_4"
"5584","EPI_ISL_17716814",1,1,4,1,4,1,1,4,"1_1_4_1_4_1_1_4"
"5585","EPI_ISL_17716815",1,1,4,1,4,1,1,4,"1_1_4_1_4_1_1_4"
"5586","EPI_ISL_17716816",1,1,4,1,4,1,1,4,"1_1_4_1_4_1_1_4"
"5587","EPI_ISL_17716817",1,1,4,1,4,1,1,4,"1_1_4_1_4_1_1_4"
"5588","EPI_ISL_17716818",1,1,4,1,4,1,1,4,"1_1_4_1_4_1_1_4"
"5589","EPI_ISL_17716819",1,1,4,1,4,1,1,4,"1_1_4_1_4_1_1_4"
"5590","EPI_ISL_17716820",1,1,4,1,4,1,1,4,"1_1_4_1_4_1_1_4"
"5591","EPI_ISL_17716821",1,1,4,1,4,1,1,4,"1_1_4_1_4_1_1_4"
"5592","EPI_ISL_17716822",1,1,4,1,4,1,1,4,"1_1_4_1_4_1_1_4"
"5593","EPI_ISL_17716823",1,1,4,1,4,1,1,4,"1_1_4_1_4_1_1_4"
"5594","EPI_ISL_17716824",1,1,4,1,4,1,1,4,"1_1_4_1_4_1_1_4"
"5595","EPI_ISL_17716825",1,1,4,1,4,1,1,4,"1_1_4_1_4_1_1_4"
"5596","EPI_ISL_17716826",1,1,4,1,4,1,1,4,"1_1_4_1_4_1_1_4"
"5597","EPI_ISL_17716827",1,1,4,1,4,1,1,4,"1_1_4_1_4_1_1_4"
"5598","EPI_ISL_17716828",1,1,4,1,4,1,1,4,"1_1_4_1_4_1_1_4"
"5599","EPI_ISL_17716829",1,1,2,1,2,1,1,1,"1_1_2_1_2_1_1_1"
"5600","EPI_ISL_17716830",1,1,2,1,2,1,1,1,"1_1_2_1_2_1_1_1"
"5601","EPI_ISL_17716831",1,1,2,1,2,1,1,1,"1_1_2_1_2_1_1_1"
"5602","EPI_ISL_17716832",1,1,2,1,2,1,1,1,"1_1_2_1_2_1_1_1"
"5603","EPI_ISL_17762861",1,1,4,1,4,1,1,4,"1_1_4_1_4_1_1_4"
"5604","EPI_ISL_17766057",24,1,16,1,2,1,1,1,"24_1_16_1_2_1_1_1"
"5605","EPI_ISL_17774224",1,1,4,1,4,1,1,4,"1_1_4_1_4_1_1_4"
"5606","EPI_ISL_17774308",1,1,4,1,4,1,1,4,"1_1_4_1_4_1_1_4"
"5607","EPI_ISL_17774570",1,1,4,1,4,1,1,4,"1_1_4_1_4_1_1_4"
"5608","EPI_ISL_17774571",1,1,2,1,2,1,1,1,"1_1_2_1_2_1_1_1"
"5609","EPI_ISL_17780480",1,1,4,1,4,1,1,4,"1_1_4_1_4_1_1_4"
"5610","EPI_ISL_17780481",1,1,4,1,4,1,1,4,"1_1_4_1_4_1_1_4"
"5611","EPI_ISL_17780482",1,1,4,1,4,1,1,4,"1_1_4_1_4_1_1_4"
"5612","EPI_ISL_17780483",1,1,4,1,4,1,1,4,"1_1_4_1_4_1_1_4"
"5613","EPI_ISL_17780484",1,1,4,1,4,1,1,4,"1_1_4_1_4_1_1_4"
"5614","EPI_ISL_17780485",1,1,4,1,4,1,1,4,"1_1_4_1_4_1_1_4"
"5615","EPI_ISL_17780487",1,1,4,1,4,1,1,4,"1_1_4_1_4_1_1_4"
"5616","EPI_ISL_17780488",1,1,4,1,4,1,1,4,"1_1_4_1_4_1_1_4"
"5617","EPI_ISL_17787071",1,1,4,1,4,1,1,4,"1_1_4_1_4_1_1_4"
"5618","EPI_ISL_17787128",1,1,4,1,4,1,1,4,"1_1_4_1_4_1_1_4"
"5619","EPI_ISL_17787130",1,1,4,1,4,1,1,4,"1_1_4_1_4_1_1_4"
"5620","EPI_ISL_17787131",1,1,4,1,4,1,1,4,"1_1_4_1_4_1_1_4"
"5621","EPI_ISL_17787584",1,1,4,1,4,1,1,4,"1_1_4_1_4_1_1_4"
"5622","EPI_ISL_17787585",1,1,4,1,4,1,1,4,"1_1_4_1_4_1_1_4"
"5623","EPI_ISL_17787586",1,1,4,1,4,1,1,4,"1_1_4_1_4_1_1_4"
"5624","EPI_ISL_17787588",1,1,2,1,2,1,1,1,"1_1_2_1_2_1_1_1"
"5625","EPI_ISL_17791391",1,1,4,1,4,1,1,4,"1_1_4_1_4_1_1_4"
"5626","EPI_ISL_17791392",1,1,4,1,4,1,1,4,"1_1_4_1_4_1_1_4"
"5627","EPI_ISL_17791407",2,1,1,1,2,1,1,1,"2_1_1_1_2_1_1_1"
"5628","EPI_ISL_17791545",1,1,4,1,4,1,1,4,"1_1_4_1_4_1_1_4"
"5629","EPI_ISL_17791546",1,1,2,1,2,1,1,1,"1_1_2_1_2_1_1_1"
"5630","EPI_ISL_17791547",1,1,2,1,2,1,1,1,"1_1_2_1_2_1_1_1"
"5631","EPI_ISL_17791548",1,1,2,1,2,1,1,1,"1_1_2_1_2_1_1_1"
"5632","EPI_ISL_17791549",1,1,2,1,2,1,1,1,"1_1_2_1_2_1_1_1"
"5633","EPI_ISL_17791550",1,1,2,1,2,1,1,1,"1_1_2_1_2_1_1_1"
"5634","EPI_ISL_17791551",1,1,2,1,2,1,1,1,"1_1_2_1_2_1_1_1"
"5635","EPI_ISL_17791552",1,1,4,1,4,1,1,4,"1_1_4_1_4_1_1_4"
"5636","EPI_ISL_17791553",1,1,4,1,4,1,1,4,"1_1_4_1_4_1_1_4"
"5637","EPI_ISL_17821042",1,1,4,1,4,1,1,4,"1_1_4_1_4_1_1_4"
"5638","EPI_ISL_17821057",1,1,4,1,4,1,1,4,"1_1_4_1_4_1_1_4"
"5639","EPI_ISL_17821059",1,1,4,1,4,1,1,4,"1_1_4_1_4_1_1_4"
"5640","EPI_ISL_17821061",1,1,4,1,4,1,1,4,"1_1_4_1_4_1_1_4"
"5641","EPI_ISL_17821062",1,1,4,1,4,1,1,4,"1_1_4_1_4_1_1_4"
"5642","EPI_ISL_17821063",1,1,4,1,4,1,1,4,"1_1_4_1_4_1_1_4"
"5643","EPI_ISL_17821064",1,1,4,1,4,1,1,4,"1_1_4_1_4_1_1_4"
"5644","EPI_ISL_17821065",1,1,4,1,4,1,1,4,"1_1_4_1_4_1_1_4"
"5645","EPI_ISL_17821066",1,1,4,1,4,1,1,4,"1_1_4_1_4_1_1_4"
"5646","EPI_ISL_17821067",1,1,4,1,4,1,1,4,"1_1_4_1_4_1_1_4"
"5647","EPI_ISL_17821069",1,1,4,1,4,1,1,4,"1_1_4_1_4_1_1_4"
"5648","EPI_ISL_17821070",1,1,4,1,4,1,1,4,"1_1_4_1_4_1_1_4"
"5649","EPI_ISL_17821071",1,1,4,1,4,1,1,4,"1_1_4_1_4_1_1_4"
"5650","EPI_ISL_17821073",1,1,4,1,4,1,1,4,"1_1_4_1_4_1_1_4"
"5651","EPI_ISL_17821074",1,1,4,1,4,1,1,4,"1_1_4_1_4_1_1_4"
"5652","EPI_ISL_17821075",1,1,4,1,4,1,1,4,"1_1_4_1_4_1_1_4"
"5653","EPI_ISL_17821076",1,1,4,1,4,1,1,4,"1_1_4_1_4_1_1_4"
"5654","EPI_ISL_17821078",1,1,4,1,4,1,1,4,"1_1_4_1_4_1_1_4"
"5655","EPI_ISL_17821079",1,1,4,1,4,1,1,4,"1_1_4_1_4_1_1_4"
"5656","EPI_ISL_17857959",24,1,16,1,2,1,1,1,"24_1_16_1_2_1_1_1"
"5657","EPI_ISL_17885849",5,3,1,1,1,1,1,2,"5_3_1_1_1_1_1_2"
"5658","EPI_ISL_17885869",5,3,1,1,1,1,1,2,"5_3_1_1_1_1_1_2"
"5659","EPI_ISL_17885870",5,3,1,1,1,1,1,2,"5_3_1_1_1_1_1_2"
"5660","EPI_ISL_17885871",5,3,1,1,1,1,1,2,"5_3_1_1_1_1_1_2"
"5661","EPI_ISL_17885872",5,3,1,1,1,1,1,2,"5_3_1_1_1_1_1_2"
"5662","EPI_ISL_17885873",5,3,1,1,1,1,1,2,"5_3_1_1_1_1_1_2"
"5663","EPI_ISL_17885874",5,3,1,1,1,1,1,2,"5_3_1_1_1_1_1_2"
"5664","EPI_ISL_17885876",5,3,1,1,1,1,1,2,"5_3_1_1_1_1_1_2"
"5665","EPI_ISL_17885877",5,3,1,1,1,1,1,2,"5_3_1_1_1_1_1_2"
"5666","EPI_ISL_17885878",5,3,1,1,1,1,1,2,"5_3_1_1_1_1_1_2"
"5667","EPI_ISL_17885912",5,3,1,1,1,1,1,2,"5_3_1_1_1_1_1_2"
"5668","EPI_ISL_17885915",5,3,1,1,1,1,1,2,"5_3_1_1_1_1_1_2"
"5669","EPI_ISL_17885918",5,3,1,1,1,1,1,2,"5_3_1_1_1_1_1_2"
"5670","EPI_ISL_17885924",5,3,1,1,1,1,1,2,"5_3_1_1_1_1_1_2"
"5671","EPI_ISL_17885926",5,3,1,1,1,1,1,2,"5_3_1_1_1_1_1_2"
"5672","EPI_ISL_17885927",5,3,1,1,1,1,1,2,"5_3_1_1_1_1_1_2"
"5673","EPI_ISL_17885928",5,3,1,1,1,1,1,2,"5_3_1_1_1_1_1_2"
"5674","EPI_ISL_17885930",5,3,1,1,1,1,1,2,"5_3_1_1_1_1_1_2"
"5675","EPI_ISL_17885931",5,3,1,1,1,1,1,2,"5_3_1_1_1_1_1_2"
"5676","EPI_ISL_17885932",5,3,1,1,1,1,1,2,"5_3_1_1_1_1_1_2"
"5677","EPI_ISL_17885934",5,3,1,1,1,1,1,2,"5_3_1_1_1_1_1_2"
"5678","EPI_ISL_17885942",5,3,1,1,1,1,1,2,"5_3_1_1_1_1_1_2"
"5679","EPI_ISL_17885944",5,3,1,1,1,1,1,2,"5_3_1_1_1_1_1_2"
"5680","EPI_ISL_17885945",5,3,1,1,1,1,1,2,"5_3_1_1_1_1_1_2"
"5681","EPI_ISL_17885946",5,3,1,1,1,1,1,2,"5_3_1_1_1_1_1_2"
"5682","EPI_ISL_17885948",5,3,1,1,1,1,1,2,"5_3_1_1_1_1_1_2"
"5683","EPI_ISL_17885949",5,3,1,1,1,1,1,2,"5_3_1_1_1_1_1_2"
"5684","EPI_ISL_17885950",5,3,1,1,1,1,1,2,"5_3_1_1_1_1_1_2"
"5685","EPI_ISL_17885951",5,3,1,1,1,1,1,2,"5_3_1_1_1_1_1_2"
"5686","EPI_ISL_17885952",5,3,1,1,1,1,1,2,"5_3_1_1_1_1_1_2"
"5687","EPI_ISL_17885954",5,3,1,1,1,1,1,2,"5_3_1_1_1_1_1_2"
"5688","EPI_ISL_17885955",5,3,1,1,1,1,1,2,"5_3_1_1_1_1_1_2"
"5689","EPI_ISL_17885956",5,3,1,1,1,1,1,2,"5_3_1_1_1_1_1_2"
"5690","EPI_ISL_17885958",5,3,1,1,1,1,1,2,"5_3_1_1_1_1_1_2"
"5691","EPI_ISL_17885962",5,3,1,1,1,1,1,2,"5_3_1_1_1_1_1_2"
"5692","EPI_ISL_17885964",5,3,1,1,1,1,1,2,"5_3_1_1_1_1_1_2"
"5693","EPI_ISL_17885965",5,3,1,1,1,1,1,2,"5_3_1_1_1_1_1_2"
"5694","EPI_ISL_17885966",5,3,1,1,1,1,1,2,"5_3_1_1_1_1_1_2"
"5695","EPI_ISL_17885967",5,3,1,1,1,1,1,2,"5_3_1_1_1_1_1_2"
"5696","EPI_ISL_17885970",5,3,1,1,1,1,1,2,"5_3_1_1_1_1_1_2"
"5697","EPI_ISL_17885972",5,3,1,1,1,1,1,2,"5_3_1_1_1_1_1_2"
"5698","EPI_ISL_17885973",5,3,1,1,1,1,1,2,"5_3_1_1_1_1_1_2"
"5699","EPI_ISL_17885976",5,3,1,1,1,1,1,2,"5_3_1_1_1_1_1_2"
"5700","EPI_ISL_17885978",5,3,1,1,1,1,1,2,"5_3_1_1_1_1_1_2"
"5701","EPI_ISL_17885980",5,3,1,1,1,1,1,2,"5_3_1_1_1_1_1_2"
"5702","EPI_ISL_17885982",5,3,1,1,1,1,1,2,"5_3_1_1_1_1_1_2"
"5703","EPI_ISL_17885983",5,3,1,1,1,1,1,2,"5_3_1_1_1_1_1_2"
"5704","EPI_ISL_17885990",4,5,1,1,1,1,1,1,"4_5_1_1_1_1_1_1"
"5705","EPI_ISL_17885991",4,5,1,1,1,1,1,1,"4_5_1_1_1_1_1_1"
"5706","EPI_ISL_17885992",2,1,1,1,2,1,1,1,"2_1_1_1_2_1_1_1"
"5707","EPI_ISL_17885994",2,1,1,1,2,1,1,1,"2_1_1_1_2_1_1_1"
"5708","EPI_ISL_17885996",2,1,1,1,2,1,1,1,"2_1_1_1_2_1_1_1"
"5709","EPI_ISL_17885998",2,1,1,1,2,1,1,1,"2_1_1_1_2_1_1_1"
"5710","EPI_ISL_17514177",1,1,4,1,4,1,1,4,"1_1_4_1_4_1_1_4"
"5711","EPI_ISL_16641792",2,1,1,1,2,1,1,1,"2_1_1_1_2_1_1_1"
"5712","EPI_ISL_17514166",1,1,2,1,2,1,1,1,"1_1_2_1_2_1_1_1"
"5713","EPI_ISL_17514176",1,1,4,1,4,1,1,4,"1_1_4_1_4_1_1_4"
"5714","EPI_ISL_17514175",1,1,2,1,2,1,1,1,"1_1_2_1_2_1_1_1"
"5715","EPI_ISL_17514174",1,1,2,1,2,1,1,1,"1_1_2_1_2_1_1_1"
"5716","EPI_ISL_17514173",1,1,2,1,2,1,1,1,"1_1_2_1_2_1_1_1"
"5717","EPI_ISL_17514172",1,1,2,1,2,1,1,1,"1_1_2_1_2_1_1_1"
"5718","EPI_ISL_17514171",1,1,2,1,2,1,1,1,"1_1_2_1_2_1_1_1"
"5719","EPI_ISL_17514165",1,1,4,1,4,1,1,4,"1_1_4_1_4_1_1_4"
"5720","EPI_ISL_17514134",1,1,2,1,2,1,1,1,"1_1_2_1_2_1_1_1"
"5721","EPI_ISL_17514133",1,1,4,1,4,1,1,4,"1_1_4_1_4_1_1_4"
"5722","EPI_ISL_17514132",1,1,4,1,4,1,1,4,"1_1_4_1_4_1_1_4"
"5723","EPI_ISL_17514178",1,1,2,1,2,1,1,1,"1_1_2_1_2_1_1_1"
"5724","EPI_ISL_17514170",1,1,2,1,2,1,1,1,"1_1_2_1_2_1_1_1"
"5725","EPI_ISL_17514168",1,1,2,1,2,1,1,1,"1_1_2_1_2_1_1_1"
"5726","EPI_ISL_17514167",1,1,2,1,2,1,1,1,"1_1_2_1_2_1_1_1"
"5727","EPI_ISL_17514140",1,1,2,1,2,1,1,1,"1_1_2_1_2_1_1_1"
"5728","EPI_ISL_17514136",1,1,2,1,2,1,1,1,"1_1_2_1_2_1_1_1"
"5729","EPI_ISL_17514135",1,1,2,1,2,1,1,1,"1_1_2_1_2_1_1_1"
"5730","EPI_ISL_17514128",1,1,2,1,2,1,1,1,"1_1_2_1_2_1_1_1"
"5731","EPI_ISL_17514169",1,1,2,1,2,1,1,1,"1_1_2_1_2_1_1_1"
"5732","EPI_ISL_17514137",1,1,2,1,2,1,1,1,"1_1_2_1_2_1_1_1"
"5733","EPI_ISL_17514131",1,1,2,1,2,1,1,1,"1_1_2_1_2_1_1_1"
"5734","EPI_ISL_17051390",3,1,1,1,1,1,1,1,"3_1_1_1_1_1_1_1"
"5735","EPI_ISL_17051389",3,1,1,1,1,1,1,1,"3_1_1_1_1_1_1_1"
"5736","EPI_ISL_17051388",3,1,1,1,1,1,1,1,"3_1_1_1_1_1_1_1"
"5737","EPI_ISL_17051384",3,1,1,1,1,1,1,1,"3_1_1_1_1_1_1_1"
"5738","EPI_ISL_17051381",44,1,1,1,14,1,1,1,"44_1_1_1_14_1_1_1"
"5739","EPI_ISL_17051379",3,1,1,1,1,1,1,1,"3_1_1_1_1_1_1_1"
"5740","EPI_ISL_17051376",3,1,1,1,1,1,1,1,"3_1_1_1_1_1_1_1"
"5741","EPI_ISL_17051372",3,1,1,1,1,1,1,1,"3_1_1_1_1_1_1_1"
"5742","EPI_ISL_17051370",5,1,1,1,1,1,1,1,"5_1_1_1_1_1_1_1"
"5743","EPI_ISL_17051369",3,1,1,1,1,1,1,1,"3_1_1_1_1_1_1_1"
"5744","EPI_ISL_17051367",4,1,1,1,1,1,1,1,"4_1_1_1_1_1_1_1"
"5745","EPI_ISL_17051363",5,3,1,1,1,1,1,2,"5_3_1_1_1_1_1_2"
"5746","EPI_ISL_17051362",3,1,1,1,1,1,1,1,"3_1_1_1_1_1_1_1"
"5747","EPI_ISL_17051360",3,1,1,1,1,1,1,1,"3_1_1_1_1_1_1_1"
"5748","EPI_ISL_17051357",3,1,1,1,1,1,1,1,"3_1_1_1_1_1_1_1"
"5749","EPI_ISL_17051356",3,1,1,1,1,1,1,1,"3_1_1_1_1_1_1_1"
"5750","EPI_ISL_17051355",3,1,1,1,1,1,1,1,"3_1_1_1_1_1_1_1"
"5751","EPI_ISL_17051354",3,1,1,1,1,1,1,1,"3_1_1_1_1_1_1_1"
"5752","EPI_ISL_17051353",4,1,1,1,1,1,1,1,"4_1_1_1_1_1_1_1"
"5753","EPI_ISL_17051349",3,1,1,1,1,1,1,1,"3_1_1_1_1_1_1_1"
"5754","EPI_ISL_17051348",3,1,1,1,1,1,1,1,"3_1_1_1_1_1_1_1"
"5755","EPI_ISL_17051347",3,1,1,1,1,1,1,1,"3_1_1_1_1_1_1_1"
"5756","EPI_ISL_17051346",3,1,1,1,1,1,1,1,"3_1_1_1_1_1_1_1"
"5757","EPI_ISL_17051344",3,1,1,1,1,1,1,1,"3_1_1_1_1_1_1_1"
"5758","EPI_ISL_17051341",5,3,1,1,1,1,1,2,"5_3_1_1_1_1_1_2"
"5759","EPI_ISL_17051340",3,1,1,1,1,1,1,1,"3_1_1_1_1_1_1_1"
"5760","EPI_ISL_17051337",5,1,1,1,1,1,1,1,"5_1_1_1_1_1_1_1"
"5761","EPI_ISL_17051335",3,1,1,1,1,1,1,1,"3_1_1_1_1_1_1_1"
"5762","EPI_ISL_17051334",5,1,1,1,1,1,1,1,"5_1_1_1_1_1_1_1"
"5763","EPI_ISL_17051333",4,1,1,1,1,1,1,1,"4_1_1_1_1_1_1_1"
"5764","EPI_ISL_17051332",4,1,1,1,1,1,1,1,"4_1_1_1_1_1_1_1"
"5765","EPI_ISL_17051331",4,1,1,1,1,1,1,1,"4_1_1_1_1_1_1_1"
"5766","EPI_ISL_17051330",4,1,1,1,1,1,1,1,"4_1_1_1_1_1_1_1"
"5767","EPI_ISL_17051329",4,1,1,1,1,1,1,1,"4_1_1_1_1_1_1_1"
"5768","EPI_ISL_17051327",4,1,1,1,1,1,1,1,"4_1_1_1_1_1_1_1"
"5769","EPI_ISL_17051325",4,1,1,1,1,1,1,1,"4_1_1_1_1_1_1_1"
"5770","EPI_ISL_17051324",4,1,1,1,1,1,1,1,"4_1_1_1_1_1_1_1"
"5771","EPI_ISL_17051323",4,1,1,1,1,1,1,1,"4_1_1_1_1_1_1_1"
"5772","EPI_ISL_17780479",1,1,4,1,4,1,1,4,"1_1_4_1_4_1_1_4"
"5773","EPI_ISL_17780478",1,1,4,1,4,1,1,4,"1_1_4_1_4_1_1_4"
"5774","EPI_ISL_17780477",1,1,4,1,4,1,1,4,"1_1_4_1_4_1_1_4"
"5775","EPI_ISL_17780476",1,1,4,1,4,1,1,4,"1_1_4_1_4_1_1_4"
"5776","EPI_ISL_17780475",1,1,4,1,4,1,1,4,"1_1_4_1_4_1_1_4"
"5777","EPI_ISL_17780474",1,1,4,1,4,1,1,4,"1_1_4_1_4_1_1_4"
"5778","EPI_ISL_17514130",1,1,2,1,2,1,1,1,"1_1_2_1_2_1_1_1"
"5779","EPI_ISL_17514129",1,1,2,1,2,1,1,1,"1_1_2_1_2_1_1_1"
"5780","EPI_ISL_17514139",1,1,2,1,2,1,1,1,"1_1_2_1_2_1_1_1"
"5781","EPI_ISL_17514138",1,1,2,1,2,1,1,1,"1_1_2_1_2_1_1_1"
"5782","EPI_ISL_16641793",2,1,1,1,2,1,1,1,"2_1_1_1_2_1_1_1"
"5783","EPI_ISL_16641799",2,1,1,1,2,1,1,1,"2_1_1_1_2_1_1_1"
"5784","EPI_ISL_16641798",2,1,1,1,2,1,1,1,"2_1_1_1_2_1_1_1"
"5785","EPI_ISL_16641797",2,1,1,1,2,1,1,1,"2_1_1_1_2_1_1_1"
"5786","EPI_ISL_16641796",2,1,1,1,2,1,1,1,"2_1_1_1_2_1_1_1"
"5787","EPI_ISL_17559276",5,3,1,1,1,1,1,2,"5_3_1_1_1_1_1_2"
"5788","EPI_ISL_16547666",1,1,2,1,2,1,1,1,"1_1_2_1_2_1_1_1"
"5789","EPI_ISL_16641794",2,1,1,1,2,1,1,1,"2_1_1_1_2_1_1_1"
"5790","EPI_ISL_17950254",24,1,16,1,2,1,1,1,"24_1_16_1_2_1_1_1"
"5791","EPI_ISL_17950253",2,1,1,1,2,1,1,1,"2_1_1_1_2_1_1_1"
"5792","EPI_ISL_17950087",2,1,1,1,2,1,1,1,"2_1_1_1_2_1_1_1"
"5793","EPI_ISL_17949987",1,20,2,1,5,1,1,1,"1_20_2_1_5_1_1_1"
"5794","EPI_ISL_17949986",11,10,2,1,5,1,1,6,"11_10_2_1_5_1_1_6"
"5795","EPI_ISL_17949961",11,10,2,1,5,1,1,6,"11_10_2_1_5_1_1_6"
"5796","EPI_ISL_17951056",1,1,2,1,2,1,1,1,"1_1_2_1_2_1_1_1"
"5797","EPI_ISL_17951055",1,1,2,1,2,1,1,1,"1_1_2_1_2_1_1_1"
"5798","EPI_ISL_17951054",1,1,2,1,2,1,1,1,"1_1_2_1_2_1_1_1"
"5799","EPI_ISL_17951053",1,1,2,1,2,1,1,1,"1_1_2_1_2_1_1_1"
"5800","EPI_ISL_17951052",1,1,2,1,2,1,1,1,"1_1_2_1_2_1_1_1"
"5801","EPI_ISL_17951051",1,1,2,1,2,1,1,1,"1_1_2_1_2_1_1_1"
"5802","EPI_ISL_17950995",1,1,2,1,2,1,1,1,"1_1_2_1_2_1_1_1"
"5803","EPI_ISL_17958948",1,1,4,1,4,1,1,4,"1_1_4_1_4_1_1_4"
"5804","EPI_ISL_17958949",1,1,4,1,4,1,1,4,"1_1_4_1_4_1_1_4"
"5805","EPI_ISL_17958950",1,1,4,1,4,1,1,4,"1_1_4_1_4_1_1_4"
"5806","EPI_ISL_17958951",1,1,4,1,4,1,1,4,"1_1_4_1_4_1_1_4"
"5807","EPI_ISL_17958952",1,1,4,1,4,1,1,4,"1_1_4_1_4_1_1_4"
"5808","EPI_ISL_17965774",5,3,1,1,1,1,1,2,"5_3_1_1_1_1_1_2"
"5809","EPI_ISL_17973443",5,3,1,1,1,1,1,2,"5_3_1_1_1_1_1_2"
"5810","EPI_ISL_17982383",1,1,4,1,4,1,1,4,"1_1_4_1_4_1_1_4"
"5811","EPI_ISL_17982384",1,1,4,1,4,1,1,4,"1_1_4_1_4_1_1_4"
"5812","EPI_ISL_17982387",1,1,4,1,4,1,1,4,"1_1_4_1_4_1_1_4"
"5813","EPI_ISL_17982388",1,1,4,1,4,1,1,4,"1_1_4_1_4_1_1_4"
"5814","EPI_ISL_17982389",1,1,4,1,4,1,1,4,"1_1_4_1_4_1_1_4"
"5815","EPI_ISL_17982390",1,1,4,1,4,1,1,4,"1_1_4_1_4_1_1_4"
"5816","EPI_ISL_17982391",1,1,4,1,4,1,1,4,"1_1_4_1_4_1_1_4"
"5817","EPI_ISL_17982392",1,1,4,1,4,1,1,4,"1_1_4_1_4_1_1_4"
"5818","EPI_ISL_17982393",1,1,4,1,4,1,1,4,"1_1_4_1_4_1_1_4"
"5819","EPI_ISL_17999470",2,1,1,1,2,1,1,1,"2_1_1_1_2_1_1_1"
"5820","EPI_ISL_18000337",26,24,18,1,17,9,1,7,"26_24_18_1_17_9_1_7"
"5821","EPI_ISL_18006920",2,6,1,1,9,1,1,1,"2_6_1_1_9_1_1_1"
"5822","EPI_ISL_18006941",1,1,2,1,2,1,1,1,"1_1_2_1_2_1_1_1"
"5823","EPI_ISL_18007229",2,1,1,1,2,1,1,1,"2_1_1_1_2_1_1_1"
"5824","EPI_ISL_18007230",24,1,16,1,2,1,1,1,"24_1_16_1_2_1_1_1"
"5825","EPI_ISL_18007231",11,10,2,1,5,1,1,6,"11_10_2_1_5_1_1_6"
"5826","EPI_ISL_18007232",11,10,2,1,5,1,1,6,"11_10_2_1_5_1_1_6"
"5827","EPI_ISL_18032166",1,1,2,1,2,1,1,1,"1_1_2_1_2_1_1_1"
"5828","EPI_ISL_18032171",1,1,2,1,2,1,1,1,"1_1_2_1_2_1_1_1"
"5829","EPI_ISL_18032204",1,1,2,1,2,1,1,1,"1_1_2_1_2_1_1_1"
"5830","EPI_ISL_18032444",1,1,2,1,2,1,1,1,"1_1_2_1_2_1_1_1"
"5831","EPI_ISL_18032445",1,1,2,1,2,1,1,1,"1_1_2_1_2_1_1_1"
"5832","EPI_ISL_18032446",1,1,2,1,2,1,1,1,"1_1_2_1_2_1_1_1"
"5833","EPI_ISL_18032447",1,1,2,1,2,1,1,1,"1_1_2_1_2_1_1_1"
"5834","EPI_ISL_18033134",1,1,2,1,2,1,1,1,"1_1_2_1_2_1_1_1"
"5835","EPI_ISL_18033137",1,1,2,1,2,1,1,1,"1_1_2_1_2_1_1_1"
"5836","EPI_ISL_18033139",1,1,2,1,2,1,1,1,"1_1_2_1_2_1_1_1"
"5837","EPI_ISL_18033140",1,1,2,1,2,1,1,1,"1_1_2_1_2_1_1_1"
"5838","EPI_ISL_18033142",1,1,2,1,2,1,1,1,"1_1_2_1_2_1_1_1"
"5839","EPI_ISL_18033149",1,1,2,1,2,1,1,1,"1_1_2_1_2_1_1_1"
"5840","EPI_ISL_18033150",1,1,2,1,2,1,1,1,"1_1_2_1_2_1_1_1"
"5841","EPI_ISL_18033151",1,1,2,1,2,1,1,1,"1_1_2_1_2_1_1_1"
"5842","EPI_ISL_18033152",1,1,2,1,2,1,1,1,"1_1_2_1_2_1_1_1"
"5843","EPI_ISL_18033153",1,1,2,1,2,1,1,1,"1_1_2_1_2_1_1_1"
"5844","EPI_ISL_18033154",1,1,2,1,2,1,1,1,"1_1_2_1_2_1_1_1"
"5845","EPI_ISL_18033155",1,1,2,1,2,1,1,1,"1_1_2_1_2_1_1_1"
"5846","EPI_ISL_18033156",1,1,2,1,2,1,1,1,"1_1_2_1_2_1_1_1"
"5847","EPI_ISL_18033157",1,1,2,1,2,1,1,1,"1_1_2_1_2_1_1_1"
"5848","EPI_ISL_18033160",1,1,2,1,2,1,1,1,"1_1_2_1_2_1_1_1"
"5849","EPI_ISL_18033161",1,1,2,1,2,1,1,1,"1_1_2_1_2_1_1_1"
"5850","EPI_ISL_18033162",1,1,2,1,2,1,1,1,"1_1_2_1_2_1_1_1"
"5851","EPI_ISL_18033163",1,1,2,1,2,1,1,1,"1_1_2_1_2_1_1_1"
"5852","EPI_ISL_18033167",1,1,2,1,2,1,1,1,"1_1_2_1_2_1_1_1"
"5853","EPI_ISL_18033168",1,1,2,1,2,1,1,1,"1_1_2_1_2_1_1_1"
"5854","EPI_ISL_18033169",1,1,2,1,2,1,1,1,"1_1_2_1_2_1_1_1"
"5855","EPI_ISL_18033170",1,1,2,1,2,1,1,1,"1_1_2_1_2_1_1_1"
"5856","EPI_ISL_18033171",1,1,2,1,2,1,1,1,"1_1_2_1_2_1_1_1"
"5857","EPI_ISL_18033172",1,1,2,1,2,1,1,1,"1_1_2_1_2_1_1_1"
"5858","EPI_ISL_18033173",1,1,2,1,2,1,1,1,"1_1_2_1_2_1_1_1"
"5859","EPI_ISL_18033174",1,1,2,1,2,1,1,1,"1_1_2_1_2_1_1_1"
"5860","EPI_ISL_18033175",1,1,2,1,2,1,1,1,"1_1_2_1_2_1_1_1"
"5861","EPI_ISL_18033176",1,1,2,1,2,1,1,1,"1_1_2_1_2_1_1_1"
"5862","EPI_ISL_18033177",1,1,2,1,2,1,1,1,"1_1_2_1_2_1_1_1"
"5863","EPI_ISL_18033178",1,1,2,1,2,1,1,1,"1_1_2_1_2_1_1_1"
"5864","EPI_ISL_18033179",1,1,2,1,2,1,1,1,"1_1_2_1_2_1_1_1"
"5865","EPI_ISL_18033180",1,1,2,1,2,1,1,1,"1_1_2_1_2_1_1_1"
"5866","EPI_ISL_18033181",1,1,2,1,2,1,1,1,"1_1_2_1_2_1_1_1"
"5867","EPI_ISL_18033182",1,1,2,1,2,1,1,1,"1_1_2_1_2_1_1_1"
"5868","EPI_ISL_18033183",1,1,2,1,2,1,1,1,"1_1_2_1_2_1_1_1"
"5869","EPI_ISL_18033184",1,1,2,1,2,1,1,1,"1_1_2_1_2_1_1_1"
"5870","EPI_ISL_18033185",1,1,4,1,4,1,1,4,"1_1_4_1_4_1_1_4"
"5871","EPI_ISL_18033186",1,1,2,1,2,1,1,1,"1_1_2_1_2_1_1_1"
"5872","EPI_ISL_18033187",1,1,2,1,2,1,1,1,"1_1_2_1_2_1_1_1"
"5873","EPI_ISL_18033188",1,1,2,1,2,1,1,1,"1_1_2_1_2_1_1_1"
"5874","EPI_ISL_18033189",1,1,2,1,2,1,1,1,"1_1_2_1_2_1_1_1"
"5875","EPI_ISL_18033190",1,1,2,1,2,1,1,1,"1_1_2_1_2_1_1_1"
"5876","EPI_ISL_18033192",1,1,2,1,2,1,1,1,"1_1_2_1_2_1_1_1"
"5877","EPI_ISL_18033193",1,1,2,1,2,1,1,1,"1_1_2_1_2_1_1_1"
"5878","EPI_ISL_18033194",1,1,2,1,2,1,1,1,"1_1_2_1_2_1_1_1"
"5879","EPI_ISL_18033197",1,1,2,1,2,1,1,1,"1_1_2_1_2_1_1_1"
"5880","EPI_ISL_18033198",1,1,2,1,2,1,1,1,"1_1_2_1_2_1_1_1"
"5881","EPI_ISL_18033199",1,1,2,1,2,1,1,1,"1_1_2_1_2_1_1_1"
"5882","EPI_ISL_18033200",1,1,4,1,4,1,1,4,"1_1_4_1_4_1_1_4"
"5883","EPI_ISL_18033201",1,1,2,1,2,1,1,1,"1_1_2_1_2_1_1_1"
"5884","EPI_ISL_18033202",1,1,2,1,2,1,1,1,"1_1_2_1_2_1_1_1"
"5885","EPI_ISL_18033203",1,1,4,1,4,1,1,4,"1_1_4_1_4_1_1_4"
"5886","EPI_ISL_18033204",1,1,4,1,4,1,1,4,"1_1_4_1_4_1_1_4"
"5887","EPI_ISL_18033205",1,1,4,1,4,1,1,4,"1_1_4_1_4_1_1_4"
"5888","EPI_ISL_18033206",1,1,4,1,4,1,1,4,"1_1_4_1_4_1_1_4"
"5889","EPI_ISL_18033207",1,1,4,1,4,1,1,4,"1_1_4_1_4_1_1_4"
"5890","EPI_ISL_18033208",1,1,4,1,4,1,1,4,"1_1_4_1_4_1_1_4"
"5891","EPI_ISL_18033209",1,1,4,1,4,1,1,4,"1_1_4_1_4_1_1_4"
"5892","EPI_ISL_18033210",1,1,4,1,4,1,1,4,"1_1_4_1_4_1_1_4"
"5893","EPI_ISL_18033211",1,1,4,1,4,1,1,4,"1_1_4_1_4_1_1_4"
"5894","EPI_ISL_18033212",1,1,4,1,4,1,1,4,"1_1_4_1_4_1_1_4"
"5895","EPI_ISL_18033213",1,1,4,1,4,1,1,4,"1_1_4_1_4_1_1_4"
"5896","EPI_ISL_18033214",1,1,4,1,4,1,1,4,"1_1_4_1_4_1_1_4"
"5897","EPI_ISL_18033215",1,1,4,1,4,1,1,4,"1_1_4_1_4_1_1_4"
"5898","EPI_ISL_18033216",1,1,4,1,4,1,1,4,"1_1_4_1_4_1_1_4"
"5899","EPI_ISL_18033217",1,1,4,1,4,1,1,4,"1_1_4_1_4_1_1_4"
"5900","EPI_ISL_18033218",1,1,4,1,4,1,1,4,"1_1_4_1_4_1_1_4"
"5901","EPI_ISL_18033219",1,1,4,1,4,1,1,4,"1_1_4_1_4_1_1_4"
"5902","EPI_ISL_18033220",1,1,4,1,4,1,1,4,"1_1_4_1_4_1_1_4"
"5903","EPI_ISL_18033221",1,1,4,1,4,1,1,4,"1_1_4_1_4_1_1_4"
"5904","EPI_ISL_18033222",1,1,4,1,4,1,1,4,"1_1_4_1_4_1_1_4"
"5905","EPI_ISL_18033223",1,1,4,1,4,1,1,4,"1_1_4_1_4_1_1_4"
"5906","EPI_ISL_18033224",1,1,4,1,4,1,1,4,"1_1_4_1_4_1_1_4"
"5907","EPI_ISL_18033225",1,1,4,1,4,1,1,4,"1_1_4_1_4_1_1_4"
"5908","EPI_ISL_18033226",1,1,4,1,4,1,1,4,"1_1_4_1_4_1_1_4"
"5909","EPI_ISL_18033227",1,1,4,1,4,1,1,4,"1_1_4_1_4_1_1_4"
"5910","EPI_ISL_18033228",1,1,4,1,4,1,1,4,"1_1_4_1_4_1_1_4"
"5911","EPI_ISL_18033229",1,1,4,1,4,1,1,4,"1_1_4_1_4_1_1_4"
"5912","EPI_ISL_18033230",1,1,4,1,4,1,1,4,"1_1_4_1_4_1_1_4"
"5913","EPI_ISL_18033231",1,1,4,1,4,1,1,4,"1_1_4_1_4_1_1_4"
"5914","EPI_ISL_18033232",1,1,4,1,4,1,1,4,"1_1_4_1_4_1_1_4"
"5915","EPI_ISL_18033233",1,1,4,1,4,1,1,4,"1_1_4_1_4_1_1_4"
"5916","EPI_ISL_18033234",1,1,4,1,4,1,1,4,"1_1_4_1_4_1_1_4"
"5917","EPI_ISL_18033235",1,1,4,1,4,1,1,4,"1_1_4_1_4_1_1_4"
"5918","EPI_ISL_18033237",1,1,4,1,4,1,1,4,"1_1_4_1_4_1_1_4"
"5919","EPI_ISL_18033238",1,1,4,1,4,1,1,4,"1_1_4_1_4_1_1_4"
"5920","EPI_ISL_18033239",1,1,4,1,4,1,1,4,"1_1_4_1_4_1_1_4"
"5921","EPI_ISL_18033240",1,1,4,1,4,1,1,4,"1_1_4_1_4_1_1_4"
"5922","EPI_ISL_18033241",1,1,4,1,4,1,1,4,"1_1_4_1_4_1_1_4"
"5923","EPI_ISL_18033242",1,1,4,1,4,1,1,4,"1_1_4_1_4_1_1_4"
"5924","EPI_ISL_18033399",1,1,2,1,2,1,1,1,"1_1_2_1_2_1_1_1"
"5925","EPI_ISL_18033400",1,1,2,1,2,1,1,1,"1_1_2_1_2_1_1_1"
"5926","EPI_ISL_18033401",1,1,2,1,2,1,1,1,"1_1_2_1_2_1_1_1"
"5927","EPI_ISL_18033402",1,1,2,1,2,1,1,1,"1_1_2_1_2_1_1_1"
"5928","EPI_ISL_18033403",1,1,2,1,2,1,1,1,"1_1_2_1_2_1_1_1"
"5929","EPI_ISL_18033404",1,1,2,1,2,1,1,1,"1_1_2_1_2_1_1_1"
"5930","EPI_ISL_18033405",1,1,2,1,2,1,1,1,"1_1_2_1_2_1_1_1"
"5931","EPI_ISL_18033408",1,1,2,1,2,1,1,1,"1_1_2_1_2_1_1_1"
"5932","EPI_ISL_18033409",1,1,2,1,2,1,1,1,"1_1_2_1_2_1_1_1"
"5933","EPI_ISL_18033410",1,1,2,1,2,1,1,1,"1_1_2_1_2_1_1_1"
"5934","EPI_ISL_18033411",1,1,2,1,2,1,1,1,"1_1_2_1_2_1_1_1"
"5935","EPI_ISL_18033412",1,1,2,1,2,1,1,1,"1_1_2_1_2_1_1_1"
"5936","EPI_ISL_18033413",1,1,2,1,2,1,1,1,"1_1_2_1_2_1_1_1"
"5937","EPI_ISL_18033414",1,1,2,1,2,1,1,1,"1_1_2_1_2_1_1_1"
"5938","EPI_ISL_18033415",1,1,2,1,2,1,1,1,"1_1_2_1_2_1_1_1"
"5939","EPI_ISL_18033416",1,1,2,1,2,1,1,1,"1_1_2_1_2_1_1_1"
"5940","EPI_ISL_18033417",1,1,2,1,2,1,1,1,"1_1_2_1_2_1_1_1"
"5941","EPI_ISL_18033418",1,1,2,1,2,1,1,1,"1_1_2_1_2_1_1_1"
"5942","EPI_ISL_18033419",1,1,4,1,4,1,1,4,"1_1_4_1_4_1_1_4"
"5943","EPI_ISL_18033420",1,1,4,1,4,1,1,4,"1_1_4_1_4_1_1_4"
"5944","EPI_ISL_18033421",1,1,4,1,4,1,1,4,"1_1_4_1_4_1_1_4"
"5945","EPI_ISL_18039387",4,5,1,1,1,1,1,1,"4_5_1_1_1_1_1_1"
"5946","EPI_ISL_18040892",1,1,2,1,2,1,1,1,"1_1_2_1_2_1_1_1"
"5947","EPI_ISL_18040893",1,1,2,1,2,1,1,1,"1_1_2_1_2_1_1_1"
"5948","EPI_ISL_18048777",1,1,4,1,4,1,1,4,"1_1_4_1_4_1_1_4"
"5949","EPI_ISL_18048778",1,1,4,1,4,1,1,4,"1_1_4_1_4_1_1_4"
"5950","EPI_ISL_18048779",1,1,4,1,4,1,1,4,"1_1_4_1_4_1_1_4"
"5951","EPI_ISL_18058053",6,4,3,1,3,5,1,3,"6_4_3_1_3_5_1_3"
"5952","EPI_ISL_18058054",6,4,3,1,3,5,1,3,"6_4_3_1_3_5_1_3"
"5953","EPI_ISL_18058055",19,17,11,1,10,4,1,8,"19_17_11_1_10_4_1_8"
"5954","EPI_ISL_18058056",19,17,11,1,10,4,1,8,"19_17_11_1_10_4_1_8"
"5955","EPI_ISL_18063923",1,1,2,1,2,1,1,1,"1_1_2_1_2_1_1_1"
"5956","EPI_ISL_18064618",1,1,4,1,4,1,1,4,"1_1_4_1_4_1_1_4"
"5957","EPI_ISL_18064619",1,1,4,1,4,1,1,4,"1_1_4_1_4_1_1_4"
"5958","EPI_ISL_18064620",1,1,4,1,4,1,1,4,"1_1_4_1_4_1_1_4"
"5959","EPI_ISL_18064622",1,1,4,1,4,1,1,4,"1_1_4_1_4_1_1_4"
"5960","EPI_ISL_18065329",1,1,4,1,4,1,1,4,"1_1_4_1_4_1_1_4"
"5961","EPI_ISL_18065330",1,1,4,1,4,1,1,4,"1_1_4_1_4_1_1_4"
"5962","EPI_ISL_18065331",1,1,4,1,4,1,1,4,"1_1_4_1_4_1_1_4"
"5963","EPI_ISL_18065332",1,1,4,1,4,1,1,4,"1_1_4_1_4_1_1_4"
"5964","EPI_ISL_18065333",1,1,4,1,4,1,1,4,"1_1_4_1_4_1_1_4"
"5965","EPI_ISL_18065334",1,1,4,1,4,1,1,4,"1_1_4_1_4_1_1_4"
"5966","EPI_ISL_18065335",1,1,4,1,4,1,1,4,"1_1_4_1_4_1_1_4"
"5967","EPI_ISL_18065336",1,1,4,1,4,1,1,4,"1_1_4_1_4_1_1_4"
"5968","EPI_ISL_18065337",1,1,4,1,4,1,1,4,"1_1_4_1_4_1_1_4"
"5969","EPI_ISL_18065338",1,1,4,1,4,1,1,4,"1_1_4_1_4_1_1_4"
"5970","EPI_ISL_18065339",1,1,4,1,4,1,1,4,"1_1_4_1_4_1_1_4"
"5971","EPI_ISL_18065340",1,1,4,1,4,1,1,4,"1_1_4_1_4_1_1_4"
"5972","EPI_ISL_18065341",1,1,4,1,4,1,1,4,"1_1_4_1_4_1_1_4"
"5973","EPI_ISL_18065342",1,1,4,1,4,1,1,4,"1_1_4_1_4_1_1_4"
"5974","EPI_ISL_18065343",1,1,4,1,4,1,1,4,"1_1_4_1_4_1_1_4"
"5975","EPI_ISL_18065344",1,1,4,1,4,1,1,4,"1_1_4_1_4_1_1_4"
"5976","EPI_ISL_18065346",1,1,4,1,4,1,1,4,"1_1_4_1_4_1_1_4"
"5977","EPI_ISL_18065347",1,1,4,1,4,1,1,4,"1_1_4_1_4_1_1_4"
"5978","EPI_ISL_18065348",1,1,4,1,4,1,1,4,"1_1_4_1_4_1_1_4"
"5979","EPI_ISL_18065393",1,1,4,1,4,1,1,4,"1_1_4_1_4_1_1_4"
"5980","EPI_ISL_18071580",2,1,1,1,2,1,1,1,"2_1_1_1_2_1_1_1"
"5981","EPI_ISL_18074199",2,1,1,1,2,1,1,1,"2_1_1_1_2_1_1_1"
"5982","EPI_ISL_18090351",6,34,24,1,15,13,1,11,"6_34_24_1_15_13_1_11"
"5983","EPI_ISL_18090482",4,5,1,1,1,1,1,1,"4_5_1_1_1_1_1_1"
"5984","EPI_ISL_18107005",2,1,1,1,2,1,1,1,"2_1_1_1_2_1_1_1"
"5985","EPI_ISL_18107016",4,5,1,1,1,1,1,1,"4_5_1_1_1_1_1_1"
"5986","EPI_ISL_18107017",42,3,1,1,1,1,1,2,"42_3_1_1_1_1_1_2"
"5987","EPI_ISL_18107018",4,1,1,1,1,1,1,2,"4_1_1_1_1_1_1_2"
"5988","EPI_ISL_18107019",4,1,1,1,1,1,1,2,"4_1_1_1_1_1_1_2"
"5989","EPI_ISL_18107020",2,1,1,1,2,1,1,1,"2_1_1_1_2_1_1_1"
"5990","EPI_ISL_18107021",2,1,1,1,2,1,1,1,"2_1_1_1_2_1_1_1"
"5991","EPI_ISL_18107022",2,1,1,1,2,1,1,1,"2_1_1_1_2_1_1_1"
"5992","EPI_ISL_18107023",9,9,7,1,1,1,1,1,"9_9_7_1_1_1_1_1"
"5993","EPI_ISL_18107024",9,9,7,1,1,1,1,1,"9_9_7_1_1_1_1_1"
"5994","EPI_ISL_18107025",2,1,1,1,2,1,1,1,"2_1_1_1_2_1_1_1"
"5995","EPI_ISL_18107026",2,1,1,1,2,1,1,1,"2_1_1_1_2_1_1_1"
"5996","EPI_ISL_18107030",2,1,1,1,2,1,1,1,"2_1_1_1_2_1_1_1"
"5997","EPI_ISL_18107035",2,1,1,1,2,1,1,1,"2_1_1_1_2_1_1_1"
"5998","EPI_ISL_18107041",2,1,1,1,2,1,1,1,"2_1_1_1_2_1_1_1"
"5999","EPI_ISL_18107045",9,9,7,1,1,1,1,1,"9_9_7_1_1_1_1_1"
"6000","EPI_ISL_18107046",2,1,1,1,2,1,1,1,"2_1_1_1_2_1_1_1"
"6001","EPI_ISL_18107047",2,1,1,1,2,1,1,1,"2_1_1_1_2_1_1_1"
"6002","EPI_ISL_18107048",2,1,1,1,2,1,1,1,"2_1_1_1_2_1_1_1"
"6003","EPI_ISL_18107049",2,1,1,1,2,1,1,1,"2_1_1_1_2_1_1_1"
"6004","EPI_ISL_18107050",2,1,1,1,2,1,1,1,"2_1_1_1_2_1_1_1"
"6005","EPI_ISL_18107055",2,1,1,1,2,1,1,1,"2_1_1_1_2_1_1_1"
"6006","EPI_ISL_18107069",9,9,7,1,1,1,1,1,"9_9_7_1_1_1_1_1"
"6007","EPI_ISL_18115433",1,1,4,1,4,1,1,4,"1_1_4_1_4_1_1_4"
"6008","EPI_ISL_18115435",1,1,4,1,4,1,1,4,"1_1_4_1_4_1_1_4"
"6009","EPI_ISL_18115436",1,1,4,1,4,1,1,4,"1_1_4_1_4_1_1_4"
"6010","EPI_ISL_18122418",1,1,4,1,4,1,1,4,"1_1_4_1_4_1_1_4"
"6011","EPI_ISL_18122420",1,1,4,1,4,1,1,4,"1_1_4_1_4_1_1_4"
"6012","EPI_ISL_18122421",1,1,4,1,4,1,1,4,"1_1_4_1_4_1_1_4"
"6013","EPI_ISL_18122422",1,1,4,1,4,1,1,4,"1_1_4_1_4_1_1_4"
"6014","EPI_ISL_18122423",1,1,4,1,4,1,1,4,"1_1_4_1_4_1_1_4"
"6015","EPI_ISL_18122424",1,1,4,1,4,1,1,4,"1_1_4_1_4_1_1_4"
"6016","EPI_ISL_18122425",1,1,4,1,4,1,1,4,"1_1_4_1_4_1_1_4"
"6017","EPI_ISL_18122426",1,1,4,1,4,1,1,4,"1_1_4_1_4_1_1_4"
"6018","EPI_ISL_18122427",1,1,4,1,4,1,1,4,"1_1_4_1_4_1_1_4"
"6019","EPI_ISL_18122429",1,1,4,1,4,1,1,4,"1_1_4_1_4_1_1_4"
"6020","EPI_ISL_18122430",1,1,4,1,4,1,1,4,"1_1_4_1_4_1_1_4"
"6021","EPI_ISL_18122431",1,1,4,1,4,1,1,4,"1_1_4_1_4_1_1_4"
"6022","EPI_ISL_18122432",1,1,4,1,4,1,1,4,"1_1_4_1_4_1_1_4"
"6023","EPI_ISL_18122433",1,1,4,1,4,1,1,4,"1_1_4_1_4_1_1_4"
"6024","EPI_ISL_18122435",1,1,4,1,4,1,1,4,"1_1_4_1_4_1_1_4"
"6025","EPI_ISL_18122436",1,1,4,1,4,1,1,4,"1_1_4_1_4_1_1_4"
"6026","EPI_ISL_18122437",1,1,4,1,4,1,1,4,"1_1_4_1_4_1_1_4"
"6027","EPI_ISL_18122438",1,1,4,1,4,1,1,4,"1_1_4_1_4_1_1_4"
"6028","EPI_ISL_18122439",1,1,4,1,4,1,1,4,"1_1_4_1_4_1_1_4"
"6029","EPI_ISL_18122440",1,1,4,1,4,1,1,4,"1_1_4_1_4_1_1_4"
"6030","EPI_ISL_18122441",1,1,4,1,4,1,1,4,"1_1_4_1_4_1_1_4"
"6031","EPI_ISL_18122442",1,1,4,1,4,1,1,4,"1_1_4_1_4_1_1_4"
"6032","EPI_ISL_18122443",1,1,4,1,4,1,1,4,"1_1_4_1_4_1_1_4"
"6033","EPI_ISL_18122445",1,1,4,1,4,1,1,4,"1_1_4_1_4_1_1_4"
"6034","EPI_ISL_18122446",1,1,4,1,4,1,1,4,"1_1_4_1_4_1_1_4"
"6035","EPI_ISL_18122447",1,1,4,1,4,1,1,4,"1_1_4_1_4_1_1_4"
"6036","EPI_ISL_18122448",1,1,4,1,4,1,1,4,"1_1_4_1_4_1_1_4"
"6037","EPI_ISL_18122449",1,1,4,1,4,1,1,4,"1_1_4_1_4_1_1_4"
"6038","EPI_ISL_18122450",1,1,4,1,4,1,1,4,"1_1_4_1_4_1_1_4"
"6039","EPI_ISL_18122451",1,1,4,1,4,1,1,4,"1_1_4_1_4_1_1_4"
"6040","EPI_ISL_18122456",1,1,4,1,4,1,1,4,"1_1_4_1_4_1_1_4"
"6041","EPI_ISL_18122457",1,1,4,1,4,1,1,4,"1_1_4_1_4_1_1_4"
"6042","EPI_ISL_18122458",1,1,4,1,4,1,1,4,"1_1_4_1_4_1_1_4"
"6043","EPI_ISL_18123722",1,1,4,1,4,1,1,4,"1_1_4_1_4_1_1_4"
"6044","EPI_ISL_18123724",1,1,4,1,4,1,1,4,"1_1_4_1_4_1_1_4"
"6045","EPI_ISL_18123725",1,1,4,1,4,1,1,4,"1_1_4_1_4_1_1_4"
"6046","EPI_ISL_18130247",11,10,2,1,5,1,1,6,"11_10_2_1_5_1_1_6"
"6047","EPI_ISL_18130597",5,3,1,1,1,1,1,2,"5_3_1_1_1_1_1_2"
"6048","EPI_ISL_18130622",5,3,1,1,1,1,1,2,"5_3_1_1_1_1_1_2"
"6049","EPI_ISL_18131276",1,1,4,1,4,1,1,4,"1_1_4_1_4_1_1_4"
"6050","EPI_ISL_18131277",1,1,4,1,4,1,1,4,"1_1_4_1_4_1_1_4"
"6051","EPI_ISL_18131278",1,1,4,1,4,1,1,4,"1_1_4_1_4_1_1_4"
"6052","EPI_ISL_18131279",1,1,4,1,4,1,1,4,"1_1_4_1_4_1_1_4"
"6053","EPI_ISL_18131280",1,1,4,1,4,1,1,4,"1_1_4_1_4_1_1_4"
"6054","EPI_ISL_18132224",5,1,1,1,1,1,1,1,"5_1_1_1_1_1_1_1"
"6055","EPI_ISL_18132225",2,1,1,1,2,1,1,1,"2_1_1_1_2_1_1_1"
"6056","EPI_ISL_18132226",2,1,1,1,2,1,1,1,"2_1_1_1_2_1_1_1"
"6057","EPI_ISL_18132227",4,1,1,1,1,1,1,1,"4_1_1_1_1_1_1_1"
"6058","EPI_ISL_18132228",2,1,1,1,2,1,1,1,"2_1_1_1_2_1_1_1"
"6059","EPI_ISL_18132229",2,1,1,1,2,1,1,1,"2_1_1_1_2_1_1_1"
"6060","EPI_ISL_18132230",4,1,1,1,1,1,1,1,"4_1_1_1_1_1_1_1"
"6061","EPI_ISL_18132231",2,1,1,1,2,1,1,1,"2_1_1_1_2_1_1_1"
"6062","EPI_ISL_18132232",4,1,1,1,1,1,1,1,"4_1_1_1_1_1_1_1"
"6063","EPI_ISL_18132233",5,1,1,1,1,1,1,1,"5_1_1_1_1_1_1_1"
"6064","EPI_ISL_18132234",2,1,1,1,2,1,1,1,"2_1_1_1_2_1_1_1"
"6065","EPI_ISL_18132235",3,1,1,1,1,1,1,1,"3_1_1_1_1_1_1_1"
"6066","EPI_ISL_18132236",2,1,1,1,1,1,1,1,"2_1_1_1_1_1_1_1"
"6067","EPI_ISL_18132237",4,1,1,1,1,1,1,1,"4_1_1_1_1_1_1_1"
"6068","EPI_ISL_18132238",2,1,1,1,2,1,1,1,"2_1_1_1_2_1_1_1"
"6069","EPI_ISL_18132239",3,1,1,1,1,1,1,1,"3_1_1_1_1_1_1_1"
"6070","EPI_ISL_18132240",4,1,1,1,1,1,1,1,"4_1_1_1_1_1_1_1"
"6071","EPI_ISL_18132241",4,1,1,1,1,1,1,1,"4_1_1_1_1_1_1_1"
"6072","EPI_ISL_18132242",2,1,1,1,2,1,1,1,"2_1_1_1_2_1_1_1"
"6073","EPI_ISL_18132243",4,1,1,1,1,1,1,1,"4_1_1_1_1_1_1_1"
"6074","EPI_ISL_18132244",4,1,1,1,1,1,1,1,"4_1_1_1_1_1_1_1"
"6075","EPI_ISL_18132245",4,1,1,1,1,1,1,1,"4_1_1_1_1_1_1_1"
"6076","EPI_ISL_18132246",4,1,1,1,1,1,1,1,"4_1_1_1_1_1_1_1"
"6077","EPI_ISL_18132247",4,1,1,1,1,1,1,1,"4_1_1_1_1_1_1_1"
"6078","EPI_ISL_18132248",4,1,1,1,1,1,1,1,"4_1_1_1_1_1_1_1"
"6079","EPI_ISL_18132249",2,1,1,1,2,1,1,1,"2_1_1_1_2_1_1_1"
"6080","EPI_ISL_18132250",2,1,1,1,2,1,1,1,"2_1_1_1_2_1_1_1"
"6081","EPI_ISL_18132251",4,1,1,1,1,1,1,1,"4_1_1_1_1_1_1_1"
"6082","EPI_ISL_18132252",5,1,1,1,1,1,1,1,"5_1_1_1_1_1_1_1"
"6083","EPI_ISL_18132253",2,1,1,1,2,1,1,1,"2_1_1_1_2_1_1_1"
"6084","EPI_ISL_18132254",2,1,1,1,2,1,1,1,"2_1_1_1_2_1_1_1"
"6085","EPI_ISL_18132255",4,1,1,1,1,1,1,1,"4_1_1_1_1_1_1_1"
"6086","EPI_ISL_18132256",2,1,1,1,2,1,1,1,"2_1_1_1_2_1_1_1"
"6087","EPI_ISL_18132257",4,1,1,1,1,1,1,1,"4_1_1_1_1_1_1_1"
"6088","EPI_ISL_18132258",4,5,5,1,1,1,1,1,"4_5_5_1_1_1_1_1"
"6089","EPI_ISL_18132259",4,5,1,1,1,1,1,1,"4_5_1_1_1_1_1_1"
"6090","EPI_ISL_18132260",2,1,1,1,2,1,1,1,"2_1_1_1_2_1_1_1"
"6091","EPI_ISL_18132261",4,1,1,1,2,1,1,1,"4_1_1_1_2_1_1_1"
"6092","EPI_ISL_18132262",4,1,1,1,1,1,1,1,"4_1_1_1_1_1_1_1"
"6093","EPI_ISL_18132263",4,1,1,1,1,1,1,1,"4_1_1_1_1_1_1_1"
"6094","EPI_ISL_18132264",2,1,1,1,2,1,1,1,"2_1_1_1_2_1_1_1"
"6095","EPI_ISL_18132265",2,1,1,1,2,1,1,1,"2_1_1_1_2_1_1_1"
"6096","EPI_ISL_18132266",4,1,1,1,1,1,1,1,"4_1_1_1_1_1_1_1"
"6097","EPI_ISL_18132267",4,1,1,1,1,1,1,1,"4_1_1_1_1_1_1_1"
"6098","EPI_ISL_18132268",2,1,1,1,2,1,1,1,"2_1_1_1_2_1_1_1"
"6099","EPI_ISL_18132269",2,1,1,1,2,1,1,1,"2_1_1_1_2_1_1_1"
"6100","EPI_ISL_18132270",4,1,1,1,1,1,1,1,"4_1_1_1_1_1_1_1"
"6101","EPI_ISL_18132271",4,1,1,1,1,1,1,1,"4_1_1_1_1_1_1_1"
"6102","EPI_ISL_18132272",4,1,1,1,1,1,1,1,"4_1_1_1_1_1_1_1"
"6103","EPI_ISL_18132273",4,5,1,1,1,1,1,1,"4_5_1_1_1_1_1_1"
"6104","EPI_ISL_18132274",4,5,1,1,1,1,1,1,"4_5_1_1_1_1_1_1"
"6105","EPI_ISL_18132275",4,1,1,1,1,1,1,1,"4_1_1_1_1_1_1_1"
"6106","EPI_ISL_18132276",4,5,1,1,1,1,1,1,"4_5_1_1_1_1_1_1"
"6107","EPI_ISL_18132277",2,1,1,1,2,1,1,1,"2_1_1_1_2_1_1_1"
"6108","EPI_ISL_18132278",2,1,1,1,1,1,1,1,"2_1_1_1_1_1_1_1"
"6109","EPI_ISL_18132279",4,1,1,1,1,1,1,1,"4_1_1_1_1_1_1_1"
"6110","EPI_ISL_18132280",2,1,1,1,2,1,1,1,"2_1_1_1_2_1_1_1"
"6111","EPI_ISL_18132281",5,1,1,1,1,1,1,1,"5_1_1_1_1_1_1_1"
"6112","EPI_ISL_18132282",2,1,1,1,2,1,1,1,"2_1_1_1_2_1_1_1"
"6113","EPI_ISL_18132283",4,1,1,1,1,1,1,1,"4_1_1_1_1_1_1_1"
"6114","EPI_ISL_18132284",4,1,1,1,1,1,1,1,"4_1_1_1_1_1_1_1"
"6115","EPI_ISL_18132285",4,1,1,1,1,1,1,1,"4_1_1_1_1_1_1_1"
"6116","EPI_ISL_18132286",2,1,1,1,2,1,1,1,"2_1_1_1_2_1_1_1"
"6117","EPI_ISL_18132287",4,5,5,1,1,1,1,1,"4_5_5_1_1_1_1_1"
"6118","EPI_ISL_18132288",2,1,1,1,2,1,1,1,"2_1_1_1_2_1_1_1"
"6119","EPI_ISL_18132289",4,1,1,1,1,1,1,1,"4_1_1_1_1_1_1_1"
"6120","EPI_ISL_18132290",4,5,5,1,1,1,1,1,"4_5_5_1_1_1_1_1"
"6121","EPI_ISL_18132291",4,1,1,1,1,1,1,1,"4_1_1_1_1_1_1_1"
"6122","EPI_ISL_18132292",4,1,1,1,1,1,1,1,"4_1_1_1_1_1_1_1"
"6123","EPI_ISL_18132293",5,1,1,1,1,1,1,1,"5_1_1_1_1_1_1_1"
"6124","EPI_ISL_18132294",4,5,1,1,1,1,1,1,"4_5_1_1_1_1_1_1"
"6125","EPI_ISL_18132295",4,1,1,1,1,1,1,1,"4_1_1_1_1_1_1_1"
"6126","EPI_ISL_18132296",5,3,1,1,1,1,1,2,"5_3_1_1_1_1_1_2"
"6127","EPI_ISL_18132297",4,1,1,1,1,1,1,1,"4_1_1_1_1_1_1_1"
"6128","EPI_ISL_18132298",4,5,5,1,1,1,1,1,"4_5_5_1_1_1_1_1"
"6129","EPI_ISL_18132299",4,5,5,1,1,1,1,1,"4_5_5_1_1_1_1_1"
"6130","EPI_ISL_18132300",5,1,1,1,1,1,1,1,"5_1_1_1_1_1_1_1"
"6131","EPI_ISL_18132301",5,1,1,1,1,1,1,1,"5_1_1_1_1_1_1_1"
"6132","EPI_ISL_18132302",4,5,5,1,1,1,1,1,"4_5_5_1_1_1_1_1"
"6133","EPI_ISL_18132303",2,1,1,1,2,1,1,1,"2_1_1_1_2_1_1_1"
"6134","EPI_ISL_18132304",4,1,1,1,1,1,1,1,"4_1_1_1_1_1_1_1"
"6135","EPI_ISL_18132305",5,3,1,1,1,1,1,2,"5_3_1_1_1_1_1_2"
"6136","EPI_ISL_18132306",4,1,1,1,1,1,1,1,"4_1_1_1_1_1_1_1"
"6137","EPI_ISL_18132307",4,1,1,1,1,1,1,1,"4_1_1_1_1_1_1_1"
"6138","EPI_ISL_18132308",4,1,1,1,1,1,1,1,"4_1_1_1_1_1_1_1"
"6139","EPI_ISL_18132309",4,1,1,1,1,1,1,1,"4_1_1_1_1_1_1_1"
"6140","EPI_ISL_18132310",4,1,1,1,1,1,1,1,"4_1_1_1_1_1_1_1"
"6141","EPI_ISL_18132311",5,1,1,1,1,1,1,1,"5_1_1_1_1_1_1_1"
"6142","EPI_ISL_18132312",2,1,1,1,1,1,1,1,"2_1_1_1_1_1_1_1"
"6143","EPI_ISL_18132313",4,1,1,1,1,1,1,1,"4_1_1_1_1_1_1_1"
"6144","EPI_ISL_18132314",2,1,1,1,2,1,1,1,"2_1_1_1_2_1_1_1"
"6145","EPI_ISL_18132315",4,1,1,1,1,1,1,1,"4_1_1_1_1_1_1_1"
"6146","EPI_ISL_18132316",4,1,1,1,1,1,1,1,"4_1_1_1_1_1_1_1"
"6147","EPI_ISL_18132317",4,1,1,1,1,1,1,1,"4_1_1_1_1_1_1_1"
"6148","EPI_ISL_18132318",4,1,1,1,1,1,1,1,"4_1_1_1_1_1_1_1"
"6149","EPI_ISL_18132319",4,1,1,1,1,1,1,1,"4_1_1_1_1_1_1_1"
"6150","EPI_ISL_18132320",5,3,1,1,1,1,1,2,"5_3_1_1_1_1_1_2"
"6151","EPI_ISL_18132321",2,1,1,1,2,1,1,1,"2_1_1_1_2_1_1_1"
"6152","EPI_ISL_18132322",4,1,1,1,1,1,1,1,"4_1_1_1_1_1_1_1"
"6153","EPI_ISL_18132323",4,1,1,1,1,1,1,1,"4_1_1_1_1_1_1_1"
"6154","EPI_ISL_18132324",2,1,1,1,2,1,1,1,"2_1_1_1_2_1_1_1"
"6155","EPI_ISL_18132325",4,1,1,1,1,1,1,1,"4_1_1_1_1_1_1_1"
"6156","EPI_ISL_18132326",4,1,1,1,1,1,1,1,"4_1_1_1_1_1_1_1"
"6157","EPI_ISL_18132327",4,1,1,1,1,1,1,1,"4_1_1_1_1_1_1_1"
"6158","EPI_ISL_18132328",4,1,1,1,1,1,1,1,"4_1_1_1_1_1_1_1"
"6159","EPI_ISL_18132329",5,1,1,1,1,1,1,1,"5_1_1_1_1_1_1_1"
"6160","EPI_ISL_18132330",4,1,1,1,1,1,1,1,"4_1_1_1_1_1_1_1"
"6161","EPI_ISL_18132331",4,1,1,1,1,1,1,1,"4_1_1_1_1_1_1_1"
"6162","EPI_ISL_18132332",5,1,1,1,1,1,1,1,"5_1_1_1_1_1_1_1"
"6163","EPI_ISL_18132333",4,5,5,1,1,1,1,1,"4_5_5_1_1_1_1_1"
"6164","EPI_ISL_18132334",4,1,1,1,1,1,1,1,"4_1_1_1_1_1_1_1"
"6165","EPI_ISL_18132335",4,1,1,1,1,1,1,1,"4_1_1_1_1_1_1_1"
"6166","EPI_ISL_18132336",4,5,5,1,1,1,1,1,"4_5_5_1_1_1_1_1"
"6167","EPI_ISL_18132337",2,1,1,1,2,1,1,1,"2_1_1_1_2_1_1_1"
"6168","EPI_ISL_18132338",4,5,1,1,1,1,1,1,"4_5_1_1_1_1_1_1"
"6169","EPI_ISL_18132339",4,1,1,1,1,1,1,1,"4_1_1_1_1_1_1_1"
"6170","EPI_ISL_18132340",2,1,1,1,1,1,1,1,"2_1_1_1_1_1_1_1"
"6171","EPI_ISL_18132341",2,1,1,1,2,1,1,1,"2_1_1_1_2_1_1_1"
"6172","EPI_ISL_18132342",2,1,1,1,2,1,1,1,"2_1_1_1_2_1_1_1"
"6173","EPI_ISL_18132343",4,1,1,1,1,1,1,1,"4_1_1_1_1_1_1_1"
"6174","EPI_ISL_18132344",5,3,1,1,1,1,1,2,"5_3_1_1_1_1_1_2"
"6175","EPI_ISL_18132345",2,1,1,1,2,1,1,1,"2_1_1_1_2_1_1_1"
"6176","EPI_ISL_18132346",4,1,1,1,1,1,1,1,"4_1_1_1_1_1_1_1"
"6177","EPI_ISL_18132347",4,1,1,1,1,1,1,1,"4_1_1_1_1_1_1_1"
"6178","EPI_ISL_18132348",4,1,1,1,1,1,1,1,"4_1_1_1_1_1_1_1"
"6179","EPI_ISL_18132349",4,1,1,1,1,1,1,1,"4_1_1_1_1_1_1_1"
"6180","EPI_ISL_18132350",2,1,1,1,2,1,1,1,"2_1_1_1_2_1_1_1"
"6181","EPI_ISL_18132351",4,1,1,1,1,1,1,1,"4_1_1_1_1_1_1_1"
"6182","EPI_ISL_18132352",14,32,21,1,14,1,1,2,"14_32_21_1_14_1_1_2"
"6183","EPI_ISL_18132353",4,1,1,1,1,1,1,1,"4_1_1_1_1_1_1_1"
"6184","EPI_ISL_18132354",4,1,1,1,1,1,1,1,"4_1_1_1_1_1_1_1"
"6185","EPI_ISL_18132355",4,1,1,1,1,1,1,1,"4_1_1_1_1_1_1_1"
"6186","EPI_ISL_18132356",4,1,1,1,1,1,1,1,"4_1_1_1_1_1_1_1"
"6187","EPI_ISL_18132357",5,3,1,1,1,1,1,2,"5_3_1_1_1_1_1_2"
"6188","EPI_ISL_18132358",2,1,1,1,2,1,1,1,"2_1_1_1_2_1_1_1"
"6189","EPI_ISL_18132359",4,1,1,1,1,1,1,1,"4_1_1_1_1_1_1_1"
"6190","EPI_ISL_18132360",2,1,1,1,1,1,1,1,"2_1_1_1_1_1_1_1"
"6191","EPI_ISL_18132361",4,1,1,1,1,1,1,1,"4_1_1_1_1_1_1_1"
"6192","EPI_ISL_18132362",2,1,1,1,2,1,1,1,"2_1_1_1_2_1_1_1"
"6193","EPI_ISL_18132363",2,1,1,1,1,1,1,1,"2_1_1_1_1_1_1_1"
"6194","EPI_ISL_18132364",2,1,1,1,2,1,1,1,"2_1_1_1_2_1_1_1"
"6195","EPI_ISL_18132365",4,1,1,1,1,1,1,1,"4_1_1_1_1_1_1_1"
"6196","EPI_ISL_18132366",2,1,1,1,2,1,1,1,"2_1_1_1_2_1_1_1"
"6197","EPI_ISL_18132367",2,1,1,1,2,1,1,1,"2_1_1_1_2_1_1_1"
"6198","EPI_ISL_18132368",2,1,1,1,2,1,1,1,"2_1_1_1_2_1_1_1"
"6199","EPI_ISL_18132369",4,1,1,1,1,1,1,1,"4_1_1_1_1_1_1_1"
"6200","EPI_ISL_18132370",2,1,1,1,2,1,1,1,"2_1_1_1_2_1_1_1"
"6201","EPI_ISL_18132371",4,5,1,1,1,1,1,1,"4_5_1_1_1_1_1_1"
"6202","EPI_ISL_18132372",4,1,1,1,1,1,1,1,"4_1_1_1_1_1_1_1"
"6203","EPI_ISL_18132373",2,1,1,1,2,1,1,1,"2_1_1_1_2_1_1_1"
"6204","EPI_ISL_18132374",4,5,5,1,1,1,1,1,"4_5_5_1_1_1_1_1"
"6205","EPI_ISL_18132375",5,3,1,1,1,1,1,2,"5_3_1_1_1_1_1_2"
"6206","EPI_ISL_18132376",4,1,1,1,1,1,1,1,"4_1_1_1_1_1_1_1"
"6207","EPI_ISL_18132377",2,1,1,1,2,1,1,1,"2_1_1_1_2_1_1_1"
"6208","EPI_ISL_18132378",5,3,1,1,1,1,1,2,"5_3_1_1_1_1_1_2"
"6209","EPI_ISL_18132379",2,1,1,1,2,1,1,1,"2_1_1_1_2_1_1_1"
"6210","EPI_ISL_18132380",2,1,1,1,2,1,1,1,"2_1_1_1_2_1_1_1"
"6211","EPI_ISL_18132381",4,1,1,1,1,1,1,1,"4_1_1_1_1_1_1_1"
"6212","EPI_ISL_18132382",4,1,5,1,1,1,1,1,"4_1_5_1_1_1_1_1"
"6213","EPI_ISL_18132383",2,1,1,1,2,1,1,1,"2_1_1_1_2_1_1_1"
"6214","EPI_ISL_18132384",4,1,1,1,1,1,1,1,"4_1_1_1_1_1_1_1"
"6215","EPI_ISL_18132385",4,5,1,1,1,1,1,1,"4_5_1_1_1_1_1_1"
"6216","EPI_ISL_18132386",4,1,1,1,1,1,1,1,"4_1_1_1_1_1_1_1"
"6217","EPI_ISL_18132387",2,1,1,1,2,1,1,1,"2_1_1_1_2_1_1_1"
"6218","EPI_ISL_18132388",5,3,1,1,1,1,1,2,"5_3_1_1_1_1_1_2"
"6219","EPI_ISL_18132389",4,5,1,1,1,1,1,1,"4_5_1_1_1_1_1_1"
"6220","EPI_ISL_18132390",4,1,1,1,1,1,1,1,"4_1_1_1_1_1_1_1"
"6221","EPI_ISL_18132391",2,1,1,1,2,1,1,1,"2_1_1_1_2_1_1_1"
"6222","EPI_ISL_18132392",4,1,1,1,1,1,1,1,"4_1_1_1_1_1_1_1"
"6223","EPI_ISL_18132393",4,5,1,1,1,1,1,1,"4_5_1_1_1_1_1_1"
"6224","EPI_ISL_18132394",4,1,1,1,1,1,1,1,"4_1_1_1_1_1_1_1"
"6225","EPI_ISL_18132396",4,1,1,1,1,1,1,1,"4_1_1_1_1_1_1_1"
"6226","EPI_ISL_18132397",4,5,1,1,1,1,1,1,"4_5_1_1_1_1_1_1"
"6227","EPI_ISL_18132398",4,1,1,1,1,1,1,1,"4_1_1_1_1_1_1_1"
"6228","EPI_ISL_18132399",2,1,1,1,2,1,1,1,"2_1_1_1_2_1_1_1"
"6229","EPI_ISL_18132400",5,1,1,1,1,1,1,1,"5_1_1_1_1_1_1_1"
"6230","EPI_ISL_18132401",4,5,1,1,1,1,1,1,"4_5_1_1_1_1_1_1"
"6231","EPI_ISL_18132402",4,1,1,1,1,1,1,1,"4_1_1_1_1_1_1_1"
"6232","EPI_ISL_18132403",4,1,1,1,1,1,1,1,"4_1_1_1_1_1_1_1"
"6233","EPI_ISL_18132404",4,5,5,1,1,1,1,1,"4_5_5_1_1_1_1_1"
"6234","EPI_ISL_18132405",4,5,1,1,1,1,1,1,"4_5_1_1_1_1_1_1"
"6235","EPI_ISL_18132406",2,1,1,1,1,1,1,1,"2_1_1_1_1_1_1_1"
"6236","EPI_ISL_18132407",2,1,1,1,2,1,1,1,"2_1_1_1_2_1_1_1"
"6237","EPI_ISL_18132408",4,5,5,1,1,1,1,1,"4_5_5_1_1_1_1_1"
"6238","EPI_ISL_18132409",4,5,1,1,1,1,1,1,"4_5_1_1_1_1_1_1"
"6239","EPI_ISL_18132410",4,1,1,1,1,1,1,1,"4_1_1_1_1_1_1_1"
"6240","EPI_ISL_18132411",2,1,1,1,2,1,1,1,"2_1_1_1_2_1_1_1"
"6241","EPI_ISL_18132412",4,5,5,1,1,1,1,1,"4_5_5_1_1_1_1_1"
"6242","EPI_ISL_18132414",2,1,1,1,2,1,1,1,"2_1_1_1_2_1_1_1"
"6243","EPI_ISL_18132415",4,1,1,1,1,1,1,1,"4_1_1_1_1_1_1_1"
"6244","EPI_ISL_18161874",1,1,4,1,4,1,1,4,"1_1_4_1_4_1_1_4"
"6245","EPI_ISL_18219237",8,1,1,1,2,1,1,1,"8_1_1_1_2_1_1_1"
"6246","EPI_ISL_18244181",6,4,3,1,3,2,1,3,"6_4_3_1_3_2_1_3"
"6247","EPI_ISL_18244493",6,4,3,1,3,2,1,3,"6_4_3_1_3_2_1_3"
"6248","EPI_ISL_18244810",6,4,3,1,3,2,1,3,"6_4_3_1_3_2_1_3"
"6249","EPI_ISL_18244823",6,4,3,1,3,2,1,3,"6_4_3_1_3_2_1_3"
"6250","EPI_ISL_18245197",6,4,3,1,3,2,1,3,"6_4_3_1_3_2_1_3"
"6251","EPI_ISL_18245272",1,1,1,1,2,1,1,1,"1_1_1_1_2_1_1_1"
"6252","EPI_ISL_18245273",1,20,2,1,5,1,1,5,"1_20_2_1_5_1_1_5"
"6253","EPI_ISL_18245276",1,1,1,1,2,1,1,1,"1_1_1_1_2_1_1_1"
"6254","EPI_ISL_18245278",11,10,2,1,5,1,1,6,"11_10_2_1_5_1_1_6"
"6255","EPI_ISL_18245280",12,11,8,1,5,1,1,5,"12_11_8_1_5_1_1_5"
"6256","EPI_ISL_18245281",11,10,2,1,5,1,1,6,"11_10_2_1_5_1_1_6"
"6257","EPI_ISL_18245282",1,45,1,1,28,1,1,1,"1_45_1_1_28_1_1_1"
"6258","EPI_ISL_18245287",11,10,2,1,5,1,1,6,"11_10_2_1_5_1_1_6"
"6259","EPI_ISL_18245288",12,1,8,1,5,1,1,1,"12_1_8_1_5_1_1_1"
"6260","EPI_ISL_18245289",11,10,2,1,5,1,1,6,"11_10_2_1_5_1_1_6"
"6261","EPI_ISL_18245290",12,11,8,1,5,1,1,5,"12_11_8_1_5_1_1_5"
"6262","EPI_ISL_18245291",11,10,2,1,5,1,1,6,"11_10_2_1_5_1_1_6"
"6263","EPI_ISL_18245292",11,10,1,1,2,1,1,1,"11_10_1_1_2_1_1_1"
"6264","EPI_ISL_18245293",8,7,2,1,5,1,1,6,"8_7_2_1_5_1_1_6"
"6265","EPI_ISL_18245295",12,11,8,1,5,1,1,5,"12_11_8_1_5_1_1_5"
"6266","EPI_ISL_18245296",12,1,8,1,5,1,1,1,"12_1_8_1_5_1_1_1"
"6267","EPI_ISL_18245298",11,10,2,1,5,1,1,6,"11_10_2_1_5_1_1_6"
"6268","EPI_ISL_18245299",12,11,8,1,5,1,1,5,"12_11_8_1_5_1_1_5"
"6269","EPI_ISL_18245301",11,10,2,1,5,1,1,6,"11_10_2_1_5_1_1_6"
"6270","EPI_ISL_18245302",1,11,8,1,5,1,1,5,"1_11_8_1_5_1_1_5"
"6271","EPI_ISL_18245303",1,20,2,1,5,1,1,5,"1_20_2_1_5_1_1_5"
"6272","EPI_ISL_18245304",39,11,8,1,5,1,1,1,"39_11_8_1_5_1_1_1"
"6273","EPI_ISL_18245305",12,22,29,1,5,1,1,5,"12_22_29_1_5_1_1_5"
"6274","EPI_ISL_18245306",11,10,2,1,5,1,1,6,"11_10_2_1_5_1_1_6"
"6275","EPI_ISL_18245307",1,20,2,1,5,1,1,5,"1_20_2_1_5_1_1_5"
"6276","EPI_ISL_18245308",11,10,2,1,5,1,1,6,"11_10_2_1_5_1_1_6"
"6277","EPI_ISL_18245309",12,11,8,1,5,1,1,5,"12_11_8_1_5_1_1_5"
"6278","EPI_ISL_18245310",11,10,2,1,5,1,1,6,"11_10_2_1_5_1_1_6"
"6279","EPI_ISL_18245312",11,10,2,1,5,1,1,6,"11_10_2_1_5_1_1_6"
"6280","EPI_ISL_18245313",12,11,8,1,5,1,1,5,"12_11_8_1_5_1_1_5"
"6281","EPI_ISL_18245314",12,11,8,1,5,1,1,5,"12_11_8_1_5_1_1_5"
"6282","EPI_ISL_18245315",12,11,8,1,5,1,1,5,"12_11_8_1_5_1_1_5"
"6283","EPI_ISL_18245316",11,10,2,1,5,1,1,6,"11_10_2_1_5_1_1_6"
"6284","EPI_ISL_18245318",1,20,2,1,5,1,1,5,"1_20_2_1_5_1_1_5"
"6285","EPI_ISL_18245319",12,11,8,1,5,1,1,5,"12_11_8_1_5_1_1_5"
"6286","EPI_ISL_18245320",1,20,2,1,5,1,1,5,"1_20_2_1_5_1_1_5"
"6287","EPI_ISL_18245321",12,11,8,1,5,1,1,5,"12_11_8_1_5_1_1_5"
"6288","EPI_ISL_18245322",12,11,8,1,5,1,1,5,"12_11_8_1_5_1_1_5"
"6289","EPI_ISL_18245323",12,11,8,1,5,1,1,5,"12_11_8_1_5_1_1_5"
"6290","EPI_ISL_18245325",11,10,2,1,5,1,1,6,"11_10_2_1_5_1_1_6"
"6291","EPI_ISL_18245326",12,11,8,1,5,1,1,5,"12_11_8_1_5_1_1_5"
"6292","EPI_ISL_18245328",11,10,2,1,5,1,1,6,"11_10_2_1_5_1_1_6"
"6293","EPI_ISL_18245329",11,10,2,1,5,1,1,6,"11_10_2_1_5_1_1_6"
"6294","EPI_ISL_18245330",11,10,2,1,5,1,1,6,"11_10_2_1_5_1_1_6"
"6295","EPI_ISL_18245331",11,10,2,1,5,1,1,6,"11_10_2_1_5_1_1_6"
"6296","EPI_ISL_18245332",11,10,2,1,5,1,1,6,"11_10_2_1_5_1_1_6"
"6297","EPI_ISL_18245333",11,10,2,1,5,1,1,6,"11_10_2_1_5_1_1_6"
"6298","EPI_ISL_18245334",11,10,2,1,5,1,1,6,"11_10_2_1_5_1_1_6"
"6299","EPI_ISL_18245335",11,10,2,1,5,1,1,6,"11_10_2_1_5_1_1_6"
"6300","EPI_ISL_18245336",11,10,2,1,5,1,1,6,"11_10_2_1_5_1_1_6"
"6301","EPI_ISL_18245337",11,10,2,1,5,1,1,6,"11_10_2_1_5_1_1_6"
"6302","EPI_ISL_18245338",11,11,2,1,5,1,1,6,"11_11_2_1_5_1_1_6"
"6303","EPI_ISL_18245339",11,10,2,1,5,1,1,6,"11_10_2_1_5_1_1_6"
"6304","EPI_ISL_18245340",11,10,2,1,5,1,1,6,"11_10_2_1_5_1_1_6"
"6305","EPI_ISL_18245341",11,10,2,1,5,1,1,6,"11_10_2_1_5_1_1_6"
"6306","EPI_ISL_18245342",11,10,2,1,5,1,1,6,"11_10_2_1_5_1_1_6"
"6307","EPI_ISL_18245344",11,10,2,1,5,1,1,6,"11_10_2_1_5_1_1_6"
"6308","EPI_ISL_18245345",11,10,2,1,5,1,1,6,"11_10_2_1_5_1_1_6"
"6309","EPI_ISL_18245346",11,10,2,1,5,1,1,6,"11_10_2_1_5_1_1_6"
"6310","EPI_ISL_18245347",1,11,8,1,5,1,1,5,"1_11_8_1_5_1_1_5"
"6311","EPI_ISL_18245348",11,10,2,1,5,1,1,6,"11_10_2_1_5_1_1_6"
"6312","EPI_ISL_18245349",11,10,2,1,5,1,1,6,"11_10_2_1_5_1_1_6"
"6313","EPI_ISL_18245350",11,10,2,1,5,1,1,6,"11_10_2_1_5_1_1_6"
"6314","EPI_ISL_18245351",1,11,8,1,5,1,1,5,"1_11_8_1_5_1_1_5"
"6315","EPI_ISL_18245352",11,10,2,1,5,1,1,6,"11_10_2_1_5_1_1_6"
"6316","EPI_ISL_18245353",11,10,2,1,5,1,1,6,"11_10_2_1_5_1_1_6"
"6317","EPI_ISL_18245354",11,10,2,1,5,1,1,6,"11_10_2_1_5_1_1_6"
"6318","EPI_ISL_18245355",11,10,2,1,5,1,1,6,"11_10_2_1_5_1_1_6"
"6319","EPI_ISL_18245356",11,10,2,1,5,1,1,6,"11_10_2_1_5_1_1_6"
"6320","EPI_ISL_18245357",11,10,2,1,5,1,1,6,"11_10_2_1_5_1_1_6"
"6321","EPI_ISL_18245358",11,10,2,1,5,1,1,6,"11_10_2_1_5_1_1_6"
"6322","EPI_ISL_18245359",11,10,2,1,5,1,1,6,"11_10_2_1_5_1_1_6"
"6323","EPI_ISL_18245360",1,11,8,1,5,1,1,1,"1_11_8_1_5_1_1_1"
"6324","EPI_ISL_18245361",11,10,2,1,5,1,1,6,"11_10_2_1_5_1_1_6"
"6325","EPI_ISL_18245362",11,10,2,1,5,1,1,6,"11_10_2_1_5_1_1_6"
"6326","EPI_ISL_18245363",11,10,2,1,5,1,1,6,"11_10_2_1_5_1_1_6"
"6327","EPI_ISL_18245364",11,10,2,1,5,1,1,6,"11_10_2_1_5_1_1_6"
"6328","EPI_ISL_18245365",11,10,2,1,5,1,1,6,"11_10_2_1_5_1_1_6"
"6329","EPI_ISL_18245366",1,11,8,1,5,1,1,5,"1_11_8_1_5_1_1_5"
"6330","EPI_ISL_18245367",11,10,2,1,5,1,1,6,"11_10_2_1_5_1_1_6"
"6331","EPI_ISL_18245368",1,11,8,1,5,1,1,5,"1_11_8_1_5_1_1_5"
"6332","EPI_ISL_18245369",36,33,2,1,5,1,1,6,"36_33_2_1_5_1_1_6"
"6333","EPI_ISL_18245370",11,10,2,1,5,1,1,6,"11_10_2_1_5_1_1_6"
"6334","EPI_ISL_18245371",11,10,2,1,5,1,1,6,"11_10_2_1_5_1_1_6"
"6335","EPI_ISL_18245372",11,10,2,1,5,1,1,6,"11_10_2_1_5_1_1_6"
"6336","EPI_ISL_18245373",11,10,2,1,5,1,1,6,"11_10_2_1_5_1_1_6"
"6337","EPI_ISL_18245374",11,10,2,1,5,1,1,6,"11_10_2_1_5_1_1_6"
"6338","EPI_ISL_18245375",11,10,2,1,5,1,1,6,"11_10_2_1_5_1_1_6"
"6339","EPI_ISL_18245376",11,10,2,1,5,1,1,1,"11_10_2_1_5_1_1_1"
"6340","EPI_ISL_18245377",8,7,1,1,2,1,1,6,"8_7_1_1_2_1_1_6"
"6341","EPI_ISL_18245378",11,10,2,1,5,1,1,6,"11_10_2_1_5_1_1_6"
"6342","EPI_ISL_18245379",11,10,2,1,5,1,1,6,"11_10_2_1_5_1_1_6"
"6343","EPI_ISL_18245380",11,10,2,1,5,1,1,6,"11_10_2_1_5_1_1_6"
"6344","EPI_ISL_18245381",11,10,2,1,5,1,1,6,"11_10_2_1_5_1_1_6"
"6345","EPI_ISL_18245382",11,10,2,1,5,1,1,6,"11_10_2_1_5_1_1_6"
"6346","EPI_ISL_18245383",11,10,2,1,5,1,1,1,"11_10_2_1_5_1_1_1"
"6347","EPI_ISL_18245531",6,4,3,1,3,2,1,3,"6_4_3_1_3_2_1_3"
"6348","EPI_ISL_18245534",6,4,3,1,3,2,1,3,"6_4_3_1_3_2_1_3"
"6349","EPI_ISL_18245535",6,4,3,1,3,2,1,3,"6_4_3_1_3_2_1_3"
"6350","EPI_ISL_18245742",2,1,1,1,20,1,1,1,"2_1_1_1_20_1_1_1"
"6351","EPI_ISL_18245743",1,1,2,1,2,1,1,1,"1_1_2_1_2_1_1_1"
"6352","EPI_ISL_18245789",2,22,1,1,20,1,1,1,"2_22_1_1_20_1_1_1"
"6353","EPI_ISL_18245790",2,1,1,1,20,1,1,1,"2_1_1_1_20_1_1_1"
"6354","EPI_ISL_18245811",2,1,1,1,2,1,1,1,"2_1_1_1_2_1_1_1"
"6355","EPI_ISL_18245812",2,1,1,1,2,1,1,1,"2_1_1_1_2_1_1_1"
"6356","EPI_ISL_18245813",2,1,1,1,2,1,1,1,"2_1_1_1_2_1_1_1"
"6357","EPI_ISL_18245814",2,1,1,1,2,1,1,1,"2_1_1_1_2_1_1_1"
"6358","EPI_ISL_18245815",2,1,1,1,2,1,1,1,"2_1_1_1_2_1_1_1"
"6359","EPI_ISL_18245816",8,7,1,1,2,1,1,1,"8_7_1_1_2_1_1_1"
"6360","EPI_ISL_18245817",1,1,2,1,2,1,1,1,"1_1_2_1_2_1_1_1"
"6361","EPI_ISL_18245818",1,1,2,1,2,1,1,1,"1_1_2_1_2_1_1_1"
"6362","EPI_ISL_18255288",1,1,4,1,4,1,1,4,"1_1_4_1_4_1_1_4"
"6363","EPI_ISL_18255293",1,1,4,1,4,1,1,4,"1_1_4_1_4_1_1_4"
"6364","EPI_ISL_18271509",1,1,4,1,4,1,1,4,"1_1_4_1_4_1_1_4"
"6365","EPI_ISL_18271510",1,1,4,1,4,1,1,4,"1_1_4_1_4_1_1_4"
"6366","EPI_ISL_18271511",1,1,2,1,2,1,1,1,"1_1_2_1_2_1_1_1"
"6367","EPI_ISL_18271512",1,1,2,1,2,1,1,1,"1_1_2_1_2_1_1_1"
"6368","EPI_ISL_18286219",1,1,4,1,4,1,1,4,"1_1_4_1_4_1_1_4"
"6369","EPI_ISL_18292952",1,1,4,1,4,1,1,4,"1_1_4_1_4_1_1_4"
"6370","EPI_ISL_18292954",1,1,4,1,4,1,1,4,"1_1_4_1_4_1_1_4"
"6371","EPI_ISL_18292955",1,1,4,1,4,1,1,4,"1_1_4_1_4_1_1_4"
"6372","EPI_ISL_18292956",1,1,4,1,4,1,1,4,"1_1_4_1_4_1_1_4"
"6373","EPI_ISL_18292957",1,1,4,1,4,1,1,4,"1_1_4_1_4_1_1_4"
"6374","EPI_ISL_18292958",1,1,4,1,4,1,1,4,"1_1_4_1_4_1_1_4"
"6375","EPI_ISL_18292959",1,1,4,1,4,1,1,4,"1_1_4_1_4_1_1_4"
"6376","EPI_ISL_18292960",1,1,4,1,4,1,1,4,"1_1_4_1_4_1_1_4"
"6377","EPI_ISL_18292961",1,1,4,1,4,1,1,4,"1_1_4_1_4_1_1_4"
"6378","EPI_ISL_18292962",1,1,4,1,4,1,1,4,"1_1_4_1_4_1_1_4"
"6379","EPI_ISL_18292963",1,1,4,1,4,1,1,4,"1_1_4_1_4_1_1_4"
"6380","EPI_ISL_18292965",1,1,4,1,4,1,1,4,"1_1_4_1_4_1_1_4"
"6381","EPI_ISL_18292966",1,1,4,1,4,1,1,4,"1_1_4_1_4_1_1_4"
"6382","EPI_ISL_18292967",1,1,4,1,4,1,1,4,"1_1_4_1_4_1_1_4"
"6383","EPI_ISL_18310942",5,3,1,1,1,1,1,2,"5_3_1_1_1_1_1_2"
"6384","EPI_ISL_18310957",5,3,1,1,1,1,1,2,"5_3_1_1_1_1_1_2"
"6385","EPI_ISL_18310959",5,3,1,1,1,1,1,2,"5_3_1_1_1_1_1_2"
"6386","EPI_ISL_18310960",5,3,1,1,1,1,1,2,"5_3_1_1_1_1_1_2"
"6387","EPI_ISL_18310961",5,3,1,1,1,1,1,2,"5_3_1_1_1_1_1_2"
"6388","EPI_ISL_18310962",5,3,1,1,1,1,1,2,"5_3_1_1_1_1_1_2"
"6389","EPI_ISL_18310963",5,3,1,1,1,1,1,2,"5_3_1_1_1_1_1_2"
"6390","EPI_ISL_18310964",5,3,1,1,1,1,1,2,"5_3_1_1_1_1_1_2"
"6391","EPI_ISL_18310965",5,3,1,1,1,1,1,2,"5_3_1_1_1_1_1_2"
"6392","EPI_ISL_18310966",5,3,1,1,1,1,1,2,"5_3_1_1_1_1_1_2"
"6393","EPI_ISL_18310967",5,3,1,1,1,1,1,2,"5_3_1_1_1_1_1_2"
"6394","EPI_ISL_18311014",5,3,1,1,1,1,1,2,"5_3_1_1_1_1_1_2"
"6395","EPI_ISL_18311015",5,3,1,1,1,1,1,2,"5_3_1_1_1_1_1_2"
"6396","EPI_ISL_18311016",5,3,1,1,1,1,1,2,"5_3_1_1_1_1_1_2"
"6397","EPI_ISL_18311017",5,3,1,1,1,1,1,2,"5_3_1_1_1_1_1_2"
"6398","EPI_ISL_18311018",5,3,1,1,1,1,1,2,"5_3_1_1_1_1_1_2"
"6399","EPI_ISL_18311019",5,3,1,1,1,1,1,2,"5_3_1_1_1_1_1_2"
"6400","EPI_ISL_18311020",5,3,1,1,1,1,1,2,"5_3_1_1_1_1_1_2"
"6401","EPI_ISL_18311021",5,3,1,1,1,1,1,2,"5_3_1_1_1_1_1_2"
"6402","EPI_ISL_18311022",5,3,1,1,1,1,1,2,"5_3_1_1_1_1_1_2"
"6403","EPI_ISL_18311023",5,3,1,1,1,1,1,2,"5_3_1_1_1_1_1_2"
"6404","EPI_ISL_18311024",5,3,1,1,1,1,1,2,"5_3_1_1_1_1_1_2"
"6405","EPI_ISL_18311025",5,3,1,1,1,1,1,2,"5_3_1_1_1_1_1_2"
"6406","EPI_ISL_18311027",5,3,1,1,1,1,1,2,"5_3_1_1_1_1_1_2"
"6407","EPI_ISL_18311028",5,3,1,1,1,1,1,2,"5_3_1_1_1_1_1_2"
"6408","EPI_ISL_18317317",1,1,4,1,4,1,1,4,"1_1_4_1_4_1_1_4"
"6409","EPI_ISL_18317757",1,1,4,1,4,1,1,4,"1_1_4_1_4_1_1_4"
"6410","EPI_ISL_18317773",1,1,4,1,4,1,1,4,"1_1_4_1_4_1_1_4"
"6411","EPI_ISL_18317774",1,1,4,1,4,1,1,4,"1_1_4_1_4_1_1_4"
"6412","EPI_ISL_18343463",1,1,4,1,4,1,1,4,"1_1_4_1_4_1_1_4"
"6413","EPI_ISL_18343464",1,1,4,1,4,1,1,4,"1_1_4_1_4_1_1_4"
"6414","EPI_ISL_18343474",1,1,4,1,4,1,1,4,"1_1_4_1_4_1_1_4"
"6415","EPI_ISL_18343476",1,1,2,1,2,1,1,1,"1_1_2_1_2_1_1_1"
"6416","EPI_ISL_18343477",1,1,4,1,4,1,1,4,"1_1_4_1_4_1_1_4"
"6417","EPI_ISL_18345257",1,1,2,1,2,1,1,1,"1_1_2_1_2_1_1_1"
"6418","EPI_ISL_18345334",1,1,2,1,2,1,1,1,"1_1_2_1_2_1_1_1"
"6419","EPI_ISL_18345367",1,1,2,1,2,1,1,1,"1_1_2_1_2_1_1_1"
"6420","EPI_ISL_18345368",1,1,2,1,2,1,1,1,"1_1_2_1_2_1_1_1"
"6421","EPI_ISL_18345401",1,1,2,1,2,1,1,1,"1_1_2_1_2_1_1_1"
"6422","EPI_ISL_18361625",6,4,3,1,3,2,1,3,"6_4_3_1_3_2_1_3"
"6423","EPI_ISL_18432788",1,1,2,1,2,1,1,1,"1_1_2_1_2_1_1_1"
"6424","EPI_ISL_18432789",1,1,4,1,29,1,1,4,"1_1_4_1_29_1_1_4"
"6425","EPI_ISL_18443659",6,4,3,1,3,2,1,3,"6_4_3_1_3_2_1_3"
"6426","EPI_ISL_18443661",6,4,3,1,3,2,1,3,"6_4_3_1_3_2_1_3"
"6427","EPI_ISL_18458046",6,4,3,1,3,2,1,3,"6_4_3_1_3_2_1_3"
"6428","EPI_ISL_18458047",6,4,3,1,3,2,1,3,"6_4_3_1_3_2_1_3"
"6429","EPI_ISL_18458048",6,4,3,1,3,2,1,3,"6_4_3_1_3_2_1_3"
"6430","EPI_ISL_18458049",6,4,3,1,3,2,1,3,"6_4_3_1_3_2_1_3"
"6431","EPI_ISL_18458050",6,4,3,1,3,2,1,3,"6_4_3_1_3_2_1_3"
"6432","EPI_ISL_18458051",6,4,3,1,3,2,1,3,"6_4_3_1_3_2_1_3"
"6433","EPI_ISL_18458052",6,4,3,1,3,2,1,3,"6_4_3_1_3_2_1_3"
"6434","EPI_ISL_18458053",2,1,1,1,2,1,1,1,"2_1_1_1_2_1_1_1"
"6435","EPI_ISL_18458054",2,1,1,1,2,1,1,1,"2_1_1_1_2_1_1_1"
"6436","EPI_ISL_18458055",2,1,1,1,2,1,1,1,"2_1_1_1_2_1_1_1"
"6437","EPI_ISL_18458056",2,1,1,1,2,1,1,1,"2_1_1_1_2_1_1_1"
"6438","EPI_ISL_18458057",2,1,1,1,2,1,1,1,"2_1_1_1_2_1_1_1"
"6439","EPI_ISL_18458058",2,1,1,1,2,1,1,1,"2_1_1_1_2_1_1_1"
"6440","EPI_ISL_18458059",2,1,1,1,2,1,1,1,"2_1_1_1_2_1_1_1"
"6441","EPI_ISL_18458060",2,1,1,1,2,1,1,1,"2_1_1_1_2_1_1_1"
"6442","EPI_ISL_18458061",2,1,1,1,2,1,1,1,"2_1_1_1_2_1_1_1"
"6443","EPI_ISL_18458062",2,1,1,1,2,1,1,1,"2_1_1_1_2_1_1_1"
"6444","EPI_ISL_18458063",2,1,1,1,2,1,1,1,"2_1_1_1_2_1_1_1"
"6445","EPI_ISL_18458064",2,1,1,1,2,1,1,1,"2_1_1_1_2_1_1_1"
"6446","EPI_ISL_18458065",2,1,1,1,2,1,1,1,"2_1_1_1_2_1_1_1"
"6447","EPI_ISL_18458066",2,1,1,1,2,1,1,1,"2_1_1_1_2_1_1_1"
"6448","EPI_ISL_18458067",2,1,1,1,2,1,1,1,"2_1_1_1_2_1_1_1"
"6449","EPI_ISL_18458068",1,1,2,1,2,1,1,1,"1_1_2_1_2_1_1_1"
"6450","EPI_ISL_18458069",2,1,1,1,2,1,1,1,"2_1_1_1_2_1_1_1"
"6451","EPI_ISL_18458070",2,1,1,1,2,1,1,1,"2_1_1_1_2_1_1_1"
"6452","EPI_ISL_18458071",2,1,1,1,2,1,1,1,"2_1_1_1_2_1_1_1"
"6453","EPI_ISL_18458072",2,1,1,1,2,1,1,1,"2_1_1_1_2_1_1_1"
"6454","EPI_ISL_18458073",2,1,1,1,2,1,1,1,"2_1_1_1_2_1_1_1"
"6455","EPI_ISL_18458074",1,1,2,1,2,1,1,1,"1_1_2_1_2_1_1_1"
"6456","EPI_ISL_18458075",2,1,1,1,2,1,1,1,"2_1_1_1_2_1_1_1"
"6457","EPI_ISL_18458076",2,1,1,1,2,1,1,1,"2_1_1_1_2_1_1_1"
"6458","EPI_ISL_18458590",2,1,1,1,2,1,1,1,"2_1_1_1_2_1_1_1"
"6459","EPI_ISL_18458591",2,1,1,1,2,1,1,1,"2_1_1_1_2_1_1_1"
"6460","EPI_ISL_18458690",15,1,10,1,2,1,1,1,"15_1_10_1_2_1_1_1"
"6461","EPI_ISL_18458691",1,1,2,1,2,1,1,1,"1_1_2_1_2_1_1_1"
"6462","EPI_ISL_18490247",1,1,4,1,4,1,1,4,"1_1_4_1_4_1_1_4"
"6463","EPI_ISL_18497662",8,6,2,1,2,3,1,1,"8_6_2_1_2_3_1_1"
"6464","EPI_ISL_18497946",5,3,1,1,1,1,1,2,"5_3_1_1_1_1_1_2"
"6465","EPI_ISL_18505897",2,1,1,1,2,1,1,1,"2_1_1_1_2_1_1_1"
"6466","EPI_ISL_18506029",1,8,2,1,2,1,1,1,"1_8_2_1_2_1_1_1"
"6467","EPI_ISL_18506030",1,8,2,1,2,1,1,1,"1_8_2_1_2_1_1_1"
"6468","EPI_ISL_18506031",18,8,13,1,27,1,1,1,"18_8_13_1_27_1_1_1"
"6469","EPI_ISL_18506032",1,8,2,1,2,1,1,1,"1_8_2_1_2_1_1_1"
"6470","EPI_ISL_18508589",11,10,2,1,5,1,1,6,"11_10_2_1_5_1_1_6"
"6471","EPI_ISL_18508592",12,11,8,1,5,1,1,5,"12_11_8_1_5_1_1_5"
"6472","EPI_ISL_18509065",1,1,4,1,4,1,1,4,"1_1_4_1_4_1_1_4"
"6473","EPI_ISL_18509067",1,1,4,1,4,1,1,4,"1_1_4_1_4_1_1_4"
"6474","EPI_ISL_18509068",1,1,4,1,4,1,1,4,"1_1_4_1_4_1_1_4"
"6475","EPI_ISL_18509069",1,1,4,1,4,1,1,4,"1_1_4_1_4_1_1_4"
"6476","EPI_ISL_18509071",1,1,4,1,4,1,1,4,"1_1_4_1_4_1_1_4"
"6477","EPI_ISL_18509073",2,1,1,1,2,1,1,1,"2_1_1_1_2_1_1_1"
"6478","EPI_ISL_18509074",1,1,4,1,4,1,1,4,"1_1_4_1_4_1_1_4"
"6479","EPI_ISL_18509075",1,1,4,1,4,1,1,4,"1_1_4_1_4_1_1_4"
"6480","EPI_ISL_18509076",1,1,4,1,4,1,1,4,"1_1_4_1_4_1_1_4"
"6481","EPI_ISL_18509077",1,1,4,1,4,1,1,4,"1_1_4_1_4_1_1_4"
"6482","EPI_ISL_18509078",1,1,4,1,4,1,1,4,"1_1_4_1_4_1_1_4"
"6483","EPI_ISL_18509079",1,1,4,1,4,1,1,4,"1_1_4_1_4_1_1_4"
"6484","EPI_ISL_18514132",1,1,2,1,2,1,1,1,"1_1_2_1_2_1_1_1"
"6485","EPI_ISL_18514134",1,1,2,1,2,1,1,1,"1_1_2_1_2_1_1_1"
"6486","EPI_ISL_18514137",1,1,2,1,2,1,1,1,"1_1_2_1_2_1_1_1"
"6487","EPI_ISL_18514139",1,1,4,1,4,1,1,4,"1_1_4_1_4_1_1_4"
"6488","EPI_ISL_18514426",1,1,2,1,2,1,1,1,"1_1_2_1_2_1_1_1"
"6489","EPI_ISL_18540525",8,8,2,1,2,1,1,1,"8_8_2_1_2_1_1_1"
"6490","EPI_ISL_18612224",1,1,4,1,4,1,1,4,"1_1_4_1_4_1_1_4"
"6491","EPI_ISL_18612225",1,1,4,1,4,1,1,4,"1_1_4_1_4_1_1_4"
"6492","EPI_ISL_18612226",1,1,4,1,4,1,1,4,"1_1_4_1_4_1_1_4"
"6493","EPI_ISL_18612227",1,1,4,1,4,1,1,4,"1_1_4_1_4_1_1_4"
"6494","EPI_ISL_18612228",1,1,4,1,4,1,1,4,"1_1_4_1_4_1_1_4"
"6495","EPI_ISL_18612229",1,1,4,1,4,1,1,4,"1_1_4_1_4_1_1_4"
"6496","EPI_ISL_18612230",1,1,2,1,2,1,1,1,"1_1_2_1_2_1_1_1"
"6497","EPI_ISL_18612231",8,8,2,1,2,1,1,1,"8_8_2_1_2_1_1_1"
"6498","EPI_ISL_18612232",1,1,4,1,4,1,1,4,"1_1_4_1_4_1_1_4"
"6499","EPI_ISL_18612233",8,8,2,1,2,1,1,1,"8_8_2_1_2_1_1_1"
"6500","EPI_ISL_18612234",8,8,2,1,2,1,1,1,"8_8_2_1_2_1_1_1"
"6501","EPI_ISL_18612235",8,8,2,1,2,1,1,1,"8_8_2_1_2_1_1_1"
"6502","EPI_ISL_18612256",2,1,1,1,2,1,1,1,"2_1_1_1_2_1_1_1"
"6503","EPI_ISL_18612263",2,1,1,1,2,1,1,1,"2_1_1_1_2_1_1_1"
"6504","EPI_ISL_18612269",8,8,2,1,2,1,1,1,"8_8_2_1_2_1_1_1"
"6505","EPI_ISL_18647426",1,1,4,1,4,1,1,4,"1_1_4_1_4_1_1_4"
"6506","EPI_ISL_18647447",1,1,4,1,4,1,1,4,"1_1_4_1_4_1_1_4"
"6507","EPI_ISL_18647456",1,1,4,1,4,1,1,4,"1_1_4_1_4_1_1_4"
"6508","EPI_ISL_18647480",1,1,4,1,4,1,1,4,"1_1_4_1_4_1_1_4"
"6509","EPI_ISL_18647514",1,1,4,1,4,1,1,4,"1_1_4_1_4_1_1_4"
"6510","EPI_ISL_18647515",1,1,4,1,4,1,1,4,"1_1_4_1_4_1_1_4"
"6511","EPI_ISL_18647517",1,1,4,1,4,1,1,4,"1_1_4_1_4_1_1_4"
"6512","EPI_ISL_18663673",3,1,1,1,1,1,1,1,"3_1_1_1_1_1_1_1"
"6513","EPI_ISL_18673081",1,1,2,1,2,1,1,1,"1_1_2_1_2_1_1_1"
"6514","EPI_ISL_18695151",2,1,1,1,2,1,1,1,"2_1_1_1_2_1_1_1"
"6515","EPI_ISL_18695152",7,2,1,1,1,1,1,2,"7_2_1_1_1_1_1_2"
"6516","EPI_ISL_18695153",7,2,1,1,1,1,1,2,"7_2_1_1_1_1_1_2"
"6517","EPI_ISL_18695154",3,2,1,1,6,1,1,2,"3_2_1_1_6_1_1_2"
"6518","EPI_ISL_18695155",3,2,1,1,6,1,1,2,"3_2_1_1_6_1_1_2"
"6519","EPI_ISL_18695156",7,2,1,1,1,1,1,2,"7_2_1_1_1_1_1_2"
"6520","EPI_ISL_18695157",7,2,1,1,1,1,1,2,"7_2_1_1_1_1_1_2"
"6521","EPI_ISL_18695158",7,2,1,1,1,1,1,2,"7_2_1_1_1_1_1_2"
"6522","EPI_ISL_18695159",7,2,1,1,1,1,1,2,"7_2_1_1_1_1_1_2"
"6523","EPI_ISL_18695160",7,2,1,1,1,1,1,2,"7_2_1_1_1_1_1_2"
"6524","EPI_ISL_18695161",7,2,1,1,1,1,1,2,"7_2_1_1_1_1_1_2"
"6525","EPI_ISL_18695162",7,2,1,1,1,1,1,2,"7_2_1_1_1_1_1_2"
"6526","EPI_ISL_18695297",7,2,1,1,1,1,1,2,"7_2_1_1_1_1_1_2"
"6527","EPI_ISL_18695298",3,2,1,1,6,1,1,2,"3_2_1_1_6_1_1_2"
"6528","EPI_ISL_18695299",7,2,1,1,1,1,1,2,"7_2_1_1_1_1_1_2"
"6529","EPI_ISL_18695300",7,2,1,1,1,1,1,2,"7_2_1_1_1_1_1_2"
"6530","EPI_ISL_18695301",7,2,1,1,1,1,1,2,"7_2_1_1_1_1_1_2"
"6531","EPI_ISL_18695302",7,2,1,1,1,1,1,2,"7_2_1_1_1_1_1_2"
"6532","EPI_ISL_18695303",7,2,1,1,1,1,1,2,"7_2_1_1_1_1_1_2"
"6533","EPI_ISL_18695304",7,2,1,1,1,1,1,2,"7_2_1_1_1_1_1_2"
"6534","EPI_ISL_18695305",7,2,1,1,1,1,1,2,"7_2_1_1_1_1_1_2"
"6535","EPI_ISL_18695306",7,2,1,1,1,1,1,2,"7_2_1_1_1_1_1_2"
"6536","EPI_ISL_18695307",3,2,1,1,6,1,1,2,"3_2_1_1_6_1_1_2"
"6537","EPI_ISL_18695308",3,2,1,1,6,1,1,2,"3_2_1_1_6_1_1_2"
"6538","EPI_ISL_18760060",5,3,1,1,1,1,1,2,"5_3_1_1_1_1_1_2"
"6539","EPI_ISL_18760061",5,3,1,1,1,1,1,2,"5_3_1_1_1_1_1_2"
"6540","EPI_ISL_18760063",5,3,1,1,1,1,1,2,"5_3_1_1_1_1_1_2"
"6541","EPI_ISL_18760067",5,3,1,1,1,1,1,2,"5_3_1_1_1_1_1_2"
"6542","EPI_ISL_18760069",5,3,1,1,1,1,1,2,"5_3_1_1_1_1_1_2"
"6543","EPI_ISL_18760073",5,3,1,1,1,1,1,2,"5_3_1_1_1_1_1_2"
"6544","EPI_ISL_18760074",5,3,1,1,1,1,1,2,"5_3_1_1_1_1_1_2"
"6545","EPI_ISL_17985395",1,1,4,1,4,1,1,4,"1_1_4_1_4_1_1_4"
"6546","EPI_ISL_17985396",1,1,4,1,4,1,1,4,"1_1_4_1_4_1_1_4"
"6547","EPI_ISL_17985397",1,1,4,1,4,1,1,4,"1_1_4_1_4_1_1_4"
"6548","EPI_ISL_17985398",1,1,4,1,4,1,1,4,"1_1_4_1_4_1_1_4"
"6549","EPI_ISL_17985399",1,1,4,1,4,1,1,4,"1_1_4_1_4_1_1_4"
"6550","EPI_ISL_17985400",1,1,4,1,4,1,1,4,"1_1_4_1_4_1_1_4"
"6551","EPI_ISL_17985401",1,1,4,1,4,1,1,4,"1_1_4_1_4_1_1_4"
"6552","EPI_ISL_17985402",1,1,4,1,4,1,1,4,"1_1_4_1_4_1_1_4"
"6553","EPI_ISL_17985403",1,1,4,1,4,1,1,4,"1_1_4_1_4_1_1_4"
"6554","EPI_ISL_17985404",1,1,4,1,4,1,1,4,"1_1_4_1_4_1_1_4"
"6555","EPI_ISL_17985405",1,1,4,1,4,1,1,4,"1_1_4_1_4_1_1_4"
"6556","EPI_ISL_17985406",1,1,4,1,4,1,1,4,"1_1_4_1_4_1_1_4"
"6557","EPI_ISL_17985407",1,1,4,1,4,1,1,4,"1_1_4_1_4_1_1_4"
"6558","EPI_ISL_17985408",1,1,4,1,4,1,1,4,"1_1_4_1_4_1_1_4"
"6559","EPI_ISL_17985409",1,1,4,1,4,1,1,4,"1_1_4_1_4_1_1_4"
"6560","EPI_ISL_17985410",1,1,4,1,4,1,1,4,"1_1_4_1_4_1_1_4"
"6561","EPI_ISL_17985411",1,1,4,1,4,1,1,4,"1_1_4_1_4_1_1_4"
"6562","EPI_ISL_18001810",2,1,1,1,2,1,1,1,"2_1_1_1_2_1_1_1"
"6563","EPI_ISL_18001816",1,1,2,1,2,1,1,1,"1_1_2_1_2_1_1_1"
"6564","EPI_ISL_18001824",2,1,1,1,2,1,1,1,"2_1_1_1_2_1_1_1"
"6565","EPI_ISL_18001826",1,1,2,1,2,1,1,1,"1_1_2_1_2_1_1_1"
"6566","EPI_ISL_18001829",1,1,2,1,2,1,1,1,"1_1_2_1_2_1_1_1"
"6567","EPI_ISL_18001837",2,1,1,1,2,1,1,1,"2_1_1_1_2_1_1_1"
"6568","EPI_ISL_18001844",1,1,2,1,2,1,1,1,"1_1_2_1_2_1_1_1"
"6569","EPI_ISL_18001846",2,1,1,1,2,1,1,1,"2_1_1_1_2_1_1_1"
"6570","EPI_ISL_18001853",2,1,1,1,2,1,1,1,"2_1_1_1_2_1_1_1"
"6571","EPI_ISL_18001861",2,1,1,1,2,1,1,1,"2_1_1_1_2_1_1_1"
"6572","EPI_ISL_18042387",1,1,2,1,2,1,1,1,"1_1_2_1_2_1_1_1"
"6573","EPI_ISL_18042388",1,1,2,1,2,1,1,1,"1_1_2_1_2_1_1_1"
"6574","EPI_ISL_18042389",1,1,2,1,2,1,1,1,"1_1_2_1_2_1_1_1"
"6575","EPI_ISL_18042390",1,1,2,1,2,1,1,1,"1_1_2_1_2_1_1_1"
"6576","EPI_ISL_18042391",1,1,2,1,2,1,1,1,"1_1_2_1_2_1_1_1"
"6577","EPI_ISL_18042392",1,1,2,1,2,1,1,1,"1_1_2_1_2_1_1_1"
"6578","EPI_ISL_18058688",1,1,4,1,4,1,1,4,"1_1_4_1_4_1_1_4"
"6579","EPI_ISL_18058689",1,1,4,1,4,1,1,4,"1_1_4_1_4_1_1_4"
"6580","EPI_ISL_18058692",1,1,4,1,4,1,1,4,"1_1_4_1_4_1_1_4"
"6581","EPI_ISL_18058693",1,1,2,1,2,1,1,1,"1_1_2_1_2_1_1_1"
"6582","EPI_ISL_18058694",1,1,4,1,4,1,1,4,"1_1_4_1_4_1_1_4"
"6583","EPI_ISL_18058695",1,1,4,1,4,1,1,4,"1_1_4_1_4_1_1_4"
"6584","EPI_ISL_18058703",1,1,4,1,4,1,1,4,"1_1_4_1_4_1_1_4"
"6585","EPI_ISL_18059048",1,1,4,1,4,1,1,4,"1_1_4_1_4_1_1_4"
"6586","EPI_ISL_18059049",1,1,4,1,4,1,1,4,"1_1_4_1_4_1_1_4"
"6587","EPI_ISL_18059050",1,1,4,1,4,1,1,4,"1_1_4_1_4_1_1_4"
"6588","EPI_ISL_18059051",1,1,4,1,4,1,1,4,"1_1_4_1_4_1_1_4"
"6589","EPI_ISL_18059052",1,1,4,1,4,1,1,4,"1_1_4_1_4_1_1_4"
"6590","EPI_ISL_18059053",1,1,4,1,4,1,1,4,"1_1_4_1_4_1_1_4"
"6591","EPI_ISL_18059054",1,1,4,1,4,1,1,4,"1_1_4_1_4_1_1_4"
"6592","EPI_ISL_18059056",1,1,4,1,4,1,1,4,"1_1_4_1_4_1_1_4"
"6593","EPI_ISL_18059057",1,1,4,1,4,1,1,4,"1_1_4_1_4_1_1_4"
"6594","EPI_ISL_18059058",1,1,4,1,4,1,1,4,"1_1_4_1_4_1_1_4"
"6595","EPI_ISL_18059059",1,1,4,1,4,1,1,4,"1_1_4_1_4_1_1_4"
"6596","EPI_ISL_18059060",1,1,4,1,4,1,1,4,"1_1_4_1_4_1_1_4"
"6597","EPI_ISL_18059061",1,1,4,1,4,1,1,4,"1_1_4_1_4_1_1_4"
"6598","EPI_ISL_18059062",1,1,4,1,4,1,1,4,"1_1_4_1_4_1_1_4"
"6599","EPI_ISL_18059063",1,1,4,1,4,1,1,4,"1_1_4_1_4_1_1_4"
"6600","EPI_ISL_18059064",1,1,4,1,4,1,1,4,"1_1_4_1_4_1_1_4"
"6601","EPI_ISL_18059065",1,1,4,1,4,1,1,4,"1_1_4_1_4_1_1_4"
"6602","EPI_ISL_18059066",1,1,4,1,4,1,1,4,"1_1_4_1_4_1_1_4"
"6603","EPI_ISL_18059067",1,1,4,1,4,1,1,4,"1_1_4_1_4_1_1_4"
"6604","EPI_ISL_18066450",1,11,8,1,5,1,1,1,"1_11_8_1_5_1_1_1"
"6605","EPI_ISL_18066451",24,1,16,1,2,1,1,1,"24_1_16_1_2_1_1_1"
"6606","EPI_ISL_18066452",11,10,2,1,5,1,1,6,"11_10_2_1_5_1_1_6"
"6607","EPI_ISL_18066453",24,1,16,1,2,1,1,1,"24_1_16_1_2_1_1_1"
"6608","EPI_ISL_18066454",11,10,2,1,5,1,1,6,"11_10_2_1_5_1_1_6"
"6609","EPI_ISL_18066455",11,10,2,1,5,1,1,6,"11_10_2_1_5_1_1_6"
"6610","EPI_ISL_18066456",11,10,2,1,5,1,1,6,"11_10_2_1_5_1_1_6"
"6611","EPI_ISL_18066457",11,10,2,1,5,1,1,6,"11_10_2_1_5_1_1_6"
"6612","EPI_ISL_18067124",1,1,4,1,4,1,1,4,"1_1_4_1_4_1_1_4"
"6613","EPI_ISL_18067125",1,1,4,1,4,1,1,4,"1_1_4_1_4_1_1_4"
"6614","EPI_ISL_18067225",1,1,4,1,4,1,1,4,"1_1_4_1_4_1_1_4"
"6615","EPI_ISL_18075141",1,1,4,1,4,1,1,4,"1_1_4_1_4_1_1_4"
"6616","EPI_ISL_18075142",1,1,4,1,4,1,1,4,"1_1_4_1_4_1_1_4"
"6617","EPI_ISL_18075143",1,1,4,1,4,1,1,4,"1_1_4_1_4_1_1_4"
"6618","EPI_ISL_18075144",1,1,4,1,4,1,1,4,"1_1_4_1_4_1_1_4"
"6619","EPI_ISL_18075145",1,1,4,1,4,1,1,4,"1_1_4_1_4_1_1_4"
"6620","EPI_ISL_18075146",1,1,4,1,4,1,1,4,"1_1_4_1_4_1_1_4"
"6621","EPI_ISL_18075147",1,1,4,1,4,1,1,4,"1_1_4_1_4_1_1_4"
"6622","EPI_ISL_18075149",1,1,4,1,4,1,1,4,"1_1_4_1_4_1_1_4"
"6623","EPI_ISL_18075150",1,1,4,1,4,1,1,4,"1_1_4_1_4_1_1_4"
"6624","EPI_ISL_18075151",1,1,4,1,4,1,1,4,"1_1_4_1_4_1_1_4"
"6625","EPI_ISL_18075152",1,1,4,1,4,1,1,4,"1_1_4_1_4_1_1_4"
"6626","EPI_ISL_18123931",1,1,4,1,4,1,1,4,"1_1_4_1_4_1_1_4"
"6627","EPI_ISL_18123932",1,1,4,1,4,1,1,4,"1_1_4_1_4_1_1_4"
"6628","EPI_ISL_18123933",1,1,4,1,4,1,1,4,"1_1_4_1_4_1_1_4"
"6629","EPI_ISL_18123934",1,1,4,1,4,1,1,4,"1_1_4_1_4_1_1_4"
"6630","EPI_ISL_18123935",1,1,4,1,4,1,1,4,"1_1_4_1_4_1_1_4"
"6631","EPI_ISL_18123937",1,1,4,1,4,1,1,4,"1_1_4_1_4_1_1_4"
"6632","EPI_ISL_18123938",1,1,4,1,4,1,1,4,"1_1_4_1_4_1_1_4"
"6633","EPI_ISL_18123940",1,1,4,1,4,1,1,4,"1_1_4_1_4_1_1_4"
"6634","EPI_ISL_18123941",1,1,4,1,4,1,1,4,"1_1_4_1_4_1_1_4"
"6635","EPI_ISL_18123942",1,1,4,1,4,1,1,4,"1_1_4_1_4_1_1_4"
"6636","EPI_ISL_18123943",1,1,4,1,4,1,1,4,"1_1_4_1_4_1_1_4"
"6637","EPI_ISL_18123944",1,1,4,1,4,1,1,4,"1_1_4_1_4_1_1_4"
"6638","EPI_ISL_18123945",1,1,4,1,4,1,1,4,"1_1_4_1_4_1_1_4"
"6639","EPI_ISL_18132153",2,1,1,1,2,1,1,1,"2_1_1_1_2_1_1_1"
"6640","EPI_ISL_18132154",4,1,1,1,1,1,1,1,"4_1_1_1_1_1_1_1"
"6641","EPI_ISL_18132155",4,1,1,1,1,1,1,1,"4_1_1_1_1_1_1_1"
"6642","EPI_ISL_18132156",4,1,1,1,1,1,1,1,"4_1_1_1_1_1_1_1"
"6643","EPI_ISL_18132157",4,1,1,1,1,1,1,1,"4_1_1_1_1_1_1_1"
"6644","EPI_ISL_18132158",4,1,1,1,1,1,1,1,"4_1_1_1_1_1_1_1"
"6645","EPI_ISL_18132159",4,1,1,1,1,1,1,1,"4_1_1_1_1_1_1_1"
"6646","EPI_ISL_18132160",4,1,1,1,1,1,1,1,"4_1_1_1_1_1_1_1"
"6647","EPI_ISL_18132161",4,1,1,1,1,1,1,1,"4_1_1_1_1_1_1_1"
"6648","EPI_ISL_18132162",2,1,1,1,2,1,1,1,"2_1_1_1_2_1_1_1"
"6649","EPI_ISL_18132163",4,1,1,1,1,1,1,1,"4_1_1_1_1_1_1_1"
"6650","EPI_ISL_18132164",4,1,1,1,1,1,1,1,"4_1_1_1_1_1_1_1"
"6651","EPI_ISL_18132165",4,1,1,1,1,1,1,1,"4_1_1_1_1_1_1_1"
"6652","EPI_ISL_18132166",5,1,1,1,1,1,1,1,"5_1_1_1_1_1_1_1"
"6653","EPI_ISL_18132167",2,1,1,1,2,1,1,1,"2_1_1_1_2_1_1_1"
"6654","EPI_ISL_18132168",4,1,1,1,1,1,1,1,"4_1_1_1_1_1_1_1"
"6655","EPI_ISL_18132169",2,1,1,1,2,1,1,1,"2_1_1_1_2_1_1_1"
"6656","EPI_ISL_18132170",4,1,1,1,1,1,1,1,"4_1_1_1_1_1_1_1"
"6657","EPI_ISL_18132171",5,1,1,1,1,1,1,1,"5_1_1_1_1_1_1_1"
"6658","EPI_ISL_18132172",2,1,1,1,1,1,1,1,"2_1_1_1_1_1_1_1"
"6659","EPI_ISL_18132173",4,1,1,1,1,1,1,1,"4_1_1_1_1_1_1_1"
"6660","EPI_ISL_18132174",4,1,1,1,1,1,1,1,"4_1_1_1_1_1_1_1"
"6661","EPI_ISL_18132175",2,1,1,1,2,1,1,1,"2_1_1_1_2_1_1_1"
"6662","EPI_ISL_18132176",5,1,1,1,1,1,1,1,"5_1_1_1_1_1_1_1"
"6663","EPI_ISL_18132177",2,1,1,1,2,1,1,1,"2_1_1_1_2_1_1_1"
"6664","EPI_ISL_18132178",4,1,1,1,1,1,1,1,"4_1_1_1_1_1_1_1"
"6665","EPI_ISL_18132179",2,1,1,1,2,1,1,1,"2_1_1_1_2_1_1_1"
"6666","EPI_ISL_18132180",4,1,1,1,1,1,1,1,"4_1_1_1_1_1_1_1"
"6667","EPI_ISL_18132181",4,1,1,1,1,1,1,1,"4_1_1_1_1_1_1_1"
"6668","EPI_ISL_18132182",14,1,1,1,1,1,1,1,"14_1_1_1_1_1_1_1"
"6669","EPI_ISL_18132183",4,1,1,1,1,1,1,1,"4_1_1_1_1_1_1_1"
"6670","EPI_ISL_18132184",4,1,1,1,1,1,1,1,"4_1_1_1_1_1_1_1"
"6671","EPI_ISL_18132185",4,1,1,1,1,1,1,1,"4_1_1_1_1_1_1_1"
"6672","EPI_ISL_18132186",4,1,1,1,1,1,1,1,"4_1_1_1_1_1_1_1"
"6673","EPI_ISL_18132187",5,1,1,1,1,1,1,1,"5_1_1_1_1_1_1_1"
"6674","EPI_ISL_18132188",5,3,1,1,1,1,1,2,"5_3_1_1_1_1_1_2"
"6675","EPI_ISL_18132189",2,1,1,1,1,1,1,1,"2_1_1_1_1_1_1_1"
"6676","EPI_ISL_18132190",5,1,1,1,1,1,1,1,"5_1_1_1_1_1_1_1"
"6677","EPI_ISL_18132191",4,1,1,1,1,1,1,1,"4_1_1_1_1_1_1_1"
"6678","EPI_ISL_18132192",4,1,1,1,1,1,1,1,"4_1_1_1_1_1_1_1"
"6679","EPI_ISL_18132193",4,1,1,1,1,1,1,1,"4_1_1_1_1_1_1_1"
"6680","EPI_ISL_18132194",4,1,1,1,1,1,1,1,"4_1_1_1_1_1_1_1"
"6681","EPI_ISL_18132195",2,1,1,1,2,1,1,1,"2_1_1_1_2_1_1_1"
"6682","EPI_ISL_18132196",4,1,1,1,1,1,1,1,"4_1_1_1_1_1_1_1"
"6683","EPI_ISL_18132197",14,1,1,1,1,1,1,1,"14_1_1_1_1_1_1_1"
"6684","EPI_ISL_18132198",4,1,1,1,1,1,1,1,"4_1_1_1_1_1_1_1"
"6685","EPI_ISL_18132199",5,3,1,1,1,1,1,2,"5_3_1_1_1_1_1_2"
"6686","EPI_ISL_18132200",4,1,1,1,1,1,1,1,"4_1_1_1_1_1_1_1"
"6687","EPI_ISL_18132201",4,1,1,1,1,1,1,1,"4_1_1_1_1_1_1_1"
"6688","EPI_ISL_18132202",2,1,1,1,2,1,1,1,"2_1_1_1_2_1_1_1"
"6689","EPI_ISL_18132203",4,1,1,1,1,1,1,1,"4_1_1_1_1_1_1_1"
"6690","EPI_ISL_18132204",4,1,1,1,1,1,1,1,"4_1_1_1_1_1_1_1"
"6691","EPI_ISL_18132205",4,1,1,1,1,1,1,1,"4_1_1_1_1_1_1_1"
"6692","EPI_ISL_18132206",4,1,1,1,1,1,1,1,"4_1_1_1_1_1_1_1"
"6693","EPI_ISL_18132207",4,5,5,1,1,1,1,1,"4_5_5_1_1_1_1_1"
"6694","EPI_ISL_18132208",4,1,1,1,1,1,1,1,"4_1_1_1_1_1_1_1"
"6695","EPI_ISL_18132209",4,1,1,1,1,1,1,1,"4_1_1_1_1_1_1_1"
"6696","EPI_ISL_18132210",4,1,1,1,1,1,1,1,"4_1_1_1_1_1_1_1"
"6697","EPI_ISL_18132211",4,1,1,1,1,1,1,1,"4_1_1_1_1_1_1_1"
"6698","EPI_ISL_18132212",5,1,1,1,1,1,1,1,"5_1_1_1_1_1_1_1"
"6699","EPI_ISL_18132213",4,5,5,1,1,1,1,1,"4_5_5_1_1_1_1_1"
"6700","EPI_ISL_18132214",4,1,1,1,1,1,1,1,"4_1_1_1_1_1_1_1"
"6701","EPI_ISL_18132215",4,1,1,1,1,1,1,1,"4_1_1_1_1_1_1_1"
"6702","EPI_ISL_18132216",2,1,1,1,2,1,1,1,"2_1_1_1_2_1_1_1"
"6703","EPI_ISL_18132217",2,1,1,1,2,1,1,1,"2_1_1_1_2_1_1_1"
"6704","EPI_ISL_18132218",4,1,1,1,1,1,1,1,"4_1_1_1_1_1_1_1"
"6705","EPI_ISL_18132219",2,1,1,1,2,1,1,1,"2_1_1_1_2_1_1_1"
"6706","EPI_ISL_18132220",2,1,1,1,2,1,1,1,"2_1_1_1_2_1_1_1"
"6707","EPI_ISL_18132221",5,1,1,1,1,1,1,1,"5_1_1_1_1_1_1_1"
"6708","EPI_ISL_18132222",2,1,1,1,2,1,1,1,"2_1_1_1_2_1_1_1"
"6709","EPI_ISL_18132223",5,1,1,1,1,1,1,1,"5_1_1_1_1_1_1_1"
"6710","EPI_ISL_18132395",2,1,1,1,2,1,1,1,"2_1_1_1_2_1_1_1"
"6711","EPI_ISL_18132416",4,5,5,1,1,1,1,1,"4_5_5_1_1_1_1_1"
"6712","EPI_ISL_18132417",4,5,1,1,1,1,1,1,"4_5_1_1_1_1_1_1"
"6713","EPI_ISL_18132418",5,3,1,1,1,1,1,2,"5_3_1_1_1_1_1_2"
"6714","EPI_ISL_18132419",4,1,1,1,1,1,1,1,"4_1_1_1_1_1_1_1"
"6715","EPI_ISL_18132420",4,1,1,1,1,1,1,1,"4_1_1_1_1_1_1_1"
"6716","EPI_ISL_18132421",4,5,5,1,1,1,1,1,"4_5_5_1_1_1_1_1"
"6717","EPI_ISL_18132422",4,1,1,1,1,1,1,1,"4_1_1_1_1_1_1_1"
"6718","EPI_ISL_18132423",4,1,1,1,1,1,1,1,"4_1_1_1_1_1_1_1"
"6719","EPI_ISL_18132424",2,1,1,1,1,1,1,1,"2_1_1_1_1_1_1_1"
"6720","EPI_ISL_18132425",4,1,1,1,1,1,1,1,"4_1_1_1_1_1_1_1"
"6721","EPI_ISL_18132426",4,1,1,1,1,1,1,1,"4_1_1_1_1_1_1_1"
"6722","EPI_ISL_18132427",5,3,1,1,1,1,1,2,"5_3_1_1_1_1_1_2"
"6723","EPI_ISL_18132428",4,1,1,1,1,1,1,1,"4_1_1_1_1_1_1_1"
"6724","EPI_ISL_18132429",4,1,1,1,1,1,1,1,"4_1_1_1_1_1_1_1"
"6725","EPI_ISL_18132430",4,1,1,1,1,1,1,1,"4_1_1_1_1_1_1_1"
"6726","EPI_ISL_18132431",4,1,1,1,1,1,1,1,"4_1_1_1_1_1_1_1"
"6727","EPI_ISL_18132432",5,1,1,1,1,1,1,1,"5_1_1_1_1_1_1_1"
"6728","EPI_ISL_18132433",4,1,1,1,1,1,1,1,"4_1_1_1_1_1_1_1"
"6729","EPI_ISL_18132434",2,1,1,1,2,1,1,1,"2_1_1_1_2_1_1_1"
"6730","EPI_ISL_18132435",4,1,1,1,1,1,1,1,"4_1_1_1_1_1_1_1"
"6731","EPI_ISL_18132436",4,1,1,1,1,1,1,2,"4_1_1_1_1_1_1_2"
"6732","EPI_ISL_18132437",2,1,1,1,2,1,1,1,"2_1_1_1_2_1_1_1"
"6733","EPI_ISL_18132438",4,1,1,1,1,1,1,1,"4_1_1_1_1_1_1_1"
"6734","EPI_ISL_18132439",2,1,1,1,2,1,1,1,"2_1_1_1_2_1_1_1"
"6735","EPI_ISL_18132440",4,1,1,1,1,1,1,2,"4_1_1_1_1_1_1_2"
"6736","EPI_ISL_18132441",2,1,1,1,2,1,1,1,"2_1_1_1_2_1_1_1"
"6737","EPI_ISL_18132442",4,1,1,1,1,1,1,1,"4_1_1_1_1_1_1_1"
"6738","EPI_ISL_18132443",2,1,1,1,2,1,1,1,"2_1_1_1_2_1_1_1"
"6739","EPI_ISL_18132444",4,1,1,1,1,1,1,1,"4_1_1_1_1_1_1_1"
"6740","EPI_ISL_18132445",2,1,1,1,2,1,1,1,"2_1_1_1_2_1_1_1"
"6741","EPI_ISL_18132446",2,1,1,1,2,1,1,1,"2_1_1_1_2_1_1_1"
"6742","EPI_ISL_18132447",2,1,1,1,2,1,1,1,"2_1_1_1_2_1_1_1"
"6743","EPI_ISL_18132448",4,5,1,1,1,1,1,1,"4_5_1_1_1_1_1_1"
"6744","EPI_ISL_18132449",4,1,1,1,1,1,1,1,"4_1_1_1_1_1_1_1"
"6745","EPI_ISL_18132450",2,1,1,1,2,1,1,1,"2_1_1_1_2_1_1_1"
"6746","EPI_ISL_18132451",2,1,1,1,2,1,1,1,"2_1_1_1_2_1_1_1"
"6747","EPI_ISL_18132452",4,1,1,1,1,1,1,1,"4_1_1_1_1_1_1_1"
"6748","EPI_ISL_18132453",4,1,1,1,1,1,1,1,"4_1_1_1_1_1_1_1"
"6749","EPI_ISL_18132454",2,1,1,1,2,1,1,1,"2_1_1_1_2_1_1_1"
"6750","EPI_ISL_18132455",2,1,1,1,2,1,1,1,"2_1_1_1_2_1_1_1"
"6751","EPI_ISL_18132456",5,3,1,1,1,1,1,2,"5_3_1_1_1_1_1_2"
"6752","EPI_ISL_18132457",4,1,1,1,1,1,1,1,"4_1_1_1_1_1_1_1"
"6753","EPI_ISL_18132458",4,5,1,1,1,1,1,1,"4_5_1_1_1_1_1_1"
"6754","EPI_ISL_18132459",2,1,1,1,2,1,1,1,"2_1_1_1_2_1_1_1"
"6755","EPI_ISL_18132460",4,1,1,1,1,1,1,1,"4_1_1_1_1_1_1_1"
"6756","EPI_ISL_18132461",4,1,1,1,1,1,1,1,"4_1_1_1_1_1_1_1"
"6757","EPI_ISL_18132462",4,5,1,1,1,1,1,1,"4_5_1_1_1_1_1_1"
"6758","EPI_ISL_18132463",4,1,1,1,1,1,1,1,"4_1_1_1_1_1_1_1"
"6759","EPI_ISL_18132464",4,1,1,1,1,1,1,1,"4_1_1_1_1_1_1_1"
"6760","EPI_ISL_18132465",4,1,1,1,1,1,1,1,"4_1_1_1_1_1_1_1"
"6761","EPI_ISL_18132466",4,5,1,1,1,1,1,1,"4_5_1_1_1_1_1_1"
"6762","EPI_ISL_18132467",5,1,1,1,1,1,1,1,"5_1_1_1_1_1_1_1"
"6763","EPI_ISL_18132468",2,1,1,1,2,1,1,1,"2_1_1_1_2_1_1_1"
"6764","EPI_ISL_18132469",4,1,1,1,1,1,1,1,"4_1_1_1_1_1_1_1"
"6765","EPI_ISL_18132470",2,1,1,1,2,1,1,1,"2_1_1_1_2_1_1_1"
"6766","EPI_ISL_18132471",4,1,1,1,1,1,1,1,"4_1_1_1_1_1_1_1"
"6767","EPI_ISL_18132472",4,5,1,1,1,1,1,1,"4_5_1_1_1_1_1_1"
"6768","EPI_ISL_18132473",2,1,1,1,2,1,1,1,"2_1_1_1_2_1_1_1"
"6769","EPI_ISL_18132474",4,1,1,1,1,1,1,1,"4_1_1_1_1_1_1_1"
"6770","EPI_ISL_18132475",2,1,1,1,2,1,1,1,"2_1_1_1_2_1_1_1"
"6771","EPI_ISL_18132476",4,1,1,1,1,1,1,1,"4_1_1_1_1_1_1_1"
"6772","EPI_ISL_18132477",2,1,1,1,2,1,1,1,"2_1_1_1_2_1_1_1"
"6773","EPI_ISL_18132478",2,1,1,1,2,1,1,1,"2_1_1_1_2_1_1_1"
"6774","EPI_ISL_18132479",5,3,1,1,1,1,1,2,"5_3_1_1_1_1_1_2"
"6775","EPI_ISL_18132480",4,1,1,1,1,1,1,1,"4_1_1_1_1_1_1_1"
"6776","EPI_ISL_18132481",4,5,1,1,1,1,1,1,"4_5_1_1_1_1_1_1"
"6777","EPI_ISL_18132482",4,1,1,1,1,1,1,1,"4_1_1_1_1_1_1_1"
"6778","EPI_ISL_18132483",5,1,1,1,1,1,1,1,"5_1_1_1_1_1_1_1"
"6779","EPI_ISL_18132484",4,1,1,1,1,1,1,1,"4_1_1_1_1_1_1_1"
"6780","EPI_ISL_18132486",4,1,1,1,1,1,1,1,"4_1_1_1_1_1_1_1"
"6781","EPI_ISL_18132487",5,3,1,1,1,1,1,2,"5_3_1_1_1_1_1_2"
"6782","EPI_ISL_18132488",4,1,1,1,1,1,1,1,"4_1_1_1_1_1_1_1"
"6783","EPI_ISL_18132489",5,3,1,1,1,1,1,2,"5_3_1_1_1_1_1_2"
"6784","EPI_ISL_18132490",4,1,1,1,1,1,1,2,"4_1_1_1_1_1_1_2"
"6785","EPI_ISL_18132491",5,3,1,1,1,1,1,2,"5_3_1_1_1_1_1_2"
"6786","EPI_ISL_18132492",4,1,1,1,1,1,1,1,"4_1_1_1_1_1_1_1"
"6787","EPI_ISL_18132493",2,1,1,1,2,1,1,1,"2_1_1_1_2_1_1_1"
"6788","EPI_ISL_18132494",5,1,1,1,1,1,1,1,"5_1_1_1_1_1_1_1"
"6789","EPI_ISL_18132495",4,5,1,1,1,1,1,1,"4_5_1_1_1_1_1_1"
"6790","EPI_ISL_18132496",4,1,1,1,1,1,1,1,"4_1_1_1_1_1_1_1"
"6791","EPI_ISL_18132497",2,1,1,1,2,1,1,1,"2_1_1_1_2_1_1_1"
"6792","EPI_ISL_18132498",4,1,1,1,1,1,1,1,"4_1_1_1_1_1_1_1"
"6793","EPI_ISL_18132499",2,1,1,1,2,1,1,1,"2_1_1_1_2_1_1_1"
"6794","EPI_ISL_18132500",4,1,1,1,1,1,1,1,"4_1_1_1_1_1_1_1"
"6795","EPI_ISL_18132501",2,1,1,1,2,1,1,1,"2_1_1_1_2_1_1_1"
"6796","EPI_ISL_18132502",4,1,1,1,1,1,1,1,"4_1_1_1_1_1_1_1"
"6797","EPI_ISL_18132503",2,1,1,1,1,1,1,1,"2_1_1_1_1_1_1_1"
"6798","EPI_ISL_18132504",4,1,1,1,1,1,1,1,"4_1_1_1_1_1_1_1"
"6799","EPI_ISL_18132505",2,1,1,1,2,1,1,1,"2_1_1_1_2_1_1_1"
"6800","EPI_ISL_18132506",4,1,1,1,1,1,1,1,"4_1_1_1_1_1_1_1"
"6801","EPI_ISL_18132507",4,1,1,1,1,1,1,1,"4_1_1_1_1_1_1_1"
"6802","EPI_ISL_18132508",5,3,1,1,1,1,1,2,"5_3_1_1_1_1_1_2"
"6803","EPI_ISL_18132509",4,1,1,1,1,1,1,1,"4_1_1_1_1_1_1_1"
"6804","EPI_ISL_18132510",4,5,5,1,1,1,1,1,"4_5_5_1_1_1_1_1"
"6805","EPI_ISL_18132511",4,1,1,1,1,1,1,1,"4_1_1_1_1_1_1_1"
"6806","EPI_ISL_18132512",4,1,1,1,1,1,1,1,"4_1_1_1_1_1_1_1"
"6807","EPI_ISL_18132513",4,1,1,1,1,1,1,1,"4_1_1_1_1_1_1_1"
"6808","EPI_ISL_18132514",4,1,1,1,1,1,1,1,"4_1_1_1_1_1_1_1"
"6809","EPI_ISL_18132515",2,1,1,1,2,1,1,1,"2_1_1_1_2_1_1_1"
"6810","EPI_ISL_18132516",4,1,1,1,1,1,1,1,"4_1_1_1_1_1_1_1"
"6811","EPI_ISL_18132517",4,5,1,1,1,1,1,1,"4_5_1_1_1_1_1_1"
"6812","EPI_ISL_18132518",2,1,1,1,2,1,1,1,"2_1_1_1_2_1_1_1"
"6813","EPI_ISL_18132519",4,1,1,1,1,1,1,1,"4_1_1_1_1_1_1_1"
"6814","EPI_ISL_18132520",4,1,1,1,1,1,1,1,"4_1_1_1_1_1_1_1"
"6815","EPI_ISL_18132521",2,1,1,1,2,1,1,1,"2_1_1_1_2_1_1_1"
"6816","EPI_ISL_18132522",3,1,1,1,1,1,1,1,"3_1_1_1_1_1_1_1"
"6817","EPI_ISL_18132523",4,1,1,1,1,1,1,1,"4_1_1_1_1_1_1_1"
"6818","EPI_ISL_18132524",2,1,1,1,2,1,1,1,"2_1_1_1_2_1_1_1"
"6819","EPI_ISL_18132525",4,1,1,1,1,1,1,1,"4_1_1_1_1_1_1_1"
"6820","EPI_ISL_18132526",3,1,1,1,1,1,1,1,"3_1_1_1_1_1_1_1"
"6821","EPI_ISL_18132527",2,1,1,1,2,1,1,1,"2_1_1_1_2_1_1_1"
"6822","EPI_ISL_18132528",4,1,1,1,1,1,1,1,"4_1_1_1_1_1_1_1"
"6823","EPI_ISL_18132529",4,1,1,1,1,1,1,1,"4_1_1_1_1_1_1_1"
"6824","EPI_ISL_18132530",2,1,1,1,2,1,1,1,"2_1_1_1_2_1_1_1"
"6825","EPI_ISL_18132531",4,1,1,1,1,1,1,1,"4_1_1_1_1_1_1_1"
"6826","EPI_ISL_18132532",4,1,1,1,1,1,1,1,"4_1_1_1_1_1_1_1"
"6827","EPI_ISL_18132533",2,1,1,1,2,1,1,1,"2_1_1_1_2_1_1_1"
"6828","EPI_ISL_18132534",5,3,1,1,1,1,1,2,"5_3_1_1_1_1_1_2"
"6829","EPI_ISL_18132535",4,1,1,1,1,1,1,1,"4_1_1_1_1_1_1_1"
"6830","EPI_ISL_18132536",2,1,1,1,2,1,1,1,"2_1_1_1_2_1_1_1"
"6831","EPI_ISL_18132537",4,1,1,1,1,1,1,1,"4_1_1_1_1_1_1_1"
"6832","EPI_ISL_18132538",5,3,1,1,1,1,1,2,"5_3_1_1_1_1_1_2"
"6833","EPI_ISL_18132539",2,1,1,1,1,1,1,1,"2_1_1_1_1_1_1_1"
"6834","EPI_ISL_18132540",2,1,1,1,2,1,1,1,"2_1_1_1_2_1_1_1"
"6835","EPI_ISL_18132541",2,1,1,1,2,1,1,1,"2_1_1_1_2_1_1_1"
"6836","EPI_ISL_18132542",4,1,1,1,1,1,1,1,"4_1_1_1_1_1_1_1"
"6837","EPI_ISL_18132543",4,1,1,1,1,1,1,1,"4_1_1_1_1_1_1_1"
"6838","EPI_ISL_18132544",2,1,1,1,2,1,1,1,"2_1_1_1_2_1_1_1"
"6839","EPI_ISL_18132545",2,1,1,1,2,1,1,1,"2_1_1_1_2_1_1_1"
"6840","EPI_ISL_18132546",4,5,1,1,1,1,1,1,"4_5_1_1_1_1_1_1"
"6841","EPI_ISL_18132547",4,1,1,1,1,1,1,1,"4_1_1_1_1_1_1_1"
"6842","EPI_ISL_18132548",2,1,1,1,2,1,1,1,"2_1_1_1_2_1_1_1"
"6843","EPI_ISL_18132549",2,1,1,1,2,1,1,1,"2_1_1_1_2_1_1_1"
"6844","EPI_ISL_18132550",4,1,1,1,1,1,1,1,"4_1_1_1_1_1_1_1"
"6845","EPI_ISL_18132551",4,5,5,1,1,1,1,1,"4_5_5_1_1_1_1_1"
"6846","EPI_ISL_18132552",2,1,1,1,2,1,1,1,"2_1_1_1_2_1_1_1"
"6847","EPI_ISL_18132553",2,1,1,1,2,1,1,1,"2_1_1_1_2_1_1_1"
"6848","EPI_ISL_18132555",4,5,5,1,1,1,1,1,"4_5_5_1_1_1_1_1"
"6849","EPI_ISL_18132556",2,1,1,1,2,1,1,1,"2_1_1_1_2_1_1_1"
"6850","EPI_ISL_18132557",4,1,1,1,1,1,1,2,"4_1_1_1_1_1_1_2"
"6851","EPI_ISL_18132558",2,1,1,1,2,1,1,1,"2_1_1_1_2_1_1_1"
"6852","EPI_ISL_18132559",4,1,1,1,1,1,1,1,"4_1_1_1_1_1_1_1"
"6853","EPI_ISL_18132560",4,1,1,1,1,1,1,1,"4_1_1_1_1_1_1_1"
"6854","EPI_ISL_18132561",4,1,1,1,1,1,1,1,"4_1_1_1_1_1_1_1"
"6855","EPI_ISL_18132562",4,1,1,1,1,1,1,1,"4_1_1_1_1_1_1_1"
"6856","EPI_ISL_18132563",4,5,5,1,1,1,1,1,"4_5_5_1_1_1_1_1"
"6857","EPI_ISL_18132564",4,1,1,1,1,1,1,1,"4_1_1_1_1_1_1_1"
"6858","EPI_ISL_18132565",4,1,1,1,1,1,1,1,"4_1_1_1_1_1_1_1"
"6859","EPI_ISL_18132566",2,1,1,1,2,1,1,1,"2_1_1_1_2_1_1_1"
"6860","EPI_ISL_18132567",2,1,1,1,2,1,1,1,"2_1_1_1_2_1_1_1"
"6861","EPI_ISL_18132568",4,1,1,1,1,1,1,1,"4_1_1_1_1_1_1_1"
"6862","EPI_ISL_18132569",4,1,1,1,1,1,1,1,"4_1_1_1_1_1_1_1"
"6863","EPI_ISL_18132570",2,1,1,1,2,1,1,1,"2_1_1_1_2_1_1_1"
"6864","EPI_ISL_18132571",4,1,1,1,1,1,1,1,"4_1_1_1_1_1_1_1"
"6865","EPI_ISL_18132572",5,3,1,1,1,1,1,2,"5_3_1_1_1_1_1_2"
"6866","EPI_ISL_18132573",3,1,1,1,1,1,1,1,"3_1_1_1_1_1_1_1"
"6867","EPI_ISL_18132574",4,1,1,1,1,1,1,1,"4_1_1_1_1_1_1_1"
"6868","EPI_ISL_18132575",3,1,1,1,1,1,1,1,"3_1_1_1_1_1_1_1"
"6869","EPI_ISL_18132576",2,1,1,1,2,1,1,1,"2_1_1_1_2_1_1_1"
"6870","EPI_ISL_18132577",4,1,1,1,1,1,1,1,"4_1_1_1_1_1_1_1"
"6871","EPI_ISL_18132578",4,1,1,1,1,1,1,1,"4_1_1_1_1_1_1_1"
"6872","EPI_ISL_18132579",2,1,1,1,2,1,1,1,"2_1_1_1_2_1_1_1"
"6873","EPI_ISL_18132580",4,1,1,1,1,1,1,1,"4_1_1_1_1_1_1_1"
"6874","EPI_ISL_18132581",2,1,1,1,2,1,1,1,"2_1_1_1_2_1_1_1"
"6875","EPI_ISL_18132582",4,1,1,1,1,1,1,1,"4_1_1_1_1_1_1_1"
"6876","EPI_ISL_18132583",4,1,1,1,1,1,1,1,"4_1_1_1_1_1_1_1"
"6877","EPI_ISL_18132584",2,1,1,1,2,1,1,1,"2_1_1_1_2_1_1_1"
"6878","EPI_ISL_18132585",4,1,1,1,1,1,1,1,"4_1_1_1_1_1_1_1"
"6879","EPI_ISL_18132586",3,1,1,1,1,1,1,1,"3_1_1_1_1_1_1_1"
"6880","EPI_ISL_18132587",4,1,1,1,1,1,1,1,"4_1_1_1_1_1_1_1"
"6881","EPI_ISL_18132588",2,1,1,1,2,1,1,1,"2_1_1_1_2_1_1_1"
"6882","EPI_ISL_18132589",3,1,1,1,1,1,1,1,"3_1_1_1_1_1_1_1"
"6883","EPI_ISL_18132590",3,1,1,1,1,1,1,1,"3_1_1_1_1_1_1_1"
"6884","EPI_ISL_18132591",4,1,1,1,1,1,1,1,"4_1_1_1_1_1_1_1"
"6885","EPI_ISL_18132592",2,1,1,1,2,1,1,1,"2_1_1_1_2_1_1_1"
"6886","EPI_ISL_18132593",4,1,1,1,1,1,1,1,"4_1_1_1_1_1_1_1"
"6887","EPI_ISL_18132594",3,1,1,1,1,1,1,1,"3_1_1_1_1_1_1_1"
"6888","EPI_ISL_18132595",2,1,1,1,2,1,1,1,"2_1_1_1_2_1_1_1"
"6889","EPI_ISL_18132596",4,1,1,1,1,1,1,1,"4_1_1_1_1_1_1_1"
"6890","EPI_ISL_18132597",3,1,1,1,1,1,1,1,"3_1_1_1_1_1_1_1"
"6891","EPI_ISL_18132598",4,1,1,1,1,1,1,1,"4_1_1_1_1_1_1_1"
"6892","EPI_ISL_18132599",2,1,1,1,2,1,1,1,"2_1_1_1_2_1_1_1"
"6893","EPI_ISL_18132600",4,1,1,1,1,1,1,1,"4_1_1_1_1_1_1_1"
"6894","EPI_ISL_18132601",3,1,1,1,1,1,1,1,"3_1_1_1_1_1_1_1"
"6895","EPI_ISL_18132602",3,1,1,1,1,1,1,1,"3_1_1_1_1_1_1_1"
"6896","EPI_ISL_18132603",2,1,1,1,2,1,1,1,"2_1_1_1_2_1_1_1"
"6897","EPI_ISL_18132604",2,1,1,1,2,1,1,1,"2_1_1_1_2_1_1_1"
"6898","EPI_ISL_18132605",4,5,1,1,1,1,1,1,"4_5_1_1_1_1_1_1"
"6899","EPI_ISL_18132606",3,1,1,1,1,1,1,1,"3_1_1_1_1_1_1_1"
"6900","EPI_ISL_18132607",2,1,1,1,2,1,1,1,"2_1_1_1_2_1_1_1"
"6901","EPI_ISL_18132608",2,1,1,1,2,1,1,1,"2_1_1_1_2_1_1_1"
"6902","EPI_ISL_18132609",4,5,1,1,1,1,1,1,"4_5_1_1_1_1_1_1"
"6903","EPI_ISL_18132610",3,1,1,1,1,1,1,1,"3_1_1_1_1_1_1_1"
"6904","EPI_ISL_18132611",2,1,1,1,2,1,1,1,"2_1_1_1_2_1_1_1"
"6905","EPI_ISL_18132612",2,1,1,1,2,1,1,1,"2_1_1_1_2_1_1_1"
"6906","EPI_ISL_18132613",4,5,1,1,1,1,1,1,"4_5_1_1_1_1_1_1"
"6907","EPI_ISL_18132614",4,5,5,1,1,1,1,1,"4_5_5_1_1_1_1_1"
"6908","EPI_ISL_18132615",2,1,1,1,2,1,1,1,"2_1_1_1_2_1_1_1"
"6909","EPI_ISL_18132616",2,1,1,1,2,1,1,1,"2_1_1_1_2_1_1_1"
"6910","EPI_ISL_18132617",4,5,1,1,1,1,1,1,"4_5_1_1_1_1_1_1"
"6911","EPI_ISL_18132618",3,1,1,1,1,1,1,1,"3_1_1_1_1_1_1_1"
"6912","EPI_ISL_18132619",2,1,1,1,2,1,1,1,"2_1_1_1_2_1_1_1"
"6913","EPI_ISL_18132620",2,1,1,1,2,1,1,1,"2_1_1_1_2_1_1_1"
"6914","EPI_ISL_18132621",4,5,1,1,1,1,1,1,"4_5_1_1_1_1_1_1"
"6915","EPI_ISL_18132622",2,1,1,1,2,1,1,1,"2_1_1_1_2_1_1_1"
"6916","EPI_ISL_18132623",2,1,1,1,2,1,1,1,"2_1_1_1_2_1_1_1"
"6917","EPI_ISL_18132624",2,1,1,1,2,1,1,1,"2_1_1_1_2_1_1_1"
"6918","EPI_ISL_18132625",2,1,1,1,2,1,1,1,"2_1_1_1_2_1_1_1"
"6919","EPI_ISL_18132626",2,1,1,1,2,1,1,1,"2_1_1_1_2_1_1_1"
"6920","EPI_ISL_18132627",4,1,1,1,1,1,1,1,"4_1_1_1_1_1_1_1"
"6921","EPI_ISL_18132628",2,1,1,1,2,1,1,1,"2_1_1_1_2_1_1_1"
"6922","EPI_ISL_18132629",4,5,5,1,1,1,1,1,"4_5_5_1_1_1_1_1"
"6923","EPI_ISL_18132630",4,1,1,1,1,1,1,1,"4_1_1_1_1_1_1_1"
"6924","EPI_ISL_18132631",4,1,1,1,1,1,1,1,"4_1_1_1_1_1_1_1"
"6925","EPI_ISL_18132632",5,1,1,1,1,1,1,1,"5_1_1_1_1_1_1_1"
"6926","EPI_ISL_18132633",2,1,1,1,2,1,1,1,"2_1_1_1_2_1_1_1"
"6927","EPI_ISL_18132634",4,1,1,1,1,1,1,1,"4_1_1_1_1_1_1_1"
"6928","EPI_ISL_18132635",5,1,1,1,1,1,1,1,"5_1_1_1_1_1_1_1"
"6929","EPI_ISL_18132636",4,5,5,1,1,1,1,1,"4_5_5_1_1_1_1_1"
"6930","EPI_ISL_18132637",4,1,1,1,1,1,1,1,"4_1_1_1_1_1_1_1"
"6931","EPI_ISL_18132638",4,1,1,1,1,1,1,1,"4_1_1_1_1_1_1_1"
"6932","EPI_ISL_18132639",4,1,1,1,1,1,1,1,"4_1_1_1_1_1_1_1"
"6933","EPI_ISL_18132640",4,5,5,1,1,1,1,1,"4_5_5_1_1_1_1_1"
"6934","EPI_ISL_18132641",4,1,1,1,1,1,1,1,"4_1_1_1_1_1_1_1"
"6935","EPI_ISL_18132642",4,1,1,1,1,1,1,1,"4_1_1_1_1_1_1_1"
"6936","EPI_ISL_18132643",4,1,1,1,1,1,1,1,"4_1_1_1_1_1_1_1"
"6937","EPI_ISL_18132644",4,5,5,1,1,1,1,1,"4_5_5_1_1_1_1_1"
"6938","EPI_ISL_18132645",4,1,1,1,1,1,1,1,"4_1_1_1_1_1_1_1"
"6939","EPI_ISL_18132646",5,3,1,1,1,1,1,2,"5_3_1_1_1_1_1_2"
"6940","EPI_ISL_18132647",4,1,1,1,1,1,1,1,"4_1_1_1_1_1_1_1"
"6941","EPI_ISL_18132648",4,5,5,1,1,1,1,1,"4_5_5_1_1_1_1_1"
"6942","EPI_ISL_18132649",5,1,1,1,1,1,1,1,"5_1_1_1_1_1_1_1"
"6943","EPI_ISL_18132650",2,1,1,1,2,1,1,1,"2_1_1_1_2_1_1_1"
"6944","EPI_ISL_18132651",5,1,1,1,1,1,1,1,"5_1_1_1_1_1_1_1"
"6945","EPI_ISL_18132652",4,1,1,1,1,1,1,1,"4_1_1_1_1_1_1_1"
"6946","EPI_ISL_18132653",5,1,1,1,1,1,1,1,"5_1_1_1_1_1_1_1"
"6947","EPI_ISL_18132654",4,1,1,1,1,1,1,1,"4_1_1_1_1_1_1_1"
"6948","EPI_ISL_18132655",2,1,1,1,2,1,1,1,"2_1_1_1_2_1_1_1"
"6949","EPI_ISL_18132656",2,1,1,1,2,1,1,1,"2_1_1_1_2_1_1_1"
"6950","EPI_ISL_18132657",5,1,1,1,1,1,1,1,"5_1_1_1_1_1_1_1"
"6951","EPI_ISL_18132658",4,1,1,1,1,1,1,1,"4_1_1_1_1_1_1_1"
"6952","EPI_ISL_18132659",2,1,1,1,2,1,1,1,"2_1_1_1_2_1_1_1"
"6953","EPI_ISL_18132660",2,1,1,1,2,1,1,1,"2_1_1_1_2_1_1_1"
"6954","EPI_ISL_18132661",4,1,1,1,1,1,1,1,"4_1_1_1_1_1_1_1"
"6955","EPI_ISL_18132662",2,1,1,1,2,1,1,1,"2_1_1_1_2_1_1_1"
"6956","EPI_ISL_18132663",4,1,1,1,1,1,1,1,"4_1_1_1_1_1_1_1"
"6957","EPI_ISL_18132664",2,1,1,1,2,1,1,1,"2_1_1_1_2_1_1_1"
"6958","EPI_ISL_18132665",5,3,1,1,1,1,1,2,"5_3_1_1_1_1_1_2"
"6959","EPI_ISL_18132666",2,1,1,1,2,1,1,1,"2_1_1_1_2_1_1_1"
"6960","EPI_ISL_18132667",4,1,1,1,1,1,1,1,"4_1_1_1_1_1_1_1"
"6961","EPI_ISL_18132668",4,5,5,1,1,1,1,1,"4_5_5_1_1_1_1_1"
"6962","EPI_ISL_18132669",5,3,1,1,1,1,1,2,"5_3_1_1_1_1_1_2"
"6963","EPI_ISL_18132670",4,1,1,1,1,1,1,1,"4_1_1_1_1_1_1_1"
"6964","EPI_ISL_18132671",2,1,1,1,2,1,1,1,"2_1_1_1_2_1_1_1"
"6965","EPI_ISL_18132672",5,3,1,1,1,1,1,2,"5_3_1_1_1_1_1_2"
"6966","EPI_ISL_18132676",4,1,1,1,1,1,1,1,"4_1_1_1_1_1_1_1"
"6967","EPI_ISL_18132677",2,1,1,1,2,1,1,1,"2_1_1_1_2_1_1_1"
"6968","EPI_ISL_18132678",4,1,1,1,1,1,1,1,"4_1_1_1_1_1_1_1"
"6969","EPI_ISL_18132679",4,1,1,1,1,1,1,1,"4_1_1_1_1_1_1_1"
"6970","EPI_ISL_18132688",4,1,1,1,1,1,1,1,"4_1_1_1_1_1_1_1"
"6971","EPI_ISL_18132689",4,1,1,1,1,1,1,1,"4_1_1_1_1_1_1_1"
"6972","EPI_ISL_18132690",4,1,1,1,1,1,1,1,"4_1_1_1_1_1_1_1"
"6973","EPI_ISL_18132691",2,1,1,1,2,1,1,1,"2_1_1_1_2_1_1_1"
"6974","EPI_ISL_18132692",4,1,1,1,1,1,1,1,"4_1_1_1_1_1_1_1"
"6975","EPI_ISL_18132693",4,1,1,1,1,1,1,1,"4_1_1_1_1_1_1_1"
"6976","EPI_ISL_18132694",4,1,1,1,1,1,1,1,"4_1_1_1_1_1_1_1"
"6977","EPI_ISL_18132695",2,1,1,1,2,1,1,1,"2_1_1_1_2_1_1_1"
"6978","EPI_ISL_18132696",4,1,1,1,1,1,1,1,"4_1_1_1_1_1_1_1"
"6979","EPI_ISL_18132697",4,1,1,1,1,1,1,1,"4_1_1_1_1_1_1_1"
"6980","EPI_ISL_18132698",4,1,1,1,1,1,1,1,"4_1_1_1_1_1_1_1"
"6981","EPI_ISL_18132699",4,1,1,1,1,1,1,1,"4_1_1_1_1_1_1_1"
"6982","EPI_ISL_18132700",2,1,1,1,2,1,1,1,"2_1_1_1_2_1_1_1"
"6983","EPI_ISL_18132701",4,1,1,1,1,1,1,1,"4_1_1_1_1_1_1_1"
"6984","EPI_ISL_18132702",4,1,1,1,1,1,1,1,"4_1_1_1_1_1_1_1"
"6985","EPI_ISL_18132703",2,1,1,1,2,1,1,1,"2_1_1_1_2_1_1_1"
"6986","EPI_ISL_18132736",2,1,1,1,2,1,1,1,"2_1_1_1_2_1_1_1"
"6987","EPI_ISL_18132737",5,3,1,1,1,1,1,2,"5_3_1_1_1_1_1_2"
"6988","EPI_ISL_18132738",2,1,1,1,1,1,1,1,"2_1_1_1_1_1_1_1"
"6989","EPI_ISL_18132739",4,1,1,1,1,1,1,1,"4_1_1_1_1_1_1_1"
"6990","EPI_ISL_18132740",4,1,1,1,1,1,1,1,"4_1_1_1_1_1_1_1"
"6991","EPI_ISL_18132741",5,3,1,1,1,1,1,2,"5_3_1_1_1_1_1_2"
"6992","EPI_ISL_18132742",4,1,1,1,1,1,1,1,"4_1_1_1_1_1_1_1"
"6993","EPI_ISL_18132743",4,1,1,1,1,1,1,1,"4_1_1_1_1_1_1_1"
"6994","EPI_ISL_18132744",4,1,1,1,1,1,1,1,"4_1_1_1_1_1_1_1"
"6995","EPI_ISL_18132745",5,3,1,1,1,1,1,2,"5_3_1_1_1_1_1_2"
"6996","EPI_ISL_18132746",4,1,1,1,1,1,1,1,"4_1_1_1_1_1_1_1"
"6997","EPI_ISL_18132747",4,1,1,1,1,1,1,1,"4_1_1_1_1_1_1_1"
"6998","EPI_ISL_18132748",2,1,1,1,2,1,1,1,"2_1_1_1_2_1_1_1"
"6999","EPI_ISL_18132749",5,3,1,1,1,1,1,2,"5_3_1_1_1_1_1_2"
"7000","EPI_ISL_18132750",4,1,1,1,1,1,1,1,"4_1_1_1_1_1_1_1"
"7001","EPI_ISL_18132751",4,1,1,1,1,1,1,1,"4_1_1_1_1_1_1_1"
"7002","EPI_ISL_18132752",2,1,1,1,2,1,1,1,"2_1_1_1_2_1_1_1"
"7003","EPI_ISL_18132753",5,3,1,1,1,1,1,2,"5_3_1_1_1_1_1_2"
"7004","EPI_ISL_18132754",5,3,1,1,1,1,1,2,"5_3_1_1_1_1_1_2"
"7005","EPI_ISL_18132755",4,1,1,1,1,1,1,1,"4_1_1_1_1_1_1_1"
"7006","EPI_ISL_18132756",5,1,1,1,1,1,1,1,"5_1_1_1_1_1_1_1"
"7007","EPI_ISL_18132757",4,1,1,1,1,1,1,1,"4_1_1_1_1_1_1_1"
"7008","EPI_ISL_18132758",4,1,1,1,1,1,1,1,"4_1_1_1_1_1_1_1"
"7009","EPI_ISL_18132759",4,1,1,1,1,1,1,1,"4_1_1_1_1_1_1_1"
"7010","EPI_ISL_18132760",4,1,1,1,1,1,1,1,"4_1_1_1_1_1_1_1"
"7011","EPI_ISL_18132761",4,1,1,1,1,1,1,1,"4_1_1_1_1_1_1_1"
"7012","EPI_ISL_18132762",5,3,1,1,1,1,1,2,"5_3_1_1_1_1_1_2"
"7013","EPI_ISL_18132763",4,1,1,1,1,1,1,1,"4_1_1_1_1_1_1_1"
"7014","EPI_ISL_18132764",4,1,1,1,1,1,1,1,"4_1_1_1_1_1_1_1"
"7015","EPI_ISL_18132765",5,3,1,1,1,1,1,2,"5_3_1_1_1_1_1_2"
"7016","EPI_ISL_18132766",4,1,1,1,1,1,1,1,"4_1_1_1_1_1_1_1"
"7017","EPI_ISL_18132767",4,1,1,1,1,1,1,1,"4_1_1_1_1_1_1_1"
"7018","EPI_ISL_18132768",4,1,1,1,1,1,1,1,"4_1_1_1_1_1_1_1"
"7019","EPI_ISL_18132769",4,1,1,1,1,1,1,1,"4_1_1_1_1_1_1_1"
"7020","EPI_ISL_18132770",4,1,1,1,1,1,1,1,"4_1_1_1_1_1_1_1"
"7021","EPI_ISL_18132771",2,1,1,1,2,1,1,1,"2_1_1_1_2_1_1_1"
"7022","EPI_ISL_18132772",2,1,1,1,2,1,1,1,"2_1_1_1_2_1_1_1"
"7023","EPI_ISL_18132773",4,1,1,1,1,1,1,1,"4_1_1_1_1_1_1_1"
"7024","EPI_ISL_18132774",4,1,1,1,1,1,1,1,"4_1_1_1_1_1_1_1"
"7025","EPI_ISL_18132775",5,3,1,1,1,1,1,2,"5_3_1_1_1_1_1_2"
"7026","EPI_ISL_18132776",4,1,1,1,1,1,1,1,"4_1_1_1_1_1_1_1"
"7027","EPI_ISL_18132777",4,1,1,1,1,1,1,1,"4_1_1_1_1_1_1_1"
"7028","EPI_ISL_18132778",5,3,1,1,1,1,1,2,"5_3_1_1_1_1_1_2"
"7029","EPI_ISL_18132779",5,1,1,1,1,1,1,1,"5_1_1_1_1_1_1_1"
"7030","EPI_ISL_18132780",4,1,1,1,1,1,1,1,"4_1_1_1_1_1_1_1"
"7031","EPI_ISL_18132781",5,3,1,1,1,1,1,2,"5_3_1_1_1_1_1_2"
"7032","EPI_ISL_18132782",4,1,1,1,1,1,1,1,"4_1_1_1_1_1_1_1"
"7033","EPI_ISL_18132783",4,1,1,1,1,1,1,1,"4_1_1_1_1_1_1_1"
"7034","EPI_ISL_18132784",5,3,1,1,1,1,1,2,"5_3_1_1_1_1_1_2"
"7035","EPI_ISL_18132785",4,1,1,1,1,1,1,1,"4_1_1_1_1_1_1_1"
"7036","EPI_ISL_18132786",4,1,1,1,1,1,1,1,"4_1_1_1_1_1_1_1"
"7037","EPI_ISL_18132787",4,1,1,1,1,1,1,1,"4_1_1_1_1_1_1_1"
"7038","EPI_ISL_18132788",5,3,1,1,1,1,1,2,"5_3_1_1_1_1_1_2"
"7039","EPI_ISL_18132789",4,1,1,1,1,1,1,1,"4_1_1_1_1_1_1_1"
"7040","EPI_ISL_18132790",4,1,1,1,1,1,1,1,"4_1_1_1_1_1_1_1"
"7041","EPI_ISL_18132791",5,3,1,1,1,1,1,2,"5_3_1_1_1_1_1_2"
"7042","EPI_ISL_18132792",5,3,1,1,1,1,1,2,"5_3_1_1_1_1_1_2"
"7043","EPI_ISL_18132793",4,1,1,1,1,1,1,1,"4_1_1_1_1_1_1_1"
"7044","EPI_ISL_18132794",4,1,1,1,1,1,1,1,"4_1_1_1_1_1_1_1"
"7045","EPI_ISL_18132795",5,3,1,1,1,1,1,2,"5_3_1_1_1_1_1_2"
"7046","EPI_ISL_18132796",5,3,1,1,1,1,1,2,"5_3_1_1_1_1_1_2"
"7047","EPI_ISL_18132797",4,1,1,1,1,1,1,1,"4_1_1_1_1_1_1_1"
"7048","EPI_ISL_18132798",4,1,1,1,1,1,1,1,"4_1_1_1_1_1_1_1"
"7049","EPI_ISL_18132799",4,1,1,1,1,1,1,1,"4_1_1_1_1_1_1_1"
"7050","EPI_ISL_18132800",5,3,1,1,1,1,1,2,"5_3_1_1_1_1_1_2"
"7051","EPI_ISL_18132801",4,1,1,1,1,1,1,1,"4_1_1_1_1_1_1_1"
"7052","EPI_ISL_18132802",4,1,1,1,1,1,1,1,"4_1_1_1_1_1_1_1"
"7053","EPI_ISL_18132803",5,3,1,1,1,1,1,2,"5_3_1_1_1_1_1_2"
"7054","EPI_ISL_18132804",5,3,1,1,1,1,1,2,"5_3_1_1_1_1_1_2"
"7055","EPI_ISL_18132805",4,1,1,1,1,1,1,1,"4_1_1_1_1_1_1_1"
"7056","EPI_ISL_18132806",4,5,5,1,1,1,1,1,"4_5_5_1_1_1_1_1"
"7057","EPI_ISL_18132807",4,1,1,1,1,1,1,1,"4_1_1_1_1_1_1_1"
"7058","EPI_ISL_18132808",5,3,1,1,1,1,1,2,"5_3_1_1_1_1_1_2"
"7059","EPI_ISL_18132809",4,1,1,1,1,1,1,1,"4_1_1_1_1_1_1_1"
"7060","EPI_ISL_18132810",4,1,1,1,1,1,1,1,"4_1_1_1_1_1_1_1"
"7061","EPI_ISL_18132811",4,1,1,1,1,1,1,1,"4_1_1_1_1_1_1_1"
"7062","EPI_ISL_18132812",4,1,1,1,1,1,1,1,"4_1_1_1_1_1_1_1"
"7063","EPI_ISL_18132813",4,1,1,1,1,1,1,1,"4_1_1_1_1_1_1_1"
"7064","EPI_ISL_18132814",4,1,1,1,1,1,1,1,"4_1_1_1_1_1_1_1"
"7065","EPI_ISL_18132815",2,1,1,1,2,1,1,1,"2_1_1_1_2_1_1_1"
"7066","EPI_ISL_18132816",2,1,1,1,2,1,1,1,"2_1_1_1_2_1_1_1"
"7067","EPI_ISL_18132817",4,1,1,1,1,1,1,1,"4_1_1_1_1_1_1_1"
"7068","EPI_ISL_18132818",4,1,1,1,1,1,1,1,"4_1_1_1_1_1_1_1"
"7069","EPI_ISL_18132819",4,1,1,1,1,1,1,1,"4_1_1_1_1_1_1_1"
"7070","EPI_ISL_18132820",2,1,1,1,2,1,1,1,"2_1_1_1_2_1_1_1"
"7071","EPI_ISL_18132821",4,1,1,1,1,1,1,1,"4_1_1_1_1_1_1_1"
"7072","EPI_ISL_18132822",4,1,1,1,1,1,1,1,"4_1_1_1_1_1_1_1"
"7073","EPI_ISL_18132823",2,1,1,1,2,1,1,1,"2_1_1_1_2_1_1_1"
"7074","EPI_ISL_18132824",5,1,1,1,1,1,1,1,"5_1_1_1_1_1_1_1"
"7075","EPI_ISL_18132825",4,5,1,1,1,1,1,1,"4_5_1_1_1_1_1_1"
"7076","EPI_ISL_18132826",5,3,1,1,1,1,1,2,"5_3_1_1_1_1_1_2"
"7077","EPI_ISL_18132827",4,1,1,1,1,1,1,1,"4_1_1_1_1_1_1_1"
"7078","EPI_ISL_18132828",4,1,1,1,1,1,1,1,"4_1_1_1_1_1_1_1"
"7079","EPI_ISL_18132829",5,3,1,1,1,1,1,2,"5_3_1_1_1_1_1_2"
"7080","EPI_ISL_18132830",4,1,1,1,1,1,1,1,"4_1_1_1_1_1_1_1"
"7081","EPI_ISL_18132831",2,1,1,1,2,1,1,1,"2_1_1_1_2_1_1_1"
"7082","EPI_ISL_18132832",4,1,1,1,1,1,1,1,"4_1_1_1_1_1_1_1"
"7083","EPI_ISL_18132833",2,1,1,1,1,1,1,1,"2_1_1_1_1_1_1_1"
"7084","EPI_ISL_18132834",4,5,5,1,1,1,1,1,"4_5_5_1_1_1_1_1"
"7085","EPI_ISL_18132835",5,1,1,1,1,1,1,1,"5_1_1_1_1_1_1_1"
"7086","EPI_ISL_18132836",2,1,1,1,2,1,1,1,"2_1_1_1_2_1_1_1"
"7087","EPI_ISL_18132837",2,1,1,1,2,1,1,1,"2_1_1_1_2_1_1_1"
"7088","EPI_ISL_18132838",4,1,1,1,1,1,1,1,"4_1_1_1_1_1_1_1"
"7089","EPI_ISL_18132839",5,1,1,1,1,1,1,1,"5_1_1_1_1_1_1_1"
"7090","EPI_ISL_18132840",4,1,1,1,1,1,1,1,"4_1_1_1_1_1_1_1"
"7091","EPI_ISL_18132841",5,1,1,1,1,1,1,1,"5_1_1_1_1_1_1_1"
"7092","EPI_ISL_18132842",4,1,1,1,1,1,1,1,"4_1_1_1_1_1_1_1"
"7093","EPI_ISL_18132843",2,1,1,1,2,1,1,1,"2_1_1_1_2_1_1_1"
"7094","EPI_ISL_18132844",4,1,1,1,1,1,1,1,"4_1_1_1_1_1_1_1"
"7095","EPI_ISL_18132845",5,1,1,1,1,1,1,1,"5_1_1_1_1_1_1_1"
"7096","EPI_ISL_18132846",4,5,5,1,1,1,1,1,"4_5_5_1_1_1_1_1"
"7097","EPI_ISL_18132847",2,1,1,1,2,1,1,1,"2_1_1_1_2_1_1_1"
"7098","EPI_ISL_18132848",4,1,1,1,1,1,1,1,"4_1_1_1_1_1_1_1"
"7099","EPI_ISL_18132849",4,1,1,1,1,1,1,1,"4_1_1_1_1_1_1_1"
"7100","EPI_ISL_18132850",4,5,5,1,1,1,1,1,"4_5_5_1_1_1_1_1"
"7101","EPI_ISL_18132851",2,1,1,1,2,1,1,1,"2_1_1_1_2_1_1_1"
"7102","EPI_ISL_18132852",4,1,1,1,1,1,1,1,"4_1_1_1_1_1_1_1"
"7103","EPI_ISL_18132853",4,1,1,1,1,1,1,1,"4_1_1_1_1_1_1_1"
"7104","EPI_ISL_18132854",4,1,1,1,1,1,1,1,"4_1_1_1_1_1_1_1"
"7105","EPI_ISL_18132855",2,1,1,1,2,1,1,1,"2_1_1_1_2_1_1_1"
"7106","EPI_ISL_18132856",4,5,1,1,1,1,1,1,"4_5_1_1_1_1_1_1"
"7107","EPI_ISL_18132857",2,1,1,1,2,1,1,1,"2_1_1_1_2_1_1_1"
"7108","EPI_ISL_18132858",4,1,1,1,1,1,1,1,"4_1_1_1_1_1_1_1"
"7109","EPI_ISL_18132859",2,1,1,1,2,1,1,1,"2_1_1_1_2_1_1_1"
"7110","EPI_ISL_18132860",4,5,5,1,1,1,1,1,"4_5_5_1_1_1_1_1"
"7111","EPI_ISL_18132861",4,1,1,1,1,1,1,1,"4_1_1_1_1_1_1_1"
"7112","EPI_ISL_18132862",4,1,1,1,1,1,1,1,"4_1_1_1_1_1_1_1"
"7113","EPI_ISL_18132863",2,1,1,1,2,1,1,1,"2_1_1_1_2_1_1_1"
"7114","EPI_ISL_18132864",4,5,1,1,1,1,1,1,"4_5_1_1_1_1_1_1"
"7115","EPI_ISL_18132865",2,1,1,1,1,1,1,1,"2_1_1_1_1_1_1_1"
"7116","EPI_ISL_18132866",4,1,1,1,1,1,1,1,"4_1_1_1_1_1_1_1"
"7117","EPI_ISL_18132867",2,1,1,1,2,1,1,1,"2_1_1_1_2_1_1_1"
"7118","EPI_ISL_18132868",4,5,1,1,1,1,1,1,"4_5_1_1_1_1_1_1"
"7119","EPI_ISL_18132869",2,1,1,1,2,1,1,1,"2_1_1_1_2_1_1_1"
"7120","EPI_ISL_18132870",4,1,1,1,1,1,1,1,"4_1_1_1_1_1_1_1"
"7121","EPI_ISL_18132871",2,1,1,1,2,1,1,1,"2_1_1_1_2_1_1_1"
"7122","EPI_ISL_18132872",4,5,1,1,1,1,1,1,"4_5_1_1_1_1_1_1"
"7123","EPI_ISL_18132873",4,5,5,1,1,1,1,1,"4_5_5_1_1_1_1_1"
"7124","EPI_ISL_18132874",2,1,1,1,2,1,1,1,"2_1_1_1_2_1_1_1"
"7125","EPI_ISL_18132875",4,5,5,1,1,1,1,1,"4_5_5_1_1_1_1_1"
"7126","EPI_ISL_18132876",4,5,5,1,1,1,1,1,"4_5_5_1_1_1_1_1"
"7127","EPI_ISL_18132877",2,1,1,1,2,1,1,1,"2_1_1_1_2_1_1_1"
"7128","EPI_ISL_18132878",4,5,5,1,1,1,1,1,"4_5_5_1_1_1_1_1"
"7129","EPI_ISL_18132879",2,1,1,1,2,1,1,1,"2_1_1_1_2_1_1_1"
"7130","EPI_ISL_18132880",2,1,1,1,2,1,1,1,"2_1_1_1_2_1_1_1"
"7131","EPI_ISL_18132881",4,5,5,1,1,1,1,1,"4_5_5_1_1_1_1_1"
"7132","EPI_ISL_18132882",4,5,5,1,1,1,1,1,"4_5_5_1_1_1_1_1"
"7133","EPI_ISL_18132883",2,1,1,1,2,1,1,1,"2_1_1_1_2_1_1_1"
"7134","EPI_ISL_18132884",4,5,5,1,1,1,1,1,"4_5_5_1_1_1_1_1"
"7135","EPI_ISL_18132885",3,1,1,1,1,1,1,1,"3_1_1_1_1_1_1_1"
"7136","EPI_ISL_18132886",2,1,1,1,2,1,1,1,"2_1_1_1_2_1_1_1"
"7137","EPI_ISL_18132887",4,5,1,1,1,1,1,1,"4_5_1_1_1_1_1_1"
"7138","EPI_ISL_18132888",4,5,5,1,1,1,1,1,"4_5_5_1_1_1_1_1"
"7139","EPI_ISL_18132889",3,1,1,1,1,1,1,1,"3_1_1_1_1_1_1_1"
"7140","EPI_ISL_18132890",3,1,1,1,1,1,1,1,"3_1_1_1_1_1_1_1"
"7141","EPI_ISL_18132891",4,5,1,1,1,1,1,1,"4_5_1_1_1_1_1_1"
"7142","EPI_ISL_18132892",4,1,1,1,1,1,1,1,"4_1_1_1_1_1_1_1"
"7143","EPI_ISL_18132893",4,5,5,1,1,1,1,1,"4_5_5_1_1_1_1_1"
"7144","EPI_ISL_18132895",4,5,1,1,1,1,1,1,"4_5_1_1_1_1_1_1"
"7145","EPI_ISL_18132896",2,1,1,1,2,1,1,1,"2_1_1_1_2_1_1_1"
"7146","EPI_ISL_18132897",4,5,1,1,1,1,1,1,"4_5_1_1_1_1_1_1"
"7147","EPI_ISL_18132899",4,5,1,1,1,1,1,1,"4_5_1_1_1_1_1_1"
"7148","EPI_ISL_18132900",4,5,1,1,1,1,1,1,"4_5_1_1_1_1_1_1"
"7149","EPI_ISL_18132901",4,5,5,1,1,1,1,1,"4_5_5_1_1_1_1_1"
"7150","EPI_ISL_18132902",4,1,1,1,1,1,1,1,"4_1_1_1_1_1_1_1"
"7151","EPI_ISL_18132903",4,5,1,1,1,1,1,1,"4_5_1_1_1_1_1_1"
"7152","EPI_ISL_18132904",2,1,1,1,2,1,1,1,"2_1_1_1_2_1_1_1"
"7153","EPI_ISL_18132905",4,1,1,1,1,1,1,1,"4_1_1_1_1_1_1_1"
"7154","EPI_ISL_18132906",4,1,1,1,1,1,1,2,"4_1_1_1_1_1_1_2"
"7155","EPI_ISL_18132907",4,5,1,1,1,1,1,1,"4_5_1_1_1_1_1_1"
"7156","EPI_ISL_18132908",2,1,1,1,2,1,1,1,"2_1_1_1_2_1_1_1"
"7157","EPI_ISL_18132909",4,1,1,1,1,1,1,1,"4_1_1_1_1_1_1_1"
"7158","EPI_ISL_18132910",4,1,1,1,1,1,1,1,"4_1_1_1_1_1_1_1"
"7159","EPI_ISL_18132911",4,5,1,1,1,1,1,1,"4_5_1_1_1_1_1_1"
"7160","EPI_ISL_18132912",4,5,5,1,1,1,1,1,"4_5_5_1_1_1_1_1"
"7161","EPI_ISL_18132913",4,5,1,1,1,1,1,1,"4_5_1_1_1_1_1_1"
"7162","EPI_ISL_18132914",4,1,1,1,1,1,1,1,"4_1_1_1_1_1_1_1"
"7163","EPI_ISL_18132915",4,5,1,1,1,1,1,1,"4_5_1_1_1_1_1_1"
"7164","EPI_ISL_18132916",2,1,1,1,2,1,1,1,"2_1_1_1_2_1_1_1"
"7165","EPI_ISL_18132917",4,5,5,1,1,1,1,1,"4_5_5_1_1_1_1_1"
"7166","EPI_ISL_18132918",4,1,1,1,1,1,1,1,"4_1_1_1_1_1_1_1"
"7167","EPI_ISL_18132919",4,5,1,1,1,1,1,1,"4_5_1_1_1_1_1_1"
"7168","EPI_ISL_18132920",2,1,1,1,2,1,1,1,"2_1_1_1_2_1_1_1"
"7169","EPI_ISL_18132921",4,1,1,1,1,1,1,1,"4_1_1_1_1_1_1_1"
"7170","EPI_ISL_18132922",4,5,1,1,1,1,1,1,"4_5_1_1_1_1_1_1"
"7171","EPI_ISL_18132923",4,5,5,1,1,1,1,1,"4_5_5_1_1_1_1_1"
"7172","EPI_ISL_18132924",5,3,1,1,1,1,1,2,"5_3_1_1_1_1_1_2"
"7173","EPI_ISL_18132925",4,5,1,1,1,1,1,1,"4_5_1_1_1_1_1_1"
"7174","EPI_ISL_18132926",4,1,1,1,1,1,1,1,"4_1_1_1_1_1_1_1"
"7175","EPI_ISL_18132927",4,5,1,1,1,1,1,1,"4_5_1_1_1_1_1_1"
"7176","EPI_ISL_18132928",4,5,1,1,1,1,1,1,"4_5_1_1_1_1_1_1"
"7177","EPI_ISL_18132929",4,5,5,1,1,1,1,1,"4_5_5_1_1_1_1_1"
"7178","EPI_ISL_18132930",4,1,1,1,1,1,1,1,"4_1_1_1_1_1_1_1"
"7179","EPI_ISL_18132931",4,5,1,1,1,1,1,1,"4_5_1_1_1_1_1_1"
"7180","EPI_ISL_18132932",4,5,5,1,1,1,1,1,"4_5_5_1_1_1_1_1"
"7181","EPI_ISL_18132933",4,5,1,1,1,1,1,1,"4_5_1_1_1_1_1_1"
"7182","EPI_ISL_18132934",4,5,1,1,1,1,1,1,"4_5_1_1_1_1_1_1"
"7183","EPI_ISL_18132935",4,1,1,1,1,1,1,1,"4_1_1_1_1_1_1_1"
"7184","EPI_ISL_18132936",4,5,1,1,1,1,1,1,"4_5_1_1_1_1_1_1"
"7185","EPI_ISL_18132937",4,5,1,1,1,1,1,1,"4_5_1_1_1_1_1_1"
"7186","EPI_ISL_18132938",4,5,1,1,1,1,1,1,"4_5_1_1_1_1_1_1"
"7187","EPI_ISL_18132939",4,5,1,1,1,1,1,1,"4_5_1_1_1_1_1_1"
"7188","EPI_ISL_18132940",4,5,1,1,1,1,1,1,"4_5_1_1_1_1_1_1"
"7189","EPI_ISL_18132941",4,5,1,1,1,1,1,1,"4_5_1_1_1_1_1_1"
"7190","EPI_ISL_18132942",4,5,1,1,1,1,1,1,"4_5_1_1_1_1_1_1"
"7191","EPI_ISL_18132943",4,5,1,1,1,1,1,1,"4_5_1_1_1_1_1_1"
"7192","EPI_ISL_18132944",4,5,1,1,1,1,1,1,"4_5_1_1_1_1_1_1"
"7193","EPI_ISL_18132945",4,5,1,1,1,1,1,1,"4_5_1_1_1_1_1_1"
"7194","EPI_ISL_18132946",4,5,1,1,1,1,1,1,"4_5_1_1_1_1_1_1"
"7195","EPI_ISL_18132947",4,5,1,1,1,1,1,1,"4_5_1_1_1_1_1_1"
"7196","EPI_ISL_18132948",4,5,1,1,1,1,1,1,"4_5_1_1_1_1_1_1"
"7197","EPI_ISL_18132949",4,5,1,1,1,1,1,1,"4_5_1_1_1_1_1_1"
"7198","EPI_ISL_18132950",4,5,1,1,1,1,1,1,"4_5_1_1_1_1_1_1"
"7199","EPI_ISL_18132951",4,5,1,1,1,1,1,1,"4_5_1_1_1_1_1_1"
"7200","EPI_ISL_18132952",4,5,1,1,1,1,1,1,"4_5_1_1_1_1_1_1"
"7201","EPI_ISL_18132953",2,1,1,1,2,1,1,1,"2_1_1_1_2_1_1_1"
"7202","EPI_ISL_18132954",4,5,1,1,1,1,1,1,"4_5_1_1_1_1_1_1"
"7203","EPI_ISL_18132955",4,5,1,1,1,1,1,1,"4_5_1_1_1_1_1_1"
"7204","EPI_ISL_18132956",4,5,1,1,1,1,1,1,"4_5_1_1_1_1_1_1"
"7205","EPI_ISL_18132957",2,1,1,1,2,1,1,1,"2_1_1_1_2_1_1_1"
"7206","EPI_ISL_18132958",4,5,1,1,1,1,1,1,"4_5_1_1_1_1_1_1"
"7207","EPI_ISL_18132959",4,5,1,1,1,1,1,1,"4_5_1_1_1_1_1_1"
"7208","EPI_ISL_18132960",4,5,1,1,1,1,1,1,"4_5_1_1_1_1_1_1"
"7209","EPI_ISL_18132961",4,5,1,1,1,1,1,1,"4_5_1_1_1_1_1_1"
"7210","EPI_ISL_18132962",4,5,1,1,1,1,1,1,"4_5_1_1_1_1_1_1"
"7211","EPI_ISL_18132963",4,5,1,1,1,1,1,1,"4_5_1_1_1_1_1_1"
"7212","EPI_ISL_18132964",4,5,1,1,1,1,1,1,"4_5_1_1_1_1_1_1"
"7213","EPI_ISL_18132965",2,1,1,1,2,1,1,1,"2_1_1_1_2_1_1_1"
"7214","EPI_ISL_18132966",4,5,1,1,1,1,1,1,"4_5_1_1_1_1_1_1"
"7215","EPI_ISL_18132967",4,5,1,1,1,1,1,1,"4_5_1_1_1_1_1_1"
"7216","EPI_ISL_18132968",4,5,1,1,1,1,1,1,"4_5_1_1_1_1_1_1"
"7217","EPI_ISL_18132969",2,1,1,1,2,1,1,1,"2_1_1_1_2_1_1_1"
"7218","EPI_ISL_18132970",4,5,1,1,1,1,1,1,"4_5_1_1_1_1_1_1"
"7219","EPI_ISL_18132971",4,5,1,1,1,1,1,1,"4_5_1_1_1_1_1_1"
"7220","EPI_ISL_18132972",4,5,1,1,1,1,1,1,"4_5_1_1_1_1_1_1"
"7221","EPI_ISL_18132973",4,5,1,1,1,1,1,1,"4_5_1_1_1_1_1_1"
"7222","EPI_ISL_18132974",4,5,1,1,1,1,1,1,"4_5_1_1_1_1_1_1"
"7223","EPI_ISL_18132975",2,1,1,1,2,1,1,1,"2_1_1_1_2_1_1_1"
"7224","EPI_ISL_18132976",4,5,5,1,1,1,1,1,"4_5_5_1_1_1_1_1"
"7225","EPI_ISL_18132977",2,1,1,1,2,1,1,1,"2_1_1_1_2_1_1_1"
"7226","EPI_ISL_18132978",4,5,1,1,1,1,1,1,"4_5_1_1_1_1_1_1"
"7227","EPI_ISL_18132979",4,1,1,1,1,1,1,1,"4_1_1_1_1_1_1_1"
"7228","EPI_ISL_18132980",4,5,1,1,1,1,1,1,"4_5_1_1_1_1_1_1"
"7229","EPI_ISL_18132981",4,5,1,1,1,1,1,1,"4_5_1_1_1_1_1_1"
"7230","EPI_ISL_18132982",4,1,1,1,1,1,1,1,"4_1_1_1_1_1_1_1"
"7231","EPI_ISL_18132983",4,5,1,1,1,1,1,1,"4_5_1_1_1_1_1_1"
"7232","EPI_ISL_18132984",2,1,1,1,2,1,1,1,"2_1_1_1_2_1_1_1"
"7233","EPI_ISL_18132985",4,1,1,1,1,1,1,1,"4_1_1_1_1_1_1_1"
"7234","EPI_ISL_18132986",4,1,1,1,1,1,1,1,"4_1_1_1_1_1_1_1"
"7235","EPI_ISL_18132987",4,5,1,1,1,1,1,1,"4_5_1_1_1_1_1_1"
"7236","EPI_ISL_18132988",4,5,1,1,1,1,1,1,"4_5_1_1_1_1_1_1"
"7237","EPI_ISL_18132989",4,1,1,1,1,1,1,1,"4_1_1_1_1_1_1_1"
"7238","EPI_ISL_18132990",4,5,5,1,1,1,1,1,"4_5_5_1_1_1_1_1"
"7239","EPI_ISL_18132991",4,5,1,1,1,1,1,1,"4_5_1_1_1_1_1_1"
"7240","EPI_ISL_18231265",19,17,11,1,10,4,1,8,"19_17_11_1_10_4_1_8"
"7241","EPI_ISL_18231267",19,17,11,1,10,4,1,8,"19_17_11_1_10_4_1_8"
"7242","EPI_ISL_18231282",19,17,11,1,10,4,1,8,"19_17_11_1_10_4_1_8"
"7243","EPI_ISL_18231283",19,17,11,1,10,4,1,8,"19_17_11_1_10_4_1_8"
"7244","EPI_ISL_18231284",19,17,11,1,10,4,1,8,"19_17_11_1_10_4_1_8"
"7245","EPI_ISL_18231285",19,17,11,1,10,4,1,8,"19_17_11_1_10_4_1_8"
"7246","EPI_ISL_18231286",19,17,11,1,10,4,1,8,"19_17_11_1_10_4_1_8"
"7247","EPI_ISL_18231287",19,17,11,1,10,4,1,8,"19_17_11_1_10_4_1_8"
"7248","EPI_ISL_18231293",19,17,11,1,10,4,1,8,"19_17_11_1_10_4_1_8"
"7249","EPI_ISL_18255393",1,1,4,1,4,1,1,4,"1_1_4_1_4_1_1_4"
"7250","EPI_ISL_18255395",1,1,4,1,4,1,1,4,"1_1_4_1_4_1_1_4"
"7251","EPI_ISL_18255396",1,1,4,1,4,1,1,4,"1_1_4_1_4_1_1_4"
"7252","EPI_ISL_18255405",1,1,4,1,4,1,1,4,"1_1_4_1_4_1_1_4"
"7253","EPI_ISL_18255416",1,1,4,1,4,1,1,4,"1_1_4_1_4_1_1_4"
"7254","EPI_ISL_18255419",1,1,4,1,4,1,1,4,"1_1_4_1_4_1_1_4"
"7255","EPI_ISL_18304169",1,1,4,1,4,1,1,4,"1_1_4_1_4_1_1_4"
"7256","EPI_ISL_18304551",1,1,4,1,4,1,1,4,"1_1_4_1_4_1_1_4"
"7257","EPI_ISL_18345170",1,1,2,1,2,1,1,1,"1_1_2_1_2_1_1_1"
"7258","EPI_ISL_18345498",1,1,2,1,2,1,1,1,"1_1_2_1_2_1_1_1"
"7259","EPI_ISL_18361460",2,1,1,1,2,1,1,1,"2_1_1_1_2_1_1_1"
"7260","EPI_ISL_18361501",2,1,1,1,2,1,1,1,"2_1_1_1_2_1_1_1"
"7261","EPI_ISL_18361502",1,1,2,1,2,1,1,1,"1_1_2_1_2_1_1_1"
"7262","EPI_ISL_18361537",6,4,3,1,3,2,1,3,"6_4_3_1_3_2_1_3"
"7263","EPI_ISL_18362120",1,1,2,1,2,1,1,1,"1_1_2_1_2_1_1_1"
"7264","EPI_ISL_18378728",1,1,4,1,4,1,1,4,"1_1_4_1_4_1_1_4"
"7265","EPI_ISL_18378729",1,1,4,1,4,1,1,4,"1_1_4_1_4_1_1_4"
"7266","EPI_ISL_18378730",1,1,4,1,4,1,1,4,"1_1_4_1_4_1_1_4"
"7267","EPI_ISL_18378731",1,1,4,1,4,1,1,4,"1_1_4_1_4_1_1_4"
"7268","EPI_ISL_18378732",1,1,4,1,4,1,1,4,"1_1_4_1_4_1_1_4"
"7269","EPI_ISL_18378733",8,6,2,1,2,3,1,1,"8_6_2_1_2_3_1_1"
"7270","EPI_ISL_18435608",1,1,4,1,4,1,1,4,"1_1_4_1_4_1_1_4"
"7271","EPI_ISL_18435609",1,1,4,1,4,1,1,4,"1_1_4_1_4_1_1_4"
"7272","EPI_ISL_18435610",1,1,4,1,4,1,1,4,"1_1_4_1_4_1_1_4"
"7273","EPI_ISL_18435856",1,1,4,1,4,1,1,4,"1_1_4_1_4_1_1_4"
"7274","EPI_ISL_18435919",1,1,4,1,4,1,1,4,"1_1_4_1_4_1_1_4"
"7275","EPI_ISL_18436064",1,1,4,1,4,1,1,4,"1_1_4_1_4_1_1_4"
"7276","EPI_ISL_18436067",1,1,4,1,4,1,1,4,"1_1_4_1_4_1_1_4"
"7277","EPI_ISL_18501394",1,1,4,1,4,1,1,4,"1_1_4_1_4_1_1_4"
"7278","EPI_ISL_18501395",1,1,4,1,4,1,1,4,"1_1_4_1_4_1_1_4"
"7279","EPI_ISL_18501397",1,1,4,1,4,1,1,4,"1_1_4_1_4_1_1_4"
"7280","EPI_ISL_18501398",1,1,4,1,4,1,1,4,"1_1_4_1_4_1_1_4"
"7281","EPI_ISL_18501399",1,1,4,1,4,1,1,4,"1_1_4_1_4_1_1_4"
"7282","EPI_ISL_18501400",1,1,4,1,4,1,1,4,"1_1_4_1_4_1_1_4"
"7283","EPI_ISL_18501401",1,1,4,1,4,1,1,4,"1_1_4_1_4_1_1_4"
"7284","EPI_ISL_18501402",1,1,4,1,4,1,1,4,"1_1_4_1_4_1_1_4"
"7285","EPI_ISL_18501403",1,1,4,1,4,1,1,4,"1_1_4_1_4_1_1_4"
"7286","EPI_ISL_18501404",1,1,4,1,4,1,1,4,"1_1_4_1_4_1_1_4"
"7287","EPI_ISL_18501405",1,1,4,1,4,1,1,4,"1_1_4_1_4_1_1_4"
"7288","EPI_ISL_18607170",17,1,2,1,2,1,1,1,"17_1_2_1_2_1_1_1"
"7289","EPI_ISL_18697719",7,2,1,1,1,1,1,2,"7_2_1_1_1_1_1_2"
"7290","EPI_ISL_18697720",7,29,1,1,1,1,1,2,"7_29_1_1_1_1_1_2"
"7291","EPI_ISL_18697721",7,29,1,1,1,1,1,2,"7_29_1_1_1_1_1_2"
"7292","EPI_ISL_18697722",3,2,1,1,6,1,1,2,"3_2_1_1_6_1_1_2"
"7293","EPI_ISL_18697723",2,1,1,1,2,1,1,1,"2_1_1_1_2_1_1_1"
"7294","EPI_ISL_18697724",7,2,1,1,1,1,1,2,"7_2_1_1_1_1_1_2"
"7295","EPI_ISL_18697725",7,2,1,1,1,1,1,2,"7_2_1_1_1_1_1_2"
"7296","EPI_ISL_18697726",7,2,1,1,1,1,1,2,"7_2_1_1_1_1_1_2"
"7297","EPI_ISL_18697727",7,2,1,1,1,1,1,2,"7_2_1_1_1_1_1_2"
"7298","EPI_ISL_18697728",7,2,1,1,1,1,1,2,"7_2_1_1_1_1_1_2"
"7299","EPI_ISL_18697729",7,2,1,1,1,1,1,2,"7_2_1_1_1_1_1_2"
"7300","EPI_ISL_18697730",7,2,1,1,1,1,1,2,"7_2_1_1_1_1_1_2"
"7301","EPI_ISL_18697731",7,2,1,1,1,1,1,2,"7_2_1_1_1_1_1_2"
"7302","EPI_ISL_18697732",7,2,1,1,1,1,1,2,"7_2_1_1_1_1_1_2"
"7303","EPI_ISL_18697733",2,9,1,1,2,1,1,1,"2_9_1_1_2_1_1_1"
"7304","EPI_ISL_18697734",2,9,1,1,2,1,1,1,"2_9_1_1_2_1_1_1"
"7305","EPI_ISL_18697735",7,2,1,1,1,1,1,2,"7_2_1_1_1_1_1_2"
"7306","EPI_ISL_18697736",7,2,1,1,1,1,1,2,"7_2_1_1_1_1_1_2"
"7307","EPI_ISL_18697737",7,2,1,1,1,1,1,2,"7_2_1_1_1_1_1_2"
"7308","EPI_ISL_18697738",7,2,1,1,1,1,1,2,"7_2_1_1_1_1_1_2"
"7309","EPI_ISL_18697739",7,2,1,1,1,1,1,2,"7_2_1_1_1_1_1_2"
"7310","EPI_ISL_18697740",3,2,1,1,6,1,1,2,"3_2_1_1_6_1_1_2"
"7311","EPI_ISL_18697741",3,2,1,1,6,1,1,2,"3_2_1_1_6_1_1_2"
"7312","EPI_ISL_18697742",7,2,1,1,1,1,1,2,"7_2_1_1_1_1_1_2"
"7313","EPI_ISL_18697743",7,2,1,1,1,1,1,2,"7_2_1_1_1_1_1_2"
"7314","EPI_ISL_18697744",7,2,1,1,1,1,1,2,"7_2_1_1_1_1_1_2"
"7315","EPI_ISL_18697745",7,2,1,1,1,1,1,2,"7_2_1_1_1_1_1_2"
"7316","EPI_ISL_18697746",7,2,1,1,1,1,1,2,"7_2_1_1_1_1_1_2"
"7317","EPI_ISL_18697747",7,2,1,1,1,1,1,2,"7_2_1_1_1_1_1_2"
"7318","EPI_ISL_18697748",3,2,1,1,6,1,1,2,"3_2_1_1_6_1_1_2"
"7319","EPI_ISL_18697749",4,5,1,1,1,1,1,1,"4_5_1_1_1_1_1_1"
"7320","EPI_ISL_18697750",4,5,1,1,1,1,1,1,"4_5_1_1_1_1_1_1"
"7321","EPI_ISL_18755251",5,3,1,1,1,1,1,2,"5_3_1_1_1_1_1_2"
"7322","EPI_ISL_18755338",5,3,1,1,1,1,1,2,"5_3_1_1_1_1_1_2"
"7323","EPI_ISL_18755528",8,7,1,1,2,1,1,1,"8_7_1_1_2_1_1_1"
"7324","EPI_ISL_18755529",5,3,1,1,1,1,1,2,"5_3_1_1_1_1_1_2"
"7325","EPI_ISL_18755530",5,3,1,1,1,1,1,2,"5_3_1_1_1_1_1_2"
"7326","EPI_ISL_18755531",5,3,1,1,1,1,1,2,"5_3_1_1_1_1_1_2"
"7327","EPI_ISL_18755532",5,3,1,1,1,1,1,2,"5_3_1_1_1_1_1_2"
"7328","EPI_ISL_18755533",2,1,1,1,2,1,1,1,"2_1_1_1_2_1_1_1"
"7329","EPI_ISL_18755534",5,3,1,1,1,1,1,2,"5_3_1_1_1_1_1_2"
"7330","EPI_ISL_18755537",5,3,1,1,1,1,1,2,"5_3_1_1_1_1_1_2"
"7331","EPI_ISL_18755540",5,3,1,1,1,1,1,2,"5_3_1_1_1_1_1_2"
"7332","EPI_ISL_18755544",7,2,1,1,1,1,1,2,"7_2_1_1_1_1_1_2"
"7333","EPI_ISL_18010406",1,1,4,1,4,1,1,4,"1_1_4_1_4_1_1_4"
"7334","EPI_ISL_18010407",1,1,4,1,4,1,1,4,"1_1_4_1_4_1_1_4"
"7335","EPI_ISL_18010487",1,1,4,1,4,1,1,4,"1_1_4_1_4_1_1_4"
"7336","EPI_ISL_18010488",1,1,4,1,4,1,1,4,"1_1_4_1_4_1_1_4"
"7337","EPI_ISL_18010489",1,1,4,1,4,1,1,4,"1_1_4_1_4_1_1_4"
"7338","EPI_ISL_18010492",1,1,4,1,4,1,1,4,"1_1_4_1_4_1_1_4"
"7339","EPI_ISL_18010493",1,1,4,1,4,1,1,4,"1_1_4_1_4_1_1_4"
"7340","EPI_ISL_18010494",1,1,4,1,4,1,1,4,"1_1_4_1_4_1_1_4"
"7341","EPI_ISL_18010495",1,1,4,1,4,1,1,4,"1_1_4_1_4_1_1_4"
"7342","EPI_ISL_18010496",1,1,4,1,4,1,1,4,"1_1_4_1_4_1_1_4"
"7343","EPI_ISL_18010497",1,1,4,1,4,1,1,4,"1_1_4_1_4_1_1_4"
"7344","EPI_ISL_18010498",1,1,4,1,4,1,1,4,"1_1_4_1_4_1_1_4"
"7345","EPI_ISL_18010499",1,1,4,1,4,1,1,4,"1_1_4_1_4_1_1_4"
"7346","EPI_ISL_18010500",1,1,4,1,4,1,1,4,"1_1_4_1_4_1_1_4"
"7347","EPI_ISL_18010912",1,1,4,1,4,1,1,4,"1_1_4_1_4_1_1_4"
"7348","EPI_ISL_18010913",1,1,4,1,4,1,1,4,"1_1_4_1_4_1_1_4"
"7349","EPI_ISL_18010915",1,1,4,1,4,1,1,4,"1_1_4_1_4_1_1_4"
"7350","EPI_ISL_18010916",1,1,4,1,4,1,1,4,"1_1_4_1_4_1_1_4"
"7351","EPI_ISL_18010917",1,1,4,1,4,1,1,4,"1_1_4_1_4_1_1_4"
"7352","EPI_ISL_18010918",1,1,4,1,4,1,1,4,"1_1_4_1_4_1_1_4"
"7353","EPI_ISL_18010919",1,1,4,1,4,1,1,4,"1_1_4_1_4_1_1_4"
"7354","EPI_ISL_18010920",1,1,4,1,4,1,1,4,"1_1_4_1_4_1_1_4"
"7355","EPI_ISL_18010921",1,1,4,1,4,1,1,4,"1_1_4_1_4_1_1_4"
"7356","EPI_ISL_18010922",1,1,4,1,4,1,1,4,"1_1_4_1_4_1_1_4"
"7357","EPI_ISL_18010923",1,1,4,1,4,1,1,4,"1_1_4_1_4_1_1_4"
"7358","EPI_ISL_18010924",1,1,4,1,4,1,1,4,"1_1_4_1_4_1_1_4"
"7359","EPI_ISL_18010925",1,1,4,1,4,1,1,4,"1_1_4_1_4_1_1_4"
"7360","EPI_ISL_18010926",1,1,4,1,4,1,1,4,"1_1_4_1_4_1_1_4"
"7361","EPI_ISL_18010927",1,1,4,1,4,1,1,4,"1_1_4_1_4_1_1_4"
"7362","EPI_ISL_18010928",1,1,4,1,4,1,1,4,"1_1_4_1_4_1_1_4"
"7363","EPI_ISL_18010929",1,1,4,1,4,1,1,4,"1_1_4_1_4_1_1_4"
"7364","EPI_ISL_18010930",1,1,4,1,4,1,1,4,"1_1_4_1_4_1_1_4"
"7365","EPI_ISL_18010931",1,1,4,1,4,1,1,4,"1_1_4_1_4_1_1_4"
"7366","EPI_ISL_18010932",1,1,4,1,4,1,1,4,"1_1_4_1_4_1_1_4"
"7367","EPI_ISL_18010933",1,1,4,1,4,1,1,4,"1_1_4_1_4_1_1_4"
"7368","EPI_ISL_18010964",1,1,4,1,4,1,1,4,"1_1_4_1_4_1_1_4"
"7369","EPI_ISL_18011047",1,1,4,1,4,1,1,4,"1_1_4_1_4_1_1_4"
"7370","EPI_ISL_18011064",1,1,4,1,4,1,1,4,"1_1_4_1_4_1_1_4"
"7371","EPI_ISL_18011065",1,1,4,1,4,1,1,4,"1_1_4_1_4_1_1_4"
"7372","EPI_ISL_18011066",1,1,4,1,4,1,1,4,"1_1_4_1_4_1_1_4"
"7373","EPI_ISL_18011094",1,1,4,1,4,1,1,4,"1_1_4_1_4_1_1_4"
"7374","EPI_ISL_18011099",1,1,4,1,4,1,1,4,"1_1_4_1_4_1_1_4"
"7375","EPI_ISL_18011100",1,1,4,1,4,1,1,4,"1_1_4_1_4_1_1_4"
"7376","EPI_ISL_18059552",1,1,4,1,4,1,1,4,"1_1_4_1_4_1_1_4"
"7377","EPI_ISL_18075704",1,1,2,1,2,1,1,1,"1_1_2_1_2_1_1_1"
"7378","EPI_ISL_18075705",1,1,4,1,4,1,1,4,"1_1_4_1_4_1_1_4"
"7379","EPI_ISL_18075706",1,1,4,1,4,1,1,4,"1_1_4_1_4_1_1_4"
"7380","EPI_ISL_18075707",1,1,4,1,4,1,1,4,"1_1_4_1_4_1_1_4"
"7381","EPI_ISL_18075708",1,1,4,1,4,1,1,4,"1_1_4_1_4_1_1_4"
"7382","EPI_ISL_18075709",1,1,4,1,4,1,1,4,"1_1_4_1_4_1_1_4"
"7383","EPI_ISL_18075710",1,1,4,1,4,1,1,4,"1_1_4_1_4_1_1_4"
"7384","EPI_ISL_18075711",1,1,4,1,4,1,1,4,"1_1_4_1_4_1_1_4"
"7385","EPI_ISL_18075712",1,1,4,1,4,1,1,4,"1_1_4_1_4_1_1_4"
"7386","EPI_ISL_18075713",1,1,4,1,4,1,1,4,"1_1_4_1_4_1_1_4"
"7387","EPI_ISL_18075714",1,1,4,1,4,1,1,4,"1_1_4_1_4_1_1_4"
"7388","EPI_ISL_18075715",1,1,4,1,4,1,1,4,"1_1_4_1_4_1_1_4"
"7389","EPI_ISL_18075716",1,1,4,1,4,1,1,4,"1_1_4_1_4_1_1_4"
"7390","EPI_ISL_18075717",1,1,4,1,4,1,1,4,"1_1_4_1_4_1_1_4"
"7391","EPI_ISL_18075718",1,1,4,1,4,1,1,4,"1_1_4_1_4_1_1_4"
"7392","EPI_ISL_18075719",1,1,4,1,4,1,1,4,"1_1_4_1_4_1_1_4"
"7393","EPI_ISL_18075720",1,1,4,1,4,1,1,4,"1_1_4_1_4_1_1_4"
"7394","EPI_ISL_18075722",1,1,4,1,4,1,1,4,"1_1_4_1_4_1_1_4"
"7395","EPI_ISL_18075725",1,1,4,1,4,1,1,4,"1_1_4_1_4_1_1_4"
"7396","EPI_ISL_18075726",1,1,4,1,4,1,1,4,"1_1_4_1_4_1_1_4"
"7397","EPI_ISL_18075727",1,1,2,1,2,1,1,1,"1_1_2_1_2_1_1_1"
"7398","EPI_ISL_18075728",1,1,2,1,2,1,1,1,"1_1_2_1_2_1_1_1"
"7399","EPI_ISL_18075729",1,1,4,1,4,1,1,4,"1_1_4_1_4_1_1_4"
"7400","EPI_ISL_18075730",1,1,4,1,4,1,1,4,"1_1_4_1_4_1_1_4"
"7401","EPI_ISL_18075731",1,1,4,1,4,1,1,4,"1_1_4_1_4_1_1_4"
"7402","EPI_ISL_18075732",1,1,4,1,4,1,1,4,"1_1_4_1_4_1_1_4"
"7403","EPI_ISL_18075733",1,1,4,1,4,1,1,4,"1_1_4_1_4_1_1_4"
"7404","EPI_ISL_18075770",1,1,4,1,4,1,1,4,"1_1_4_1_4_1_1_4"
"7405","EPI_ISL_18075816",1,1,2,1,2,1,1,1,"1_1_2_1_2_1_1_1"
"7406","EPI_ISL_18076008",1,1,4,1,4,1,1,4,"1_1_4_1_4_1_1_4"
"7407","EPI_ISL_18076009",1,1,4,1,4,1,1,4,"1_1_4_1_4_1_1_4"
"7408","EPI_ISL_18076010",1,1,4,1,4,1,1,4,"1_1_4_1_4_1_1_4"
"7409","EPI_ISL_18076011",1,1,4,1,4,1,1,4,"1_1_4_1_4_1_1_4"
"7410","EPI_ISL_18076012",1,7,2,1,20,1,1,1,"1_7_2_1_20_1_1_1"
"7411","EPI_ISL_18076013",1,7,2,1,20,1,1,1,"1_7_2_1_20_1_1_1"
"7412","EPI_ISL_18076016",1,1,4,1,4,1,1,4,"1_1_4_1_4_1_1_4"
"7413","EPI_ISL_18076029",1,1,4,1,4,1,1,4,"1_1_4_1_4_1_1_4"
"7414","EPI_ISL_18076030",1,1,4,1,4,1,1,4,"1_1_4_1_4_1_1_4"
"7415","EPI_ISL_18076031",1,1,4,1,4,1,1,4,"1_1_4_1_4_1_1_4"
"7416","EPI_ISL_18132673",4,1,1,1,1,1,1,1,"4_1_1_1_1_1_1_1"
"7417","EPI_ISL_18132674",2,1,1,1,2,1,1,1,"2_1_1_1_2_1_1_1"
"7418","EPI_ISL_18132675",4,1,1,1,1,1,1,1,"4_1_1_1_1_1_1_1"
"7419","EPI_ISL_18132680",2,1,1,1,2,1,1,1,"2_1_1_1_2_1_1_1"
"7420","EPI_ISL_18132681",4,1,1,1,1,1,1,1,"4_1_1_1_1_1_1_1"
"7421","EPI_ISL_18132682",4,1,1,1,1,1,1,1,"4_1_1_1_1_1_1_1"
"7422","EPI_ISL_18132683",2,1,1,1,2,1,1,1,"2_1_1_1_2_1_1_1"
"7423","EPI_ISL_18132684",4,1,1,1,1,1,1,1,"4_1_1_1_1_1_1_1"
"7424","EPI_ISL_18132685",5,1,1,1,1,1,1,1,"5_1_1_1_1_1_1_1"
"7425","EPI_ISL_18132686",4,1,1,1,1,1,1,1,"4_1_1_1_1_1_1_1"
"7426","EPI_ISL_18132687",2,1,1,1,2,1,1,1,"2_1_1_1_2_1_1_1"
"7427","EPI_ISL_18132704",2,1,1,1,2,1,1,1,"2_1_1_1_2_1_1_1"
"7428","EPI_ISL_18132705",4,1,1,1,1,1,1,1,"4_1_1_1_1_1_1_1"
"7429","EPI_ISL_18132706",4,1,1,1,1,1,1,1,"4_1_1_1_1_1_1_1"
"7430","EPI_ISL_18132707",2,1,1,1,1,1,1,1,"2_1_1_1_1_1_1_1"
"7431","EPI_ISL_18132708",4,1,1,1,1,1,1,1,"4_1_1_1_1_1_1_1"
"7432","EPI_ISL_18132709",4,1,1,1,1,1,1,1,"4_1_1_1_1_1_1_1"
"7433","EPI_ISL_18132710",4,1,1,1,1,1,1,1,"4_1_1_1_1_1_1_1"
"7434","EPI_ISL_18132711",2,1,1,1,1,1,1,1,"2_1_1_1_1_1_1_1"
"7435","EPI_ISL_18132712",4,5,5,1,1,1,1,1,"4_5_5_1_1_1_1_1"
"7436","EPI_ISL_18132713",5,3,1,1,1,1,1,2,"5_3_1_1_1_1_1_2"
"7437","EPI_ISL_18132714",4,1,1,1,1,1,1,1,"4_1_1_1_1_1_1_1"
"7438","EPI_ISL_18132715",2,1,1,1,2,1,1,1,"2_1_1_1_2_1_1_1"
"7439","EPI_ISL_18132716",5,3,1,1,1,1,1,2,"5_3_1_1_1_1_1_2"
"7440","EPI_ISL_18132717",4,1,1,1,1,1,1,1,"4_1_1_1_1_1_1_1"
"7441","EPI_ISL_18132718",5,1,1,1,1,1,1,1,"5_1_1_1_1_1_1_1"
"7442","EPI_ISL_18132719",4,1,1,1,1,1,1,1,"4_1_1_1_1_1_1_1"
"7443","EPI_ISL_18132720",2,1,1,1,2,1,1,1,"2_1_1_1_2_1_1_1"
"7444","EPI_ISL_18132721",5,1,1,1,1,1,1,1,"5_1_1_1_1_1_1_1"
"7445","EPI_ISL_18132722",4,1,1,1,1,1,1,1,"4_1_1_1_1_1_1_1"
"7446","EPI_ISL_18132723",4,1,1,1,1,1,1,1,"4_1_1_1_1_1_1_1"
"7447","EPI_ISL_18132724",5,1,1,1,1,1,1,1,"5_1_1_1_1_1_1_1"
"7448","EPI_ISL_18132725",4,1,1,1,1,1,1,1,"4_1_1_1_1_1_1_1"
"7449","EPI_ISL_18132726",4,1,1,1,1,1,1,1,"4_1_1_1_1_1_1_1"
"7450","EPI_ISL_18132727",4,1,1,1,1,1,1,1,"4_1_1_1_1_1_1_1"
"7451","EPI_ISL_18132728",2,1,1,1,2,1,1,1,"2_1_1_1_2_1_1_1"
"7452","EPI_ISL_18132729",4,1,1,1,1,1,1,1,"4_1_1_1_1_1_1_1"
"7453","EPI_ISL_18132730",4,1,1,1,1,1,1,1,"4_1_1_1_1_1_1_1"
"7454","EPI_ISL_18132731",4,1,1,1,1,1,1,1,"4_1_1_1_1_1_1_1"
"7455","EPI_ISL_18132732",4,1,1,1,1,1,1,1,"4_1_1_1_1_1_1_1"
"7456","EPI_ISL_18132733",5,1,1,1,1,1,1,1,"5_1_1_1_1_1_1_1"
"7457","EPI_ISL_18132734",4,1,1,1,1,1,1,1,"4_1_1_1_1_1_1_1"
"7458","EPI_ISL_18132735",4,1,1,1,1,1,1,1,"4_1_1_1_1_1_1_1"
"7459","EPI_ISL_18132992",5,3,1,1,1,1,1,2,"5_3_1_1_1_1_1_2"
"7460","EPI_ISL_18132993",4,1,1,1,1,1,1,1,"4_1_1_1_1_1_1_1"
"7461","EPI_ISL_18132994",4,5,5,1,1,1,1,1,"4_5_5_1_1_1_1_1"
"7462","EPI_ISL_18132995",4,5,1,1,1,1,1,1,"4_5_1_1_1_1_1_1"
"7463","EPI_ISL_18132996",5,3,1,1,1,1,1,2,"5_3_1_1_1_1_1_2"
"7464","EPI_ISL_18132997",2,1,1,1,2,1,1,1,"2_1_1_1_2_1_1_1"
"7465","EPI_ISL_18132998",4,5,5,1,1,1,1,1,"4_5_5_1_1_1_1_1"
"7466","EPI_ISL_18132999",4,5,1,1,1,1,1,1,"4_5_1_1_1_1_1_1"
"7467","EPI_ISL_18133000",5,3,1,1,1,1,1,2,"5_3_1_1_1_1_1_2"
"7468","EPI_ISL_18133001",4,1,1,1,1,1,1,1,"4_1_1_1_1_1_1_1"
"7469","EPI_ISL_18133002",2,1,1,1,2,1,1,1,"2_1_1_1_2_1_1_1"
"7470","EPI_ISL_18133003",4,5,1,1,1,1,1,1,"4_5_1_1_1_1_1_1"
"7471","EPI_ISL_18133004",4,1,1,1,1,1,1,1,"4_1_1_1_1_1_1_1"
"7472","EPI_ISL_18133005",4,1,1,1,1,1,1,1,"4_1_1_1_1_1_1_1"
"7473","EPI_ISL_18133006",3,1,1,1,1,1,1,1,"3_1_1_1_1_1_1_1"
"7474","EPI_ISL_18133007",4,5,1,1,1,1,1,1,"4_5_1_1_1_1_1_1"
"7475","EPI_ISL_18133008",4,1,1,1,1,1,1,1,"4_1_1_1_1_1_1_1"
"7476","EPI_ISL_18133009",3,1,1,1,1,1,1,1,"3_1_1_1_1_1_1_1"
"7477","EPI_ISL_18133010",2,1,1,1,2,1,1,1,"2_1_1_1_2_1_1_1"
"7478","EPI_ISL_18133011",4,5,1,1,1,1,1,1,"4_5_1_1_1_1_1_1"
"7479","EPI_ISL_18133012",4,1,1,1,1,1,1,2,"4_1_1_1_1_1_1_2"
"7480","EPI_ISL_18133013",2,1,1,1,2,1,1,1,"2_1_1_1_2_1_1_1"
"7481","EPI_ISL_18133014",4,5,1,1,1,1,1,1,"4_5_1_1_1_1_1_1"
"7482","EPI_ISL_18133015",4,5,1,1,1,1,1,1,"4_5_1_1_1_1_1_1"
"7483","EPI_ISL_18133016",3,1,1,1,1,1,1,1,"3_1_1_1_1_1_1_1"
"7484","EPI_ISL_18133017",2,1,1,1,2,1,1,1,"2_1_1_1_2_1_1_1"
"7485","EPI_ISL_18133018",4,5,1,1,1,1,1,1,"4_5_1_1_1_1_1_1"
"7486","EPI_ISL_18133019",4,5,1,1,1,1,1,1,"4_5_1_1_1_1_1_1"
"7487","EPI_ISL_18133020",3,1,1,1,1,1,1,1,"3_1_1_1_1_1_1_1"
"7488","EPI_ISL_18133021",2,1,1,1,2,1,1,1,"2_1_1_1_2_1_1_1"
"7489","EPI_ISL_18133022",2,1,1,1,2,1,1,1,"2_1_1_1_2_1_1_1"
"7490","EPI_ISL_18133023",2,1,1,1,2,1,1,1,"2_1_1_1_2_1_1_1"
"7491","EPI_ISL_18133024",2,1,1,1,2,1,1,1,"2_1_1_1_2_1_1_1"
"7492","EPI_ISL_18133025",2,1,1,1,2,1,1,1,"2_1_1_1_2_1_1_1"
"7493","EPI_ISL_18133026",2,1,1,1,2,1,1,1,"2_1_1_1_2_1_1_1"
"7494","EPI_ISL_18133027",4,1,1,1,1,1,1,1,"4_1_1_1_1_1_1_1"
"7495","EPI_ISL_18133028",4,5,1,1,1,1,1,1,"4_5_1_1_1_1_1_1"
"7496","EPI_ISL_18133029",2,1,1,1,2,1,1,1,"2_1_1_1_2_1_1_1"
"7497","EPI_ISL_18133030",4,1,1,1,1,1,1,1,"4_1_1_1_1_1_1_1"
"7498","EPI_ISL_18133031",4,5,1,1,1,1,1,1,"4_5_1_1_1_1_1_1"
"7499","EPI_ISL_18133032",2,1,1,1,2,1,1,1,"2_1_1_1_2_1_1_1"
"7500","EPI_ISL_18133033",5,1,1,1,1,1,1,1,"5_1_1_1_1_1_1_1"
"7501","EPI_ISL_18133034",2,1,1,1,2,1,1,1,"2_1_1_1_2_1_1_1"
"7502","EPI_ISL_18133035",2,1,1,1,2,1,1,1,"2_1_1_1_2_1_1_1"
"7503","EPI_ISL_18133036",3,1,1,1,1,1,1,1,"3_1_1_1_1_1_1_1"
"7504","EPI_ISL_18133037",5,1,1,1,1,1,1,1,"5_1_1_1_1_1_1_1"
"7505","EPI_ISL_18133038",2,1,1,1,2,1,1,1,"2_1_1_1_2_1_1_1"
"7506","EPI_ISL_18133039",2,1,1,1,2,1,1,1,"2_1_1_1_2_1_1_1"
"7507","EPI_ISL_18133040",4,5,5,1,1,1,1,1,"4_5_5_1_1_1_1_1"
"7508","EPI_ISL_18133041",5,1,1,1,1,1,1,1,"5_1_1_1_1_1_1_1"
"7509","EPI_ISL_18133042",4,1,1,1,1,1,1,1,"4_1_1_1_1_1_1_1"
"7510","EPI_ISL_18133043",2,1,1,1,2,1,1,1,"2_1_1_1_2_1_1_1"
"7511","EPI_ISL_18133044",4,5,1,1,1,1,1,1,"4_5_1_1_1_1_1_1"
"7512","EPI_ISL_18133045",4,1,1,1,1,1,1,1,"4_1_1_1_1_1_1_1"
"7513","EPI_ISL_18133046",4,1,1,1,1,1,1,1,"4_1_1_1_1_1_1_1"
"7514","EPI_ISL_18133047",2,1,1,1,2,1,1,1,"2_1_1_1_2_1_1_1"
"7515","EPI_ISL_18133048",2,1,1,1,2,1,1,1,"2_1_1_1_2_1_1_1"
"7516","EPI_ISL_18133049",5,1,1,1,1,1,1,1,"5_1_1_1_1_1_1_1"
"7517","EPI_ISL_18133050",4,1,1,1,1,1,1,1,"4_1_1_1_1_1_1_1"
"7518","EPI_ISL_18133051",2,1,1,1,2,1,1,1,"2_1_1_1_2_1_1_1"
"7519","EPI_ISL_18133052",2,1,1,1,2,1,1,1,"2_1_1_1_2_1_1_1"
"7520","EPI_ISL_18133053",5,1,1,1,1,1,1,1,"5_1_1_1_1_1_1_1"
"7521","EPI_ISL_18133054",2,1,1,1,2,1,1,1,"2_1_1_1_2_1_1_1"
"7522","EPI_ISL_18133055",2,1,1,1,2,1,1,1,"2_1_1_1_2_1_1_1"
"7523","EPI_ISL_18133056",4,5,1,1,1,1,1,1,"4_5_1_1_1_1_1_1"
"7524","EPI_ISL_18133057",5,3,1,1,1,1,1,2,"5_3_1_1_1_1_1_2"
"7525","EPI_ISL_18133058",4,5,1,1,1,1,1,1,"4_5_1_1_1_1_1_1"
"7526","EPI_ISL_18133059",2,1,1,1,2,1,1,1,"2_1_1_1_2_1_1_1"
"7527","EPI_ISL_18133060",4,5,1,1,1,1,1,1,"4_5_1_1_1_1_1_1"
"7528","EPI_ISL_18133061",4,1,1,1,1,1,1,1,"4_1_1_1_1_1_1_1"
"7529","EPI_ISL_18133062",4,5,1,1,1,1,1,1,"4_5_1_1_1_1_1_1"
"7530","EPI_ISL_18133063",2,1,1,1,2,1,1,1,"2_1_1_1_2_1_1_1"
"7531","EPI_ISL_18133064",2,1,1,1,2,1,1,1,"2_1_1_1_2_1_1_1"
"7532","EPI_ISL_18133065",5,3,1,1,1,1,1,2,"5_3_1_1_1_1_1_2"
"7533","EPI_ISL_18133066",4,5,1,1,1,1,1,1,"4_5_1_1_1_1_1_1"
"7534","EPI_ISL_18133067",2,1,1,1,2,1,1,1,"2_1_1_1_2_1_1_1"
"7535","EPI_ISL_18133068",2,1,1,1,2,1,1,1,"2_1_1_1_2_1_1_1"
"7536","EPI_ISL_18133069",5,3,1,1,1,1,1,2,"5_3_1_1_1_1_1_2"
"7537","EPI_ISL_18133070",4,5,1,1,1,1,1,1,"4_5_1_1_1_1_1_1"
"7538","EPI_ISL_18133071",4,1,1,1,1,1,1,1,"4_1_1_1_1_1_1_1"
"7539","EPI_ISL_18133072",2,1,1,1,2,1,1,1,"2_1_1_1_2_1_1_1"
"7540","EPI_ISL_18133073",2,1,1,1,2,1,1,1,"2_1_1_1_2_1_1_1"
"7541","EPI_ISL_18133074",4,1,1,1,1,1,1,1,"4_1_1_1_1_1_1_1"
"7542","EPI_ISL_18133075",2,1,1,1,2,1,1,1,"2_1_1_1_2_1_1_1"
"7543","EPI_ISL_18133076",2,1,1,1,2,1,1,1,"2_1_1_1_2_1_1_1"
"7544","EPI_ISL_18133077",3,1,1,1,1,1,1,1,"3_1_1_1_1_1_1_1"
"7545","EPI_ISL_18133078",2,1,1,1,2,1,1,1,"2_1_1_1_2_1_1_1"
"7546","EPI_ISL_18133079",4,5,5,1,1,1,1,1,"4_5_5_1_1_1_1_1"
"7547","EPI_ISL_18133080",2,1,1,1,2,1,1,1,"2_1_1_1_2_1_1_1"
"7548","EPI_ISL_18133081",5,1,1,1,1,1,1,2,"5_1_1_1_1_1_1_2"
"7549","EPI_ISL_18133082",2,1,1,1,2,1,1,1,"2_1_1_1_2_1_1_1"
"7550","EPI_ISL_18133083",2,1,1,1,2,1,1,1,"2_1_1_1_2_1_1_1"
"7551","EPI_ISL_18133084",2,1,1,1,2,1,1,1,"2_1_1_1_2_1_1_1"
"7552","EPI_ISL_18133085",2,1,1,1,2,1,1,1,"2_1_1_1_2_1_1_1"
"7553","EPI_ISL_18133086",4,1,1,1,1,1,1,1,"4_1_1_1_1_1_1_1"
"7554","EPI_ISL_18133087",2,1,1,1,2,1,1,1,"2_1_1_1_2_1_1_1"
"7555","EPI_ISL_18133088",2,1,1,1,2,1,1,1,"2_1_1_1_2_1_1_1"
"7556","EPI_ISL_18133089",2,1,1,1,2,1,1,1,"2_1_1_1_2_1_1_1"
"7557","EPI_ISL_18133090",4,1,1,1,1,1,1,1,"4_1_1_1_1_1_1_1"
"7558","EPI_ISL_18133091",2,1,1,1,2,1,1,1,"2_1_1_1_2_1_1_1"
"7559","EPI_ISL_18133092",2,1,1,1,2,1,1,1,"2_1_1_1_2_1_1_1"
"7560","EPI_ISL_18133093",5,1,1,1,1,1,1,1,"5_1_1_1_1_1_1_1"
"7561","EPI_ISL_18133094",4,5,5,1,1,1,1,1,"4_5_5_1_1_1_1_1"
"7562","EPI_ISL_18133095",2,1,1,1,2,1,1,1,"2_1_1_1_2_1_1_1"
"7563","EPI_ISL_18133096",4,1,1,1,1,1,1,1,"4_1_1_1_1_1_1_1"
"7564","EPI_ISL_18133097",2,1,1,1,2,1,1,1,"2_1_1_1_2_1_1_1"
"7565","EPI_ISL_18133098",4,5,5,1,1,1,1,1,"4_5_5_1_1_1_1_1"
"7566","EPI_ISL_18133099",4,1,1,1,1,1,1,1,"4_1_1_1_1_1_1_1"
"7567","EPI_ISL_18133100",4,1,1,1,1,1,1,1,"4_1_1_1_1_1_1_1"
"7568","EPI_ISL_18133101",5,3,1,1,1,1,1,2,"5_3_1_1_1_1_1_2"
"7569","EPI_ISL_18133102",4,5,5,1,1,1,1,1,"4_5_5_1_1_1_1_1"
"7570","EPI_ISL_18133103",4,1,1,1,1,1,1,1,"4_1_1_1_1_1_1_1"
"7571","EPI_ISL_18133104",3,1,1,1,1,1,1,1,"3_1_1_1_1_1_1_1"
"7572","EPI_ISL_18133105",2,1,1,1,2,1,1,1,"2_1_1_1_2_1_1_1"
"7573","EPI_ISL_18133106",2,1,1,1,2,1,1,1,"2_1_1_1_2_1_1_1"
"7574","EPI_ISL_18133107",2,1,1,1,2,1,1,1,"2_1_1_1_2_1_1_1"
"7575","EPI_ISL_18133108",3,1,1,1,1,1,1,1,"3_1_1_1_1_1_1_1"
"7576","EPI_ISL_18133109",2,1,1,1,2,1,1,1,"2_1_1_1_2_1_1_1"
"7577","EPI_ISL_18133110",4,5,5,1,1,1,1,1,"4_5_5_1_1_1_1_1"
"7578","EPI_ISL_18133111",2,1,1,1,2,1,1,1,"2_1_1_1_2_1_1_1"
"7579","EPI_ISL_18133112",4,1,1,1,1,1,1,1,"4_1_1_1_1_1_1_1"
"7580","EPI_ISL_18133113",2,1,1,1,2,1,1,1,"2_1_1_1_2_1_1_1"
"7581","EPI_ISL_18133114",2,1,1,1,2,1,1,1,"2_1_1_1_2_1_1_1"
"7582","EPI_ISL_18133115",2,1,1,1,2,1,1,1,"2_1_1_1_2_1_1_1"
"7583","EPI_ISL_18133116",2,1,1,1,2,1,1,1,"2_1_1_1_2_1_1_1"
"7584","EPI_ISL_18133117",2,1,1,1,2,1,1,1,"2_1_1_1_2_1_1_1"
"7585","EPI_ISL_18133118",2,1,1,1,2,1,1,1,"2_1_1_1_2_1_1_1"
"7586","EPI_ISL_18133119",2,1,1,1,2,1,1,1,"2_1_1_1_2_1_1_1"
"7587","EPI_ISL_18133120",4,5,5,1,1,1,1,1,"4_5_5_1_1_1_1_1"
"7588","EPI_ISL_18133121",2,1,1,1,2,1,1,1,"2_1_1_1_2_1_1_1"
"7589","EPI_ISL_18133122",2,1,1,1,2,1,1,1,"2_1_1_1_2_1_1_1"
"7590","EPI_ISL_18133123",4,5,5,1,1,1,1,1,"4_5_5_1_1_1_1_1"
"7591","EPI_ISL_18133124",2,1,1,1,2,1,1,1,"2_1_1_1_2_1_1_1"
"7592","EPI_ISL_18133125",2,1,1,1,2,1,1,1,"2_1_1_1_2_1_1_1"
"7593","EPI_ISL_18133126",4,5,5,1,1,1,1,1,"4_5_5_1_1_1_1_1"
"7594","EPI_ISL_18133127",2,1,1,1,2,1,1,1,"2_1_1_1_2_1_1_1"
"7595","EPI_ISL_18133128",2,1,1,1,2,1,1,1,"2_1_1_1_2_1_1_1"
"7596","EPI_ISL_18133129",2,1,1,1,2,1,1,1,"2_1_1_1_2_1_1_1"
"7597","EPI_ISL_18133130",2,1,1,1,2,1,1,1,"2_1_1_1_2_1_1_1"
"7598","EPI_ISL_18133131",2,1,1,1,2,1,1,1,"2_1_1_1_2_1_1_1"
"7599","EPI_ISL_18133132",5,3,1,1,1,1,1,2,"5_3_1_1_1_1_1_2"
"7600","EPI_ISL_18133133",2,1,1,1,2,1,1,1,"2_1_1_1_2_1_1_1"
"7601","EPI_ISL_18133134",2,1,1,1,2,1,1,1,"2_1_1_1_2_1_1_1"
"7602","EPI_ISL_18133135",4,1,1,1,1,1,1,1,"4_1_1_1_1_1_1_1"
"7603","EPI_ISL_18133136",5,1,1,1,1,1,1,1,"5_1_1_1_1_1_1_1"
"7604","EPI_ISL_18133137",2,1,1,1,2,1,1,1,"2_1_1_1_2_1_1_1"
"7605","EPI_ISL_18133138",2,1,1,1,2,1,1,1,"2_1_1_1_2_1_1_1"
"7606","EPI_ISL_18133139",4,1,1,1,1,1,1,1,"4_1_1_1_1_1_1_1"
"7607","EPI_ISL_18133140",2,1,1,1,2,1,1,1,"2_1_1_1_2_1_1_1"
"7608","EPI_ISL_18133141",2,1,1,1,2,1,1,1,"2_1_1_1_2_1_1_1"
"7609","EPI_ISL_18133142",2,1,1,1,2,1,1,1,"2_1_1_1_2_1_1_1"
"7610","EPI_ISL_18133143",4,1,1,1,1,1,1,1,"4_1_1_1_1_1_1_1"
"7611","EPI_ISL_18133144",2,1,1,1,2,1,1,1,"2_1_1_1_2_1_1_1"
"7612","EPI_ISL_18133145",2,1,1,1,2,1,1,1,"2_1_1_1_2_1_1_1"
"7613","EPI_ISL_18133146",2,1,1,1,2,1,1,1,"2_1_1_1_2_1_1_1"
"7614","EPI_ISL_18133147",4,1,1,1,1,1,1,1,"4_1_1_1_1_1_1_1"
"7615","EPI_ISL_18133148",2,1,1,1,2,1,1,1,"2_1_1_1_2_1_1_1"
"7616","EPI_ISL_18133149",2,1,1,1,2,1,1,1,"2_1_1_1_2_1_1_1"
"7617","EPI_ISL_18133150",2,1,1,1,2,1,1,1,"2_1_1_1_2_1_1_1"
"7618","EPI_ISL_18133151",4,5,1,1,1,1,1,1,"4_5_1_1_1_1_1_1"
"7619","EPI_ISL_18133152",4,1,1,1,1,1,1,1,"4_1_1_1_1_1_1_1"
"7620","EPI_ISL_18133153",3,1,1,1,1,1,1,1,"3_1_1_1_1_1_1_1"
"7621","EPI_ISL_18133154",4,5,5,1,1,1,1,1,"4_5_5_1_1_1_1_1"
"7622","EPI_ISL_18133155",4,5,1,1,1,1,1,1,"4_5_1_1_1_1_1_1"
"7623","EPI_ISL_18133156",2,1,1,1,2,1,1,1,"2_1_1_1_2_1_1_1"
"7624","EPI_ISL_18133157",4,1,1,1,1,1,1,1,"4_1_1_1_1_1_1_1"
"7625","EPI_ISL_18133158",4,5,5,1,1,1,1,1,"4_5_5_1_1_1_1_1"
"7626","EPI_ISL_18133159",2,1,1,1,2,1,1,1,"2_1_1_1_2_1_1_1"
"7627","EPI_ISL_18133160",2,1,1,1,2,1,1,1,"2_1_1_1_2_1_1_1"
"7628","EPI_ISL_18133161",4,1,1,1,1,1,1,1,"4_1_1_1_1_1_1_1"
"7629","EPI_ISL_18133162",4,1,1,1,1,1,1,1,"4_1_1_1_1_1_1_1"
"7630","EPI_ISL_18133163",2,1,1,1,2,1,1,1,"2_1_1_1_2_1_1_1"
"7631","EPI_ISL_18133164",2,1,1,1,2,1,1,1,"2_1_1_1_2_1_1_1"
"7632","EPI_ISL_18133165",4,1,1,1,1,1,1,1,"4_1_1_1_1_1_1_1"
"7633","EPI_ISL_18133166",4,1,1,1,1,1,1,1,"4_1_1_1_1_1_1_1"
"7634","EPI_ISL_18133167",2,1,1,1,2,1,1,1,"2_1_1_1_2_1_1_1"
"7635","EPI_ISL_18133168",2,1,1,1,2,1,1,1,"2_1_1_1_2_1_1_1"
"7636","EPI_ISL_18133169",4,1,1,1,1,1,1,1,"4_1_1_1_1_1_1_1"
"7637","EPI_ISL_18133170",5,3,1,1,1,1,1,2,"5_3_1_1_1_1_1_2"
"7638","EPI_ISL_18133171",4,5,5,1,1,1,1,1,"4_5_5_1_1_1_1_1"
"7639","EPI_ISL_18133172",4,1,1,1,1,1,1,1,"4_1_1_1_1_1_1_1"
"7640","EPI_ISL_18133173",5,3,1,1,1,1,1,2,"5_3_1_1_1_1_1_2"
"7641","EPI_ISL_18133174",5,1,1,1,1,1,1,1,"5_1_1_1_1_1_1_1"
"7642","EPI_ISL_18133175",2,1,1,1,1,1,1,1,"2_1_1_1_1_1_1_1"
"7643","EPI_ISL_18133176",5,3,1,1,1,1,1,2,"5_3_1_1_1_1_1_2"
"7644","EPI_ISL_18133177",4,1,1,1,1,1,1,1,"4_1_1_1_1_1_1_1"
"7645","EPI_ISL_18133178",2,1,1,1,2,1,1,1,"2_1_1_1_2_1_1_1"
"7646","EPI_ISL_18133179",5,3,1,1,1,1,1,2,"5_3_1_1_1_1_1_2"
"7647","EPI_ISL_18133180",4,1,1,1,1,1,1,1,"4_1_1_1_1_1_1_1"
"7648","EPI_ISL_18133181",2,1,1,1,2,1,1,1,"2_1_1_1_2_1_1_1"
"7649","EPI_ISL_18133182",5,3,1,1,1,1,1,2,"5_3_1_1_1_1_1_2"
"7650","EPI_ISL_18133183",4,1,1,1,1,1,1,1,"4_1_1_1_1_1_1_1"
"7651","EPI_ISL_18133184",2,1,1,1,1,1,1,1,"2_1_1_1_1_1_1_1"
"7652","EPI_ISL_18133185",5,3,1,1,1,1,1,2,"5_3_1_1_1_1_1_2"
"7653","EPI_ISL_18133186",4,5,1,1,1,1,1,1,"4_5_1_1_1_1_1_1"
"7654","EPI_ISL_18133187",2,1,1,1,1,1,1,1,"2_1_1_1_1_1_1_1"
"7655","EPI_ISL_18133188",2,1,1,1,1,1,1,1,"2_1_1_1_1_1_1_1"
"7656","EPI_ISL_18133189",4,5,5,1,1,1,1,1,"4_5_5_1_1_1_1_1"
"7657","EPI_ISL_18133190",4,5,1,1,1,1,1,1,"4_5_1_1_1_1_1_1"
"7658","EPI_ISL_18133191",2,1,1,1,1,1,1,1,"2_1_1_1_1_1_1_1"
"7659","EPI_ISL_18133192",2,1,1,1,1,1,1,1,"2_1_1_1_1_1_1_1"
"7660","EPI_ISL_18133193",5,3,1,1,1,1,1,2,"5_3_1_1_1_1_1_2"
"7661","EPI_ISL_18133194",5,3,1,1,1,1,1,2,"5_3_1_1_1_1_1_2"
"7662","EPI_ISL_18133195",5,1,1,1,1,1,1,1,"5_1_1_1_1_1_1_1"
"7663","EPI_ISL_18133196",2,1,1,1,1,1,1,1,"2_1_1_1_1_1_1_1"
"7664","EPI_ISL_18133197",4,1,1,1,1,1,1,1,"4_1_1_1_1_1_1_1"
"7665","EPI_ISL_18133198",4,5,1,1,1,1,1,1,"4_5_1_1_1_1_1_1"
"7666","EPI_ISL_18133199",4,1,1,1,1,1,1,1,"4_1_1_1_1_1_1_1"
"7667","EPI_ISL_18133200",2,1,1,1,2,1,1,1,"2_1_1_1_2_1_1_1"
"7668","EPI_ISL_18133201",4,1,1,1,1,1,1,1,"4_1_1_1_1_1_1_1"
"7669","EPI_ISL_18133202",4,1,1,1,1,1,1,1,"4_1_1_1_1_1_1_1"
"7670","EPI_ISL_18133203",5,1,1,1,1,1,1,1,"5_1_1_1_1_1_1_1"
"7671","EPI_ISL_18133204",2,1,1,1,2,1,1,1,"2_1_1_1_2_1_1_1"
"7672","EPI_ISL_18133205",4,1,1,1,1,1,1,1,"4_1_1_1_1_1_1_1"
"7673","EPI_ISL_18133206",5,3,1,1,1,1,1,2,"5_3_1_1_1_1_1_2"
"7674","EPI_ISL_18133207",5,1,1,1,1,1,1,1,"5_1_1_1_1_1_1_1"
"7675","EPI_ISL_18133208",2,1,1,1,2,1,1,1,"2_1_1_1_2_1_1_1"
"7676","EPI_ISL_18133209",5,3,1,1,1,1,1,2,"5_3_1_1_1_1_1_2"
"7677","EPI_ISL_18133210",4,1,1,1,1,1,1,1,"4_1_1_1_1_1_1_1"
"7678","EPI_ISL_18133211",4,1,1,1,1,1,1,1,"4_1_1_1_1_1_1_1"
"7679","EPI_ISL_18133212",2,1,1,1,2,1,1,1,"2_1_1_1_2_1_1_1"
"7680","EPI_ISL_18133213",5,3,1,1,1,1,1,2,"5_3_1_1_1_1_1_2"
"7681","EPI_ISL_18133214",4,1,1,1,1,1,1,1,"4_1_1_1_1_1_1_1"
"7682","EPI_ISL_18133215",4,1,1,1,1,1,1,1,"4_1_1_1_1_1_1_1"
"7683","EPI_ISL_18133216",4,1,1,1,1,1,1,1,"4_1_1_1_1_1_1_1"
"7684","EPI_ISL_18133217",4,5,5,1,1,1,1,1,"4_5_5_1_1_1_1_1"
"7685","EPI_ISL_18133218",4,5,1,1,1,1,1,1,"4_5_1_1_1_1_1_1"
"7686","EPI_ISL_18133219",4,1,1,1,1,1,1,1,"4_1_1_1_1_1_1_1"
"7687","EPI_ISL_18133220",2,1,1,1,2,1,1,1,"2_1_1_1_2_1_1_1"
"7688","EPI_ISL_18133221",4,5,5,1,1,1,1,1,"4_5_5_1_1_1_1_1"
"7689","EPI_ISL_18133222",2,1,1,1,2,1,1,1,"2_1_1_1_2_1_1_1"
"7690","EPI_ISL_18133223",2,1,1,1,2,1,1,1,"2_1_1_1_2_1_1_1"
"7691","EPI_ISL_18133224",4,5,5,1,1,1,1,1,"4_5_5_1_1_1_1_1"
"7692","EPI_ISL_18133225",4,5,5,1,1,1,1,1,"4_5_5_1_1_1_1_1"
"7693","EPI_ISL_18133226",2,1,1,1,2,1,1,1,"2_1_1_1_2_1_1_1"
"7694","EPI_ISL_18133227",4,1,1,1,1,1,1,1,"4_1_1_1_1_1_1_1"
"7695","EPI_ISL_18133228",4,5,1,1,1,1,1,1,"4_5_1_1_1_1_1_1"
"7696","EPI_ISL_18133230",2,1,1,1,2,1,1,1,"2_1_1_1_2_1_1_1"
"7697","EPI_ISL_18133231",4,5,1,1,1,1,1,1,"4_5_1_1_1_1_1_1"
"7698","EPI_ISL_18133232",4,5,1,1,1,1,1,1,"4_5_1_1_1_1_1_1"
"7699","EPI_ISL_18133233",2,1,1,1,2,1,1,1,"2_1_1_1_2_1_1_1"
"7700","EPI_ISL_18133234",4,5,1,1,1,1,1,1,"4_5_1_1_1_1_1_1"
"7701","EPI_ISL_18133236",5,3,1,1,1,1,1,2,"5_3_1_1_1_1_1_2"
"7702","EPI_ISL_18133237",2,1,1,1,2,1,1,1,"2_1_1_1_2_1_1_1"
"7703","EPI_ISL_18133238",4,1,1,1,1,1,1,1,"4_1_1_1_1_1_1_1"
"7704","EPI_ISL_18133240",4,1,1,1,1,1,1,1,"4_1_1_1_1_1_1_1"
"7705","EPI_ISL_18133241",2,1,1,1,2,1,1,1,"2_1_1_1_2_1_1_1"
"7706","EPI_ISL_18133242",4,5,5,1,1,1,1,1,"4_5_5_1_1_1_1_1"
"7707","EPI_ISL_18133244",4,1,1,1,1,1,1,1,"4_1_1_1_1_1_1_1"
"7708","EPI_ISL_18133245",2,1,1,1,2,1,1,1,"2_1_1_1_2_1_1_1"
"7709","EPI_ISL_18133246",4,5,1,1,1,1,1,1,"4_5_1_1_1_1_1_1"
"7710","EPI_ISL_18133248",2,1,1,1,2,1,1,1,"2_1_1_1_2_1_1_1"
"7711","EPI_ISL_18133249",2,1,1,1,2,1,1,1,"2_1_1_1_2_1_1_1"
"7712","EPI_ISL_18133250",4,5,5,1,1,1,1,1,"4_5_5_1_1_1_1_1"
"7713","EPI_ISL_18133252",2,1,1,1,2,1,1,1,"2_1_1_1_2_1_1_1"
"7714","EPI_ISL_18133253",2,1,1,1,2,1,1,1,"2_1_1_1_2_1_1_1"
"7715","EPI_ISL_18133254",4,5,1,1,1,1,1,1,"4_5_1_1_1_1_1_1"
"7716","EPI_ISL_18133256",4,1,1,1,1,1,1,1,"4_1_1_1_1_1_1_1"
"7717","EPI_ISL_18133257",2,1,1,1,2,1,1,1,"2_1_1_1_2_1_1_1"
"7718","EPI_ISL_18133258",4,5,1,1,1,1,1,1,"4_5_1_1_1_1_1_1"
"7719","EPI_ISL_18133260",4,1,1,1,1,1,1,1,"4_1_1_1_1_1_1_1"
"7720","EPI_ISL_18133261",4,1,1,1,1,1,1,1,"4_1_1_1_1_1_1_1"
"7721","EPI_ISL_18133262",4,5,1,1,1,1,1,1,"4_5_1_1_1_1_1_1"
"7722","EPI_ISL_18133264",2,1,1,1,2,1,1,1,"2_1_1_1_2_1_1_1"
"7723","EPI_ISL_18133265",4,1,1,1,1,1,1,1,"4_1_1_1_1_1_1_1"
"7724","EPI_ISL_18133266",4,5,1,1,1,1,1,1,"4_5_1_1_1_1_1_1"
"7725","EPI_ISL_18133268",2,1,1,1,2,1,1,1,"2_1_1_1_2_1_1_1"
"7726","EPI_ISL_18133269",2,1,1,1,2,1,1,1,"2_1_1_1_2_1_1_1"
"7727","EPI_ISL_18133270",4,5,1,1,1,1,1,1,"4_5_1_1_1_1_1_1"
"7728","EPI_ISL_18133272",4,1,1,1,1,1,1,1,"4_1_1_1_1_1_1_1"
"7729","EPI_ISL_18133273",4,5,1,1,1,1,1,1,"4_5_1_1_1_1_1_1"
"7730","EPI_ISL_18133275",4,1,1,1,1,1,1,1,"4_1_1_1_1_1_1_1"
"7731","EPI_ISL_18133276",4,5,5,1,1,1,1,1,"4_5_5_1_1_1_1_1"
"7732","EPI_ISL_18133278",4,5,5,1,1,1,1,1,"4_5_5_1_1_1_1_1"
"7733","EPI_ISL_18133279",2,1,1,1,2,1,1,1,"2_1_1_1_2_1_1_1"
"7734","EPI_ISL_18133281",4,5,1,1,1,1,1,1,"4_5_1_1_1_1_1_1"
"7735","EPI_ISL_18133282",4,5,5,1,1,1,1,1,"4_5_5_1_1_1_1_1"
"7736","EPI_ISL_18133284",4,5,1,1,1,1,1,1,"4_5_1_1_1_1_1_1"
"7737","EPI_ISL_18133285",2,1,1,1,2,1,1,1,"2_1_1_1_2_1_1_1"
"7738","EPI_ISL_18133288",4,1,1,1,1,1,1,1,"4_1_1_1_1_1_1_1"
"7739","EPI_ISL_18133292",4,5,1,1,1,1,1,1,"4_5_1_1_1_1_1_1"
"7740","EPI_ISL_18133296",4,5,5,1,1,1,1,1,"4_5_5_1_1_1_1_1"
"7741","EPI_ISL_18133300",4,5,5,1,1,1,1,1,"4_5_5_1_1_1_1_1"
"7742","EPI_ISL_18133305",4,5,1,1,1,1,1,1,"4_5_1_1_1_1_1_1"
"7743","EPI_ISL_18133309",3,1,1,1,1,1,1,1,"3_1_1_1_1_1_1_1"
"7744","EPI_ISL_18133314",4,1,1,1,1,1,1,1,"4_1_1_1_1_1_1_1"
"7745","EPI_ISL_18133317",4,1,1,1,1,1,1,1,"4_1_1_1_1_1_1_1"
"7746","EPI_ISL_18133318",4,1,1,1,1,1,1,1,"4_1_1_1_1_1_1_1"
"7747","EPI_ISL_18133322",4,1,1,1,1,1,1,1,"4_1_1_1_1_1_1_1"
"7748","EPI_ISL_18133323",4,1,1,1,1,1,1,1,"4_1_1_1_1_1_1_1"
"7749","EPI_ISL_18133326",4,1,1,1,1,1,1,1,"4_1_1_1_1_1_1_1"
"7750","EPI_ISL_18133329",2,1,1,1,2,1,1,1,"2_1_1_1_2_1_1_1"
"7751","EPI_ISL_18133331",2,1,1,1,2,1,1,1,"2_1_1_1_2_1_1_1"
"7752","EPI_ISL_18133332",2,1,1,1,2,1,1,1,"2_1_1_1_2_1_1_1"
"7753","EPI_ISL_18133334",2,1,1,1,2,1,1,1,"2_1_1_1_2_1_1_1"
"7754","EPI_ISL_18133335",2,1,1,1,2,1,1,1,"2_1_1_1_2_1_1_1"
"7755","EPI_ISL_18133337",4,5,5,1,1,1,1,1,"4_5_5_1_1_1_1_1"
"7756","EPI_ISL_18133338",3,1,1,1,1,1,1,1,"3_1_1_1_1_1_1_1"
"7757","EPI_ISL_18133339",2,1,1,1,2,1,1,1,"2_1_1_1_2_1_1_1"
"7758","EPI_ISL_18133341",4,5,1,1,1,1,1,1,"4_5_1_1_1_1_1_1"
"7759","EPI_ISL_18133342",4,1,1,1,1,1,1,1,"4_1_1_1_1_1_1_1"
"7760","EPI_ISL_18133345",4,5,1,1,1,1,1,1,"4_5_1_1_1_1_1_1"
"7761","EPI_ISL_18133346",4,1,1,1,1,1,1,1,"4_1_1_1_1_1_1_1"
"7762","EPI_ISL_18133347",2,1,1,1,2,1,1,1,"2_1_1_1_2_1_1_1"
"7763","EPI_ISL_18133349",2,1,1,1,2,1,1,1,"2_1_1_1_2_1_1_1"
"7764","EPI_ISL_18133350",2,1,1,1,2,1,1,1,"2_1_1_1_2_1_1_1"
"7765","EPI_ISL_18133353",4,5,5,1,1,1,1,1,"4_5_5_1_1_1_1_1"
"7766","EPI_ISL_18133354",4,5,1,1,1,1,1,1,"4_5_1_1_1_1_1_1"
"7767","EPI_ISL_18133357",4,1,1,1,1,1,1,1,"4_1_1_1_1_1_1_1"
"7768","EPI_ISL_18133359",4,5,1,1,1,1,1,1,"4_5_1_1_1_1_1_1"
"7769","EPI_ISL_18133361",4,1,1,1,1,1,1,1,"4_1_1_1_1_1_1_1"
"7770","EPI_ISL_18133363",4,1,1,1,1,1,1,1,"4_1_1_1_1_1_1_1"
"7771","EPI_ISL_18133365",4,1,1,1,1,1,1,1,"4_1_1_1_1_1_1_1"
"7772","EPI_ISL_18133367",4,1,1,1,1,1,1,1,"4_1_1_1_1_1_1_1"
"7773","EPI_ISL_18133370",4,5,5,1,1,1,1,1,"4_5_5_1_1_1_1_1"
"7774","EPI_ISL_18133371",4,1,1,1,1,1,1,1,"4_1_1_1_1_1_1_1"
"7775","EPI_ISL_18133373",4,5,5,1,1,1,1,1,"4_5_5_1_1_1_1_1"
"7776","EPI_ISL_18133374",4,1,1,1,1,1,1,1,"4_1_1_1_1_1_1_1"
"7777","EPI_ISL_18133376",4,5,5,1,1,1,1,1,"4_5_5_1_1_1_1_1"
"7778","EPI_ISL_18133377",4,1,1,1,1,1,1,1,"4_1_1_1_1_1_1_1"
"7779","EPI_ISL_18133379",4,5,5,1,1,1,1,1,"4_5_5_1_1_1_1_1"
"7780","EPI_ISL_18133380",4,1,1,1,1,1,1,1,"4_1_1_1_1_1_1_1"
"7781","EPI_ISL_18133381",4,5,5,1,1,1,1,1,"4_5_5_1_1_1_1_1"
"7782","EPI_ISL_18133382",4,1,1,1,1,1,1,1,"4_1_1_1_1_1_1_1"
"7783","EPI_ISL_18133383",2,1,1,1,2,1,1,1,"2_1_1_1_2_1_1_1"
"7784","EPI_ISL_18133384",4,1,1,1,1,1,1,1,"4_1_1_1_1_1_1_1"
"7785","EPI_ISL_18133385",2,1,1,1,2,1,1,1,"2_1_1_1_2_1_1_1"
"7786","EPI_ISL_18133386",2,1,1,1,2,1,1,1,"2_1_1_1_2_1_1_1"
"7787","EPI_ISL_18133387",2,1,1,1,2,1,1,1,"2_1_1_1_2_1_1_1"
"7788","EPI_ISL_18133388",2,1,1,1,2,1,1,1,"2_1_1_1_2_1_1_1"
"7789","EPI_ISL_18133389",2,1,1,1,2,1,1,1,"2_1_1_1_2_1_1_1"
"7790","EPI_ISL_18133390",4,5,5,1,1,1,1,1,"4_5_5_1_1_1_1_1"
"7791","EPI_ISL_18133391",2,1,1,1,2,1,1,1,"2_1_1_1_2_1_1_1"
"7792","EPI_ISL_18133392",4,5,5,1,1,1,1,1,"4_5_5_1_1_1_1_1"
"7793","EPI_ISL_18133393",2,1,1,1,2,1,1,1,"2_1_1_1_2_1_1_1"
"7794","EPI_ISL_18133394",2,1,1,1,2,1,1,1,"2_1_1_1_2_1_1_1"
"7795","EPI_ISL_18133395",4,1,1,1,1,1,1,1,"4_1_1_1_1_1_1_1"
"7796","EPI_ISL_18133396",2,1,1,1,2,1,1,1,"2_1_1_1_2_1_1_1"
"7797","EPI_ISL_18133397",4,1,1,1,1,1,1,1,"4_1_1_1_1_1_1_1"
"7798","EPI_ISL_18133398",2,1,1,1,2,1,1,1,"2_1_1_1_2_1_1_1"
"7799","EPI_ISL_18133399",4,1,1,1,1,1,1,1,"4_1_1_1_1_1_1_1"
"7800","EPI_ISL_18133400",4,1,1,1,1,1,1,1,"4_1_1_1_1_1_1_1"
"7801","EPI_ISL_18133401",4,1,1,1,1,1,1,2,"4_1_1_1_1_1_1_2"
"7802","EPI_ISL_18133402",4,5,1,1,1,1,1,1,"4_5_1_1_1_1_1_1"
"7803","EPI_ISL_18133403",4,1,1,1,1,1,1,1,"4_1_1_1_1_1_1_1"
"7804","EPI_ISL_18133404",2,1,1,1,2,1,1,1,"2_1_1_1_2_1_1_1"
"7805","EPI_ISL_18133405",4,1,1,1,1,1,1,1,"4_1_1_1_1_1_1_1"
"7806","EPI_ISL_18133406",4,1,1,1,1,1,1,1,"4_1_1_1_1_1_1_1"
"7807","EPI_ISL_18133407",2,1,1,1,2,1,1,1,"2_1_1_1_2_1_1_1"
"7808","EPI_ISL_18133408",4,1,1,1,1,1,1,1,"4_1_1_1_1_1_1_1"
"7809","EPI_ISL_18133409",4,1,1,1,1,1,1,1,"4_1_1_1_1_1_1_1"
"7810","EPI_ISL_18133410",2,1,1,1,2,1,1,1,"2_1_1_1_2_1_1_1"
"7811","EPI_ISL_18133411",5,1,1,1,1,1,1,1,"5_1_1_1_1_1_1_1"
"7812","EPI_ISL_18133412",4,1,1,1,1,1,1,1,"4_1_1_1_1_1_1_1"
"7813","EPI_ISL_18133413",2,1,1,1,2,1,1,1,"2_1_1_1_2_1_1_1"
"7814","EPI_ISL_18133414",5,1,1,1,1,1,1,1,"5_1_1_1_1_1_1_1"
"7815","EPI_ISL_18133415",5,3,1,1,1,1,1,2,"5_3_1_1_1_1_1_2"
"7816","EPI_ISL_18133416",2,1,1,1,2,1,1,1,"2_1_1_1_2_1_1_1"
"7817","EPI_ISL_18133417",5,1,1,1,1,1,1,1,"5_1_1_1_1_1_1_1"
"7818","EPI_ISL_18133418",4,1,1,1,1,1,1,1,"4_1_1_1_1_1_1_1"
"7819","EPI_ISL_18133419",2,1,1,1,2,1,1,1,"2_1_1_1_2_1_1_1"
"7820","EPI_ISL_18133420",3,1,1,1,1,1,1,1,"3_1_1_1_1_1_1_1"
"7821","EPI_ISL_18133421",4,1,1,1,1,1,1,1,"4_1_1_1_1_1_1_1"
"7822","EPI_ISL_18133422",4,5,1,1,1,1,1,1,"4_5_1_1_1_1_1_1"
"7823","EPI_ISL_18133423",3,1,1,1,1,1,1,1,"3_1_1_1_1_1_1_1"
"7824","EPI_ISL_18133424",4,1,1,1,1,1,1,1,"4_1_1_1_1_1_1_1"
"7825","EPI_ISL_18133425",2,1,1,1,2,1,1,1,"2_1_1_1_2_1_1_1"
"7826","EPI_ISL_18133426",2,1,1,1,2,1,1,1,"2_1_1_1_2_1_1_1"
"7827","EPI_ISL_18133427",3,1,1,1,1,1,1,1,"3_1_1_1_1_1_1_1"
"7828","EPI_ISL_18133428",4,1,1,1,1,1,1,1,"4_1_1_1_1_1_1_1"
"7829","EPI_ISL_18133429",2,1,1,1,2,1,1,1,"2_1_1_1_2_1_1_1"
"7830","EPI_ISL_18133430",4,1,1,1,1,1,1,1,"4_1_1_1_1_1_1_1"
"7831","EPI_ISL_18133431",3,1,1,1,1,1,1,1,"3_1_1_1_1_1_1_1"
"7832","EPI_ISL_18133432",4,1,1,1,1,1,1,1,"4_1_1_1_1_1_1_1"
"7833","EPI_ISL_18133433",2,1,1,1,2,1,1,1,"2_1_1_1_2_1_1_1"
"7834","EPI_ISL_18133434",4,5,5,1,1,1,1,1,"4_5_5_1_1_1_1_1"
"7835","EPI_ISL_18133435",5,3,1,1,1,1,1,2,"5_3_1_1_1_1_1_2"
"7836","EPI_ISL_18133436",5,3,1,1,1,1,1,2,"5_3_1_1_1_1_1_2"
"7837","EPI_ISL_18133437",4,5,5,1,1,1,1,1,"4_5_5_1_1_1_1_1"
"7838","EPI_ISL_18133438",4,1,1,1,1,1,1,1,"4_1_1_1_1_1_1_1"
"7839","EPI_ISL_18133439",4,5,1,1,1,1,1,1,"4_5_1_1_1_1_1_1"
"7840","EPI_ISL_18133440",5,3,1,1,1,1,1,2,"5_3_1_1_1_1_1_2"
"7841","EPI_ISL_18133441",2,1,1,1,2,1,1,1,"2_1_1_1_2_1_1_1"
"7842","EPI_ISL_18133442",4,5,5,1,1,1,1,1,"4_5_5_1_1_1_1_1"
"7843","EPI_ISL_18133443",4,5,1,1,1,1,1,1,"4_5_1_1_1_1_1_1"
"7844","EPI_ISL_18133444",4,1,1,1,1,1,1,1,"4_1_1_1_1_1_1_1"
"7845","EPI_ISL_18133445",2,1,1,1,2,1,1,1,"2_1_1_1_2_1_1_1"
"7846","EPI_ISL_18133446",4,5,5,1,1,1,1,1,"4_5_5_1_1_1_1_1"
"7847","EPI_ISL_18133447",4,5,5,1,1,1,1,1,"4_5_5_1_1_1_1_1"
"7848","EPI_ISL_18133448",4,5,5,1,1,1,1,1,"4_5_5_1_1_1_1_1"
"7849","EPI_ISL_18133449",2,1,1,1,2,1,1,1,"2_1_1_1_2_1_1_1"
"7850","EPI_ISL_18133450",4,5,5,1,1,1,1,1,"4_5_5_1_1_1_1_1"
"7851","EPI_ISL_18133451",5,1,1,1,1,1,1,1,"5_1_1_1_1_1_1_1"
"7852","EPI_ISL_18133452",2,1,1,1,1,1,1,1,"2_1_1_1_1_1_1_1"
"7853","EPI_ISL_18133453",2,1,1,1,2,1,1,1,"2_1_1_1_2_1_1_1"
"7854","EPI_ISL_18133454",3,1,1,1,1,1,1,1,"3_1_1_1_1_1_1_1"
"7855","EPI_ISL_18133455",4,5,1,1,1,1,1,1,"4_5_1_1_1_1_1_1"
"7856","EPI_ISL_18133456",4,1,1,1,1,1,1,1,"4_1_1_1_1_1_1_1"
"7857","EPI_ISL_18133457",2,1,1,1,2,1,1,1,"2_1_1_1_2_1_1_1"
"7858","EPI_ISL_18133458",3,1,1,1,1,1,1,1,"3_1_1_1_1_1_1_1"
"7859","EPI_ISL_18133459",3,1,1,1,1,1,1,1,"3_1_1_1_1_1_1_1"
"7860","EPI_ISL_18133460",5,1,1,1,1,1,1,1,"5_1_1_1_1_1_1_1"
"7861","EPI_ISL_18133461",2,1,1,1,2,1,1,1,"2_1_1_1_2_1_1_1"
"7862","EPI_ISL_18133462",2,1,1,1,2,1,1,1,"2_1_1_1_2_1_1_1"
"7863","EPI_ISL_18133463",2,1,1,1,2,1,1,1,"2_1_1_1_2_1_1_1"
"7864","EPI_ISL_18133464",2,1,1,1,2,1,1,1,"2_1_1_1_2_1_1_1"
"7865","EPI_ISL_18133465",2,1,1,1,2,1,1,1,"2_1_1_1_2_1_1_1"
"7866","EPI_ISL_18133466",2,1,1,1,2,1,1,1,"2_1_1_1_2_1_1_1"
"7867","EPI_ISL_18133467",2,1,1,1,2,1,1,1,"2_1_1_1_2_1_1_1"
"7868","EPI_ISL_18133468",4,1,1,1,1,1,1,1,"4_1_1_1_1_1_1_1"
"7869","EPI_ISL_18133469",2,1,1,1,2,1,1,1,"2_1_1_1_2_1_1_1"
"7870","EPI_ISL_18133470",2,1,1,1,2,1,1,1,"2_1_1_1_2_1_1_1"
"7871","EPI_ISL_18133471",2,1,1,1,2,1,1,1,"2_1_1_1_2_1_1_1"
"7872","EPI_ISL_18133472",2,1,1,1,2,1,1,1,"2_1_1_1_2_1_1_1"
"7873","EPI_ISL_18133473",2,1,1,1,2,1,1,1,"2_1_1_1_2_1_1_1"
"7874","EPI_ISL_18133474",2,1,1,1,2,1,1,1,"2_1_1_1_2_1_1_1"
"7875","EPI_ISL_18133475",2,1,1,1,2,1,1,1,"2_1_1_1_2_1_1_1"
"7876","EPI_ISL_18133476",4,1,1,1,1,1,1,1,"4_1_1_1_1_1_1_1"
"7877","EPI_ISL_18133477",2,1,1,1,2,1,1,1,"2_1_1_1_2_1_1_1"
"7878","EPI_ISL_18133478",3,1,1,1,1,1,1,1,"3_1_1_1_1_1_1_1"
"7879","EPI_ISL_18133479",4,5,1,1,1,1,1,1,"4_5_1_1_1_1_1_1"
"7880","EPI_ISL_18133480",2,1,1,1,2,1,1,1,"2_1_1_1_2_1_1_1"
"7881","EPI_ISL_18133481",3,1,1,1,1,1,1,1,"3_1_1_1_1_1_1_1"
"7882","EPI_ISL_18133482",4,5,1,1,1,1,1,1,"4_5_1_1_1_1_1_1"
"7883","EPI_ISL_18133483",5,3,1,1,1,1,1,2,"5_3_1_1_1_1_1_2"
"7884","EPI_ISL_18133484",4,1,1,1,1,1,1,1,"4_1_1_1_1_1_1_1"
"7885","EPI_ISL_18133485",4,1,1,1,1,1,1,1,"4_1_1_1_1_1_1_1"
"7886","EPI_ISL_18133486",4,1,1,1,1,1,1,1,"4_1_1_1_1_1_1_1"
"7887","EPI_ISL_18133487",4,1,1,1,1,1,1,1,"4_1_1_1_1_1_1_1"
"7888","EPI_ISL_18133488",4,1,1,1,1,1,1,1,"4_1_1_1_1_1_1_1"
"7889","EPI_ISL_18133489",5,3,1,1,1,1,1,2,"5_3_1_1_1_1_1_2"
"7890","EPI_ISL_18133490",4,1,1,1,1,1,1,1,"4_1_1_1_1_1_1_1"
"7891","EPI_ISL_18133491",4,1,1,1,1,1,1,1,"4_1_1_1_1_1_1_1"
"7892","EPI_ISL_18133492",4,1,1,1,1,1,1,1,"4_1_1_1_1_1_1_1"
"7893","EPI_ISL_18133493",4,1,1,1,1,1,1,1,"4_1_1_1_1_1_1_1"
"7894","EPI_ISL_18133494",4,1,1,1,1,1,1,1,"4_1_1_1_1_1_1_1"
"7895","EPI_ISL_18133495",3,1,1,1,1,1,1,1,"3_1_1_1_1_1_1_1"
"7896","EPI_ISL_18133496",4,1,1,1,1,1,1,1,"4_1_1_1_1_1_1_1"
"7897","EPI_ISL_18133497",4,1,1,1,1,1,1,1,"4_1_1_1_1_1_1_1"
"7898","EPI_ISL_18133498",3,1,1,1,1,1,1,1,"3_1_1_1_1_1_1_1"
"7899","EPI_ISL_18133499",2,1,1,1,2,1,1,1,"2_1_1_1_2_1_1_1"
"7900","EPI_ISL_18133500",4,1,1,1,1,1,1,1,"4_1_1_1_1_1_1_1"
"7901","EPI_ISL_18133501",2,1,1,1,2,1,1,1,"2_1_1_1_2_1_1_1"
"7902","EPI_ISL_18133502",4,5,1,1,1,1,1,1,"4_5_1_1_1_1_1_1"
"7903","EPI_ISL_18133503",4,1,1,1,1,1,1,1,"4_1_1_1_1_1_1_1"
"7904","EPI_ISL_18133508",4,1,1,1,1,1,1,1,"4_1_1_1_1_1_1_1"
"7905","EPI_ISL_18133509",4,1,1,1,1,1,1,1,"4_1_1_1_1_1_1_1"
"7906","EPI_ISL_18133510",4,1,1,1,1,1,1,1,"4_1_1_1_1_1_1_1"
"7907","EPI_ISL_18133520",2,1,1,1,2,1,1,1,"2_1_1_1_2_1_1_1"
"7908","EPI_ISL_18133521",4,1,1,1,1,1,1,1,"4_1_1_1_1_1_1_1"
"7909","EPI_ISL_18133522",2,1,1,1,2,1,1,1,"2_1_1_1_2_1_1_1"
"7910","EPI_ISL_18133523",4,5,1,1,1,1,1,1,"4_5_1_1_1_1_1_1"
"7911","EPI_ISL_18133524",2,1,1,1,2,1,1,1,"2_1_1_1_2_1_1_1"
"7912","EPI_ISL_18133525",4,5,1,1,1,1,1,1,"4_5_1_1_1_1_1_1"
"7913","EPI_ISL_18133526",2,1,1,1,2,1,1,1,"2_1_1_1_2_1_1_1"
"7914","EPI_ISL_18133527",5,3,1,1,1,1,1,2,"5_3_1_1_1_1_1_2"
"7915","EPI_ISL_18133528",2,1,1,1,2,1,1,1,"2_1_1_1_2_1_1_1"
"7916","EPI_ISL_18133529",4,1,1,1,1,1,1,1,"4_1_1_1_1_1_1_1"
"7917","EPI_ISL_18321743",1,1,4,1,4,1,1,4,"1_1_4_1_4_1_1_4"
"7918","EPI_ISL_18321744",1,1,4,1,4,1,1,4,"1_1_4_1_4_1_1_4"
"7919","EPI_ISL_18321745",1,1,4,1,4,1,1,4,"1_1_4_1_4_1_1_4"
"7920","EPI_ISL_18321746",1,1,4,1,4,1,1,4,"1_1_4_1_4_1_1_4"
"7921","EPI_ISL_18321747",1,1,4,1,4,1,1,4,"1_1_4_1_4_1_1_4"
"7922","EPI_ISL_18321748",1,1,4,1,4,1,1,4,"1_1_4_1_4_1_1_4"
"7923","EPI_ISL_18321749",1,1,4,1,4,1,1,4,"1_1_4_1_4_1_1_4"
"7924","EPI_ISL_18321750",1,1,4,1,4,1,1,4,"1_1_4_1_4_1_1_4"
"7925","EPI_ISL_18321751",1,1,4,1,4,1,1,4,"1_1_4_1_4_1_1_4"
"7926","EPI_ISL_18321752",1,1,4,1,4,1,1,4,"1_1_4_1_4_1_1_4"
"7927","EPI_ISL_18321753",1,1,2,1,2,1,1,1,"1_1_2_1_2_1_1_1"
"7928","EPI_ISL_18321754",1,1,4,1,4,1,1,4,"1_1_4_1_4_1_1_4"
"7929","EPI_ISL_18321755",1,1,2,1,2,1,1,1,"1_1_2_1_2_1_1_1"
"7930","EPI_ISL_18321756",1,1,4,1,4,1,1,4,"1_1_4_1_4_1_1_4"
"7931","EPI_ISL_18321757",1,1,4,1,4,1,1,4,"1_1_4_1_4_1_1_4"
"7932","EPI_ISL_18345675",1,1,2,1,2,1,1,1,"1_1_2_1_2_1_1_1"
"7933","EPI_ISL_18420062",1,1,2,1,2,1,1,1,"1_1_2_1_2_1_1_1"
"7934","EPI_ISL_18526630",1,8,2,1,2,1,1,1,"1_8_2_1_2_1_1_1"
"7935","EPI_ISL_18591747",2,1,1,1,2,1,1,1,"2_1_1_1_2_1_1_1"
"7936","EPI_ISL_18591987",8,8,2,1,2,1,1,1,"8_8_2_1_2_1_1_1"
"7937","EPI_ISL_18591988",8,8,2,1,2,1,1,1,"8_8_2_1_2_1_1_1"
"7938","EPI_ISL_18591989",8,8,2,1,2,1,1,1,"8_8_2_1_2_1_1_1"
"7939","EPI_ISL_18591990",8,8,2,1,2,1,1,1,"8_8_2_1_2_1_1_1"
"7940","EPI_ISL_18591991",8,8,2,1,2,1,1,1,"8_8_2_1_2_1_1_1"
"7941","EPI_ISL_18591992",8,8,2,1,2,1,1,1,"8_8_2_1_2_1_1_1"
"7942","EPI_ISL_18591993",8,8,2,1,2,1,1,1,"8_8_2_1_2_1_1_1"
"7943","EPI_ISL_18640907",2,1,1,1,2,1,1,1,"2_1_1_1_2_1_1_1"
"7944","EPI_ISL_18640911",2,1,1,1,2,1,1,1,"2_1_1_1_2_1_1_1"
"7945","EPI_ISL_18640912",2,1,1,1,2,1,1,1,"2_1_1_1_2_1_1_1"
"7946","EPI_ISL_18665476",3,1,1,1,1,1,1,1,"3_1_1_1_1_1_1_1"
"7947","EPI_ISL_18665477",3,1,1,1,1,1,1,1,"3_1_1_1_1_1_1_1"
"7948","EPI_ISL_18665478",5,3,1,1,1,1,1,2,"5_3_1_1_1_1_1_2"
"7949","EPI_ISL_18665483",3,1,1,1,1,1,1,1,"3_1_1_1_1_1_1_1"
"7950","EPI_ISL_18665487",5,3,1,1,1,1,1,2,"5_3_1_1_1_1_1_2"
"7951","EPI_ISL_18665489",3,1,1,1,1,1,1,1,"3_1_1_1_1_1_1_1"
"7952","EPI_ISL_18665490",3,1,1,1,1,1,1,1,"3_1_1_1_1_1_1_1"
"7953","EPI_ISL_18665493",5,3,1,1,1,1,1,2,"5_3_1_1_1_1_1_2"
"7954","EPI_ISL_18665495",5,3,1,1,1,1,1,2,"5_3_1_1_1_1_1_2"
"7955","EPI_ISL_18665496",5,3,1,1,1,1,1,2,"5_3_1_1_1_1_1_2"
"7956","EPI_ISL_18665497",5,3,1,1,1,1,1,2,"5_3_1_1_1_1_1_2"
"7957","EPI_ISL_18665498",5,3,1,1,1,1,1,2,"5_3_1_1_1_1_1_2"
"7958","EPI_ISL_18665500",5,3,1,1,1,1,1,2,"5_3_1_1_1_1_1_2"
"7959","EPI_ISL_18665502",5,3,1,1,1,1,1,2,"5_3_1_1_1_1_1_2"
"7960","EPI_ISL_18665504",5,3,1,1,1,1,1,2,"5_3_1_1_1_1_1_2"
"7961","EPI_ISL_18665506",5,3,1,1,1,1,1,2,"5_3_1_1_1_1_1_2"
"7962","EPI_ISL_18665507",5,3,1,1,1,1,1,2,"5_3_1_1_1_1_1_2"
"7963","EPI_ISL_18665508",5,3,1,1,1,1,1,2,"5_3_1_1_1_1_1_2"
"7964","EPI_ISL_18665509",5,3,1,1,1,1,1,2,"5_3_1_1_1_1_1_2"
"7965","EPI_ISL_18665510",5,3,1,1,1,1,1,2,"5_3_1_1_1_1_1_2"
"7966","EPI_ISL_18665511",5,3,1,1,1,1,1,2,"5_3_1_1_1_1_1_2"
"7967","EPI_ISL_18665514",3,1,1,1,1,1,1,1,"3_1_1_1_1_1_1_1"
"7968","EPI_ISL_18665515",5,3,1,1,1,1,1,2,"5_3_1_1_1_1_1_2"
"7969","EPI_ISL_18665516",3,26,35,1,1,1,1,1,"3_26_35_1_1_1_1_1"
"7970","EPI_ISL_18665521",2,1,1,1,2,1,1,1,"2_1_1_1_2_1_1_1"
"7971","EPI_ISL_18665522",5,3,1,1,1,1,1,2,"5_3_1_1_1_1_1_2"
"7972","EPI_ISL_18665525",5,3,1,1,1,1,1,2,"5_3_1_1_1_1_1_2"
"7973","EPI_ISL_18665526",2,1,1,1,2,1,1,1,"2_1_1_1_2_1_1_1"
"7974","EPI_ISL_18665527",7,2,1,1,8,1,1,2,"7_2_1_1_8_1_1_2"
"7975","EPI_ISL_18665529",2,1,1,1,2,1,1,1,"2_1_1_1_2_1_1_1"
"7976","EPI_ISL_18665530",5,3,1,1,1,1,1,2,"5_3_1_1_1_1_1_2"
"7977","EPI_ISL_18665532",2,1,1,1,2,1,1,1,"2_1_1_1_2_1_1_1"
"7978","EPI_ISL_18665533",7,2,1,1,8,1,1,2,"7_2_1_1_8_1_1_2"
"7979","EPI_ISL_18665534",3,1,1,1,1,1,1,1,"3_1_1_1_1_1_1_1"
"7980","EPI_ISL_18665535",2,1,1,1,2,1,1,1,"2_1_1_1_2_1_1_1"
"7981","EPI_ISL_18665536",7,2,1,1,1,1,1,2,"7_2_1_1_1_1_1_2"
"7982","EPI_ISL_18665537",5,3,1,1,1,1,1,2,"5_3_1_1_1_1_1_2"
"7983","EPI_ISL_18665538",2,1,1,1,2,1,1,1,"2_1_1_1_2_1_1_1"
"7984","EPI_ISL_18665539",2,1,1,1,2,1,1,1,"2_1_1_1_2_1_1_1"
"7985","EPI_ISL_18665540",3,1,1,1,1,1,1,1,"3_1_1_1_1_1_1_1"
"7986","EPI_ISL_18665541",5,3,1,1,1,1,1,2,"5_3_1_1_1_1_1_2"
"7987","EPI_ISL_18665542",2,1,1,1,2,1,1,1,"2_1_1_1_2_1_1_1"
"7988","EPI_ISL_18665543",5,3,1,1,1,1,1,2,"5_3_1_1_1_1_1_2"
"7989","EPI_ISL_18665544",5,3,1,1,1,1,1,2,"5_3_1_1_1_1_1_2"
"7990","EPI_ISL_18665545",7,2,1,1,1,1,1,2,"7_2_1_1_1_1_1_2"
"7991","EPI_ISL_18665546",2,1,1,1,2,1,1,1,"2_1_1_1_2_1_1_1"
"7992","EPI_ISL_18665547",5,3,1,1,1,1,1,2,"5_3_1_1_1_1_1_2"
"7993","EPI_ISL_18665548",7,2,1,1,1,1,1,2,"7_2_1_1_1_1_1_2"
"7994","EPI_ISL_18665549",5,3,1,1,1,1,1,2,"5_3_1_1_1_1_1_2"
"7995","EPI_ISL_18665551",7,2,1,1,8,1,1,2,"7_2_1_1_8_1_1_2"
"7996","EPI_ISL_18665552",5,3,1,1,1,1,1,2,"5_3_1_1_1_1_1_2"
"7997","EPI_ISL_18665553",5,3,1,1,1,1,1,2,"5_3_1_1_1_1_1_2"
"7998","EPI_ISL_18665556",5,3,1,1,1,1,1,2,"5_3_1_1_1_1_1_2"
"7999","EPI_ISL_18665557",5,3,1,1,1,1,1,2,"5_3_1_1_1_1_1_2"
"8000","EPI_ISL_18665558",7,2,1,1,8,1,1,2,"7_2_1_1_8_1_1_2"
"8001","EPI_ISL_18665559",5,3,1,1,1,1,1,2,"5_3_1_1_1_1_1_2"
"8002","EPI_ISL_18665560",5,3,1,1,1,1,1,2,"5_3_1_1_1_1_1_2"
"8003","EPI_ISL_18665561",7,2,1,1,8,1,1,2,"7_2_1_1_8_1_1_2"
"8004","EPI_ISL_18665562",7,2,1,1,8,1,1,2,"7_2_1_1_8_1_1_2"
"8005","EPI_ISL_18665563",5,3,1,1,1,1,1,2,"5_3_1_1_1_1_1_2"
"8006","EPI_ISL_18665564",7,2,1,1,8,1,1,2,"7_2_1_1_8_1_1_2"
"8007","EPI_ISL_18665567",5,3,1,1,1,1,1,2,"5_3_1_1_1_1_1_2"
"8008","EPI_ISL_18665569",7,2,1,1,1,1,1,2,"7_2_1_1_1_1_1_2"
"8009","EPI_ISL_18665570",7,2,1,1,8,1,1,2,"7_2_1_1_8_1_1_2"
"8010","EPI_ISL_18665571",5,3,1,1,1,1,1,2,"5_3_1_1_1_1_1_2"
"8011","EPI_ISL_18665573",7,2,1,1,1,1,1,2,"7_2_1_1_1_1_1_2"
"8012","EPI_ISL_18665574",7,2,1,1,8,1,1,2,"7_2_1_1_8_1_1_2"
"8013","EPI_ISL_18665575",3,1,1,1,1,1,1,1,"3_1_1_1_1_1_1_1"
"8014","EPI_ISL_18665577",7,2,1,1,8,1,1,2,"7_2_1_1_8_1_1_2"
"8015","EPI_ISL_18665578",2,1,1,1,2,1,1,1,"2_1_1_1_2_1_1_1"
"8016","EPI_ISL_18665579",7,2,1,1,2,1,1,2,"7_2_1_1_2_1_1_2"
"8017","EPI_ISL_18665580",2,1,1,1,2,1,1,1,"2_1_1_1_2_1_1_1"
"8018","EPI_ISL_18665581",7,2,1,1,1,1,1,2,"7_2_1_1_1_1_1_2"
"8019","EPI_ISL_18665582",7,2,1,1,1,1,1,2,"7_2_1_1_1_1_1_2"
"8020","EPI_ISL_18665584",7,2,1,1,8,1,1,2,"7_2_1_1_8_1_1_2"
"8021","EPI_ISL_18665585",5,3,1,1,1,1,1,2,"5_3_1_1_1_1_1_2"
"8022","EPI_ISL_18665586",7,2,1,1,1,1,1,2,"7_2_1_1_1_1_1_2"
"8023","EPI_ISL_18665587",7,2,1,1,8,1,1,2,"7_2_1_1_8_1_1_2"
"8024","EPI_ISL_18665588",5,3,1,1,1,1,1,2,"5_3_1_1_1_1_1_2"
"8025","EPI_ISL_18665590",7,2,1,1,8,1,1,2,"7_2_1_1_8_1_1_2"
"8026","EPI_ISL_18665591",7,2,1,1,1,1,1,2,"7_2_1_1_1_1_1_2"
"8027","EPI_ISL_18665592",5,3,1,1,1,1,1,2,"5_3_1_1_1_1_1_2"
"8028","EPI_ISL_18665595",5,3,1,1,1,1,1,2,"5_3_1_1_1_1_1_2"
"8029","EPI_ISL_18665596",2,1,1,1,2,1,1,1,"2_1_1_1_2_1_1_1"
"8030","EPI_ISL_18665597",2,1,1,1,2,1,1,1,"2_1_1_1_2_1_1_1"
"8031","EPI_ISL_18665598",5,3,1,1,1,1,1,2,"5_3_1_1_1_1_1_2"
"8032","EPI_ISL_18665599",2,1,1,1,2,1,1,1,"2_1_1_1_2_1_1_1"
"8033","EPI_ISL_18665600",2,1,1,1,2,1,1,1,"2_1_1_1_2_1_1_1"
"8034","EPI_ISL_18665601",5,3,1,1,1,1,1,2,"5_3_1_1_1_1_1_2"
"8035","EPI_ISL_18665602",7,2,1,1,1,1,1,2,"7_2_1_1_1_1_1_2"
"8036","EPI_ISL_18665604",5,3,1,1,1,1,1,2,"5_3_1_1_1_1_1_2"
"8037","EPI_ISL_18665605",7,2,1,1,8,1,1,2,"7_2_1_1_8_1_1_2"
"8038","EPI_ISL_18665607",2,1,1,1,2,1,1,1,"2_1_1_1_2_1_1_1"
"8039","EPI_ISL_18665608",2,1,1,1,2,1,1,1,"2_1_1_1_2_1_1_1"
"8040","EPI_ISL_18665611",5,3,1,1,1,1,1,2,"5_3_1_1_1_1_1_2"
"8041","EPI_ISL_18665613",7,2,1,1,8,1,1,2,"7_2_1_1_8_1_1_2"
"8042","EPI_ISL_18665615",3,1,1,1,1,1,1,1,"3_1_1_1_1_1_1_1"
"8043","EPI_ISL_18665617",7,2,1,1,8,1,1,2,"7_2_1_1_8_1_1_2"
"8044","EPI_ISL_18665619",5,3,1,1,1,1,1,2,"5_3_1_1_1_1_1_2"
"8045","EPI_ISL_18665621",2,1,1,1,2,1,1,1,"2_1_1_1_2_1_1_1"
"8046","EPI_ISL_18665623",3,1,1,1,1,1,1,1,"3_1_1_1_1_1_1_1"
"8047","EPI_ISL_18665626",7,2,1,1,1,1,1,2,"7_2_1_1_1_1_1_2"
"8048","EPI_ISL_18665627",3,1,1,1,1,1,1,1,"3_1_1_1_1_1_1_1"
"8049","EPI_ISL_18665631",7,2,1,1,1,1,1,2,"7_2_1_1_1_1_1_2"
"8050","EPI_ISL_18665633",7,2,1,1,1,1,1,2,"7_2_1_1_1_1_1_2"
"8051","EPI_ISL_18665635",7,2,1,1,8,1,1,2,"7_2_1_1_8_1_1_2"
"8052","EPI_ISL_18665637",7,2,1,1,1,1,1,2,"7_2_1_1_1_1_1_2"
"8053","EPI_ISL_18665639",7,2,1,1,1,1,1,2,"7_2_1_1_1_1_1_2"
"8054","EPI_ISL_18665641",2,1,1,1,2,1,1,1,"2_1_1_1_2_1_1_1"
"8055","EPI_ISL_18665644",7,2,1,1,8,1,1,2,"7_2_1_1_8_1_1_2"
"8056","EPI_ISL_18665648",7,2,1,1,1,1,1,2,"7_2_1_1_1_1_1_2"
"8057","EPI_ISL_18665651",7,2,1,1,8,1,1,2,"7_2_1_1_8_1_1_2"
"8058","EPI_ISL_18665656",2,1,1,1,2,1,1,1,"2_1_1_1_2_1_1_1"
"8059","EPI_ISL_18665661",3,1,1,1,1,1,1,1,"3_1_1_1_1_1_1_1"
"8060","EPI_ISL_18665665",5,3,1,1,1,1,1,2,"5_3_1_1_1_1_1_2"
"8061","EPI_ISL_18665680",7,2,1,1,1,1,1,2,"7_2_1_1_1_1_1_2"
"8062","EPI_ISL_18665689",2,1,1,1,2,1,1,1,"2_1_1_1_2_1_1_1"
"8063","EPI_ISL_18698459",5,3,1,1,1,1,1,2,"5_3_1_1_1_1_1_2"
"8064","EPI_ISL_18698460",5,3,1,1,1,1,1,2,"5_3_1_1_1_1_1_2"
"8065","EPI_ISL_18698462",5,3,1,1,1,1,1,2,"5_3_1_1_1_1_1_2"
"8066","EPI_ISL_18698464",5,3,1,1,1,1,1,2,"5_3_1_1_1_1_1_2"
"8067","EPI_ISL_18698466",5,3,1,1,1,1,1,2,"5_3_1_1_1_1_1_2"
"8068","EPI_ISL_18698469",5,3,1,1,1,1,1,2,"5_3_1_1_1_1_1_2"
"8069","EPI_ISL_18698471",5,3,1,1,1,1,1,2,"5_3_1_1_1_1_1_2"
"8070","EPI_ISL_18698474",5,3,1,1,1,1,1,2,"5_3_1_1_1_1_1_2"
"8071","EPI_ISL_18698476",5,3,1,1,1,1,1,2,"5_3_1_1_1_1_1_2"
"8072","EPI_ISL_18698478",5,3,1,1,1,1,1,2,"5_3_1_1_1_1_1_2"
"8073","EPI_ISL_18698480",5,3,1,1,1,1,1,2,"5_3_1_1_1_1_1_2"
"8074","EPI_ISL_18698482",5,3,1,1,1,1,1,2,"5_3_1_1_1_1_1_2"
"8075","EPI_ISL_18698485",5,3,1,1,1,1,1,2,"5_3_1_1_1_1_1_2"
"8076","EPI_ISL_18698487",5,3,1,1,1,1,1,2,"5_3_1_1_1_1_1_2"
"8077","EPI_ISL_18698490",5,3,1,1,1,1,1,2,"5_3_1_1_1_1_1_2"
"8078","EPI_ISL_18698492",5,3,1,1,1,1,1,2,"5_3_1_1_1_1_1_2"
"8079","EPI_ISL_18698494",5,3,1,1,1,1,1,2,"5_3_1_1_1_1_1_2"
"8080","EPI_ISL_18698497",5,3,1,1,1,1,1,2,"5_3_1_1_1_1_1_2"
"8081","EPI_ISL_18698502",5,3,1,1,1,1,1,2,"5_3_1_1_1_1_1_2"
"8082","EPI_ISL_18698504",5,3,1,1,1,1,1,2,"5_3_1_1_1_1_1_2"
"8083","EPI_ISL_18698505",5,3,1,1,1,1,1,2,"5_3_1_1_1_1_1_2"
"8084","EPI_ISL_18698506",5,3,1,1,1,1,1,2,"5_3_1_1_1_1_1_2"
"8085","EPI_ISL_18698507",5,3,1,1,1,1,1,2,"5_3_1_1_1_1_1_2"
"8086","EPI_ISL_18698508",5,3,1,1,1,1,1,2,"5_3_1_1_1_1_1_2"
"8087","EPI_ISL_18698510",5,3,1,1,1,1,1,2,"5_3_1_1_1_1_1_2"
"8088","EPI_ISL_18698511",5,3,1,1,1,1,1,2,"5_3_1_1_1_1_1_2"
"8089","EPI_ISL_18698512",5,3,1,1,1,1,1,2,"5_3_1_1_1_1_1_2"
"8090","EPI_ISL_18698513",5,3,1,1,1,1,1,2,"5_3_1_1_1_1_1_2"
"8091","EPI_ISL_18698514",5,3,1,1,1,1,1,2,"5_3_1_1_1_1_1_2"
"8092","EPI_ISL_18698515",5,3,1,1,1,1,1,2,"5_3_1_1_1_1_1_2"
"8093","EPI_ISL_18698516",5,3,1,1,1,1,1,2,"5_3_1_1_1_1_1_2"
"8094","EPI_ISL_18698517",5,3,1,1,1,1,1,2,"5_3_1_1_1_1_1_2"
"8095","EPI_ISL_18698518",5,3,1,1,1,1,1,2,"5_3_1_1_1_1_1_2"
"8096","EPI_ISL_18698519",5,3,1,1,1,1,1,2,"5_3_1_1_1_1_1_2"
"8097","EPI_ISL_18698520",5,3,1,1,1,1,1,2,"5_3_1_1_1_1_1_2"
"8098","EPI_ISL_18698521",5,3,1,1,1,1,1,2,"5_3_1_1_1_1_1_2"
"8099","EPI_ISL_18698524",5,3,1,1,1,1,1,2,"5_3_1_1_1_1_1_2"
"8100","EPI_ISL_18698525",5,3,1,1,1,1,1,2,"5_3_1_1_1_1_1_2"
"8101","EPI_ISL_18698526",5,3,1,1,1,1,1,2,"5_3_1_1_1_1_1_2"
"8102","EPI_ISL_18698527",5,3,1,1,1,1,1,2,"5_3_1_1_1_1_1_2"
"8103","EPI_ISL_18698528",5,3,1,1,1,1,1,2,"5_3_1_1_1_1_1_2"
"8104","EPI_ISL_18698529",5,3,1,1,1,1,1,2,"5_3_1_1_1_1_1_2"
"8105","EPI_ISL_18698530",5,3,1,1,1,1,1,2,"5_3_1_1_1_1_1_2"
"8106","EPI_ISL_18698730",5,3,1,1,1,1,1,2,"5_3_1_1_1_1_1_2"
"8107","EPI_ISL_18698731",5,3,1,1,1,1,1,2,"5_3_1_1_1_1_1_2"
"8108","EPI_ISL_18698732",5,3,1,1,1,1,1,2,"5_3_1_1_1_1_1_2"
"8109","EPI_ISL_18699008",7,2,1,1,1,1,1,2,"7_2_1_1_1_1_1_2"
"8110","EPI_ISL_18755730",7,2,1,1,1,1,1,2,"7_2_1_1_1_1_1_2"
"8111","EPI_ISL_18755768",7,2,1,1,1,1,1,2,"7_2_1_1_1_1_1_2"
"8112","EPI_ISL_17956378",1,1,2,1,2,1,1,1,"1_1_2_1_2_1_1_1"
"8113","EPI_ISL_17956379",1,1,2,1,2,1,1,1,"1_1_2_1_2_1_1_1"
"8114","EPI_ISL_17964845",9,9,7,1,1,1,1,1,"9_9_7_1_1_1_1_1"
"8115","EPI_ISL_17964846",4,1,1,1,1,1,1,2,"4_1_1_1_1_1_1_2"
"8116","EPI_ISL_17964847",14,3,1,1,1,1,1,2,"14_3_1_1_1_1_1_2"
"8117","EPI_ISL_17964848",5,3,1,1,1,1,1,2,"5_3_1_1_1_1_1_2"
"8118","EPI_ISL_17964849",4,1,1,1,1,1,1,2,"4_1_1_1_1_1_1_2"
"8119","EPI_ISL_17964850",14,3,1,1,1,1,1,2,"14_3_1_1_1_1_1_2"
"8120","EPI_ISL_17964851",3,1,1,1,1,1,1,1,"3_1_1_1_1_1_1_1"
"8121","EPI_ISL_17964852",3,1,1,1,1,1,1,1,"3_1_1_1_1_1_1_1"
"8122","EPI_ISL_17964853",4,5,5,1,1,1,1,1,"4_5_5_1_1_1_1_1"
"8123","EPI_ISL_17964854",14,3,1,1,1,1,1,2,"14_3_1_1_1_1_1_2"
"8124","EPI_ISL_17964855",2,1,1,1,2,1,1,1,"2_1_1_1_2_1_1_1"
"8125","EPI_ISL_17964856",5,3,1,1,1,1,1,2,"5_3_1_1_1_1_1_2"
"8126","EPI_ISL_17964857",4,1,1,1,1,1,1,2,"4_1_1_1_1_1_1_2"
"8127","EPI_ISL_17964858",5,3,1,1,1,1,1,2,"5_3_1_1_1_1_1_2"
"8128","EPI_ISL_17964859",5,3,1,1,1,1,1,2,"5_3_1_1_1_1_1_2"
"8129","EPI_ISL_17964860",5,3,1,1,1,1,1,2,"5_3_1_1_1_1_1_2"
"8130","EPI_ISL_17964861",5,3,1,1,1,1,1,2,"5_3_1_1_1_1_1_2"
"8131","EPI_ISL_17964862",14,3,1,1,1,1,1,2,"14_3_1_1_1_1_1_2"
"8132","EPI_ISL_17964863",4,5,5,1,1,1,1,1,"4_5_5_1_1_1_1_1"
"8133","EPI_ISL_17964864",4,5,5,1,1,1,1,1,"4_5_5_1_1_1_1_1"
"8134","EPI_ISL_17964865",9,9,7,1,1,1,1,1,"9_9_7_1_1_1_1_1"
"8135","EPI_ISL_17964866",3,1,1,1,1,1,1,1,"3_1_1_1_1_1_1_1"
"8136","EPI_ISL_17964867",3,1,1,1,1,1,1,1,"3_1_1_1_1_1_1_1"
"8137","EPI_ISL_17964868",5,3,1,1,1,1,1,2,"5_3_1_1_1_1_1_2"
"8138","EPI_ISL_17964869",14,3,1,1,1,1,1,2,"14_3_1_1_1_1_1_2"
"8139","EPI_ISL_17964870",5,3,1,1,1,1,1,2,"5_3_1_1_1_1_1_2"
"8140","EPI_ISL_17964871",14,3,1,1,1,1,1,2,"14_3_1_1_1_1_1_2"
"8141","EPI_ISL_17964872",14,3,1,1,1,1,1,2,"14_3_1_1_1_1_1_2"
"8142","EPI_ISL_17964873",14,3,1,1,1,1,1,2,"14_3_1_1_1_1_1_2"
"8143","EPI_ISL_17964874",4,5,1,1,1,1,1,1,"4_5_1_1_1_1_1_1"
"8144","EPI_ISL_17964875",14,3,1,1,1,1,1,2,"14_3_1_1_1_1_1_2"
"8145","EPI_ISL_17964876",5,3,1,1,1,1,1,2,"5_3_1_1_1_1_1_2"
"8146","EPI_ISL_17964877",2,1,1,1,2,1,1,1,"2_1_1_1_2_1_1_1"
"8147","EPI_ISL_17964878",5,3,1,1,1,1,1,2,"5_3_1_1_1_1_1_2"
"8148","EPI_ISL_17964879",5,3,1,1,1,1,1,2,"5_3_1_1_1_1_1_2"
"8149","EPI_ISL_17964880",14,3,1,1,1,1,1,2,"14_3_1_1_1_1_1_2"
"8150","EPI_ISL_17964881",14,3,1,1,1,1,1,2,"14_3_1_1_1_1_1_2"
"8151","EPI_ISL_17964882",5,3,1,1,1,1,1,2,"5_3_1_1_1_1_1_2"
"8152","EPI_ISL_17964884",14,3,1,1,1,1,1,2,"14_3_1_1_1_1_1_2"
"8153","EPI_ISL_17964885",14,3,1,1,1,1,1,2,"14_3_1_1_1_1_1_2"
"8154","EPI_ISL_17964886",14,3,1,1,1,1,1,2,"14_3_1_1_1_1_1_2"
"8155","EPI_ISL_17964887",14,3,1,1,1,1,1,2,"14_3_1_1_1_1_1_2"
"8156","EPI_ISL_17964888",30,3,1,1,1,1,1,2,"30_3_1_1_1_1_1_2"
"8157","EPI_ISL_17964889",9,9,7,1,1,1,1,1,"9_9_7_1_1_1_1_1"
"8158","EPI_ISL_17964890",5,3,1,1,1,1,1,2,"5_3_1_1_1_1_1_2"
"8159","EPI_ISL_17964893",5,3,1,1,1,1,1,2,"5_3_1_1_1_1_1_2"
"8160","EPI_ISL_17964895",4,1,1,1,1,1,1,2,"4_1_1_1_1_1_1_2"
"8161","EPI_ISL_17964896",5,3,1,1,1,1,1,2,"5_3_1_1_1_1_1_2"
"8162","EPI_ISL_17964897",5,3,1,1,1,1,1,2,"5_3_1_1_1_1_1_2"
"8163","EPI_ISL_17964898",14,3,1,1,1,1,1,2,"14_3_1_1_1_1_1_2"
"8164","EPI_ISL_17964899",14,3,1,1,1,1,1,2,"14_3_1_1_1_1_1_2"
"8165","EPI_ISL_17964900",14,3,1,1,1,1,1,2,"14_3_1_1_1_1_1_2"
"8166","EPI_ISL_17964901",5,3,1,1,1,1,1,2,"5_3_1_1_1_1_1_2"
"8167","EPI_ISL_17964902",5,3,1,1,1,1,1,2,"5_3_1_1_1_1_1_2"
"8168","EPI_ISL_17964903",4,5,5,1,1,1,1,1,"4_5_5_1_1_1_1_1"
"8169","EPI_ISL_17964904",5,3,1,1,1,1,1,2,"5_3_1_1_1_1_1_2"
"8170","EPI_ISL_17964905",7,2,1,1,1,1,1,2,"7_2_1_1_1_1_1_2"
"8171","EPI_ISL_17964906",5,3,1,1,1,1,1,2,"5_3_1_1_1_1_1_2"
"8172","EPI_ISL_17964907",5,3,1,1,1,1,1,2,"5_3_1_1_1_1_1_2"
"8173","EPI_ISL_17964909",3,1,1,1,1,1,1,1,"3_1_1_1_1_1_1_1"
"8174","EPI_ISL_17964910",3,1,1,1,1,1,1,1,"3_1_1_1_1_1_1_1"
"8175","EPI_ISL_17964911",3,1,1,1,1,1,1,1,"3_1_1_1_1_1_1_1"
"8176","EPI_ISL_17964913",5,3,1,1,1,1,1,2,"5_3_1_1_1_1_1_2"
"8177","EPI_ISL_17964914",14,3,1,1,1,1,1,2,"14_3_1_1_1_1_1_2"
"8178","EPI_ISL_17964915",14,3,1,1,1,1,1,2,"14_3_1_1_1_1_1_2"
"8179","EPI_ISL_17964917",9,9,7,1,1,1,1,1,"9_9_7_1_1_1_1_1"
"8180","EPI_ISL_17964918",9,9,7,1,1,1,1,1,"9_9_7_1_1_1_1_1"
"8181","EPI_ISL_17964919",5,3,1,1,1,1,1,2,"5_3_1_1_1_1_1_2"
"8182","EPI_ISL_17964920",5,3,1,1,1,1,1,2,"5_3_1_1_1_1_1_2"
"8183","EPI_ISL_17964921",2,1,1,1,2,1,1,1,"2_1_1_1_2_1_1_1"
"8184","EPI_ISL_17964923",5,3,1,1,1,1,1,2,"5_3_1_1_1_1_1_2"
"8185","EPI_ISL_17964924",16,14,1,1,1,1,1,2,"16_14_1_1_1_1_1_2"
"8186","EPI_ISL_17964925",4,1,1,1,1,1,1,2,"4_1_1_1_1_1_1_2"
"8187","EPI_ISL_17964926",5,3,1,1,1,1,1,2,"5_3_1_1_1_1_1_2"
"8188","EPI_ISL_17964927",5,3,1,1,1,1,1,2,"5_3_1_1_1_1_1_2"
"8189","EPI_ISL_17964928",5,3,1,1,1,1,1,2,"5_3_1_1_1_1_1_2"
"8190","EPI_ISL_17964929",5,3,1,1,1,1,1,2,"5_3_1_1_1_1_1_2"
"8191","EPI_ISL_17964930",2,1,1,1,2,1,1,1,"2_1_1_1_2_1_1_1"
"8192","EPI_ISL_17964931",2,1,1,1,2,1,1,1,"2_1_1_1_2_1_1_1"
"8193","EPI_ISL_17964933",5,3,1,1,1,1,1,2,"5_3_1_1_1_1_1_2"
"8194","EPI_ISL_17964934",5,3,1,1,1,1,1,2,"5_3_1_1_1_1_1_2"
"8195","EPI_ISL_17964935",2,1,1,1,2,1,1,1,"2_1_1_1_2_1_1_1"
"8196","EPI_ISL_17964936",2,1,1,1,2,1,1,1,"2_1_1_1_2_1_1_1"
"8197","EPI_ISL_17964937",2,1,1,1,2,1,1,1,"2_1_1_1_2_1_1_1"
"8198","EPI_ISL_17964938",14,3,1,1,1,1,1,2,"14_3_1_1_1_1_1_2"
"8199","EPI_ISL_17964939",5,3,1,1,1,1,1,2,"5_3_1_1_1_1_1_2"
"8200","EPI_ISL_17964940",2,1,1,1,2,1,1,1,"2_1_1_1_2_1_1_1"
"8201","EPI_ISL_17964941",5,3,1,1,1,1,1,2,"5_3_1_1_1_1_1_2"
"8202","EPI_ISL_17964942",5,3,1,1,1,1,1,2,"5_3_1_1_1_1_1_2"
"8203","EPI_ISL_17964943",2,1,1,1,2,1,1,1,"2_1_1_1_2_1_1_1"
"8204","EPI_ISL_17964944",5,3,1,1,1,1,1,2,"5_3_1_1_1_1_1_2"
"8205","EPI_ISL_17964945",5,3,1,1,1,1,1,2,"5_3_1_1_1_1_1_2"
"8206","EPI_ISL_17964946",5,3,1,1,1,1,1,2,"5_3_1_1_1_1_1_2"
"8207","EPI_ISL_17964947",5,3,1,1,1,1,1,2,"5_3_1_1_1_1_1_2"
"8208","EPI_ISL_17964948",4,1,1,1,1,1,1,2,"4_1_1_1_1_1_1_2"
"8209","EPI_ISL_17964950",5,3,1,1,1,1,1,2,"5_3_1_1_1_1_1_2"
"8210","EPI_ISL_17964951",9,9,7,1,1,1,1,1,"9_9_7_1_1_1_1_1"
"8211","EPI_ISL_17964952",9,9,7,1,1,1,1,1,"9_9_7_1_1_1_1_1"
"8212","EPI_ISL_17964953",5,3,1,1,1,1,1,2,"5_3_1_1_1_1_1_2"
"8213","EPI_ISL_17964954",14,3,1,1,1,1,1,2,"14_3_1_1_1_1_1_2"
"8214","EPI_ISL_17964955",9,9,7,1,1,1,1,1,"9_9_7_1_1_1_1_1"
"8215","EPI_ISL_17964956",14,3,1,1,1,1,1,2,"14_3_1_1_1_1_1_2"
"8216","EPI_ISL_17964957",9,9,7,1,1,1,1,1,"9_9_7_1_1_1_1_1"
"8217","EPI_ISL_17964958",14,3,1,1,1,1,1,2,"14_3_1_1_1_1_1_2"
"8218","EPI_ISL_17964959",5,3,1,1,1,1,1,2,"5_3_1_1_1_1_1_2"
"8219","EPI_ISL_17964960",5,3,1,1,1,1,1,2,"5_3_1_1_1_1_1_2"
"8220","EPI_ISL_17964961",5,3,1,1,1,1,1,2,"5_3_1_1_1_1_1_2"
"8221","EPI_ISL_17964962",14,3,1,1,1,1,1,2,"14_3_1_1_1_1_1_2"
"8222","EPI_ISL_17964963",14,3,1,1,1,1,1,2,"14_3_1_1_1_1_1_2"
"8223","EPI_ISL_17964964",14,3,1,1,1,1,1,2,"14_3_1_1_1_1_1_2"
"8224","EPI_ISL_17964965",14,3,1,1,1,1,1,2,"14_3_1_1_1_1_1_2"
"8225","EPI_ISL_17964967",14,3,1,1,1,1,1,2,"14_3_1_1_1_1_1_2"
"8226","EPI_ISL_17964968",4,5,1,1,1,1,1,1,"4_5_1_1_1_1_1_1"
"8227","EPI_ISL_17964969",9,9,7,1,1,1,1,1,"9_9_7_1_1_1_1_1"
"8228","EPI_ISL_17964970",4,5,1,1,1,1,1,1,"4_5_1_1_1_1_1_1"
"8229","EPI_ISL_17964971",14,3,1,1,1,1,1,2,"14_3_1_1_1_1_1_2"
"8230","EPI_ISL_17964972",14,3,1,1,1,1,1,2,"14_3_1_1_1_1_1_2"
"8231","EPI_ISL_17964973",9,9,7,1,1,25,1,1,"9_9_7_1_1_25_1_1"
"8232","EPI_ISL_17964974",5,3,1,1,1,1,1,2,"5_3_1_1_1_1_1_2"
"8233","EPI_ISL_17964975",14,3,1,1,1,1,1,2,"14_3_1_1_1_1_1_2"
"8234","EPI_ISL_17964976",9,9,7,1,1,1,1,1,"9_9_7_1_1_1_1_1"
"8235","EPI_ISL_17964977",4,5,1,1,1,1,1,1,"4_5_1_1_1_1_1_1"
"8236","EPI_ISL_17964978",3,1,1,1,1,1,1,1,"3_1_1_1_1_1_1_1"
"8237","EPI_ISL_17964979",2,1,1,1,2,1,1,1,"2_1_1_1_2_1_1_1"
"8238","EPI_ISL_17964980",5,3,1,1,1,1,1,2,"5_3_1_1_1_1_1_2"
"8239","EPI_ISL_17964981",5,3,1,1,1,1,1,2,"5_3_1_1_1_1_1_2"
"8240","EPI_ISL_17971918",1,1,4,1,4,1,1,4,"1_1_4_1_4_1_1_4"
"8241","EPI_ISL_17971919",1,1,4,1,4,1,1,4,"1_1_4_1_4_1_1_4"
"8242","EPI_ISL_17971920",1,1,4,1,4,1,1,4,"1_1_4_1_4_1_1_4"
"8243","EPI_ISL_17971921",1,1,4,1,4,1,1,4,"1_1_4_1_4_1_1_4"
"8244","EPI_ISL_17971922",1,1,4,1,4,1,1,4,"1_1_4_1_4_1_1_4"
"8245","EPI_ISL_17971923",1,1,4,1,4,1,1,4,"1_1_4_1_4_1_1_4"
"8246","EPI_ISL_17971989",1,1,2,1,2,1,1,1,"1_1_2_1_2_1_1_1"
"8247","EPI_ISL_17971990",1,1,2,1,2,1,1,1,"1_1_2_1_2_1_1_1"
"8248","EPI_ISL_17971991",1,1,2,1,2,1,1,1,"1_1_2_1_2_1_1_1"
"8249","EPI_ISL_17971992",1,1,2,1,2,1,1,1,"1_1_2_1_2_1_1_1"
"8250","EPI_ISL_17971993",1,1,2,1,2,1,1,1,"1_1_2_1_2_1_1_1"
"8251","EPI_ISL_17971994",1,1,2,1,2,1,1,1,"1_1_2_1_2_1_1_1"
"8252","EPI_ISL_17971995",1,1,2,1,2,1,1,1,"1_1_2_1_2_1_1_1"
"8253","EPI_ISL_17971996",1,1,2,1,2,1,1,1,"1_1_2_1_2_1_1_1"
"8254","EPI_ISL_17971997",1,1,2,1,2,1,1,1,"1_1_2_1_2_1_1_1"
"8255","EPI_ISL_17971998",1,1,2,1,2,1,1,1,"1_1_2_1_2_1_1_1"
"8256","EPI_ISL_17978700",1,1,2,1,2,1,1,1,"1_1_2_1_2_1_1_1"
"8257","EPI_ISL_17996130",1,1,4,1,4,1,1,4,"1_1_4_1_4_1_1_4"
"8258","EPI_ISL_17996131",1,1,4,1,4,1,1,4,"1_1_4_1_4_1_1_4"
"8259","EPI_ISL_17996132",1,1,4,1,4,1,1,4,"1_1_4_1_4_1_1_4"
"8260","EPI_ISL_17996133",1,1,4,1,4,1,1,4,"1_1_4_1_4_1_1_4"
"8261","EPI_ISL_17996135",1,1,4,1,4,1,1,4,"1_1_4_1_4_1_1_4"
"8262","EPI_ISL_17996136",1,1,4,1,4,1,1,4,"1_1_4_1_4_1_1_4"
"8263","EPI_ISL_17996137",1,1,4,1,4,1,1,4,"1_1_4_1_4_1_1_4"
"8264","EPI_ISL_17996139",1,1,4,1,4,1,1,4,"1_1_4_1_4_1_1_4"
"8265","EPI_ISL_18011222",1,1,4,1,4,1,1,4,"1_1_4_1_4_1_1_4"
"8266","EPI_ISL_18011223",1,1,4,1,4,1,1,4,"1_1_4_1_4_1_1_4"
"8267","EPI_ISL_18011224",1,1,4,1,4,1,1,4,"1_1_4_1_4_1_1_4"
"8268","EPI_ISL_18011225",1,1,4,1,4,1,1,4,"1_1_4_1_4_1_1_4"
"8269","EPI_ISL_18011226",1,1,4,1,4,1,1,4,"1_1_4_1_4_1_1_4"
"8270","EPI_ISL_18011227",1,1,4,1,4,1,1,4,"1_1_4_1_4_1_1_4"
"8271","EPI_ISL_18011228",1,1,4,1,4,1,1,4,"1_1_4_1_4_1_1_4"
"8272","EPI_ISL_18011229",1,1,4,1,4,1,1,4,"1_1_4_1_4_1_1_4"
"8273","EPI_ISL_18011230",1,1,4,1,4,1,1,4,"1_1_4_1_4_1_1_4"
"8274","EPI_ISL_18011231",1,1,4,1,4,1,1,4,"1_1_4_1_4_1_1_4"
"8275","EPI_ISL_18011232",1,1,2,1,2,1,1,1,"1_1_2_1_2_1_1_1"
"8276","EPI_ISL_18012465",6,4,3,1,3,2,1,3,"6_4_3_1_3_2_1_3"
"8277","EPI_ISL_18012466",6,4,3,1,3,2,1,3,"6_4_3_1_3_2_1_3"
"8278","EPI_ISL_18013308",1,1,4,1,4,1,1,4,"1_1_4_1_4_1_1_4"
"8279","EPI_ISL_18013310",1,1,4,1,4,1,1,4,"1_1_4_1_4_1_1_4"
"8280","EPI_ISL_18013311",1,1,4,1,4,1,1,4,"1_1_4_1_4_1_1_4"
"8281","EPI_ISL_18013312",1,1,4,1,4,1,1,4,"1_1_4_1_4_1_1_4"
"8282","EPI_ISL_18013313",1,1,4,1,4,1,1,4,"1_1_4_1_4_1_1_4"
"8283","EPI_ISL_18043916",1,1,4,1,4,1,1,4,"1_1_4_1_4_1_1_4"
"8284","EPI_ISL_18043917",1,1,4,1,4,1,1,4,"1_1_4_1_4_1_1_4"
"8285","EPI_ISL_18043918",1,1,2,1,2,1,1,1,"1_1_2_1_2_1_1_1"
"8286","EPI_ISL_18043919",1,1,4,1,4,1,1,4,"1_1_4_1_4_1_1_4"
"8287","EPI_ISL_18043920",1,1,4,1,4,1,1,4,"1_1_4_1_4_1_1_4"
"8288","EPI_ISL_18054500",5,3,1,1,1,1,1,2,"5_3_1_1_1_1_1_2"
"8289","EPI_ISL_18054501",5,3,1,1,1,1,1,2,"5_3_1_1_1_1_1_2"
"8290","EPI_ISL_18054502",5,3,1,1,1,1,1,2,"5_3_1_1_1_1_1_2"
"8291","EPI_ISL_18054503",5,3,1,1,1,1,1,2,"5_3_1_1_1_1_1_2"
"8292","EPI_ISL_18054506",5,3,1,1,1,1,1,2,"5_3_1_1_1_1_1_2"
"8293","EPI_ISL_18054507",5,3,1,1,1,1,1,2,"5_3_1_1_1_1_1_2"
"8294","EPI_ISL_18054509",5,3,1,1,1,1,1,2,"5_3_1_1_1_1_1_2"
"8295","EPI_ISL_18094394",1,1,4,1,4,1,1,4,"1_1_4_1_4_1_1_4"
"8296","EPI_ISL_18094395",1,1,4,1,4,1,1,4,"1_1_4_1_4_1_1_4"
"8297","EPI_ISL_18102700",11,10,2,1,5,1,1,6,"11_10_2_1_5_1_1_6"
"8298","EPI_ISL_18102701",11,10,2,1,5,1,1,6,"11_10_2_1_5_1_1_6"
"8299","EPI_ISL_18112121",6,4,3,1,3,2,1,3,"6_4_3_1_3_2_1_3"
"8300","EPI_ISL_18112322",2,1,1,1,2,1,1,1,"2_1_1_1_2_1_1_1"
"8301","EPI_ISL_18112325",1,1,4,1,4,1,1,4,"1_1_4_1_4_1_1_4"
"8302","EPI_ISL_18112326",1,1,4,1,4,1,1,4,"1_1_4_1_4_1_1_4"
"8303","EPI_ISL_18112327",1,1,4,1,4,1,1,4,"1_1_4_1_4_1_1_4"
"8304","EPI_ISL_18112328",1,1,4,1,4,1,1,4,"1_1_4_1_4_1_1_4"
"8305","EPI_ISL_18112329",1,1,4,1,4,1,1,4,"1_1_4_1_4_1_1_4"
"8306","EPI_ISL_18112330",1,1,4,1,4,1,1,4,"1_1_4_1_4_1_1_4"
"8307","EPI_ISL_18112331",1,1,4,1,4,1,1,4,"1_1_4_1_4_1_1_4"
"8308","EPI_ISL_18112332",1,1,4,1,4,1,1,4,"1_1_4_1_4_1_1_4"
"8309","EPI_ISL_18112333",1,1,4,1,4,1,1,4,"1_1_4_1_4_1_1_4"
"8310","EPI_ISL_18112334",1,1,4,1,4,1,1,4,"1_1_4_1_4_1_1_4"
"8311","EPI_ISL_18112335",1,1,4,1,4,1,1,4,"1_1_4_1_4_1_1_4"
"8312","EPI_ISL_18112336",1,1,4,1,4,1,1,4,"1_1_4_1_4_1_1_4"
"8313","EPI_ISL_18118721",1,1,4,1,4,1,1,4,"1_1_4_1_4_1_1_4"
"8314","EPI_ISL_18118722",1,1,4,1,4,1,1,4,"1_1_4_1_4_1_1_4"
"8315","EPI_ISL_18118723",1,1,4,1,4,1,1,4,"1_1_4_1_4_1_1_4"
"8316","EPI_ISL_18118727",1,1,4,1,4,1,1,4,"1_1_4_1_4_1_1_4"
"8317","EPI_ISL_18118729",1,1,4,1,4,1,1,4,"1_1_4_1_4_1_1_4"
"8318","EPI_ISL_18118730",1,1,4,1,4,1,1,4,"1_1_4_1_4_1_1_4"
"8319","EPI_ISL_18118733",1,1,4,1,4,1,1,4,"1_1_4_1_4_1_1_4"
"8320","EPI_ISL_18127710",1,1,4,1,4,1,1,4,"1_1_4_1_4_1_1_4"
"8321","EPI_ISL_18127711",1,1,4,1,4,1,1,4,"1_1_4_1_4_1_1_4"
"8322","EPI_ISL_18127712",1,1,4,1,4,1,1,4,"1_1_4_1_4_1_1_4"
"8323","EPI_ISL_18127713",1,1,4,1,4,1,1,4,"1_1_4_1_4_1_1_4"
"8324","EPI_ISL_18127714",1,1,4,1,4,1,1,4,"1_1_4_1_4_1_1_4"
"8325","EPI_ISL_18133504",4,1,1,1,1,1,1,1,"4_1_1_1_1_1_1_1"
"8326","EPI_ISL_18133505",4,1,1,1,1,1,1,1,"4_1_1_1_1_1_1_1"
"8327","EPI_ISL_18133506",4,1,1,1,1,1,1,1,"4_1_1_1_1_1_1_1"
"8328","EPI_ISL_18133507",4,1,1,1,1,1,1,1,"4_1_1_1_1_1_1_1"
"8329","EPI_ISL_18133511",2,1,1,1,2,1,1,1,"2_1_1_1_2_1_1_1"
"8330","EPI_ISL_18133512",5,3,1,1,1,1,1,2,"5_3_1_1_1_1_1_2"
"8331","EPI_ISL_18133513",4,1,1,1,1,1,1,1,"4_1_1_1_1_1_1_1"
"8332","EPI_ISL_18133514",4,1,1,1,1,1,1,1,"4_1_1_1_1_1_1_1"
"8333","EPI_ISL_18133515",2,1,1,1,2,1,1,1,"2_1_1_1_2_1_1_1"
"8334","EPI_ISL_18133516",4,1,1,1,1,1,1,1,"4_1_1_1_1_1_1_1"
"8335","EPI_ISL_18133517",2,1,1,1,2,1,1,1,"2_1_1_1_2_1_1_1"
"8336","EPI_ISL_18133518",4,1,1,1,1,1,1,1,"4_1_1_1_1_1_1_1"
"8337","EPI_ISL_18133519",4,1,1,1,1,1,1,1,"4_1_1_1_1_1_1_1"
"8338","EPI_ISL_18161073",1,1,2,1,2,1,1,1,"1_1_2_1_2_1_1_1"
"8339","EPI_ISL_18161267",1,1,4,1,4,1,1,4,"1_1_4_1_4_1_1_4"
"8340","EPI_ISL_18209359",1,1,4,1,4,1,1,4,"1_1_4_1_4_1_1_4"
"8341","EPI_ISL_18209360",1,1,4,1,4,1,1,4,"1_1_4_1_4_1_1_4"
"8342","EPI_ISL_18209361",1,1,4,1,4,1,1,4,"1_1_4_1_4_1_1_4"
"8343","EPI_ISL_18209362",1,1,4,1,4,1,1,4,"1_1_4_1_4_1_1_4"
"8344","EPI_ISL_18209363",1,1,4,1,4,1,1,4,"1_1_4_1_4_1_1_4"
"8345","EPI_ISL_18209364",1,1,4,1,4,1,1,4,"1_1_4_1_4_1_1_4"
"8346","EPI_ISL_18209365",1,1,4,1,4,1,1,4,"1_1_4_1_4_1_1_4"
"8347","EPI_ISL_18209366",1,1,4,1,4,1,1,4,"1_1_4_1_4_1_1_4"
"8348","EPI_ISL_18209367",1,1,4,1,4,1,1,4,"1_1_4_1_4_1_1_4"
"8349","EPI_ISL_18209368",1,1,4,1,4,1,1,4,"1_1_4_1_4_1_1_4"
"8350","EPI_ISL_18209369",1,1,4,1,4,1,1,4,"1_1_4_1_4_1_1_4"
"8351","EPI_ISL_18226741",1,1,4,1,4,1,1,4,"1_1_4_1_4_1_1_4"
"8352","EPI_ISL_18226742",1,1,4,1,4,1,1,4,"1_1_4_1_4_1_1_4"
"8353","EPI_ISL_18226743",1,1,4,1,4,1,1,4,"1_1_4_1_4_1_1_4"
"8354","EPI_ISL_18226744",1,1,4,1,4,1,1,4,"1_1_4_1_4_1_1_4"
"8355","EPI_ISL_18241793",11,10,2,1,5,1,1,6,"11_10_2_1_5_1_1_6"
"8356","EPI_ISL_18241794",11,10,2,1,5,1,1,6,"11_10_2_1_5_1_1_6"
"8357","EPI_ISL_18241795",11,10,2,1,5,1,1,6,"11_10_2_1_5_1_1_6"
"8358","EPI_ISL_18241796",11,10,2,1,5,1,1,6,"11_10_2_1_5_1_1_6"
"8359","EPI_ISL_18241797",11,10,2,1,5,1,1,6,"11_10_2_1_5_1_1_6"
"8360","EPI_ISL_18241798",11,10,2,1,5,1,1,6,"11_10_2_1_5_1_1_6"
"8361","EPI_ISL_18242686",1,11,8,1,5,1,1,1,"1_11_8_1_5_1_1_1"
"8362","EPI_ISL_18257879",1,1,4,1,4,1,1,4,"1_1_4_1_4_1_1_4"
"8363","EPI_ISL_18257880",1,1,4,1,4,1,1,4,"1_1_4_1_4_1_1_4"
"8364","EPI_ISL_18257883",1,1,4,1,4,1,1,4,"1_1_4_1_4_1_1_4"
"8365","EPI_ISL_18257885",1,1,4,1,4,1,1,4,"1_1_4_1_4_1_1_4"
"8366","EPI_ISL_18257963",1,1,4,1,4,1,1,4,"1_1_4_1_4_1_1_4"
"8367","EPI_ISL_18257964",1,1,4,1,4,1,1,4,"1_1_4_1_4_1_1_4"
"8368","EPI_ISL_18257965",1,1,4,1,4,1,1,4,"1_1_4_1_4_1_1_4"
"8369","EPI_ISL_18258046",1,1,4,1,4,1,1,4,"1_1_4_1_4_1_1_4"
"8370","EPI_ISL_18258048",1,1,4,1,4,1,1,4,"1_1_4_1_4_1_1_4"
"8371","EPI_ISL_18258049",1,1,4,1,4,1,1,4,"1_1_4_1_4_1_1_4"
"8372","EPI_ISL_18258050",1,1,4,1,4,1,1,4,"1_1_4_1_4_1_1_4"
"8373","EPI_ISL_18258051",1,1,4,1,4,1,1,4,"1_1_4_1_4_1_1_4"
"8374","EPI_ISL_18258052",1,1,2,1,2,1,1,1,"1_1_2_1_2_1_1_1"
"8375","EPI_ISL_18258054",1,1,2,1,2,1,1,1,"1_1_2_1_2_1_1_1"
"8376","EPI_ISL_18265321",5,3,1,1,1,1,1,2,"5_3_1_1_1_1_1_2"
"8377","EPI_ISL_18265430",5,3,1,1,1,1,1,2,"5_3_1_1_1_1_1_2"
"8378","EPI_ISL_18265431",5,3,1,1,1,1,1,2,"5_3_1_1_1_1_1_2"
"8379","EPI_ISL_18265432",5,3,1,1,1,1,1,2,"5_3_1_1_1_1_1_2"
"8380","EPI_ISL_18265434",5,3,1,1,1,1,1,2,"5_3_1_1_1_1_1_2"
"8381","EPI_ISL_18265435",5,3,1,1,1,1,1,2,"5_3_1_1_1_1_1_2"
"8382","EPI_ISL_18265436",5,3,1,1,1,1,1,2,"5_3_1_1_1_1_1_2"
"8383","EPI_ISL_18284461",43,1,28,1,2,1,1,1,"43_1_28_1_2_1_1_1"
"8384","EPI_ISL_18284462",2,1,1,1,2,1,1,1,"2_1_1_1_2_1_1_1"
"8385","EPI_ISL_18284463",1,1,8,1,5,1,1,5,"1_1_8_1_5_1_1_5"
"8386","EPI_ISL_18284464",1,1,1,1,2,1,1,1,"1_1_1_1_2_1_1_1"
"8387","EPI_ISL_18284465",1,11,8,1,2,1,1,5,"1_11_8_1_2_1_1_5"
"8388","EPI_ISL_18284466",8,7,1,1,2,1,1,1,"8_7_1_1_2_1_1_1"
"8389","EPI_ISL_18284467",1,11,8,1,5,1,1,5,"1_11_8_1_5_1_1_5"
"8390","EPI_ISL_18284468",11,10,2,1,5,1,1,6,"11_10_2_1_5_1_1_6"
"8391","EPI_ISL_18284469",11,11,26,1,5,1,1,5,"11_11_26_1_5_1_1_5"
"8392","EPI_ISL_18284470",39,22,29,1,5,1,1,1,"39_22_29_1_5_1_1_1"
"8393","EPI_ISL_18284471",38,6,1,1,5,1,1,1,"38_6_1_1_5_1_1_1"
"8394","EPI_ISL_18284472",11,10,2,1,5,1,1,6,"11_10_2_1_5_1_1_6"
"8395","EPI_ISL_18284473",12,1,8,1,5,1,1,1,"12_1_8_1_5_1_1_1"
"8396","EPI_ISL_18284474",1,20,2,1,5,1,1,5,"1_20_2_1_5_1_1_5"
"8397","EPI_ISL_18284475",11,11,26,1,5,1,1,5,"11_11_26_1_5_1_1_5"
"8398","EPI_ISL_18284476",40,1,2,1,2,18,1,1,"40_1_2_1_2_18_1_1"
"8399","EPI_ISL_18284477",38,1,16,1,2,1,1,1,"38_1_16_1_2_1_1_1"
"8400","EPI_ISL_18284478",12,11,8,1,5,1,1,5,"12_11_8_1_5_1_1_5"
"8401","EPI_ISL_18290467",1,1,4,1,4,1,1,4,"1_1_4_1_4_1_1_4"
"8402","EPI_ISL_18290468",1,1,4,1,4,1,1,4,"1_1_4_1_4_1_1_4"
"8403","EPI_ISL_18290469",1,1,4,1,4,1,1,4,"1_1_4_1_4_1_1_4"
"8404","EPI_ISL_18290470",1,1,4,1,4,1,1,4,"1_1_4_1_4_1_1_4"
"8405","EPI_ISL_18290471",1,1,4,1,4,1,1,4,"1_1_4_1_4_1_1_4"
"8406","EPI_ISL_18290472",1,1,4,1,4,1,1,4,"1_1_4_1_4_1_1_4"
"8407","EPI_ISL_18290473",1,1,4,1,4,1,1,4,"1_1_4_1_4_1_1_4"
"8408","EPI_ISL_18290474",1,1,4,1,4,1,1,4,"1_1_4_1_4_1_1_4"
"8409","EPI_ISL_18290476",1,1,4,1,4,1,1,4,"1_1_4_1_4_1_1_4"
"8410","EPI_ISL_18290479",1,1,4,1,4,1,1,4,"1_1_4_1_4_1_1_4"
"8411","EPI_ISL_18290480",1,1,4,1,4,1,1,4,"1_1_4_1_4_1_1_4"
"8412","EPI_ISL_18290481",1,1,4,1,4,1,1,4,"1_1_4_1_4_1_1_4"
"8413","EPI_ISL_18290482",1,1,4,1,4,1,1,4,"1_1_4_1_4_1_1_4"
"8414","EPI_ISL_18290484",1,1,4,1,4,1,1,4,"1_1_4_1_4_1_1_4"
"8415","EPI_ISL_18290489",1,1,4,1,4,1,1,4,"1_1_4_1_4_1_1_4"
"8416","EPI_ISL_18290490",1,1,4,1,4,1,1,4,"1_1_4_1_4_1_1_4"
"8417","EPI_ISL_18290491",1,1,4,1,4,1,1,4,"1_1_4_1_4_1_1_4"
"8418","EPI_ISL_18290492",1,1,4,1,4,1,1,4,"1_1_4_1_4_1_1_4"
"8419","EPI_ISL_18290494",1,1,4,1,4,1,1,4,"1_1_4_1_4_1_1_4"
"8420","EPI_ISL_18290495",1,1,4,1,4,1,1,4,"1_1_4_1_4_1_1_4"
"8421","EPI_ISL_18325141",1,1,4,1,4,1,1,4,"1_1_4_1_4_1_1_4"
"8422","EPI_ISL_18347728",1,1,2,1,2,1,1,1,"1_1_2_1_2_1_1_1"
"8423","EPI_ISL_18347729",1,1,4,1,4,1,1,4,"1_1_4_1_4_1_1_4"
"8424","EPI_ISL_18347730",1,1,4,1,4,1,1,4,"1_1_4_1_4_1_1_4"
"8425","EPI_ISL_18347731",1,1,4,1,4,1,1,4,"1_1_4_1_4_1_1_4"
"8426","EPI_ISL_18371664",5,3,1,1,1,1,1,2,"5_3_1_1_1_1_1_2"
"8427","EPI_ISL_18371666",5,3,1,1,1,1,1,2,"5_3_1_1_1_1_1_2"
"8428","EPI_ISL_18373217",8,7,1,1,2,1,1,1,"8_7_1_1_2_1_1_1"
"8429","EPI_ISL_18373218",8,7,1,1,2,1,1,1,"8_7_1_1_2_1_1_1"
"8430","EPI_ISL_18373219",8,7,1,1,2,1,1,1,"8_7_1_1_2_1_1_1"
"8431","EPI_ISL_18373220",8,7,1,1,2,1,1,1,"8_7_1_1_2_1_1_1"
"8432","EPI_ISL_18373221",8,7,1,1,2,1,1,1,"8_7_1_1_2_1_1_1"
"8433","EPI_ISL_18373222",8,7,1,1,2,1,1,1,"8_7_1_1_2_1_1_1"
"8434","EPI_ISL_18373223",8,7,1,1,2,1,1,1,"8_7_1_1_2_1_1_1"
"8435","EPI_ISL_18373225",8,15,1,1,2,1,1,1,"8_15_1_1_2_1_1_1"
"8436","EPI_ISL_18373226",8,15,1,1,2,1,1,1,"8_15_1_1_2_1_1_1"
"8437","EPI_ISL_18373227",8,15,1,1,2,1,1,1,"8_15_1_1_2_1_1_1"
"8438","EPI_ISL_18373228",8,15,1,1,2,1,1,1,"8_15_1_1_2_1_1_1"
"8439","EPI_ISL_18373229",8,19,1,1,2,1,1,1,"8_19_1_1_2_1_1_1"
"8440","EPI_ISL_18373230",6,6,3,1,28,2,1,3,"6_6_3_1_28_2_1_3"
"8441","EPI_ISL_18373231",8,15,1,1,2,1,1,1,"8_15_1_1_2_1_1_1"
"8442","EPI_ISL_18373232",8,7,1,1,2,1,1,1,"8_7_1_1_2_1_1_1"
"8443","EPI_ISL_18373233",8,15,1,1,2,1,1,1,"8_15_1_1_2_1_1_1"
"8444","EPI_ISL_18373234",8,7,1,1,2,1,1,1,"8_7_1_1_2_1_1_1"
"8445","EPI_ISL_18373235",8,19,1,1,2,1,1,1,"8_19_1_1_2_1_1_1"
"8446","EPI_ISL_18373236",8,15,1,1,2,1,1,1,"8_15_1_1_2_1_1_1"
"8447","EPI_ISL_18373237",8,19,1,1,2,1,1,1,"8_19_1_1_2_1_1_1"
"8448","EPI_ISL_18373238",1,1,1,1,2,1,1,1,"1_1_1_1_2_1_1_1"
"8449","EPI_ISL_18373239",8,7,1,1,2,1,1,1,"8_7_1_1_2_1_1_1"
"8450","EPI_ISL_18373240",1,1,1,1,2,1,1,1,"1_1_1_1_2_1_1_1"
"8451","EPI_ISL_18373241",8,19,1,1,2,1,1,1,"8_19_1_1_2_1_1_1"
"8452","EPI_ISL_18373242",8,19,1,1,2,1,1,1,"8_19_1_1_2_1_1_1"
"8453","EPI_ISL_18373243",8,19,1,1,2,1,1,1,"8_19_1_1_2_1_1_1"
"8454","EPI_ISL_18373244",1,1,1,1,2,1,1,1,"1_1_1_1_2_1_1_1"
"8455","EPI_ISL_18373245",8,19,1,1,2,1,1,1,"8_19_1_1_2_1_1_1"
"8456","EPI_ISL_18373246",8,15,1,1,2,1,1,1,"8_15_1_1_2_1_1_1"
"8457","EPI_ISL_18373247",8,19,1,1,2,1,1,1,"8_19_1_1_2_1_1_1"
"8458","EPI_ISL_18373248",8,19,1,1,2,1,1,1,"8_19_1_1_2_1_1_1"
"8459","EPI_ISL_18373249",8,19,1,1,2,1,1,1,"8_19_1_1_2_1_1_1"
"8460","EPI_ISL_18373250",8,15,1,1,2,1,1,1,"8_15_1_1_2_1_1_1"
"8461","EPI_ISL_18373251",8,19,1,1,2,1,1,1,"8_19_1_1_2_1_1_1"
"8462","EPI_ISL_18373253",8,19,1,1,2,1,1,1,"8_19_1_1_2_1_1_1"
"8463","EPI_ISL_18373254",8,19,1,1,2,1,1,1,"8_19_1_1_2_1_1_1"
"8464","EPI_ISL_18373255",8,19,1,1,2,1,1,1,"8_19_1_1_2_1_1_1"
"8465","EPI_ISL_18373256",8,19,1,1,2,1,1,1,"8_19_1_1_2_1_1_1"
"8466","EPI_ISL_18373257",8,19,1,1,2,1,1,1,"8_19_1_1_2_1_1_1"
"8467","EPI_ISL_18373258",8,19,1,1,2,1,1,1,"8_19_1_1_2_1_1_1"
"8468","EPI_ISL_18373259",8,15,1,1,2,1,1,1,"8_15_1_1_2_1_1_1"
"8469","EPI_ISL_18373261",8,19,1,1,2,1,1,1,"8_19_1_1_2_1_1_1"
"8470","EPI_ISL_18373694",1,1,4,1,4,1,1,4,"1_1_4_1_4_1_1_4"
"8471","EPI_ISL_18373695",1,1,4,1,4,1,1,4,"1_1_4_1_4_1_1_4"
"8472","EPI_ISL_18422467",1,1,4,1,4,1,1,4,"1_1_4_1_4_1_1_4"
"8473","EPI_ISL_18422469",1,1,4,1,4,1,1,4,"1_1_4_1_4_1_1_4"
"8474","EPI_ISL_18438033",8,7,1,1,2,1,1,1,"8_7_1_1_2_1_1_1"
"8475","EPI_ISL_18439513",1,1,4,1,4,1,1,4,"1_1_4_1_4_1_1_4"
"8476","EPI_ISL_18439514",1,1,2,1,2,1,1,1,"1_1_2_1_2_1_1_1"
"8477","EPI_ISL_18439557",1,1,4,1,4,1,1,4,"1_1_4_1_4_1_1_4"
"8478","EPI_ISL_18439558",1,1,4,1,4,1,1,4,"1_1_4_1_4_1_1_4"
"8479","EPI_ISL_18439559",1,1,4,1,4,1,1,4,"1_1_4_1_4_1_1_4"
"8480","EPI_ISL_18439560",1,1,4,1,4,1,1,4,"1_1_4_1_4_1_1_4"
"8481","EPI_ISL_18439561",1,1,4,1,4,1,1,4,"1_1_4_1_4_1_1_4"
"8482","EPI_ISL_18439562",5,3,1,1,1,1,1,2,"5_3_1_1_1_1_1_2"
"8483","EPI_ISL_18439563",5,3,1,1,1,1,1,2,"5_3_1_1_1_1_1_2"
"8484","EPI_ISL_18439564",5,3,1,1,1,1,1,2,"5_3_1_1_1_1_1_2"
"8485","EPI_ISL_18439582",1,1,4,1,4,1,1,4,"1_1_4_1_4_1_1_4"
"8486","EPI_ISL_18445700",2,1,1,1,2,1,1,1,"2_1_1_1_2_1_1_1"
"8487","EPI_ISL_18445701",2,1,1,1,2,1,1,1,"2_1_1_1_2_1_1_1"
"8488","EPI_ISL_18445702",2,1,1,1,9,1,1,1,"2_1_1_1_9_1_1_1"
"8489","EPI_ISL_18445703",2,1,1,1,9,1,1,1,"2_1_1_1_9_1_1_1"
"8490","EPI_ISL_18445705",1,1,1,1,2,1,1,1,"1_1_1_1_2_1_1_1"
"8491","EPI_ISL_18445706",1,1,2,1,2,1,1,1,"1_1_2_1_2_1_1_1"
"8492","EPI_ISL_18445707",1,1,4,1,4,1,1,4,"1_1_4_1_4_1_1_4"
"8493","EPI_ISL_18445708",1,1,4,1,4,1,1,4,"1_1_4_1_4_1_1_4"
"8494","EPI_ISL_18445709",1,1,4,1,4,1,1,4,"1_1_4_1_4_1_1_4"
"8495","EPI_ISL_18445710",1,1,4,1,4,1,1,4,"1_1_4_1_4_1_1_4"
"8496","EPI_ISL_18445711",1,1,2,1,2,1,1,1,"1_1_2_1_2_1_1_1"
"8497","EPI_ISL_18445712",1,1,2,1,2,1,1,1,"1_1_2_1_2_1_1_1"
"8498","EPI_ISL_18445713",1,1,4,1,4,1,1,4,"1_1_4_1_4_1_1_4"
"8499","EPI_ISL_18445714",1,1,4,1,4,1,1,4,"1_1_4_1_4_1_1_4"
"8500","EPI_ISL_18445715",1,1,4,1,4,1,1,4,"1_1_4_1_4_1_1_4"
"8501","EPI_ISL_18445716",1,1,2,1,2,1,1,1,"1_1_2_1_2_1_1_1"
"8502","EPI_ISL_18445717",1,1,4,1,4,1,1,4,"1_1_4_1_4_1_1_4"
"8503","EPI_ISL_18445718",1,1,2,1,2,1,1,1,"1_1_2_1_2_1_1_1"
"8504","EPI_ISL_18445719",1,1,4,1,4,1,1,4,"1_1_4_1_4_1_1_4"
"8505","EPI_ISL_18445720",1,1,4,1,4,1,1,4,"1_1_4_1_4_1_1_4"
"8506","EPI_ISL_18445721",1,1,4,1,4,1,1,4,"1_1_4_1_4_1_1_4"
"8507","EPI_ISL_18445722",1,1,4,1,4,1,1,4,"1_1_4_1_4_1_1_4"
"8508","EPI_ISL_18445723",1,1,2,1,2,1,1,1,"1_1_2_1_2_1_1_1"
"8509","EPI_ISL_18445724",1,1,4,1,4,1,1,4,"1_1_4_1_4_1_1_4"
"8510","EPI_ISL_18445725",1,1,4,1,4,1,1,4,"1_1_4_1_4_1_1_4"
"8511","EPI_ISL_18445726",1,1,4,1,4,1,1,4,"1_1_4_1_4_1_1_4"
"8512","EPI_ISL_18445727",1,1,4,1,4,1,1,4,"1_1_4_1_4_1_1_4"
"8513","EPI_ISL_18445728",1,1,4,1,4,1,1,4,"1_1_4_1_4_1_1_4"
"8514","EPI_ISL_18445729",1,1,4,1,4,1,1,4,"1_1_4_1_4_1_1_4"
"8515","EPI_ISL_18445730",1,1,4,1,4,1,1,4,"1_1_4_1_4_1_1_4"
"8516","EPI_ISL_18445731",1,1,4,1,4,1,1,4,"1_1_4_1_4_1_1_4"
"8517","EPI_ISL_18445732",1,1,4,1,4,1,1,4,"1_1_4_1_4_1_1_4"
"8518","EPI_ISL_18445733",1,1,4,1,4,1,1,4,"1_1_4_1_4_1_1_4"
"8519","EPI_ISL_18445734",1,1,2,1,2,1,1,1,"1_1_2_1_2_1_1_1"
"8520","EPI_ISL_18445735",1,1,4,1,4,1,1,4,"1_1_4_1_4_1_1_4"
"8521","EPI_ISL_18445736",1,1,4,1,4,1,1,4,"1_1_4_1_4_1_1_4"
"8522","EPI_ISL_18445737",1,1,4,1,4,1,1,4,"1_1_4_1_4_1_1_4"
"8523","EPI_ISL_18445738",1,1,4,1,4,1,1,4,"1_1_4_1_4_1_1_4"
"8524","EPI_ISL_18445739",1,1,4,1,4,1,1,4,"1_1_4_1_4_1_1_4"
"8525","EPI_ISL_18445740",1,1,4,1,4,1,1,4,"1_1_4_1_4_1_1_4"
"8526","EPI_ISL_18445741",1,1,2,1,2,1,1,1,"1_1_2_1_2_1_1_1"
"8527","EPI_ISL_18445742",1,1,2,1,2,1,1,1,"1_1_2_1_2_1_1_1"
"8528","EPI_ISL_18445743",1,1,4,1,4,1,1,4,"1_1_4_1_4_1_1_4"
"8529","EPI_ISL_18445744",1,1,4,1,4,1,1,4,"1_1_4_1_4_1_1_4"
"8530","EPI_ISL_18445745",2,1,1,1,2,1,1,1,"2_1_1_1_2_1_1_1"
"8531","EPI_ISL_18445747",1,1,4,1,4,1,1,4,"1_1_4_1_4_1_1_4"
"8532","EPI_ISL_18445748",1,1,4,1,4,1,1,4,"1_1_4_1_4_1_1_4"
"8533","EPI_ISL_18445749",2,1,1,1,2,1,1,1,"2_1_1_1_2_1_1_1"
"8534","EPI_ISL_18445750",1,1,4,1,4,1,1,4,"1_1_4_1_4_1_1_4"
"8535","EPI_ISL_18445751",2,1,1,1,2,1,1,1,"2_1_1_1_2_1_1_1"
"8536","EPI_ISL_18454937",8,6,2,1,2,3,1,1,"8_6_2_1_2_3_1_1"
"8537","EPI_ISL_18455200",8,6,2,1,2,3,1,1,"8_6_2_1_2_3_1_1"
"8538","EPI_ISL_18455201",8,6,2,1,2,3,1,1,"8_6_2_1_2_3_1_1"
"8539","EPI_ISL_18455202",2,1,1,1,2,1,1,1,"2_1_1_1_2_1_1_1"
"8540","EPI_ISL_18455203",2,1,1,1,2,1,1,1,"2_1_1_1_2_1_1_1"
"8541","EPI_ISL_18455216",2,1,1,1,2,1,1,1,"2_1_1_1_2_1_1_1"
"8542","EPI_ISL_18455264",1,1,4,1,4,1,1,4,"1_1_4_1_4_1_1_4"
"8543","EPI_ISL_18462524",2,1,1,1,2,1,1,1,"2_1_1_1_2_1_1_1"
"8544","EPI_ISL_18462525",2,1,1,1,2,1,1,1,"2_1_1_1_2_1_1_1"
"8545","EPI_ISL_18462526",2,1,1,1,2,1,1,1,"2_1_1_1_2_1_1_1"
"8546","EPI_ISL_18462527",2,1,1,1,2,1,1,1,"2_1_1_1_2_1_1_1"
"8547","EPI_ISL_18462528",2,1,1,1,2,1,1,1,"2_1_1_1_2_1_1_1"
"8548","EPI_ISL_18462529",2,1,1,1,2,1,1,1,"2_1_1_1_2_1_1_1"
"8549","EPI_ISL_18462530",2,1,1,1,2,1,1,1,"2_1_1_1_2_1_1_1"
"8550","EPI_ISL_18462531",2,1,1,1,2,1,1,1,"2_1_1_1_2_1_1_1"
"8551","EPI_ISL_18462532",2,1,1,1,2,1,1,1,"2_1_1_1_2_1_1_1"
"8552","EPI_ISL_18462533",2,1,1,1,2,1,1,1,"2_1_1_1_2_1_1_1"
"8553","EPI_ISL_18462534",2,1,1,1,2,1,1,1,"2_1_1_1_2_1_1_1"
"8554","EPI_ISL_18462535",2,1,1,1,2,1,1,1,"2_1_1_1_2_1_1_1"
"8555","EPI_ISL_18462536",2,1,1,1,2,1,1,1,"2_1_1_1_2_1_1_1"
"8556","EPI_ISL_18462537",2,1,1,1,2,1,1,1,"2_1_1_1_2_1_1_1"
"8557","EPI_ISL_18462538",2,1,1,1,2,1,1,1,"2_1_1_1_2_1_1_1"
"8558","EPI_ISL_18462539",2,1,1,1,2,1,1,1,"2_1_1_1_2_1_1_1"
"8559","EPI_ISL_18462540",2,1,1,1,2,1,1,1,"2_1_1_1_2_1_1_1"
"8560","EPI_ISL_18462541",2,1,1,1,2,1,1,1,"2_1_1_1_2_1_1_1"
"8561","EPI_ISL_18472600",12,11,8,1,5,1,1,5,"12_11_8_1_5_1_1_5"
"8562","EPI_ISL_18472601",12,11,8,1,5,1,1,5,"12_11_8_1_5_1_1_5"
"8563","EPI_ISL_18472602",12,11,8,1,5,1,1,5,"12_11_8_1_5_1_1_5"
"8564","EPI_ISL_18472603",11,10,8,1,5,1,1,16,"11_10_8_1_5_1_1_16"
"8565","EPI_ISL_18472704",12,11,8,1,5,1,1,5,"12_11_8_1_5_1_1_5"
"8566","EPI_ISL_18472705",12,11,8,1,5,1,1,5,"12_11_8_1_5_1_1_5"
"8567","EPI_ISL_18472706",12,11,8,1,5,1,1,5,"12_11_8_1_5_1_1_5"
"8568","EPI_ISL_18472707",12,11,8,1,5,1,1,5,"12_11_8_1_5_1_1_5"
"8569","EPI_ISL_18472708",12,11,8,1,5,1,1,5,"12_11_8_1_5_1_1_5"
"8570","EPI_ISL_18472709",12,11,8,1,5,1,1,5,"12_11_8_1_5_1_1_5"
"8571","EPI_ISL_18472710",12,11,8,1,5,1,1,5,"12_11_8_1_5_1_1_5"
"8572","EPI_ISL_18472711",12,11,8,1,5,1,1,5,"12_11_8_1_5_1_1_5"
"8573","EPI_ISL_18472712",12,11,8,1,5,1,1,5,"12_11_8_1_5_1_1_5"
"8574","EPI_ISL_18472713",12,11,8,1,5,1,1,5,"12_11_8_1_5_1_1_5"
"8575","EPI_ISL_18472714",12,11,8,1,5,1,1,5,"12_11_8_1_5_1_1_5"
"8576","EPI_ISL_18472715",12,11,8,1,5,1,1,5,"12_11_8_1_5_1_1_5"
"8577","EPI_ISL_18472716",12,11,8,1,5,1,1,5,"12_11_8_1_5_1_1_5"
"8578","EPI_ISL_18472717",12,11,8,1,5,1,1,5,"12_11_8_1_5_1_1_5"
"8579","EPI_ISL_18472718",12,11,8,1,5,1,1,5,"12_11_8_1_5_1_1_5"
"8580","EPI_ISL_18503030",1,1,4,1,4,1,1,4,"1_1_4_1_4_1_1_4"
"8581","EPI_ISL_18503031",1,1,4,1,4,1,1,4,"1_1_4_1_4_1_1_4"
"8582","EPI_ISL_18503032",1,1,4,1,4,1,1,4,"1_1_4_1_4_1_1_4"
"8583","EPI_ISL_18503033",1,1,4,1,4,1,1,4,"1_1_4_1_4_1_1_4"
"8584","EPI_ISL_18513244",8,8,2,1,2,1,1,1,"8_8_2_1_2_1_1_1"
"8585","EPI_ISL_18513245",8,6,2,1,2,3,1,1,"8_6_2_1_2_3_1_1"
"8586","EPI_ISL_18529944",2,1,1,1,2,1,1,1,"2_1_1_1_2_1_1_1"
"8587","EPI_ISL_18530057",1,1,2,1,2,1,1,1,"1_1_2_1_2_1_1_1"
"8588","EPI_ISL_18530058",1,8,2,1,2,1,1,1,"1_8_2_1_2_1_1_1"
"8589","EPI_ISL_18530147",1,8,2,1,2,1,1,1,"1_8_2_1_2_1_1_1"
"8590","EPI_ISL_18536647",1,1,2,1,2,1,1,1,"1_1_2_1_2_1_1_1"
"8591","EPI_ISL_18536648",1,1,2,1,2,1,1,1,"1_1_2_1_2_1_1_1"
"8592","EPI_ISL_18536649",1,1,2,1,2,1,1,1,"1_1_2_1_2_1_1_1"
"8593","EPI_ISL_18536663",1,8,2,1,2,1,1,1,"1_8_2_1_2_1_1_1"
"8594","EPI_ISL_18538399",18,1,2,1,2,1,1,1,"18_1_2_1_2_1_1_1"
"8595","EPI_ISL_18538400",18,1,2,1,2,1,1,1,"18_1_2_1_2_1_1_1"
"8596","EPI_ISL_18538401",18,8,2,1,2,1,1,1,"18_8_2_1_2_1_1_1"
"8597","EPI_ISL_18538402",18,8,2,1,2,1,1,1,"18_8_2_1_2_1_1_1"
"8598","EPI_ISL_18538403",18,1,2,1,2,1,1,1,"18_1_2_1_2_1_1_1"
"8599","EPI_ISL_18538404",18,1,2,1,2,1,1,1,"18_1_2_1_2_1_1_1"
"8600","EPI_ISL_18538405",18,1,2,1,2,1,1,1,"18_1_2_1_2_1_1_1"
"8601","EPI_ISL_18538406",18,8,2,1,2,1,1,1,"18_8_2_1_2_1_1_1"
"8602","EPI_ISL_18538407",18,8,2,1,2,1,1,1,"18_8_2_1_2_1_1_1"
"8603","EPI_ISL_18538408",18,8,2,1,2,1,1,1,"18_8_2_1_2_1_1_1"
"8604","EPI_ISL_18538409",1,1,4,1,4,1,1,4,"1_1_4_1_4_1_1_4"
"8605","EPI_ISL_18538410",18,1,2,1,2,1,1,1,"18_1_2_1_2_1_1_1"
"8606","EPI_ISL_18538412",18,1,2,1,2,1,1,1,"18_1_2_1_2_1_1_1"
"8607","EPI_ISL_18561232",8,22,1,1,2,1,1,1,"8_22_1_1_2_1_1_1"
"8608","EPI_ISL_18578957",1,8,2,1,2,1,1,1,"1_8_2_1_2_1_1_1"
"8609","EPI_ISL_18586148",8,8,2,1,2,1,1,1,"8_8_2_1_2_1_1_1"
"8610","EPI_ISL_18586149",8,8,2,1,2,1,1,1,"8_8_2_1_2_1_1_1"
"8611","EPI_ISL_18592414",1,8,2,1,2,1,1,1,"1_8_2_1_2_1_1_1"
"8612","EPI_ISL_18592415",8,6,2,1,2,3,1,1,"8_6_2_1_2_3_1_1"
"8613","EPI_ISL_18592416",8,6,2,1,2,3,1,1,"8_6_2_1_2_3_1_1"
"8614","EPI_ISL_18592418",1,8,2,1,2,1,1,1,"1_8_2_1_2_1_1_1"
"8615","EPI_ISL_18592420",1,8,2,1,2,1,1,1,"1_8_2_1_2_1_1_1"
"8616","EPI_ISL_18592421",1,8,2,1,2,1,1,1,"1_8_2_1_2_1_1_1"
"8617","EPI_ISL_18592431",8,6,2,1,2,3,1,1,"8_6_2_1_2_3_1_1"
"8618","EPI_ISL_18592432",8,6,2,1,2,3,1,1,"8_6_2_1_2_3_1_1"
"8619","EPI_ISL_18592433",8,6,2,1,2,3,1,1,"8_6_2_1_2_3_1_1"
"8620","EPI_ISL_18592434",1,8,2,1,2,1,1,1,"1_8_2_1_2_1_1_1"
"8621","EPI_ISL_18593865",1,1,2,1,2,1,1,1,"1_1_2_1_2_1_1_1"
"8622","EPI_ISL_18593867",1,1,2,1,2,1,1,1,"1_1_2_1_2_1_1_1"
"8623","EPI_ISL_18594303",1,1,2,1,2,1,1,1,"1_1_2_1_2_1_1_1"
"8624","EPI_ISL_18594618",2,1,1,1,2,1,1,1,"2_1_1_1_2_1_1_1"
"8625","EPI_ISL_18603583",2,1,1,1,2,1,1,1,"2_1_1_1_2_1_1_1"
"8626","EPI_ISL_18603584",2,1,1,1,2,1,1,1,"2_1_1_1_2_1_1_1"
"8627","EPI_ISL_18603585",2,1,1,1,2,1,1,1,"2_1_1_1_2_1_1_1"
"8628","EPI_ISL_18603586",2,1,1,1,2,1,1,1,"2_1_1_1_2_1_1_1"
"8629","EPI_ISL_18612173",1,1,2,1,2,1,1,1,"1_1_2_1_2_1_1_1"
"8630","EPI_ISL_18612174",1,1,4,1,4,1,1,4,"1_1_4_1_4_1_1_4"
"8631","EPI_ISL_18612175",1,1,2,1,2,1,1,1,"1_1_2_1_2_1_1_1"
"8632","EPI_ISL_18612176",1,1,2,1,2,1,1,1,"1_1_2_1_2_1_1_1"
"8633","EPI_ISL_18612177",1,1,4,1,4,1,1,4,"1_1_4_1_4_1_1_4"
"8634","EPI_ISL_18612178",1,1,4,1,4,1,1,4,"1_1_4_1_4_1_1_4"
"8635","EPI_ISL_18612179",8,8,2,1,2,1,1,1,"8_8_2_1_2_1_1_1"
"8636","EPI_ISL_18612180",8,8,2,1,2,1,1,1,"8_8_2_1_2_1_1_1"
"8637","EPI_ISL_18612181",8,8,2,1,2,1,1,1,"8_8_2_1_2_1_1_1"
"8638","EPI_ISL_18612182",8,8,2,1,2,1,1,1,"8_8_2_1_2_1_1_1"
"8639","EPI_ISL_18612183",8,8,2,1,2,1,1,1,"8_8_2_1_2_1_1_1"
"8640","EPI_ISL_18612184",8,8,2,1,2,1,1,1,"8_8_2_1_2_1_1_1"
"8641","EPI_ISL_18612185",8,8,2,1,2,1,1,1,"8_8_2_1_2_1_1_1"
"8642","EPI_ISL_18612186",8,8,2,1,2,1,1,1,"8_8_2_1_2_1_1_1"
"8643","EPI_ISL_18618377",1,1,4,1,4,1,1,4,"1_1_4_1_4_1_1_4"
"8644","EPI_ISL_18618442",1,1,4,1,4,1,1,4,"1_1_4_1_4_1_1_4"
"8645","EPI_ISL_18618528",1,1,4,1,4,1,1,4,"1_1_4_1_4_1_1_4"
"8646","EPI_ISL_18618530",1,1,4,1,4,1,1,4,"1_1_4_1_4_1_1_4"
"8647","EPI_ISL_18618701",1,1,4,1,4,1,1,4,"1_1_4_1_4_1_1_4"
"8648","EPI_ISL_18618766",1,1,4,1,4,1,1,4,"1_1_4_1_4_1_1_4"
"8649","EPI_ISL_18618767",1,1,4,1,4,1,1,4,"1_1_4_1_4_1_1_4"
"8650","EPI_ISL_18618768",1,1,4,1,4,1,1,4,"1_1_4_1_4_1_1_4"
"8651","EPI_ISL_18643050",1,1,2,1,2,1,1,1,"1_1_2_1_2_1_1_1"
"8652","EPI_ISL_18643547",1,1,4,1,4,1,1,4,"1_1_4_1_4_1_1_4"
"8653","EPI_ISL_18651568",2,1,1,1,2,1,1,1,"2_1_1_1_2_1_1_1"
"8654","EPI_ISL_18652120",1,1,2,1,2,1,1,1,"1_1_2_1_2_1_1_1"
"8655","EPI_ISL_18652553",1,1,2,1,2,1,1,1,"1_1_2_1_2_1_1_1"
"8656","EPI_ISL_18652555",8,1,2,1,2,1,1,1,"8_1_2_1_2_1_1_1"
"8657","EPI_ISL_18660625",1,1,2,1,2,1,1,1,"1_1_2_1_2_1_1_1"
"8658","EPI_ISL_18660627",1,1,4,1,4,1,1,4,"1_1_4_1_4_1_1_4"
"8659","EPI_ISL_18660629",1,1,2,1,2,1,1,1,"1_1_2_1_2_1_1_1"
"8660","EPI_ISL_18660931",17,1,2,1,2,1,1,1,"17_1_2_1_2_1_1_1"
"8661","EPI_ISL_18660932",1,1,2,1,2,1,1,1,"1_1_2_1_2_1_1_1"
"8662","EPI_ISL_18668242",17,1,2,1,2,1,1,1,"17_1_2_1_2_1_1_1"
"8663","EPI_ISL_18668515",1,8,2,1,2,1,1,1,"1_8_2_1_2_1_1_1"
"8664","EPI_ISL_18668518",1,8,2,1,2,1,1,1,"1_8_2_1_2_1_1_1"
"8665","EPI_ISL_18668520",1,1,2,1,2,1,1,1,"1_1_2_1_2_1_1_1"
"8666","EPI_ISL_18668521",1,39,2,1,2,1,1,1,"1_39_2_1_2_1_1_1"
"8667","EPI_ISL_18668522",1,48,2,1,2,1,1,1,"1_48_2_1_2_1_1_1"
"8668","EPI_ISL_18668523",1,1,2,1,2,1,1,1,"1_1_2_1_2_1_1_1"
"8669","EPI_ISL_18668524",1,8,2,1,2,1,1,1,"1_8_2_1_2_1_1_1"
"8670","EPI_ISL_18683420",8,8,2,1,2,1,1,1,"8_8_2_1_2_1_1_1"
"8671","EPI_ISL_18690638",3,2,1,1,6,1,1,2,"3_2_1_1_6_1_1_2"
"8672","EPI_ISL_18690639",7,2,1,1,1,1,1,2,"7_2_1_1_1_1_1_2"
"8673","EPI_ISL_18690642",4,1,1,1,1,1,1,1,"4_1_1_1_1_1_1_1"
"8674","EPI_ISL_18690645",5,3,1,1,1,1,1,2,"5_3_1_1_1_1_1_2"
"8675","EPI_ISL_18690646",4,5,1,1,1,1,1,1,"4_5_1_1_1_1_1_1"
"8676","EPI_ISL_18690651",7,2,1,1,1,1,1,2,"7_2_1_1_1_1_1_2"
"8677","EPI_ISL_18691719",7,2,1,1,1,1,1,2,"7_2_1_1_1_1_1_2"
"8678","EPI_ISL_18691723",7,2,1,1,1,1,1,2,"7_2_1_1_1_1_1_2"
"8679","EPI_ISL_18691731",7,2,1,1,1,1,1,2,"7_2_1_1_1_1_1_2"
"8680","EPI_ISL_18691735",7,2,1,1,1,1,1,2,"7_2_1_1_1_1_1_2"
"8681","EPI_ISL_18691740",7,2,1,1,1,1,1,2,"7_2_1_1_1_1_1_2"
"8682","EPI_ISL_18691762",7,2,1,1,1,1,1,2,"7_2_1_1_1_1_1_2"
"8683","EPI_ISL_18691767",7,2,1,1,1,1,1,2,"7_2_1_1_1_1_1_2"
"8684","EPI_ISL_18691774",7,2,1,1,1,1,1,2,"7_2_1_1_1_1_1_2"
"8685","EPI_ISL_18691781",7,2,1,1,1,1,1,2,"7_2_1_1_1_1_1_2"
"8686","EPI_ISL_18691790",2,1,1,1,2,1,1,1,"2_1_1_1_2_1_1_1"
"8687","EPI_ISL_18691797",2,1,1,1,2,1,1,1,"2_1_1_1_2_1_1_1"
"8688","EPI_ISL_18691802",2,1,1,1,2,1,1,1,"2_1_1_1_2_1_1_1"
"8689","EPI_ISL_18691808",2,1,1,1,2,1,1,1,"2_1_1_1_2_1_1_1"
"8690","EPI_ISL_18691817",7,2,1,1,1,1,1,2,"7_2_1_1_1_1_1_2"
"8691","EPI_ISL_18691824",7,2,1,1,1,1,1,2,"7_2_1_1_1_1_1_2"
"8692","EPI_ISL_18691828",7,2,1,1,1,1,1,2,"7_2_1_1_1_1_1_2"
"8693","EPI_ISL_18691835",7,2,1,1,1,1,1,2,"7_2_1_1_1_1_1_2"
"8694","EPI_ISL_18691842",7,2,1,1,1,1,1,2,"7_2_1_1_1_1_1_2"
"8695","EPI_ISL_18691849",2,1,1,1,2,1,1,1,"2_1_1_1_2_1_1_1"
"8696","EPI_ISL_18691856",7,2,1,1,1,1,1,2,"7_2_1_1_1_1_1_2"
"8697","EPI_ISL_18691858",7,2,1,1,1,1,1,2,"7_2_1_1_1_1_1_2"
"8698","EPI_ISL_18691859",7,2,1,1,1,1,1,2,"7_2_1_1_1_1_1_2"
"8699","EPI_ISL_18691860",7,2,1,1,1,1,1,2,"7_2_1_1_1_1_1_2"
"8700","EPI_ISL_18691861",7,2,1,1,1,1,1,2,"7_2_1_1_1_1_1_2"
"8701","EPI_ISL_18691862",3,2,1,1,6,1,1,2,"3_2_1_1_6_1_1_2"
"8702","EPI_ISL_18698754",5,3,1,1,1,1,1,2,"5_3_1_1_1_1_1_2"
"8703","EPI_ISL_18698755",5,3,1,1,1,1,1,2,"5_3_1_1_1_1_1_2"
"8704","EPI_ISL_18698937",7,2,1,1,8,1,1,2,"7_2_1_1_8_1_1_2"
"8705","EPI_ISL_18698938",2,1,1,1,2,1,1,1,"2_1_1_1_2_1_1_1"
"8706","EPI_ISL_18698940",2,1,1,1,2,1,1,1,"2_1_1_1_2_1_1_1"
"8707","EPI_ISL_18698941",2,1,1,1,2,1,1,1,"2_1_1_1_2_1_1_1"
"8708","EPI_ISL_18698942",2,1,1,1,2,1,1,1,"2_1_1_1_2_1_1_1"
"8709","EPI_ISL_18698944",7,2,1,1,1,1,1,2,"7_2_1_1_1_1_1_2"
"8710","EPI_ISL_18698945",7,2,1,1,1,1,1,2,"7_2_1_1_1_1_1_2"
"8711","EPI_ISL_18698946",7,2,1,1,1,1,1,2,"7_2_1_1_1_1_1_2"
"8712","EPI_ISL_18698948",3,2,1,1,6,1,1,2,"3_2_1_1_6_1_1_2"
"8713","EPI_ISL_18698949",3,2,1,1,6,1,1,2,"3_2_1_1_6_1_1_2"
"8714","EPI_ISL_18698950",7,2,1,1,1,1,1,2,"7_2_1_1_1_1_1_2"
"8715","EPI_ISL_18698952",7,2,1,1,1,1,1,2,"7_2_1_1_1_1_1_2"
"8716","EPI_ISL_18698953",7,2,1,1,1,1,1,2,"7_2_1_1_1_1_1_2"
"8717","EPI_ISL_18698955",7,2,1,1,1,1,1,2,"7_2_1_1_1_1_1_2"
"8718","EPI_ISL_18698956",7,2,1,1,1,1,1,2,"7_2_1_1_1_1_1_2"
"8719","EPI_ISL_18698957",7,2,1,1,1,1,1,2,"7_2_1_1_1_1_1_2"
"8720","EPI_ISL_18698959",7,2,1,1,1,1,1,2,"7_2_1_1_1_1_1_2"
"8721","EPI_ISL_18698960",7,2,1,1,1,1,1,2,"7_2_1_1_1_1_1_2"
"8722","EPI_ISL_18698961",9,9,7,1,1,1,1,1,"9_9_7_1_1_1_1_1"
"8723","EPI_ISL_18698963",7,2,1,1,1,1,1,2,"7_2_1_1_1_1_1_2"
"8724","EPI_ISL_18698964",7,2,1,1,1,1,1,2,"7_2_1_1_1_1_1_2"
"8725","EPI_ISL_18698965",7,2,1,1,1,1,1,2,"7_2_1_1_1_1_1_2"
"8726","EPI_ISL_18698967",7,2,1,1,1,1,1,2,"7_2_1_1_1_1_1_2"
"8727","EPI_ISL_18698970",7,2,1,1,1,1,1,2,"7_2_1_1_1_1_1_2"
"8728","EPI_ISL_18698971",7,2,1,1,1,1,1,2,"7_2_1_1_1_1_1_2"
"8729","EPI_ISL_18698972",7,2,1,1,1,1,1,2,"7_2_1_1_1_1_1_2"
"8730","EPI_ISL_18698974",7,2,1,1,1,1,1,2,"7_2_1_1_1_1_1_2"
"8731","EPI_ISL_18698975",7,2,1,1,1,1,1,2,"7_2_1_1_1_1_1_2"
"8732","EPI_ISL_18698976",7,2,1,1,1,1,1,2,"7_2_1_1_1_1_1_2"
"8733","EPI_ISL_18698978",7,2,1,1,1,1,1,2,"7_2_1_1_1_1_1_2"
"8734","EPI_ISL_18698979",3,2,1,1,6,1,1,2,"3_2_1_1_6_1_1_2"
"8735","EPI_ISL_18698981",3,2,1,1,6,1,1,2,"3_2_1_1_6_1_1_2"
"8736","EPI_ISL_18698982",2,1,1,1,2,1,1,1,"2_1_1_1_2_1_1_1"
"8737","EPI_ISL_18698983",2,1,1,1,2,1,1,1,"2_1_1_1_2_1_1_1"
"8738","EPI_ISL_18698985",7,2,1,1,1,1,1,2,"7_2_1_1_1_1_1_2"
"8739","EPI_ISL_18698986",29,2,1,1,1,1,1,2,"29_2_1_1_1_1_1_2"
"8740","EPI_ISL_18698988",29,2,1,1,1,1,1,2,"29_2_1_1_1_1_1_2"
"8741","EPI_ISL_18698989",7,2,1,1,1,1,1,2,"7_2_1_1_1_1_1_2"
"8742","EPI_ISL_18698990",7,2,1,1,1,1,1,2,"7_2_1_1_1_1_1_2"
"8743","EPI_ISL_18698992",7,2,1,1,1,1,1,2,"7_2_1_1_1_1_1_2"
"8744","EPI_ISL_18698993",7,2,1,1,1,1,1,2,"7_2_1_1_1_1_1_2"
"8745","EPI_ISL_18698994",7,2,1,1,1,1,1,2,"7_2_1_1_1_1_1_2"
"8746","EPI_ISL_18698996",7,2,1,1,1,1,1,2,"7_2_1_1_1_1_1_2"
"8747","EPI_ISL_18698997",7,2,1,1,1,1,1,2,"7_2_1_1_1_1_1_2"
"8748","EPI_ISL_18698999",2,1,1,1,2,1,1,1,"2_1_1_1_2_1_1_1"
"8749","EPI_ISL_18699000",2,1,1,1,2,1,1,1,"2_1_1_1_2_1_1_1"
"8750","EPI_ISL_18699001",7,2,1,1,1,1,1,2,"7_2_1_1_1_1_1_2"
"8751","EPI_ISL_18699003",7,2,1,1,1,1,1,2,"7_2_1_1_1_1_1_2"
"8752","EPI_ISL_18699004",7,2,1,1,1,1,1,2,"7_2_1_1_1_1_1_2"
"8753","EPI_ISL_18699005",7,2,1,1,1,1,1,2,"7_2_1_1_1_1_1_2"
"8754","EPI_ISL_18699007",7,2,1,1,1,1,1,2,"7_2_1_1_1_1_1_2"
"8755","EPI_ISL_18718559",6,34,24,1,15,13,1,11,"6_34_24_1_15_13_1_11"
"8756","EPI_ISL_18750016",1,1,2,1,2,1,1,1,"1_1_2_1_2_1_1_1"
"8757","EPI_ISL_18750109",1,1,2,1,2,1,1,1,"1_1_2_1_2_1_1_1"
"8758","EPI_ISL_18846968",1,1,2,1,2,1,1,1,"1_1_2_1_2_1_1_1"
"8759","EPI_ISL_18846969",1,1,2,1,2,1,1,1,"1_1_2_1_2_1_1_1"
"8760","EPI_ISL_18846970",1,1,2,1,2,1,1,1,"1_1_2_1_2_1_1_1"
"8761","EPI_ISL_18846971",1,1,2,1,2,1,1,1,"1_1_2_1_2_1_1_1"
"8762","EPI_ISL_18846972",1,1,2,1,2,1,1,1,"1_1_2_1_2_1_1_1"
"8763","EPI_ISL_18846973",1,1,2,1,2,1,1,1,"1_1_2_1_2_1_1_1"
"8764","EPI_ISL_18847129",1,1,2,1,2,1,1,1,"1_1_2_1_2_1_1_1"
"8765","EPI_ISL_18847130",6,4,3,1,3,2,1,3,"6_4_3_1_3_2_1_3"
"8766","EPI_ISL_18847131",6,4,3,1,3,2,1,3,"6_4_3_1_3_2_1_3"
"8767","EPI_ISL_18847132",6,4,3,1,3,2,1,3,"6_4_3_1_3_2_1_3"
"8768","EPI_ISL_18847167",1,1,2,1,2,1,1,1,"1_1_2_1_2_1_1_1"
"8769","EPI_ISL_18847168",1,1,2,1,2,1,1,1,"1_1_2_1_2_1_1_1"
"8770","EPI_ISL_18325139",1,1,4,1,4,1,1,4,"1_1_4_1_4_1_1_4"
"8771","EPI_ISL_18325138",1,1,4,1,4,1,1,4,"1_1_4_1_4_1_1_4"
"8772","EPI_ISL_18325137",1,1,4,1,4,1,1,4,"1_1_4_1_4_1_1_4"
"8773","EPI_ISL_18325135",1,1,4,1,4,1,1,4,"1_1_4_1_4_1_1_4"
"8774","EPI_ISL_18325134",1,1,4,1,4,1,1,4,"1_1_4_1_4_1_1_4"
"8775","EPI_ISL_18325133",1,1,4,1,4,1,1,4,"1_1_4_1_4_1_1_4"
"8776","EPI_ISL_18325132",1,1,4,1,4,1,1,4,"1_1_4_1_4_1_1_4"
"8777","EPI_ISL_18325131",1,1,4,1,4,1,1,4,"1_1_4_1_4_1_1_4"
"8778","EPI_ISL_18325130",1,1,4,1,4,1,1,4,"1_1_4_1_4_1_1_4"
"8779","EPI_ISL_18325129",1,1,4,1,4,1,1,4,"1_1_4_1_4_1_1_4"
"8780","EPI_ISL_18325128",1,1,4,1,4,1,1,4,"1_1_4_1_4_1_1_4"
"8781","EPI_ISL_18325127",1,1,4,1,4,1,1,4,"1_1_4_1_4_1_1_4"
"8782","EPI_ISL_18325126",1,1,4,1,4,1,1,4,"1_1_4_1_4_1_1_4"
"8783","EPI_ISL_18325125",1,1,4,1,4,1,1,4,"1_1_4_1_4_1_1_4"
"8784","EPI_ISL_18325124",1,1,4,1,4,1,1,4,"1_1_4_1_4_1_1_4"
"8785","EPI_ISL_18325123",1,1,4,1,4,1,1,4,"1_1_4_1_4_1_1_4"
"8786","EPI_ISL_18325122",1,1,4,1,4,1,1,4,"1_1_4_1_4_1_1_4"
"8787","EPI_ISL_18472703",12,11,8,1,5,1,1,5,"12_11_8_1_5_1_1_5"
"8788","EPI_ISL_18472702",12,11,8,1,5,1,1,5,"12_11_8_1_5_1_1_5"
"8789","EPI_ISL_18472701",12,11,8,1,5,1,1,5,"12_11_8_1_5_1_1_5"
"8790","EPI_ISL_18472700",12,11,8,1,5,1,1,5,"12_11_8_1_5_1_1_5"
"8791","EPI_ISL_18472699",12,11,8,1,5,1,1,5,"12_11_8_1_5_1_1_5"
"8792","EPI_ISL_18472698",12,11,8,1,5,1,1,5,"12_11_8_1_5_1_1_5"
"8793","EPI_ISL_18472697",12,11,8,1,5,1,1,5,"12_11_8_1_5_1_1_5"
"8794","EPI_ISL_18472696",12,11,8,1,5,1,1,5,"12_11_8_1_5_1_1_5"
"8795","EPI_ISL_18472695",12,11,8,1,5,1,1,5,"12_11_8_1_5_1_1_5"
"8796","EPI_ISL_18472694",12,11,8,1,5,1,1,5,"12_11_8_1_5_1_1_5"
"8797","EPI_ISL_18472693",12,11,8,1,5,1,1,5,"12_11_8_1_5_1_1_5"
"8798","EPI_ISL_18472692",12,11,8,1,5,1,1,5,"12_11_8_1_5_1_1_5"
"8799","EPI_ISL_18472691",12,11,8,1,5,1,1,5,"12_11_8_1_5_1_1_5"
"8800","EPI_ISL_18472690",12,11,8,1,5,1,1,5,"12_11_8_1_5_1_1_5"
"8801","EPI_ISL_18472689",12,11,8,1,5,1,1,5,"12_11_8_1_5_1_1_5"
"8802","EPI_ISL_18472688",12,11,8,1,5,1,1,5,"12_11_8_1_5_1_1_5"
"8803","EPI_ISL_18472687",12,11,8,1,5,1,1,5,"12_11_8_1_5_1_1_5"
"8804","EPI_ISL_18472686",12,11,8,1,5,1,1,5,"12_11_8_1_5_1_1_5"
"8805","EPI_ISL_18472685",12,11,8,1,5,1,1,5,"12_11_8_1_5_1_1_5"
"8806","EPI_ISL_18472684",12,11,8,1,5,1,1,5,"12_11_8_1_5_1_1_5"
"8807","EPI_ISL_18472683",12,11,8,1,5,1,1,5,"12_11_8_1_5_1_1_5"
"8808","EPI_ISL_18472682",12,11,8,1,5,1,1,5,"12_11_8_1_5_1_1_5"
"8809","EPI_ISL_18472681",12,11,8,1,5,1,1,5,"12_11_8_1_5_1_1_5"
"8810","EPI_ISL_18472680",12,11,8,1,5,1,1,5,"12_11_8_1_5_1_1_5"
"8811","EPI_ISL_18472679",12,11,8,1,5,1,1,5,"12_11_8_1_5_1_1_5"
"8812","EPI_ISL_18472678",12,11,8,1,5,1,1,5,"12_11_8_1_5_1_1_5"
"8813","EPI_ISL_18472677",12,11,8,1,5,1,1,5,"12_11_8_1_5_1_1_5"
"8814","EPI_ISL_18472676",12,11,8,1,5,1,1,5,"12_11_8_1_5_1_1_5"
"8815","EPI_ISL_18472675",12,11,8,1,5,1,1,5,"12_11_8_1_5_1_1_5"
"8816","EPI_ISL_18472674",12,11,8,1,5,1,1,5,"12_11_8_1_5_1_1_5"
"8817","EPI_ISL_18472673",12,11,8,1,5,1,1,5,"12_11_8_1_5_1_1_5"
"8818","EPI_ISL_18472672",12,11,8,1,5,1,1,5,"12_11_8_1_5_1_1_5"
"8819","EPI_ISL_18472671",12,11,8,1,5,1,1,5,"12_11_8_1_5_1_1_5"
"8820","EPI_ISL_18472670",12,11,8,1,5,1,1,5,"12_11_8_1_5_1_1_5"
"8821","EPI_ISL_18472669",12,11,8,1,5,1,1,5,"12_11_8_1_5_1_1_5"
"8822","EPI_ISL_18472668",12,11,8,1,5,1,1,5,"12_11_8_1_5_1_1_5"
"8823","EPI_ISL_18472667",12,11,8,1,5,1,1,5,"12_11_8_1_5_1_1_5"
"8824","EPI_ISL_18472666",12,11,8,1,5,1,1,5,"12_11_8_1_5_1_1_5"
"8825","EPI_ISL_18472665",12,11,8,1,5,1,1,5,"12_11_8_1_5_1_1_5"
"8826","EPI_ISL_18472664",12,11,8,1,5,1,1,5,"12_11_8_1_5_1_1_5"
"8827","EPI_ISL_18472663",12,11,8,1,5,1,1,5,"12_11_8_1_5_1_1_5"
"8828","EPI_ISL_18472662",12,11,8,1,5,1,1,5,"12_11_8_1_5_1_1_5"
"8829","EPI_ISL_18472661",12,11,8,1,5,1,1,5,"12_11_8_1_5_1_1_5"
"8830","EPI_ISL_18472660",12,11,8,1,5,1,1,5,"12_11_8_1_5_1_1_5"
"8831","EPI_ISL_18472659",12,11,8,1,5,1,1,5,"12_11_8_1_5_1_1_5"
"8832","EPI_ISL_18472658",12,11,8,1,5,1,1,5,"12_11_8_1_5_1_1_5"
"8833","EPI_ISL_18472657",12,11,8,1,5,1,1,5,"12_11_8_1_5_1_1_5"
"8834","EPI_ISL_18472656",12,11,8,1,5,1,1,5,"12_11_8_1_5_1_1_5"
"8835","EPI_ISL_18472655",12,11,8,1,5,1,1,5,"12_11_8_1_5_1_1_5"
"8836","EPI_ISL_18472654",12,11,8,1,5,1,1,5,"12_11_8_1_5_1_1_5"
"8837","EPI_ISL_18472653",12,11,8,1,5,1,1,5,"12_11_8_1_5_1_1_5"
"8838","EPI_ISL_18472652",12,11,8,1,5,1,1,5,"12_11_8_1_5_1_1_5"
"8839","EPI_ISL_18472651",12,11,8,1,5,1,1,5,"12_11_8_1_5_1_1_5"
"8840","EPI_ISL_18472650",12,11,8,1,5,1,1,5,"12_11_8_1_5_1_1_5"
"8841","EPI_ISL_18472649",12,11,8,1,5,1,1,5,"12_11_8_1_5_1_1_5"
"8842","EPI_ISL_18472648",12,11,8,1,5,1,1,5,"12_11_8_1_5_1_1_5"
"8843","EPI_ISL_18472647",12,11,8,1,5,1,1,5,"12_11_8_1_5_1_1_5"
"8844","EPI_ISL_18472646",12,11,8,1,5,1,1,5,"12_11_8_1_5_1_1_5"
"8845","EPI_ISL_18472645",12,11,8,1,5,1,1,5,"12_11_8_1_5_1_1_5"
"8846","EPI_ISL_18472644",12,11,8,1,5,1,1,5,"12_11_8_1_5_1_1_5"
"8847","EPI_ISL_18472643",12,11,8,1,5,1,1,5,"12_11_8_1_5_1_1_5"
"8848","EPI_ISL_18472642",12,11,8,1,5,1,1,5,"12_11_8_1_5_1_1_5"
"8849","EPI_ISL_18472641",12,11,8,1,5,1,1,5,"12_11_8_1_5_1_1_5"
"8850","EPI_ISL_18472640",12,11,8,1,5,1,1,5,"12_11_8_1_5_1_1_5"
"8851","EPI_ISL_18472639",12,11,8,1,5,1,1,5,"12_11_8_1_5_1_1_5"
"8852","EPI_ISL_18472638",12,11,8,1,5,1,1,5,"12_11_8_1_5_1_1_5"
"8853","EPI_ISL_18472637",12,11,8,1,5,1,1,5,"12_11_8_1_5_1_1_5"
"8854","EPI_ISL_18472636",12,11,8,1,5,1,1,5,"12_11_8_1_5_1_1_5"
"8855","EPI_ISL_18472635",12,11,8,1,5,1,1,5,"12_11_8_1_5_1_1_5"
"8856","EPI_ISL_18472634",12,11,8,1,5,1,1,5,"12_11_8_1_5_1_1_5"
"8857","EPI_ISL_18472633",12,11,8,1,5,1,1,5,"12_11_8_1_5_1_1_5"
"8858","EPI_ISL_18472632",12,11,8,1,5,1,1,5,"12_11_8_1_5_1_1_5"
"8859","EPI_ISL_18472631",12,11,8,1,5,1,1,5,"12_11_8_1_5_1_1_5"
"8860","EPI_ISL_18472630",12,11,8,1,5,1,1,5,"12_11_8_1_5_1_1_5"
"8861","EPI_ISL_18472629",12,11,8,1,5,1,1,5,"12_11_8_1_5_1_1_5"
"8862","EPI_ISL_18472628",12,11,8,1,5,1,1,5,"12_11_8_1_5_1_1_5"
"8863","EPI_ISL_18472627",12,11,8,1,5,1,1,5,"12_11_8_1_5_1_1_5"
"8864","EPI_ISL_18472626",12,11,8,1,5,1,1,5,"12_11_8_1_5_1_1_5"
"8865","EPI_ISL_18472625",12,11,8,1,5,1,1,5,"12_11_8_1_5_1_1_5"
"8866","EPI_ISL_18472624",12,11,8,1,5,1,1,5,"12_11_8_1_5_1_1_5"
"8867","EPI_ISL_18472623",12,11,8,1,5,1,1,5,"12_11_8_1_5_1_1_5"
"8868","EPI_ISL_18472622",12,11,8,1,5,1,1,5,"12_11_8_1_5_1_1_5"
"8869","EPI_ISL_18472621",8,7,1,1,2,1,1,15,"8_7_1_1_2_1_1_15"
"8870","EPI_ISL_18472620",12,11,8,1,5,1,1,5,"12_11_8_1_5_1_1_5"
"8871","EPI_ISL_18472619",12,11,1,1,5,1,1,5,"12_11_1_1_5_1_1_5"
"8872","EPI_ISL_18472618",12,11,8,1,5,1,1,5,"12_11_8_1_5_1_1_5"
"8873","EPI_ISL_18472617",12,11,8,1,5,1,1,5,"12_11_8_1_5_1_1_5"
"8874","EPI_ISL_18472616",12,11,8,1,5,1,1,5,"12_11_8_1_5_1_1_5"
"8875","EPI_ISL_18472615",12,11,8,1,5,1,1,5,"12_11_8_1_5_1_1_5"
"8876","EPI_ISL_18472614",12,11,8,1,5,1,1,5,"12_11_8_1_5_1_1_5"
"8877","EPI_ISL_18472613",12,11,8,1,5,1,1,5,"12_11_8_1_5_1_1_5"
"8878","EPI_ISL_18472612",12,11,8,1,5,1,1,5,"12_11_8_1_5_1_1_5"
"8879","EPI_ISL_18472611",12,11,8,1,5,1,1,5,"12_11_8_1_5_1_1_5"
"8880","EPI_ISL_18472610",12,11,8,1,5,1,1,5,"12_11_8_1_5_1_1_5"
"8881","EPI_ISL_18472609",12,11,8,1,5,1,1,5,"12_11_8_1_5_1_1_5"
"8882","EPI_ISL_18472608",12,11,8,1,5,1,1,5,"12_11_8_1_5_1_1_5"
"8883","EPI_ISL_18472607",12,11,8,1,5,1,1,5,"12_11_8_1_5_1_1_5"
"8884","EPI_ISL_18472606",12,11,8,1,5,1,1,5,"12_11_8_1_5_1_1_5"
"8885","EPI_ISL_18472605",12,11,8,1,5,1,1,5,"12_11_8_1_5_1_1_5"
"8886","EPI_ISL_18472604",1,1,8,1,5,1,1,5,"1_1_8_1_5_1_1_5"
"8887","EPI_ISL_18472599",11,11,2,1,5,1,1,5,"11_11_2_1_5_1_1_5"
"8888","EPI_ISL_18472598",1,1,8,1,5,1,1,5,"1_1_8_1_5_1_1_5"
"8889","EPI_ISL_18472597",12,11,8,1,5,1,1,5,"12_11_8_1_5_1_1_5"
"8890","EPI_ISL_18472596",12,11,8,1,5,1,1,5,"12_11_8_1_5_1_1_5"
"8891","EPI_ISL_18472595",12,11,8,1,5,1,1,5,"12_11_8_1_5_1_1_5"
"8892","EPI_ISL_18472594",12,11,8,1,5,1,1,5,"12_11_8_1_5_1_1_5"
"8893","EPI_ISL_18472593",12,11,8,1,5,1,1,5,"12_11_8_1_5_1_1_5"
"8894","EPI_ISL_18472592",12,11,8,1,5,1,1,5,"12_11_8_1_5_1_1_5"
"8895","EPI_ISL_18472591",12,11,8,1,5,1,1,5,"12_11_8_1_5_1_1_5"
"8896","EPI_ISL_18472590",12,11,8,1,5,1,1,5,"12_11_8_1_5_1_1_5"
"8897","EPI_ISL_18472589",12,11,8,1,5,1,1,5,"12_11_8_1_5_1_1_5"
"8898","EPI_ISL_18472588",11,10,2,1,5,1,1,6,"11_10_2_1_5_1_1_6"
"8899","EPI_ISL_18472587",12,11,8,1,5,1,1,5,"12_11_8_1_5_1_1_5"
"8900","EPI_ISL_18472586",12,11,8,1,5,1,1,5,"12_11_8_1_5_1_1_5"
"8901","EPI_ISL_18472585",12,11,8,1,5,1,1,5,"12_11_8_1_5_1_1_5"
"8902","EPI_ISL_18472584",12,11,8,1,5,1,1,5,"12_11_8_1_5_1_1_5"
"8903","EPI_ISL_18472583",12,11,8,1,5,1,1,5,"12_11_8_1_5_1_1_5"
"8904","EPI_ISL_18529943",2,1,1,1,2,1,1,1,"2_1_1_1_2_1_1_1"
"8905","EPI_ISL_19529925",1,6,2,1,2,1,1,1,"1_6_2_1_2_1_1_1"
"8906","EPI_ISL_19498314",2,1,1,1,2,1,1,1,"2_1_1_1_2_1_1_1"
"8907","EPI_ISL_19498313",2,1,1,1,2,1,1,1,"2_1_1_1_2_1_1_1"
"8908","EPI_ISL_19529924",1,6,2,1,2,1,1,1,"1_6_2_1_2_1_1_1"
"8909","EPI_ISL_19529922",1,6,2,1,2,1,1,1,"1_6_2_1_2_1_1_1"
"8910","EPI_ISL_19186486",2,1,1,1,2,1,1,1,"2_1_1_1_2_1_1_1"
"8911","EPI_ISL_19464967",1,1,4,1,4,1,1,4,"1_1_4_1_4_1_1_4"
"8912","EPI_ISL_19529928",1,6,2,1,2,1,1,1,"1_6_2_1_2_1_1_1"
"8913","EPI_ISL_19529926",1,6,2,1,2,1,1,1,"1_6_2_1_2_1_1_1"
"8914","EPI_ISL_19496988",1,6,2,1,2,1,1,1,"1_6_2_1_2_1_1_1"
"8915","EPI_ISL_19496987",1,6,2,1,2,1,1,1,"1_6_2_1_2_1_1_1"
"8916","EPI_ISL_19496985",1,6,2,1,2,1,1,1,"1_6_2_1_2_1_1_1"
"8917","EPI_ISL_19496984",1,6,2,1,2,1,1,1,"1_6_2_1_2_1_1_1"
"8918","EPI_ISL_19171213",31,1,1,1,2,1,1,1,"31_1_1_1_2_1_1_1"
"8919","EPI_ISL_19171210",31,1,1,1,2,1,1,1,"31_1_1_1_2_1_1_1"
"8920","EPI_ISL_19529929",8,6,2,1,2,1,1,1,"8_6_2_1_2_1_1_1"
"8921","EPI_ISL_19155238",14,3,1,1,1,1,1,2,"14_3_1_1_1_1_1_2"
"8922","EPI_ISL_19155234",14,3,1,1,1,1,1,2,"14_3_1_1_1_1_1_2"
"8923","EPI_ISL_19154719",5,3,1,1,1,1,1,2,"5_3_1_1_1_1_1_2"
"8924","EPI_ISL_19154710",9,9,7,1,1,1,1,1,"9_9_7_1_1_1_1_1"
"8925","EPI_ISL_19154709",9,9,7,1,1,1,1,1,"9_9_7_1_1_1_1_1"
"8926","EPI_ISL_19154708",9,9,7,1,1,1,1,1,"9_9_7_1_1_1_1_1"
"8927","EPI_ISL_19154699",9,9,7,1,1,1,1,1,"9_9_7_1_1_1_1_1"
"8928","EPI_ISL_19154694",5,3,1,1,1,1,1,2,"5_3_1_1_1_1_1_2"
"8929","EPI_ISL_19154693",5,3,1,1,1,1,1,2,"5_3_1_1_1_1_1_2"
"8930","EPI_ISL_19154643",5,3,1,1,1,1,1,2,"5_3_1_1_1_1_1_2"
"8931","EPI_ISL_19154618",5,3,1,1,1,1,1,2,"5_3_1_1_1_1_1_2"
"8932","EPI_ISL_19154600",3,1,1,1,1,1,1,1,"3_1_1_1_1_1_1_1"
"8933","EPI_ISL_19154591",5,3,1,1,1,1,1,2,"5_3_1_1_1_1_1_2"
"8934","EPI_ISL_19154590",9,9,7,1,1,1,1,1,"9_9_7_1_1_1_1_1"
"8935","EPI_ISL_19154586",9,9,7,1,1,1,1,1,"9_9_7_1_1_1_1_1"
"8936","EPI_ISL_19154479",9,9,7,1,1,1,1,1,"9_9_7_1_1_1_1_1"
"8937","EPI_ISL_19154262",5,3,1,1,1,1,1,2,"5_3_1_1_1_1_1_2"
"8938","EPI_ISL_19154203",9,9,7,1,1,1,1,1,"9_9_7_1_1_1_1_1"
"8939","EPI_ISL_19154185",9,9,7,1,1,1,1,1,"9_9_7_1_1_1_1_1"
"8940","EPI_ISL_18728100",1,1,4,1,4,1,1,4,"1_1_4_1_4_1_1_4"
"8941","EPI_ISL_19088568",3,2,1,1,1,1,1,2,"3_2_1_1_1_1_1_2"
"8942","EPI_ISL_19088567",3,2,1,1,1,1,1,2,"3_2_1_1_1_1_1_2"
"8943","EPI_ISL_19466183",5,3,1,1,1,1,1,2,"5_3_1_1_1_1_1_2"
"8944","EPI_ISL_19531299",23,1,17,1,1,8,1,1,"23_1_17_1_1_8_1_1"
"8945","EPI_ISL_19497981",3,2,1,1,1,1,1,2,"3_2_1_1_1_1_1_2"
"8946","EPI_ISL_19497980",3,2,1,1,1,1,1,2,"3_2_1_1_1_1_1_2"
"8947","EPI_ISL_19481947",3,2,1,1,1,1,1,2,"3_2_1_1_1_1_1_2"
"8948","EPI_ISL_19466210",5,3,1,1,1,1,1,2,"5_3_1_1_1_1_1_2"
"8949","EPI_ISL_19466181",5,3,1,1,1,1,1,2,"5_3_1_1_1_1_1_2"
"8950","EPI_ISL_19466158",5,3,1,1,1,1,1,2,"5_3_1_1_1_1_1_2"
"8951","EPI_ISL_19186562",7,2,1,1,1,1,1,2,"7_2_1_1_1_1_1_2"
"8952","EPI_ISL_19186561",7,2,1,1,1,1,1,2,"7_2_1_1_1_1_1_2"
"8953","EPI_ISL_19186560",7,9,1,1,1,1,1,2,"7_9_1_1_1_1_1_2"
"8954","EPI_ISL_19186559",7,9,1,1,1,1,1,2,"7_9_1_1_1_1_1_2"
"8955","EPI_ISL_19186558",7,2,1,1,1,1,1,2,"7_2_1_1_1_1_1_2"
"8956","EPI_ISL_19186557",7,2,1,1,1,1,1,2,"7_2_1_1_1_1_1_2"
"8957","EPI_ISL_19186556",7,2,1,1,1,1,1,2,"7_2_1_1_1_1_1_2"
"8958","EPI_ISL_19186555",7,2,1,1,1,1,1,2,"7_2_1_1_1_1_1_2"
"8959","EPI_ISL_19186554",7,2,1,1,1,1,1,2,"7_2_1_1_1_1_1_2"
"8960","EPI_ISL_19186553",7,2,1,1,1,1,1,2,"7_2_1_1_1_1_1_2"
"8961","EPI_ISL_19186552",7,2,1,1,1,1,1,2,"7_2_1_1_1_1_1_2"
"8962","EPI_ISL_19186551",7,2,1,1,1,1,1,2,"7_2_1_1_1_1_1_2"
"8963","EPI_ISL_19186550",7,2,1,1,1,1,1,2,"7_2_1_1_1_1_1_2"
"8964","EPI_ISL_19186549",7,2,1,1,1,1,1,2,"7_2_1_1_1_1_1_2"
"8965","EPI_ISL_19186548",7,2,1,1,1,1,1,2,"7_2_1_1_1_1_1_2"
"8966","EPI_ISL_19186547",7,2,1,1,1,1,1,2,"7_2_1_1_1_1_1_2"
"8967","EPI_ISL_19186546",7,2,1,1,1,1,1,2,"7_2_1_1_1_1_1_2"
"8968","EPI_ISL_19186545",7,2,1,1,1,1,1,2,"7_2_1_1_1_1_1_2"
"8969","EPI_ISL_19186544",7,2,1,1,1,1,1,2,"7_2_1_1_1_1_1_2"
"8970","EPI_ISL_19186543",7,2,1,1,1,1,1,2,"7_2_1_1_1_1_1_2"
"8971","EPI_ISL_19155237",14,3,1,1,1,1,1,2,"14_3_1_1_1_1_1_2"
"8972","EPI_ISL_19155236",14,3,1,1,1,1,1,2,"14_3_1_1_1_1_1_2"
"8973","EPI_ISL_19155235",4,1,1,1,1,1,1,2,"4_1_1_1_1_1_1_2"
"8974","EPI_ISL_19154898",3,1,1,1,1,1,1,1,"3_1_1_1_1_1_1_1"
"8975","EPI_ISL_19154894",3,1,1,1,1,1,1,1,"3_1_1_1_1_1_1_1"
"8976","EPI_ISL_19154891",4,1,1,1,1,1,1,2,"4_1_1_1_1_1_1_2"
"8977","EPI_ISL_19154887",4,5,5,1,1,1,1,1,"4_5_5_1_1_1_1_1"
"8978","EPI_ISL_19154882",3,1,1,1,1,1,1,1,"3_1_1_1_1_1_1_1"
"8979","EPI_ISL_19154881",3,1,1,1,1,1,1,1,"3_1_1_1_1_1_1_1"
"8980","EPI_ISL_19154880",3,1,1,1,1,1,1,1,"3_1_1_1_1_1_1_1"
"8981","EPI_ISL_19154879",5,3,1,1,1,1,1,2,"5_3_1_1_1_1_1_2"
"8982","EPI_ISL_19154878",5,3,1,1,1,1,1,2,"5_3_1_1_1_1_1_2"
"8983","EPI_ISL_19154877",5,3,1,1,1,1,1,2,"5_3_1_1_1_1_1_2"
"8984","EPI_ISL_19154873",5,3,1,1,1,1,1,2,"5_3_1_1_1_1_1_2"
"8985","EPI_ISL_19154870",9,9,7,1,1,1,1,1,"9_9_7_1_1_1_1_1"
"8986","EPI_ISL_19154869",5,3,1,1,1,1,1,2,"5_3_1_1_1_1_1_2"
"8987","EPI_ISL_19154868",2,1,1,1,2,1,1,1,"2_1_1_1_2_1_1_1"
"8988","EPI_ISL_19154865",4,1,1,1,1,1,1,2,"4_1_1_1_1_1_1_2"
"8989","EPI_ISL_19154861",5,3,1,1,1,1,1,2,"5_3_1_1_1_1_1_2"
"8990","EPI_ISL_19154860",3,1,1,1,1,1,1,1,"3_1_1_1_1_1_1_1"
"8991","EPI_ISL_19154859",3,1,1,1,1,1,1,1,"3_1_1_1_1_1_1_1"
"8992","EPI_ISL_19154858",3,1,1,1,1,1,1,1,"3_1_1_1_1_1_1_1"
"8993","EPI_ISL_19154857",3,1,1,1,1,1,1,1,"3_1_1_1_1_1_1_1"
"8994","EPI_ISL_19154856",3,1,1,1,1,1,1,1,"3_1_1_1_1_1_1_1"
"8995","EPI_ISL_19154851",5,3,1,1,1,1,1,2,"5_3_1_1_1_1_1_2"
"8996","EPI_ISL_19154849",5,3,1,1,1,1,1,2,"5_3_1_1_1_1_1_2"
"8997","EPI_ISL_19154848",5,3,1,1,1,1,1,2,"5_3_1_1_1_1_1_2"
"8998","EPI_ISL_19154847",5,3,1,1,1,1,1,2,"5_3_1_1_1_1_1_2"
"8999","EPI_ISL_19154844",3,1,1,1,1,1,1,1,"3_1_1_1_1_1_1_1"
"9000","EPI_ISL_19154840",3,1,1,1,1,1,1,1,"3_1_1_1_1_1_1_1"
"9001","EPI_ISL_19154839",5,3,1,1,1,1,1,2,"5_3_1_1_1_1_1_2"
"9002","EPI_ISL_19154838",5,3,1,1,1,1,1,2,"5_3_1_1_1_1_1_2"
"9003","EPI_ISL_19154837",5,3,1,1,1,1,1,2,"5_3_1_1_1_1_1_2"
"9004","EPI_ISL_19154836",4,5,5,1,1,1,1,1,"4_5_5_1_1_1_1_1"
"9005","EPI_ISL_19154834",4,1,1,1,1,1,1,2,"4_1_1_1_1_1_1_2"
"9006","EPI_ISL_19154829",5,3,1,1,1,1,1,2,"5_3_1_1_1_1_1_2"
"9007","EPI_ISL_19154828",5,3,1,1,1,1,1,2,"5_3_1_1_1_1_1_2"
"9008","EPI_ISL_19154827",5,3,1,1,1,1,1,2,"5_3_1_1_1_1_1_2"
"9009","EPI_ISL_19154826",5,3,1,1,1,1,1,2,"5_3_1_1_1_1_1_2"
"9010","EPI_ISL_19154823",3,1,1,1,1,1,1,1,"3_1_1_1_1_1_1_1"
"9011","EPI_ISL_19154819",3,1,1,1,1,1,1,1,"3_1_1_1_1_1_1_1"
"9012","EPI_ISL_19154818",5,3,1,1,1,1,1,2,"5_3_1_1_1_1_1_2"
"9013","EPI_ISL_19154817",5,3,1,1,1,1,1,2,"5_3_1_1_1_1_1_2"
"9014","EPI_ISL_19154816",4,1,1,1,1,1,1,2,"4_1_1_1_1_1_1_2"
"9015","EPI_ISL_19154815",5,3,1,1,1,1,1,2,"5_3_1_1_1_1_1_2"
"9016","EPI_ISL_19154813",5,3,1,1,1,1,1,2,"5_3_1_1_1_1_1_2"
"9017","EPI_ISL_19154808",5,3,1,1,1,1,1,2,"5_3_1_1_1_1_1_2"
"9018","EPI_ISL_19154807",5,3,1,1,1,1,1,2,"5_3_1_1_1_1_1_2"
"9019","EPI_ISL_19154800",5,3,1,1,1,1,1,2,"5_3_1_1_1_1_1_2"
"9020","EPI_ISL_19154798",5,3,1,1,1,1,1,2,"5_3_1_1_1_1_1_2"
"9021","EPI_ISL_19154797",3,1,1,1,1,1,1,1,"3_1_1_1_1_1_1_1"
"9022","EPI_ISL_19154796",3,1,1,1,1,1,1,2,"3_1_1_1_1_1_1_2"
"9023","EPI_ISL_19154795",3,1,1,1,1,1,1,1,"3_1_1_1_1_1_1_1"
"9024","EPI_ISL_19154794",5,3,1,1,1,1,1,2,"5_3_1_1_1_1_1_2"
"9025","EPI_ISL_19154790",5,3,1,1,1,1,1,2,"5_3_1_1_1_1_1_2"
"9026","EPI_ISL_19154787",5,3,1,1,1,1,1,2,"5_3_1_1_1_1_1_2"
"9027","EPI_ISL_19154786",5,3,1,1,1,1,1,2,"5_3_1_1_1_1_1_2"
"9028","EPI_ISL_19154785",16,14,1,1,1,1,1,2,"16_14_1_1_1_1_1_2"
"9029","EPI_ISL_19154783",16,14,1,1,1,1,1,2,"16_14_1_1_1_1_1_2"
"9030","EPI_ISL_19154778",5,3,1,1,1,1,1,2,"5_3_1_1_1_1_1_2"
"9031","EPI_ISL_19154777",4,5,5,1,1,1,1,1,"4_5_5_1_1_1_1_1"
"9032","EPI_ISL_19154776",5,3,1,1,1,1,1,2,"5_3_1_1_1_1_1_2"
"9033","EPI_ISL_19154775",5,3,1,1,1,1,1,2,"5_3_1_1_1_1_1_2"
"9034","EPI_ISL_19154774",5,3,1,1,1,1,1,2,"5_3_1_1_1_1_1_2"
"9035","EPI_ISL_19154773",4,5,5,1,1,1,1,1,"4_5_5_1_1_1_1_1"
"9036","EPI_ISL_19154768",5,3,1,1,1,1,1,2,"5_3_1_1_1_1_1_2"
"9037","EPI_ISL_19154766",5,3,1,1,1,1,1,2,"5_3_1_1_1_1_1_2"
"9038","EPI_ISL_19154765",5,3,1,1,1,1,1,2,"5_3_1_1_1_1_1_2"
"9039","EPI_ISL_19154764",5,3,1,1,1,1,1,2,"5_3_1_1_1_1_1_2"
"9040","EPI_ISL_19154761",5,3,1,1,1,1,1,2,"5_3_1_1_1_1_1_2"
"9041","EPI_ISL_19154757",5,3,1,1,1,1,1,2,"5_3_1_1_1_1_1_2"
"9042","EPI_ISL_19154756",5,3,1,1,1,1,1,2,"5_3_1_1_1_1_1_2"
"9043","EPI_ISL_19154755",5,3,1,1,1,1,1,2,"5_3_1_1_1_1_1_2"
"9044","EPI_ISL_19154754",3,1,1,1,1,1,1,1,"3_1_1_1_1_1_1_1"
"9045","EPI_ISL_19154753",3,1,1,1,1,1,1,1,"3_1_1_1_1_1_1_1"
"9046","EPI_ISL_19154752",3,1,1,1,1,1,1,1,"3_1_1_1_1_1_1_1"
"9047","EPI_ISL_19154751",3,1,1,1,1,1,1,1,"3_1_1_1_1_1_1_1"
"9048","EPI_ISL_19154750",5,3,1,1,1,1,1,2,"5_3_1_1_1_1_1_2"
"9049","EPI_ISL_19154749",16,14,1,1,1,1,1,2,"16_14_1_1_1_1_1_2"
"9050","EPI_ISL_19154748",16,14,1,1,1,1,1,2,"16_14_1_1_1_1_1_2"
"9051","EPI_ISL_19154747",5,3,1,1,1,1,1,2,"5_3_1_1_1_1_1_2"
"9052","EPI_ISL_19154746",5,3,1,1,1,1,1,2,"5_3_1_1_1_1_1_2"
"9053","EPI_ISL_19154745",9,9,7,1,1,1,1,1,"9_9_7_1_1_1_1_1"
"9054","EPI_ISL_19154744",3,1,1,1,1,1,1,1,"3_1_1_1_1_1_1_1"
"9055","EPI_ISL_19154743",3,1,1,1,1,1,1,1,"3_1_1_1_1_1_1_1"
"9056","EPI_ISL_19154742",4,1,1,1,1,1,1,2,"4_1_1_1_1_1_1_2"
"9057","EPI_ISL_19154741",4,1,1,1,1,1,1,2,"4_1_1_1_1_1_1_2"
"9058","EPI_ISL_19154740",5,3,1,1,1,1,1,2,"5_3_1_1_1_1_1_2"
"9059","EPI_ISL_19154739",5,3,1,1,1,1,1,2,"5_3_1_1_1_1_1_2"
"9060","EPI_ISL_19154738",2,18,12,1,2,1,1,1,"2_18_12_1_2_1_1_1"
"9061","EPI_ISL_19154737",2,18,12,1,2,1,1,1,"2_18_12_1_2_1_1_1"
"9062","EPI_ISL_19154736",14,31,22,1,1,1,1,2,"14_31_22_1_1_1_1_2"
"9063","EPI_ISL_19154735",14,31,22,1,1,1,1,2,"14_31_22_1_1_1_1_2"
"9064","EPI_ISL_19154734",5,3,1,1,1,1,1,2,"5_3_1_1_1_1_1_2"
"9065","EPI_ISL_19154733",5,3,1,1,1,1,1,2,"5_3_1_1_1_1_1_2"
"9066","EPI_ISL_19154732",5,3,1,1,1,1,1,2,"5_3_1_1_1_1_1_2"
"9067","EPI_ISL_19154731",3,1,1,1,1,1,1,1,"3_1_1_1_1_1_1_1"
"9068","EPI_ISL_19154730",9,9,7,1,1,1,1,1,"9_9_7_1_1_1_1_1"
"9069","EPI_ISL_19154729",5,3,1,1,1,1,1,2,"5_3_1_1_1_1_1_2"
"9070","EPI_ISL_19154728",5,3,1,1,1,1,1,2,"5_3_1_1_1_1_1_2"
"9071","EPI_ISL_19154727",2,18,12,1,2,1,1,1,"2_18_12_1_2_1_1_1"
"9072","EPI_ISL_19154726",2,18,12,1,2,1,1,1,"2_18_12_1_2_1_1_1"
"9073","EPI_ISL_19154725",2,18,12,1,2,1,1,1,"2_18_12_1_2_1_1_1"
"9074","EPI_ISL_19154724",5,3,1,1,1,1,1,2,"5_3_1_1_1_1_1_2"
"9075","EPI_ISL_19154723",9,9,7,1,1,1,1,1,"9_9_7_1_1_1_1_1"
"9076","EPI_ISL_19154720",9,9,7,1,1,1,1,1,"9_9_7_1_1_1_1_1"
"9077","EPI_ISL_19154716",5,3,1,1,1,1,1,2,"5_3_1_1_1_1_1_2"
"9078","EPI_ISL_19154715",5,3,1,1,1,1,1,2,"5_3_1_1_1_1_1_2"
"9079","EPI_ISL_19154714",5,3,1,1,1,1,1,2,"5_3_1_1_1_1_1_2"
"9080","EPI_ISL_19154713",5,3,1,1,1,1,1,2,"5_3_1_1_1_1_1_2"
"9081","EPI_ISL_19154712",5,3,1,1,1,1,1,2,"5_3_1_1_1_1_1_2"
"9082","EPI_ISL_19154711",2,1,1,1,2,1,1,1,"2_1_1_1_2_1_1_1"
"9083","EPI_ISL_19154707",4,1,1,1,1,1,1,2,"4_1_1_1_1_1_1_2"
"9084","EPI_ISL_19154706",5,3,1,1,1,1,1,2,"5_3_1_1_1_1_1_2"
"9085","EPI_ISL_19154705",5,3,1,1,1,1,1,2,"5_3_1_1_1_1_1_2"
"9086","EPI_ISL_19154704",5,3,1,1,1,1,1,2,"5_3_1_1_1_1_1_2"
"9087","EPI_ISL_19154703",2,1,1,1,2,1,1,1,"2_1_1_1_2_1_1_1"
"9088","EPI_ISL_19154702",5,3,1,1,1,1,1,2,"5_3_1_1_1_1_1_2"
"9089","EPI_ISL_19154701",5,3,1,1,1,1,1,2,"5_3_1_1_1_1_1_2"
"9090","EPI_ISL_19154700",5,3,1,1,1,1,1,2,"5_3_1_1_1_1_1_2"
"9091","EPI_ISL_19154698",4,1,1,1,1,1,1,2,"4_1_1_1_1_1_1_2"
"9092","EPI_ISL_19154697",4,1,1,1,1,1,1,2,"4_1_1_1_1_1_1_2"
"9093","EPI_ISL_19154696",5,3,1,1,1,1,1,2,"5_3_1_1_1_1_1_2"
"9094","EPI_ISL_19154695",5,3,1,1,1,1,1,2,"5_3_1_1_1_1_1_2"
"9095","EPI_ISL_19154692",5,3,1,1,1,1,1,2,"5_3_1_1_1_1_1_2"
"9096","EPI_ISL_19154691",4,1,1,1,1,1,1,1,"4_1_1_1_1_1_1_1"
"9097","EPI_ISL_19154690",5,3,1,1,1,1,1,2,"5_3_1_1_1_1_1_2"
"9098","EPI_ISL_19154689",5,3,1,1,1,1,1,2,"5_3_1_1_1_1_1_2"
"9099","EPI_ISL_19154688",4,1,1,1,1,1,1,1,"4_1_1_1_1_1_1_1"
"9100","EPI_ISL_19154687",4,1,1,1,1,1,1,1,"4_1_1_1_1_1_1_1"
"9101","EPI_ISL_19154686",5,3,1,1,1,1,1,2,"5_3_1_1_1_1_1_2"
"9102","EPI_ISL_19154685",5,3,1,1,1,1,1,2,"5_3_1_1_1_1_1_2"
"9103","EPI_ISL_19154684",4,1,1,1,1,1,1,2,"4_1_1_1_1_1_1_2"
"9104","EPI_ISL_19154683",4,1,1,1,1,1,1,2,"4_1_1_1_1_1_1_2"
"9105","EPI_ISL_19154682",4,1,1,1,1,1,1,2,"4_1_1_1_1_1_1_2"
"9106","EPI_ISL_19154681",5,3,1,1,1,1,1,2,"5_3_1_1_1_1_1_2"
"9107","EPI_ISL_19154671",5,3,1,1,1,1,1,2,"5_3_1_1_1_1_1_2"
"9108","EPI_ISL_19154670",4,1,1,1,1,1,1,2,"4_1_1_1_1_1_1_2"
"9109","EPI_ISL_19154669",9,9,7,1,1,1,1,1,"9_9_7_1_1_1_1_1"
"9110","EPI_ISL_19154668",4,1,1,1,1,1,1,2,"4_1_1_1_1_1_1_2"
"9111","EPI_ISL_19154667",4,1,1,1,1,1,1,2,"4_1_1_1_1_1_1_2"
"9112","EPI_ISL_19154666",16,14,1,1,1,1,1,2,"16_14_1_1_1_1_1_2"
"9113","EPI_ISL_19154665",9,9,7,1,1,1,1,1,"9_9_7_1_1_1_1_1"
"9114","EPI_ISL_19154664",9,9,7,1,1,1,1,1,"9_9_7_1_1_1_1_1"
"9115","EPI_ISL_19154663",5,3,1,1,1,1,1,2,"5_3_1_1_1_1_1_2"
"9116","EPI_ISL_19154654",4,5,5,1,1,1,1,1,"4_5_5_1_1_1_1_1"
"9117","EPI_ISL_19154653",2,1,1,1,2,1,1,1,"2_1_1_1_2_1_1_1"
"9118","EPI_ISL_19154652",9,9,7,1,1,1,1,1,"9_9_7_1_1_1_1_1"
"9119","EPI_ISL_19154651",9,9,7,1,1,1,1,1,"9_9_7_1_1_1_1_1"
"9120","EPI_ISL_19154650",9,9,7,1,1,1,1,1,"9_9_7_1_1_1_1_1"
"9121","EPI_ISL_19154649",5,3,1,1,1,1,1,2,"5_3_1_1_1_1_1_2"
"9122","EPI_ISL_19154648",5,3,1,1,1,1,1,2,"5_3_1_1_1_1_1_2"
"9123","EPI_ISL_19154647",5,3,1,1,1,1,1,2,"5_3_1_1_1_1_1_2"
"9124","EPI_ISL_19154646",5,3,1,1,1,1,1,2,"5_3_1_1_1_1_1_2"
"9125","EPI_ISL_19154645",5,3,1,1,1,1,1,2,"5_3_1_1_1_1_1_2"
"9126","EPI_ISL_19154644",9,9,7,1,1,1,1,1,"9_9_7_1_1_1_1_1"
"9127","EPI_ISL_19154642",9,9,7,1,1,1,1,1,"9_9_7_1_1_1_1_1"
"9128","EPI_ISL_19154641",4,5,5,1,1,1,1,1,"4_5_5_1_1_1_1_1"
"9129","EPI_ISL_19154640",4,5,5,1,1,1,1,1,"4_5_5_1_1_1_1_1"
"9130","EPI_ISL_19154639",4,1,1,1,1,1,1,1,"4_1_1_1_1_1_1_1"
"9131","EPI_ISL_19154638",4,1,1,1,1,1,1,1,"4_1_1_1_1_1_1_1"
"9132","EPI_ISL_19154635",5,3,1,1,1,1,1,2,"5_3_1_1_1_1_1_2"
"9133","EPI_ISL_19154634",5,3,1,1,1,1,1,2,"5_3_1_1_1_1_1_2"
"9134","EPI_ISL_19154633",4,1,1,1,1,1,1,1,"4_1_1_1_1_1_1_1"
"9135","EPI_ISL_19154632",4,1,1,1,1,1,1,1,"4_1_1_1_1_1_1_1"
"9136","EPI_ISL_19154631",9,9,7,1,1,1,1,1,"9_9_7_1_1_1_1_1"
"9137","EPI_ISL_19154630",9,9,7,1,1,1,1,1,"9_9_7_1_1_1_1_1"
"9138","EPI_ISL_19154629",3,1,1,1,1,1,1,1,"3_1_1_1_1_1_1_1"
"9139","EPI_ISL_19154628",3,1,1,1,1,1,1,1,"3_1_1_1_1_1_1_1"
"9140","EPI_ISL_19154627",14,5,5,1,1,1,1,1,"14_5_5_1_1_1_1_1"
"9141","EPI_ISL_19154626",9,9,7,1,1,1,1,1,"9_9_7_1_1_1_1_1"
"9142","EPI_ISL_19154625",9,9,7,1,1,1,1,1,"9_9_7_1_1_1_1_1"
"9143","EPI_ISL_19154624",9,9,7,1,1,1,1,1,"9_9_7_1_1_1_1_1"
"9144","EPI_ISL_19154622",4,1,1,1,1,1,1,2,"4_1_1_1_1_1_1_2"
"9145","EPI_ISL_19154621",4,1,1,1,1,1,1,2,"4_1_1_1_1_1_1_2"
"9146","EPI_ISL_19154620",3,1,1,1,1,1,1,1,"3_1_1_1_1_1_1_1"
"9147","EPI_ISL_19154619",3,1,1,1,1,1,1,1,"3_1_1_1_1_1_1_1"
"9148","EPI_ISL_19154617",5,3,1,1,1,1,1,2,"5_3_1_1_1_1_1_2"
"9149","EPI_ISL_19154616",4,1,1,1,1,1,1,2,"4_1_1_1_1_1_1_2"
"9150","EPI_ISL_19154615",4,1,1,1,1,1,1,2,"4_1_1_1_1_1_1_2"
"9151","EPI_ISL_19154613",9,9,7,1,1,1,1,1,"9_9_7_1_1_1_1_1"
"9152","EPI_ISL_19154612",9,9,7,1,1,1,1,1,"9_9_7_1_1_1_1_1"
"9153","EPI_ISL_19154609",5,3,1,1,1,1,1,2,"5_3_1_1_1_1_1_2"
"9154","EPI_ISL_19154608",9,9,7,1,1,1,1,1,"9_9_7_1_1_1_1_1"
"9155","EPI_ISL_19154607",4,1,1,1,1,1,1,2,"4_1_1_1_1_1_1_2"
"9156","EPI_ISL_19154606",4,1,1,1,1,1,1,2,"4_1_1_1_1_1_1_2"
"9157","EPI_ISL_19154603",5,3,1,1,1,1,1,2,"5_3_1_1_1_1_1_2"
"9158","EPI_ISL_19154602",5,3,1,1,1,1,1,2,"5_3_1_1_1_1_1_2"
"9159","EPI_ISL_19154601",5,3,1,1,1,1,1,2,"5_3_1_1_1_1_1_2"
"9160","EPI_ISL_19154598",2,1,1,1,2,1,1,1,"2_1_1_1_2_1_1_1"
"9161","EPI_ISL_19154597",4,1,1,1,1,1,1,2,"4_1_1_1_1_1_1_2"
"9162","EPI_ISL_19154596",9,9,7,1,1,1,1,1,"9_9_7_1_1_1_1_1"
"9163","EPI_ISL_19154595",9,9,7,1,1,1,1,1,"9_9_7_1_1_1_1_1"
"9164","EPI_ISL_19154594",4,1,1,1,1,1,1,2,"4_1_1_1_1_1_1_2"
"9165","EPI_ISL_19154593",2,1,1,1,2,1,1,1,"2_1_1_1_2_1_1_1"
"9166","EPI_ISL_19154592",5,3,1,1,1,1,1,2,"5_3_1_1_1_1_1_2"
"9167","EPI_ISL_19154587",9,9,7,1,1,1,1,1,"9_9_7_1_1_1_1_1"
"9168","EPI_ISL_19154582",5,3,1,1,1,1,1,2,"5_3_1_1_1_1_1_2"
"9169","EPI_ISL_19154581",5,3,1,1,1,1,1,2,"5_3_1_1_1_1_1_2"
"9170","EPI_ISL_19154580",5,3,1,1,1,1,1,2,"5_3_1_1_1_1_1_2"
"9171","EPI_ISL_19154575",4,1,1,1,1,1,1,1,"4_1_1_1_1_1_1_1"
"9172","EPI_ISL_19154571",3,1,1,1,1,1,1,1,"3_1_1_1_1_1_1_1"
"9173","EPI_ISL_19154570",9,9,7,1,1,1,1,1,"9_9_7_1_1_1_1_1"
"9174","EPI_ISL_19154569",9,9,7,1,1,1,1,1,"9_9_7_1_1_1_1_1"
"9175","EPI_ISL_19154568",9,9,7,1,1,1,1,1,"9_9_7_1_1_1_1_1"
"9176","EPI_ISL_19154567",9,9,7,1,1,1,1,1,"9_9_7_1_1_1_1_1"
"9177","EPI_ISL_19154566",9,9,7,1,1,1,1,1,"9_9_7_1_1_1_1_1"
"9178","EPI_ISL_19154565",9,9,7,1,1,1,1,1,"9_9_7_1_1_1_1_1"
"9179","EPI_ISL_19154564",5,3,1,1,1,1,1,2,"5_3_1_1_1_1_1_2"
"9180","EPI_ISL_19154563",5,3,1,1,1,1,1,2,"5_3_1_1_1_1_1_2"
"9181","EPI_ISL_19154562",9,9,7,1,1,1,1,1,"9_9_7_1_1_1_1_1"
"9182","EPI_ISL_19154561",9,9,7,1,1,1,1,1,"9_9_7_1_1_1_1_1"
"9183","EPI_ISL_19154560",9,9,7,1,1,1,1,1,"9_9_7_1_1_1_1_1"
"9184","EPI_ISL_19154559",5,3,1,1,1,1,1,2,"5_3_1_1_1_1_1_2"
"9185","EPI_ISL_19154558",5,3,1,1,1,1,1,2,"5_3_1_1_1_1_1_2"
"9186","EPI_ISL_19154557",5,3,1,1,1,1,1,2,"5_3_1_1_1_1_1_2"
"9187","EPI_ISL_19154556",5,3,1,1,1,1,1,2,"5_3_1_1_1_1_1_2"
"9188","EPI_ISL_19154555",5,3,1,1,1,1,1,2,"5_3_1_1_1_1_1_2"
"9189","EPI_ISL_19154554",5,3,1,1,1,1,1,2,"5_3_1_1_1_1_1_2"
"9190","EPI_ISL_19154553",5,3,1,1,1,1,1,2,"5_3_1_1_1_1_1_2"
"9191","EPI_ISL_19154552",3,1,1,1,1,1,1,1,"3_1_1_1_1_1_1_1"
"9192","EPI_ISL_19154551",5,3,1,1,1,1,1,2,"5_3_1_1_1_1_1_2"
"9193","EPI_ISL_19154549",5,3,1,1,1,1,1,2,"5_3_1_1_1_1_1_2"
"9194","EPI_ISL_19154548",9,9,7,1,1,1,1,1,"9_9_7_1_1_1_1_1"
"9195","EPI_ISL_19154547",9,9,7,1,1,1,1,1,"9_9_7_1_1_1_1_1"
"9196","EPI_ISL_19154546",9,9,7,1,1,1,1,1,"9_9_7_1_1_1_1_1"
"9197","EPI_ISL_19154545",2,1,1,1,2,1,1,1,"2_1_1_1_2_1_1_1"
"9198","EPI_ISL_19154544",5,3,1,1,1,1,1,2,"5_3_1_1_1_1_1_2"
"9199","EPI_ISL_19154543",5,3,1,1,1,1,1,2,"5_3_1_1_1_1_1_2"
"9200","EPI_ISL_19154541",5,3,1,1,1,1,1,2,"5_3_1_1_1_1_1_2"
"9201","EPI_ISL_19154540",5,3,1,1,1,1,1,2,"5_3_1_1_1_1_1_2"
"9202","EPI_ISL_19154539",5,3,1,1,1,1,1,2,"5_3_1_1_1_1_1_2"
"9203","EPI_ISL_19154538",5,3,1,1,1,1,1,2,"5_3_1_1_1_1_1_2"
"9204","EPI_ISL_19154537",9,9,7,1,1,1,1,1,"9_9_7_1_1_1_1_1"
"9205","EPI_ISL_19154536",9,9,7,1,1,1,1,1,"9_9_7_1_1_1_1_1"
"9206","EPI_ISL_19154535",9,9,7,1,1,1,1,1,"9_9_7_1_1_1_1_1"
"9207","EPI_ISL_19154534",9,9,7,1,1,1,1,1,"9_9_7_1_1_1_1_1"
"9208","EPI_ISL_19154532",9,9,7,1,1,1,1,1,"9_9_7_1_1_1_1_1"
"9209","EPI_ISL_19154531",9,9,7,1,1,1,1,1,"9_9_7_1_1_1_1_1"
"9210","EPI_ISL_19154530",9,9,7,1,1,1,1,1,"9_9_7_1_1_1_1_1"
"9211","EPI_ISL_19154529",5,3,1,1,1,1,1,2,"5_3_1_1_1_1_1_2"
"9212","EPI_ISL_19154528",5,3,1,1,1,1,1,2,"5_3_1_1_1_1_1_2"
"9213","EPI_ISL_19154527",5,3,1,1,1,1,1,2,"5_3_1_1_1_1_1_2"
"9214","EPI_ISL_19154526",5,3,1,1,1,1,1,2,"5_3_1_1_1_1_1_2"
"9215","EPI_ISL_19154525",4,5,5,1,1,1,1,1,"4_5_5_1_1_1_1_1"
"9216","EPI_ISL_19154519",3,1,1,1,1,1,1,1,"3_1_1_1_1_1_1_1"
"9217","EPI_ISL_19154518",3,1,1,1,1,1,1,1,"3_1_1_1_1_1_1_1"
"9218","EPI_ISL_19154517",5,3,1,1,1,1,1,2,"5_3_1_1_1_1_1_2"
"9219","EPI_ISL_19154516",5,3,1,1,1,1,1,2,"5_3_1_1_1_1_1_2"
"9220","EPI_ISL_19154515",5,3,1,1,1,1,1,2,"5_3_1_1_1_1_1_2"
"9221","EPI_ISL_19154514",5,3,1,1,1,1,1,2,"5_3_1_1_1_1_1_2"
"9222","EPI_ISL_19154513",9,9,7,1,1,1,1,1,"9_9_7_1_1_1_1_1"
"9223","EPI_ISL_19154512",9,9,7,1,1,1,1,1,"9_9_7_1_1_1_1_1"
"9224","EPI_ISL_19154511",5,3,1,1,1,1,1,2,"5_3_1_1_1_1_1_2"
"9225","EPI_ISL_19154510",5,3,1,1,1,1,1,2,"5_3_1_1_1_1_1_2"
"9226","EPI_ISL_19154509",9,9,7,1,1,1,1,1,"9_9_7_1_1_1_1_1"
"9227","EPI_ISL_19154504",5,1,1,1,1,1,1,1,"5_1_1_1_1_1_1_1"
"9228","EPI_ISL_19154503",5,1,1,1,1,1,1,1,"5_1_1_1_1_1_1_1"
"9229","EPI_ISL_19154502",5,1,1,1,1,1,1,1,"5_1_1_1_1_1_1_1"
"9230","EPI_ISL_19154501",5,1,1,1,1,1,1,1,"5_1_1_1_1_1_1_1"
"9231","EPI_ISL_19154500",3,1,1,1,1,1,1,1,"3_1_1_1_1_1_1_1"
"9232","EPI_ISL_19154499",3,1,1,1,1,1,1,1,"3_1_1_1_1_1_1_1"
"9233","EPI_ISL_19154498",5,3,1,1,1,1,1,2,"5_3_1_1_1_1_1_2"
"9234","EPI_ISL_19154497",9,9,7,1,1,1,1,1,"9_9_7_1_1_1_1_1"
"9235","EPI_ISL_19154496",4,5,5,1,1,1,1,1,"4_5_5_1_1_1_1_1"
"9236","EPI_ISL_19154495",9,9,7,1,1,1,1,1,"9_9_7_1_1_1_1_1"
"9237","EPI_ISL_19154494",5,3,1,1,1,1,1,2,"5_3_1_1_1_1_1_2"
"9238","EPI_ISL_19154493",5,3,1,1,1,1,1,2,"5_3_1_1_1_1_1_2"
"9239","EPI_ISL_19154492",5,3,1,1,1,1,1,2,"5_3_1_1_1_1_1_2"
"9240","EPI_ISL_19154491",3,1,1,1,1,1,1,1,"3_1_1_1_1_1_1_1"
"9241","EPI_ISL_19154490",9,9,7,1,1,1,1,1,"9_9_7_1_1_1_1_1"
"9242","EPI_ISL_19154489",9,9,7,1,1,1,1,1,"9_9_7_1_1_1_1_1"
"9243","EPI_ISL_19154488",5,3,1,1,1,1,1,2,"5_3_1_1_1_1_1_2"
"9244","EPI_ISL_19154487",5,3,1,1,1,1,1,2,"5_3_1_1_1_1_1_2"
"9245","EPI_ISL_19154486",5,3,1,1,1,1,1,2,"5_3_1_1_1_1_1_2"
"9246","EPI_ISL_19154485",5,3,1,1,1,1,1,2,"5_3_1_1_1_1_1_2"
"9247","EPI_ISL_19154484",5,3,1,1,1,1,1,2,"5_3_1_1_1_1_1_2"
"9248","EPI_ISL_19154483",5,3,1,1,1,1,1,2,"5_3_1_1_1_1_1_2"
"9249","EPI_ISL_19154482",2,1,1,1,2,1,1,1,"2_1_1_1_2_1_1_1"
"9250","EPI_ISL_19154478",9,9,7,1,1,1,1,1,"9_9_7_1_1_1_1_1"
"9251","EPI_ISL_19154477",9,9,7,1,1,1,1,1,"9_9_7_1_1_1_1_1"
"9252","EPI_ISL_19154476",9,9,7,1,1,1,1,1,"9_9_7_1_1_1_1_1"
"9253","EPI_ISL_19154475",4,1,1,1,1,1,1,2,"4_1_1_1_1_1_1_2"
"9254","EPI_ISL_19154474",9,9,7,1,1,1,1,1,"9_9_7_1_1_1_1_1"
"9255","EPI_ISL_19154473",4,1,1,1,1,1,1,1,"4_1_1_1_1_1_1_1"
"9256","EPI_ISL_19154472",5,3,1,1,1,1,1,2,"5_3_1_1_1_1_1_2"
"9257","EPI_ISL_19154470",5,3,1,1,1,1,1,2,"5_3_1_1_1_1_1_2"
"9258","EPI_ISL_19154469",5,3,1,1,1,1,1,2,"5_3_1_1_1_1_1_2"
"9259","EPI_ISL_19154468",5,3,1,1,1,1,1,2,"5_3_1_1_1_1_1_2"
"9260","EPI_ISL_19154467",5,3,1,1,1,1,1,2,"5_3_1_1_1_1_1_2"
"9261","EPI_ISL_19154466",9,9,7,1,1,1,1,1,"9_9_7_1_1_1_1_1"
"9262","EPI_ISL_19154465",9,9,7,1,1,1,1,1,"9_9_7_1_1_1_1_1"
"9263","EPI_ISL_19154464",9,9,7,1,1,1,1,1,"9_9_7_1_1_1_1_1"
"9264","EPI_ISL_19154463",5,3,1,1,1,1,1,2,"5_3_1_1_1_1_1_2"
"9265","EPI_ISL_19154462",5,3,1,1,1,1,1,2,"5_3_1_1_1_1_1_2"
"9266","EPI_ISL_19154461",5,3,1,1,1,1,1,2,"5_3_1_1_1_1_1_2"
"9267","EPI_ISL_19154460",5,3,1,1,1,1,1,2,"5_3_1_1_1_1_1_2"
"9268","EPI_ISL_19154459",9,9,7,1,1,1,1,1,"9_9_7_1_1_1_1_1"
"9269","EPI_ISL_19154458",2,18,12,1,2,1,1,1,"2_18_12_1_2_1_1_1"
"9270","EPI_ISL_19154457",2,18,12,1,2,1,1,1,"2_18_12_1_2_1_1_1"
"9271","EPI_ISL_19154456",9,9,7,1,1,1,1,1,"9_9_7_1_1_1_1_1"
"9272","EPI_ISL_19154455",9,9,7,1,1,1,1,1,"9_9_7_1_1_1_1_1"
"9273","EPI_ISL_19154454",9,9,7,1,1,1,1,1,"9_9_7_1_1_1_1_1"
"9274","EPI_ISL_19154453",5,3,1,1,1,1,1,2,"5_3_1_1_1_1_1_2"
"9275","EPI_ISL_19154452",5,3,1,1,1,1,1,2,"5_3_1_1_1_1_1_2"
"9276","EPI_ISL_19154451",5,3,1,1,1,1,1,2,"5_3_1_1_1_1_1_2"
"9277","EPI_ISL_19154439",9,9,7,1,1,1,1,1,"9_9_7_1_1_1_1_1"
"9278","EPI_ISL_19154436",4,5,5,1,1,1,1,1,"4_5_5_1_1_1_1_1"
"9279","EPI_ISL_19154435",4,5,5,1,1,1,1,1,"4_5_5_1_1_1_1_1"
"9280","EPI_ISL_19154430",9,9,7,1,1,1,1,1,"9_9_7_1_1_1_1_1"
"9281","EPI_ISL_19154427",9,9,7,1,1,1,1,1,"9_9_7_1_1_1_1_1"
"9282","EPI_ISL_19154425",9,9,7,1,1,1,1,1,"9_9_7_1_1_1_1_1"
"9283","EPI_ISL_19154420",3,1,1,1,1,1,1,1,"3_1_1_1_1_1_1_1"
"9284","EPI_ISL_19154397",9,9,7,1,1,1,1,1,"9_9_7_1_1_1_1_1"
"9285","EPI_ISL_19154392",5,3,1,1,1,1,1,2,"5_3_1_1_1_1_1_2"
"9286","EPI_ISL_19154386",5,3,1,1,1,1,1,2,"5_3_1_1_1_1_1_2"
"9287","EPI_ISL_19154384",9,9,7,1,1,1,1,1,"9_9_7_1_1_1_1_1"
"9288","EPI_ISL_19154377",9,9,7,1,1,1,1,1,"9_9_7_1_1_1_1_1"
"9289","EPI_ISL_19154376",9,9,7,1,1,1,1,1,"9_9_7_1_1_1_1_1"
"9290","EPI_ISL_19154375",9,9,7,1,1,1,1,1,"9_9_7_1_1_1_1_1"
"9291","EPI_ISL_19154374",9,9,7,1,1,1,1,1,"9_9_7_1_1_1_1_1"
"9292","EPI_ISL_19154371",9,9,7,1,1,1,1,1,"9_9_7_1_1_1_1_1"
"9293","EPI_ISL_19154369",9,9,7,1,1,1,1,1,"9_9_7_1_1_1_1_1"
"9294","EPI_ISL_19154368",16,14,1,1,1,1,1,2,"16_14_1_1_1_1_1_2"
"9295","EPI_ISL_19154367",9,9,7,1,1,1,1,1,"9_9_7_1_1_1_1_1"
"9296","EPI_ISL_19154363",5,3,1,1,1,1,1,2,"5_3_1_1_1_1_1_2"
"9297","EPI_ISL_19154362",9,9,7,1,1,1,1,1,"9_9_7_1_1_1_1_1"
"9298","EPI_ISL_19154361",9,9,7,1,1,1,1,1,"9_9_7_1_1_1_1_1"
"9299","EPI_ISL_19154360",9,9,7,1,1,1,1,1,"9_9_7_1_1_1_1_1"
"9300","EPI_ISL_19154358",9,9,7,1,1,1,1,1,"9_9_7_1_1_1_1_1"
"9301","EPI_ISL_19154355",9,9,7,1,1,1,1,1,"9_9_7_1_1_1_1_1"
"9302","EPI_ISL_19154354",9,9,7,1,1,1,1,1,"9_9_7_1_1_1_1_1"
"9303","EPI_ISL_19154353",2,18,12,1,2,1,1,1,"2_18_12_1_2_1_1_1"
"9304","EPI_ISL_19154352",2,18,12,1,2,1,1,1,"2_18_12_1_2_1_1_1"
"9305","EPI_ISL_19154350",14,31,22,1,1,1,1,2,"14_31_22_1_1_1_1_2"
"9306","EPI_ISL_19154347",14,31,22,1,1,1,1,2,"14_31_22_1_1_1_1_2"
"9307","EPI_ISL_19154346",5,3,1,1,1,1,1,2,"5_3_1_1_1_1_1_2"
"9308","EPI_ISL_19154344",5,3,1,1,1,1,1,2,"5_3_1_1_1_1_1_2"
"9309","EPI_ISL_19154339",9,9,7,1,1,1,1,1,"9_9_7_1_1_1_1_1"
"9310","EPI_ISL_19154336",5,3,1,1,1,1,1,2,"5_3_1_1_1_1_1_2"
"9311","EPI_ISL_19154327",5,3,1,1,1,1,1,2,"5_3_1_1_1_1_1_2"
"9312","EPI_ISL_19154326",9,9,7,1,1,1,1,1,"9_9_7_1_1_1_1_1"
"9313","EPI_ISL_19154294",9,9,7,1,1,1,1,1,"9_9_7_1_1_1_1_1"
"9314","EPI_ISL_19154292",9,9,7,1,1,1,1,1,"9_9_7_1_1_1_1_1"
"9315","EPI_ISL_19154287",2,1,1,1,2,1,1,1,"2_1_1_1_2_1_1_1"
"9316","EPI_ISL_19154286",9,9,7,1,1,1,1,1,"9_9_7_1_1_1_1_1"
"9317","EPI_ISL_19154266",9,9,7,1,1,1,1,1,"9_9_7_1_1_1_1_1"
"9318","EPI_ISL_19154265",3,1,1,1,1,1,1,1,"3_1_1_1_1_1_1_1"
"9319","EPI_ISL_19154258",5,3,1,1,1,1,1,2,"5_3_1_1_1_1_1_2"
"9320","EPI_ISL_19154257",5,3,1,1,1,1,1,2,"5_3_1_1_1_1_1_2"
"9321","EPI_ISL_19154253",4,1,1,1,1,1,1,2,"4_1_1_1_1_1_1_2"
"9322","EPI_ISL_19154229",3,1,1,1,1,1,1,1,"3_1_1_1_1_1_1_1"
"9323","EPI_ISL_19154228",9,9,7,1,1,1,1,1,"9_9_7_1_1_1_1_1"
"9324","EPI_ISL_19154224",4,5,5,1,1,1,1,1,"4_5_5_1_1_1_1_1"
"9325","EPI_ISL_19154221",3,9,1,1,1,1,1,1,"3_9_1_1_1_1_1_1"
"9326","EPI_ISL_19154219",3,1,1,1,1,1,1,1,"3_1_1_1_1_1_1_1"
"9327","EPI_ISL_19154214",3,1,1,1,1,1,1,1,"3_1_1_1_1_1_1_1"
"9328","EPI_ISL_19154213",2,1,1,1,2,1,1,1,"2_1_1_1_2_1_1_1"
"9329","EPI_ISL_19154207",3,1,1,1,1,1,1,1,"3_1_1_1_1_1_1_1"
"9330","EPI_ISL_19154200",9,9,7,1,1,1,1,1,"9_9_7_1_1_1_1_1"
"9331","EPI_ISL_19154198",9,9,7,1,1,1,1,1,"9_9_7_1_1_1_1_1"
"9332","EPI_ISL_19154190",3,1,1,1,1,1,1,1,"3_1_1_1_1_1_1_1"
"9333","EPI_ISL_19154189",3,1,1,1,1,1,1,1,"3_1_1_1_1_1_1_1"
"9334","EPI_ISL_19154188",3,1,1,1,1,1,1,1,"3_1_1_1_1_1_1_1"
"9335","EPI_ISL_19154187",3,1,1,1,1,1,1,1,"3_1_1_1_1_1_1_1"
"9336","EPI_ISL_19154186",9,9,7,1,1,1,1,1,"9_9_7_1_1_1_1_1"
"9337","EPI_ISL_19154182",4,5,5,1,1,1,1,1,"4_5_5_1_1_1_1_1"
"9338","EPI_ISL_19154181",2,1,1,1,2,1,1,1,"2_1_1_1_2_1_1_1"
"9339","EPI_ISL_19154180",2,1,1,1,2,1,1,1,"2_1_1_1_2_1_1_1"
"9340","EPI_ISL_19154179",4,5,5,1,1,1,1,1,"4_5_5_1_1_1_1_1"
"9341","EPI_ISL_19154176",3,1,1,1,1,1,1,2,"3_1_1_1_1_1_1_2"
"9342","EPI_ISL_19154175",3,1,1,1,1,1,1,1,"3_1_1_1_1_1_1_1"
"9343","EPI_ISL_19154174",5,3,1,1,1,1,1,2,"5_3_1_1_1_1_1_2"
"9344","EPI_ISL_19154170",3,1,1,1,1,1,1,1,"3_1_1_1_1_1_1_1"
"9345","EPI_ISL_19154168",3,1,1,1,1,1,1,1,"3_1_1_1_1_1_1_1"
"9346","EPI_ISL_19154167",4,5,5,1,1,1,1,1,"4_5_5_1_1_1_1_1"
"9347","EPI_ISL_19154166",9,9,7,1,1,1,1,1,"9_9_7_1_1_1_1_1"
"9348","EPI_ISL_19154165",3,1,1,1,1,1,1,1,"3_1_1_1_1_1_1_1"
"9349","EPI_ISL_19154164",3,1,1,1,1,1,1,1,"3_1_1_1_1_1_1_1"
"9350","EPI_ISL_19154162",3,1,1,1,1,1,1,1,"3_1_1_1_1_1_1_1"
"9351","EPI_ISL_19154157",3,1,1,1,1,1,1,1,"3_1_1_1_1_1_1_1"
"9352","EPI_ISL_19154151",3,1,1,1,1,1,1,1,"3_1_1_1_1_1_1_1"
"9353","EPI_ISL_19154149",3,1,1,1,1,1,1,1,"3_1_1_1_1_1_1_1"
"9354","EPI_ISL_19154146",3,1,1,1,1,1,1,1,"3_1_1_1_1_1_1_1"
"9355","EPI_ISL_19154142",3,1,1,1,1,1,1,1,"3_1_1_1_1_1_1_1"
"9356","EPI_ISL_19154141",3,1,1,1,1,1,1,1,"3_1_1_1_1_1_1_1"
"9357","EPI_ISL_19154131",3,1,1,1,1,1,1,1,"3_1_1_1_1_1_1_1"
"9358","EPI_ISL_19154127",4,5,5,1,1,1,1,1,"4_5_5_1_1_1_1_1"
"9359","EPI_ISL_19154126",2,1,1,1,2,1,1,1,"2_1_1_1_2_1_1_1"
"9360","EPI_ISL_19154122",3,1,1,1,1,1,1,1,"3_1_1_1_1_1_1_1"
"9361","EPI_ISL_19154116",9,9,7,1,1,1,1,1,"9_9_7_1_1_1_1_1"
"9362","EPI_ISL_19154113",2,1,1,1,2,1,1,1,"2_1_1_1_2_1_1_1"
"9363","EPI_ISL_19154111",3,1,1,1,1,1,1,1,"3_1_1_1_1_1_1_1"
"9364","EPI_ISL_19154106",3,1,1,1,1,1,1,1,"3_1_1_1_1_1_1_1"
"9365","EPI_ISL_19154102",3,1,1,1,1,1,1,1,"3_1_1_1_1_1_1_1"
"9366","EPI_ISL_19154098",3,1,1,1,1,1,1,1,"3_1_1_1_1_1_1_1"
"9367","EPI_ISL_19154097",3,1,1,1,1,1,1,1,"3_1_1_1_1_1_1_1"
"9368","EPI_ISL_19154092",2,1,1,1,2,1,1,1,"2_1_1_1_2_1_1_1"
"9369","EPI_ISL_19154090",3,1,1,1,1,1,1,1,"3_1_1_1_1_1_1_1"
"9370","EPI_ISL_19154088",3,1,1,1,1,1,1,1,"3_1_1_1_1_1_1_1"
"9371","EPI_ISL_19154081",3,1,1,1,1,1,1,1,"3_1_1_1_1_1_1_1"
"9372","EPI_ISL_19154077",5,3,1,1,1,1,1,2,"5_3_1_1_1_1_1_2"
"9373","EPI_ISL_19154076",2,1,1,1,2,1,1,1,"2_1_1_1_2_1_1_1"
"9374","EPI_ISL_19154051",3,1,1,1,1,1,1,1,"3_1_1_1_1_1_1_1"
"9375","EPI_ISL_19154048",3,1,1,1,1,1,1,1,"3_1_1_1_1_1_1_1"
"9376","EPI_ISL_19154047",5,1,1,1,1,1,1,1,"5_1_1_1_1_1_1_1"
"9377","EPI_ISL_19154041",2,1,1,1,2,1,1,1,"2_1_1_1_2_1_1_1"
"9378","EPI_ISL_19154040",4,5,5,1,1,1,1,1,"4_5_5_1_1_1_1_1"
"9379","EPI_ISL_19154037",4,5,5,1,1,1,1,1,"4_5_5_1_1_1_1_1"
"9380","EPI_ISL_19154033",4,5,5,1,1,1,1,1,"4_5_5_1_1_1_1_1"
"9381","EPI_ISL_19154032",4,5,5,1,1,1,1,1,"4_5_5_1_1_1_1_1"
"9382","EPI_ISL_19154025",2,1,1,1,2,1,1,1,"2_1_1_1_2_1_1_1"
"9383","EPI_ISL_19154024",2,1,1,1,2,1,1,1,"2_1_1_1_2_1_1_1"
"9384","EPI_ISL_19154023",3,1,1,1,1,1,1,1,"3_1_1_1_1_1_1_1"
"9385","EPI_ISL_19154014",3,1,1,1,1,1,1,1,"3_1_1_1_1_1_1_1"
"9386","EPI_ISL_19154005",2,1,1,1,2,1,1,1,"2_1_1_1_2_1_1_1"
"9387","EPI_ISL_19153997",2,1,1,1,2,1,1,1,"2_1_1_1_2_1_1_1"
"9388","EPI_ISL_19153991",2,1,1,1,2,1,1,1,"2_1_1_1_2_1_1_1"
"9389","EPI_ISL_19153982",4,5,5,1,1,1,1,1,"4_5_5_1_1_1_1_1"
"9390","EPI_ISL_19153972",4,5,5,1,1,1,1,1,"4_5_5_1_1_1_1_1"
"9391","EPI_ISL_19153962",4,5,5,1,1,1,1,1,"4_5_5_1_1_1_1_1"
"9392","EPI_ISL_19153934",4,5,5,1,1,1,1,1,"4_5_5_1_1_1_1_1"
"9393","EPI_ISL_19153925",4,5,5,1,1,1,1,1,"4_5_5_1_1_1_1_1"
"9394","EPI_ISL_19153915",2,1,1,1,2,1,1,1,"2_1_1_1_2_1_1_1"
"9395","EPI_ISL_19153906",2,1,1,1,2,1,1,1,"2_1_1_1_2_1_1_1"
"9396","EPI_ISL_19153897",2,1,1,1,2,1,1,1,"2_1_1_1_2_1_1_1"
"9397","EPI_ISL_19153887",2,1,1,1,2,1,1,1,"2_1_1_1_2_1_1_1"
"9398","EPI_ISL_19153878",2,1,1,1,2,1,1,1,"2_1_1_1_2_1_1_1"
"9399","EPI_ISL_19153867",2,1,1,1,2,1,1,1,"2_1_1_1_2_1_1_1"
"9400","EPI_ISL_19153804",2,1,1,1,2,1,1,1,"2_1_1_1_2_1_1_1"
"9401","EPI_ISL_19153803",2,1,1,1,2,1,1,1,"2_1_1_1_2_1_1_1"
"9402","EPI_ISL_19153802",5,1,1,1,1,1,1,1,"5_1_1_1_1_1_1_1"
"9403","EPI_ISL_19153801",5,1,1,1,1,1,1,1,"5_1_1_1_1_1_1_1"
"9404","EPI_ISL_19153800",5,1,1,1,1,1,1,1,"5_1_1_1_1_1_1_1"
"9405","EPI_ISL_19153799",5,1,1,1,1,1,1,1,"5_1_1_1_1_1_1_1"
"9406","EPI_ISL_19153798",5,1,1,1,1,1,1,1,"5_1_1_1_1_1_1_1"
"9407","EPI_ISL_19153797",5,1,1,1,1,1,1,1,"5_1_1_1_1_1_1_1"
"9408","EPI_ISL_19153796",2,1,1,1,2,1,1,1,"2_1_1_1_2_1_1_1"
"9409","EPI_ISL_19153701",2,1,1,1,2,1,1,1,"2_1_1_1_2_1_1_1"
"9410","EPI_ISL_19153700",2,1,1,1,2,1,1,1,"2_1_1_1_2_1_1_1"
"9411","EPI_ISL_19153699",2,1,1,1,2,1,1,1,"2_1_1_1_2_1_1_1"
"9412","EPI_ISL_19153698",2,1,1,1,2,1,1,1,"2_1_1_1_2_1_1_1"
"9413","EPI_ISL_19153697",2,1,1,1,2,1,1,1,"2_1_1_1_2_1_1_1"
"9414","EPI_ISL_19153696",2,1,1,1,2,1,1,1,"2_1_1_1_2_1_1_1"
"9415","EPI_ISL_19153695",4,5,5,1,1,1,1,1,"4_5_5_1_1_1_1_1"
"9416","EPI_ISL_19153694",2,1,1,1,2,1,1,1,"2_1_1_1_2_1_1_1"
"9417","EPI_ISL_19153693",2,1,1,1,2,1,1,1,"2_1_1_1_2_1_1_1"
"9418","EPI_ISL_19153692",2,1,1,1,2,1,1,1,"2_1_1_1_2_1_1_1"
"9419","EPI_ISL_19153691",2,1,1,1,2,1,1,1,"2_1_1_1_2_1_1_1"
"9420","EPI_ISL_19153690",2,1,1,1,2,1,1,1,"2_1_1_1_2_1_1_1"
"9421","EPI_ISL_19153688",2,1,1,1,2,1,1,1,"2_1_1_1_2_1_1_1"
"9422","EPI_ISL_19153685",2,1,1,1,2,1,1,1,"2_1_1_1_2_1_1_1"
"9423","EPI_ISL_19153684",2,1,1,1,2,1,1,1,"2_1_1_1_2_1_1_1"
"9424","EPI_ISL_19153683",4,5,5,1,1,1,1,1,"4_5_5_1_1_1_1_1"
"9425","EPI_ISL_19153682",4,5,5,1,1,1,1,1,"4_5_5_1_1_1_1_1"
"9426","EPI_ISL_19153678",2,1,1,1,2,1,1,1,"2_1_1_1_2_1_1_1"
"9427","EPI_ISL_19153674",2,1,1,1,2,1,1,1,"2_1_1_1_2_1_1_1"
"9428","EPI_ISL_19153673",2,1,1,1,2,1,1,1,"2_1_1_1_2_1_1_1"
"9429","EPI_ISL_19153672",3,1,1,1,1,1,1,1,"3_1_1_1_1_1_1_1"
"9430","EPI_ISL_19153671",2,1,1,1,2,1,1,1,"2_1_1_1_2_1_1_1"
"9431","EPI_ISL_19153670",3,1,1,1,1,1,1,1,"3_1_1_1_1_1_1_1"
"9432","EPI_ISL_19153668",3,1,1,1,1,1,1,1,"3_1_1_1_1_1_1_1"
"9433","EPI_ISL_19153664",3,1,1,1,1,1,1,1,"3_1_1_1_1_1_1_1"
"9434","EPI_ISL_19153662",5,3,1,1,1,1,1,2,"5_3_1_1_1_1_1_2"
"9435","EPI_ISL_19153661",5,3,1,1,1,1,1,2,"5_3_1_1_1_1_1_2"
"9436","EPI_ISL_19152949",2,1,1,1,2,1,1,1,"2_1_1_1_2_1_1_1"
"9437","EPI_ISL_19152948",4,5,5,1,1,1,1,1,"4_5_5_1_1_1_1_1"
"9438","EPI_ISL_19152947",2,1,1,1,2,1,1,1,"2_1_1_1_2_1_1_1"
"9439","EPI_ISL_19152946",2,1,1,1,2,1,1,1,"2_1_1_1_2_1_1_1"
"9440","EPI_ISL_19152945",2,1,1,1,2,1,1,1,"2_1_1_1_2_1_1_1"
"9441","EPI_ISL_19152944",2,1,1,1,2,1,1,1,"2_1_1_1_2_1_1_1"
"9442","EPI_ISL_19152943",2,1,1,1,2,1,1,1,"2_1_1_1_2_1_1_1"
"9443","EPI_ISL_19152942",2,1,1,1,2,1,1,1,"2_1_1_1_2_1_1_1"
"9444","EPI_ISL_19152941",2,1,1,1,2,1,1,1,"2_1_1_1_2_1_1_1"
"9445","EPI_ISL_19152940",2,1,1,1,2,1,1,1,"2_1_1_1_2_1_1_1"
"9446","EPI_ISL_19152939",2,1,1,1,2,1,1,1,"2_1_1_1_2_1_1_1"
"9447","EPI_ISL_19152938",5,3,1,1,1,1,1,2,"5_3_1_1_1_1_1_2"
"9448","EPI_ISL_19152937",4,5,5,1,1,1,1,1,"4_5_5_1_1_1_1_1"
"9449","EPI_ISL_19152936",4,5,5,1,1,1,1,1,"4_5_5_1_1_1_1_1"
"9450","EPI_ISL_19152935",2,1,1,1,2,1,1,1,"2_1_1_1_2_1_1_1"
"9451","EPI_ISL_19152934",2,1,1,1,2,1,1,1,"2_1_1_1_2_1_1_1"
"9452","EPI_ISL_19152933",2,1,1,1,2,1,1,1,"2_1_1_1_2_1_1_1"
"9453","EPI_ISL_19152932",2,1,1,1,2,1,1,1,"2_1_1_1_2_1_1_1"
"9454","EPI_ISL_19152931",2,1,1,1,2,1,1,1,"2_1_1_1_2_1_1_1"
"9455","EPI_ISL_19152930",2,1,1,1,2,1,1,1,"2_1_1_1_2_1_1_1"
"9456","EPI_ISL_19152929",2,1,1,1,2,1,1,1,"2_1_1_1_2_1_1_1"
"9457","EPI_ISL_19152928",2,1,1,1,2,1,1,1,"2_1_1_1_2_1_1_1"
"9458","EPI_ISL_19152927",2,1,1,1,2,1,1,1,"2_1_1_1_2_1_1_1"
"9459","EPI_ISL_19152926",2,1,1,1,2,1,1,1,"2_1_1_1_2_1_1_1"
"9460","EPI_ISL_19152925",2,1,1,1,2,1,1,1,"2_1_1_1_2_1_1_1"
"9461","EPI_ISL_19152924",2,1,1,1,2,1,1,1,"2_1_1_1_2_1_1_1"
"9462","EPI_ISL_19152923",2,1,1,1,2,1,1,1,"2_1_1_1_2_1_1_1"
"9463","EPI_ISL_19152922",2,1,1,1,2,1,1,1,"2_1_1_1_2_1_1_1"
"9464","EPI_ISL_19152921",5,3,1,1,1,1,1,2,"5_3_1_1_1_1_1_2"
"9465","EPI_ISL_19152920",2,1,1,1,2,1,1,1,"2_1_1_1_2_1_1_1"
"9466","EPI_ISL_19152919",2,1,1,1,2,1,1,1,"2_1_1_1_2_1_1_1"
"9467","EPI_ISL_19152918",2,1,1,1,2,1,1,1,"2_1_1_1_2_1_1_1"
"9468","EPI_ISL_19152917",3,1,1,1,1,1,1,1,"3_1_1_1_1_1_1_1"
"9469","EPI_ISL_19152916",3,1,1,1,1,1,1,1,"3_1_1_1_1_1_1_1"
"9470","EPI_ISL_19152915",3,1,1,1,1,1,1,1,"3_1_1_1_1_1_1_1"
"9471","EPI_ISL_19152914",2,1,1,1,2,1,1,1,"2_1_1_1_2_1_1_1"
"9472","EPI_ISL_19152913",4,5,5,1,1,1,1,1,"4_5_5_1_1_1_1_1"
"9473","EPI_ISL_19152912",5,3,1,1,1,1,1,2,"5_3_1_1_1_1_1_2"
"9474","EPI_ISL_19152911",5,3,1,1,1,1,1,2,"5_3_1_1_1_1_1_2"
"9475","EPI_ISL_19152910",5,3,1,1,1,1,1,2,"5_3_1_1_1_1_1_2"
"9476","EPI_ISL_19152909",4,5,5,1,1,1,1,1,"4_5_5_1_1_1_1_1"
"9477","EPI_ISL_19152908",4,5,5,1,1,1,1,1,"4_5_5_1_1_1_1_1"
"9478","EPI_ISL_19152907",2,1,1,1,2,1,1,1,"2_1_1_1_2_1_1_1"
"9479","EPI_ISL_19152906",2,1,1,1,2,1,1,1,"2_1_1_1_2_1_1_1"
"9480","EPI_ISL_19152905",2,1,1,1,2,1,1,1,"2_1_1_1_2_1_1_1"
"9481","EPI_ISL_19152904",2,1,1,1,2,1,1,1,"2_1_1_1_2_1_1_1"
"9482","EPI_ISL_19152903",2,1,1,1,2,1,1,1,"2_1_1_1_2_1_1_1"
"9483","EPI_ISL_19152902",2,1,1,1,2,1,1,1,"2_1_1_1_2_1_1_1"
"9484","EPI_ISL_19152901",2,1,1,1,2,1,1,1,"2_1_1_1_2_1_1_1"
"9485","EPI_ISL_19152900",2,1,1,1,2,1,1,1,"2_1_1_1_2_1_1_1"
"9486","EPI_ISL_19152899",2,1,1,1,2,1,1,1,"2_1_1_1_2_1_1_1"
"9487","EPI_ISL_19152898",4,5,5,1,1,1,1,1,"4_5_5_1_1_1_1_1"
"9488","EPI_ISL_19152897",4,5,5,1,1,1,1,1,"4_5_5_1_1_1_1_1"
"9489","EPI_ISL_19152896",2,1,1,1,2,1,1,1,"2_1_1_1_2_1_1_1"
"9490","EPI_ISL_19137669",7,2,1,1,1,1,1,2,"7_2_1_1_1_1_1_2"
"9491","EPI_ISL_19055420",8,6,2,1,2,3,1,1,"8_6_2_1_2_3_1_1"
"9492","EPI_ISL_19055419",8,6,2,1,2,3,1,1,"8_6_2_1_2_3_1_1"
"9493","EPI_ISL_19055418",8,6,2,1,2,3,1,1,"8_6_2_1_2_3_1_1"
"9494","EPI_ISL_19055417",8,6,2,1,2,3,1,1,"8_6_2_1_2_3_1_1"
"9495","EPI_ISL_19055104",2,1,1,1,2,1,1,1,"2_1_1_1_2_1_1_1"
"9496","EPI_ISL_19055088",2,1,1,1,2,1,1,1,"2_1_1_1_2_1_1_1"
"9497","EPI_ISL_19055087",8,6,2,1,2,3,1,1,"8_6_2_1_2_3_1_1"
"9498","EPI_ISL_18745086",1,8,2,1,2,1,1,1,"1_8_2_1_2_1_1_1"
"9499","EPI_ISL_18745084",17,1,2,1,2,1,1,1,"17_1_2_1_2_1_1_1"
"9500","EPI_ISL_18745082",1,8,2,1,2,1,1,1,"1_8_2_1_2_1_1_1"
"9501","EPI_ISL_18745080",1,8,2,1,2,1,1,1,"1_8_2_1_2_1_1_1"
"9502","EPI_ISL_18745079",1,1,2,1,2,1,1,1,"1_1_2_1_2_1_1_1"
"9503","EPI_ISL_18745078",17,1,2,1,2,1,1,1,"17_1_2_1_2_1_1_1"
"9504","EPI_ISL_18745077",1,8,2,1,2,1,1,1,"1_8_2_1_2_1_1_1"
"9505","EPI_ISL_18745072",8,8,2,1,2,1,1,1,"8_8_2_1_2_1_1_1"
"9506","EPI_ISL_18745071",17,1,2,1,2,1,1,1,"17_1_2_1_2_1_1_1"
"9507","EPI_ISL_18745070",1,8,2,1,2,1,1,1,"1_8_2_1_2_1_1_1"
"9508","EPI_ISL_18745069",1,1,2,1,2,1,1,1,"1_1_2_1_2_1_1_1"
"9509","EPI_ISL_18745067",8,8,2,1,2,1,1,1,"8_8_2_1_2_1_1_1"
"9510","EPI_ISL_18728075",1,1,4,1,4,1,1,4,"1_1_4_1_4_1_1_4"
"9511","EPI_ISL_19171211",31,1,1,1,2,1,1,1,"31_1_1_1_2_1_1_1"
"9512","EPI_ISL_19071020",2,1,1,1,2,1,1,1,"2_1_1_1_2_1_1_1"
"9513","EPI_ISL_19071019",2,1,1,1,2,1,1,1,"2_1_1_1_2_1_1_1"
"9514","EPI_ISL_18858134",8,8,2,1,2,1,1,1,"8_8_2_1_2_1_1_1"
"9515","EPI_ISL_18858133",8,8,2,1,2,1,1,1,"8_8_2_1_2_1_1_1"
"9516","EPI_ISL_18858132",8,8,2,1,2,1,1,1,"8_8_2_1_2_1_1_1"
"9517","EPI_ISL_18858131",8,8,2,1,2,1,1,1,"8_8_2_1_2_1_1_1"
"9518","EPI_ISL_18858130",8,8,2,1,2,1,1,1,"8_8_2_1_2_1_1_1"
"9519","EPI_ISL_18858129",8,8,2,1,2,1,1,1,"8_8_2_1_2_1_1_1"
"9520","EPI_ISL_18858128",8,8,2,1,2,1,1,1,"8_8_2_1_2_1_1_1"
"9521","EPI_ISL_18858127",8,8,2,1,2,1,1,1,"8_8_2_1_2_1_1_1"
"9522","EPI_ISL_18858126",8,8,2,1,2,1,1,1,"8_8_2_1_2_1_1_1"
"9523","EPI_ISL_18858125",8,8,2,1,2,1,1,1,"8_8_2_1_2_1_1_1"
"9524","EPI_ISL_18858124",8,8,2,1,2,1,1,1,"8_8_2_1_2_1_1_1"
"9525","EPI_ISL_18858123",8,8,2,1,2,1,1,1,"8_8_2_1_2_1_1_1"
"9526","EPI_ISL_18858122",8,8,2,1,2,1,1,1,"8_8_2_1_2_1_1_1"
"9527","EPI_ISL_18858121",8,8,2,1,2,1,1,1,"8_8_2_1_2_1_1_1"
"9528","EPI_ISL_18858120",8,8,2,1,2,1,1,1,"8_8_2_1_2_1_1_1"
"9529","EPI_ISL_18858119",8,8,2,1,2,1,1,1,"8_8_2_1_2_1_1_1"
"9530","EPI_ISL_18858118",8,8,2,1,2,1,1,1,"8_8_2_1_2_1_1_1"
"9531","EPI_ISL_18858117",8,8,2,1,2,1,1,1,"8_8_2_1_2_1_1_1"
"9532","EPI_ISL_18858116",8,8,2,1,2,1,1,1,"8_8_2_1_2_1_1_1"
"9533","EPI_ISL_18858115",8,8,2,1,2,1,1,1,"8_8_2_1_2_1_1_1"
"9534","EPI_ISL_18858114",8,8,2,1,2,1,1,1,"8_8_2_1_2_1_1_1"
"9535","EPI_ISL_18858113",8,8,2,1,2,1,1,1,"8_8_2_1_2_1_1_1"
"9536","EPI_ISL_18858112",8,8,2,1,2,1,1,1,"8_8_2_1_2_1_1_1"
"9537","EPI_ISL_18858111",8,8,2,1,2,1,1,1,"8_8_2_1_2_1_1_1"
"9538","EPI_ISL_18858110",8,8,2,1,2,1,1,1,"8_8_2_1_2_1_1_1"
"9539","EPI_ISL_18858109",8,8,2,1,2,1,1,1,"8_8_2_1_2_1_1_1"
"9540","EPI_ISL_18858108",8,8,2,1,2,1,1,1,"8_8_2_1_2_1_1_1"
"9541","EPI_ISL_18858107",8,8,2,1,2,1,1,1,"8_8_2_1_2_1_1_1"
"9542","EPI_ISL_18858106",8,8,2,1,2,1,1,1,"8_8_2_1_2_1_1_1"
"9543","EPI_ISL_18858105",8,8,2,1,2,1,1,1,"8_8_2_1_2_1_1_1"
"9544","EPI_ISL_18858104",8,8,2,1,2,1,1,1,"8_8_2_1_2_1_1_1"
"9545","EPI_ISL_18858103",8,8,2,1,2,1,1,1,"8_8_2_1_2_1_1_1"
"9546","EPI_ISL_19529927",1,6,2,1,2,1,1,1,"1_6_2_1_2_1_1_1"
"9547","EPI_ISL_19529923",1,6,2,1,2,1,1,1,"1_6_2_1_2_1_1_1"
"9548","EPI_ISL_19432687",11,10,2,1,5,1,1,6,"11_10_2_1_5_1_1_6"
"9549","EPI_ISL_19171212",31,1,1,1,2,1,1,1,"31_1_1_1_2_1_1_1"
"9550","EPI_ISL_19416110",3,2,1,1,1,1,1,2,"3_2_1_1_1_1_1_2"
"9551","EPI_ISL_19416109",3,2,1,1,1,1,1,2,"3_2_1_1_1_1_1_2"
"9552","EPI_ISL_19416108",3,2,1,1,1,1,1,2,"3_2_1_1_1_1_1_2"
"9553","EPI_ISL_19367492",3,2,1,1,1,1,1,2,"3_2_1_1_1_1_1_2"
"9554","EPI_ISL_19367481",3,2,1,1,1,1,1,2,"3_2_1_1_1_1_1_2"
"9555","EPI_ISL_19367315",3,2,1,1,1,1,1,2,"3_2_1_1_1_1_1_2"
"9556","EPI_ISL_19334243",3,2,1,1,1,1,1,2,"3_2_1_1_1_1_1_2"
"9557","EPI_ISL_19301646",3,2,1,1,1,1,1,2,"3_2_1_1_1_1_1_2"
"9558","EPI_ISL_19186563",3,2,1,1,1,1,1,2,"3_2_1_1_1_1_1_2"
"9559","EPI_ISL_19088566",3,2,1,1,1,1,1,2,"3_2_1_1_1_1_1_2"
"9560","EPI_ISL_19088565",3,2,1,1,1,1,1,2,"3_2_1_1_1_1_1_2"
"9561","EPI_ISL_19496998",2,1,1,1,2,1,1,1,"2_1_1_1_2_1_1_1"
"9562","EPI_ISL_19496995",2,1,1,1,2,1,1,1,"2_1_1_1_2_1_1_1"
"9563","EPI_ISL_19496994",8,6,2,1,2,3,1,1,"8_6_2_1_2_3_1_1"
"9564","EPI_ISL_19496992",8,6,2,1,2,3,1,1,"8_6_2_1_2_3_1_1"
"9565","EPI_ISL_19496991",8,6,2,1,2,3,1,1,"8_6_2_1_2_3_1_1"
"9566","EPI_ISL_19496989",2,1,1,1,2,1,1,1,"2_1_1_1_2_1_1_1"
"9567","EPI_ISL_19496983",2,1,1,1,2,1,1,1,"2_1_1_1_2_1_1_1"
"9568","EPI_ISL_19496981",2,1,1,1,2,1,1,1,"2_1_1_1_2_1_1_1"
"9569","EPI_ISL_19269527",32,1,1,1,2,1,1,1,"32_1_1_1_2_1_1_1"
"9570","EPI_ISL_19269514",32,1,1,1,2,1,1,1,"32_1_1_1_2_1_1_1"
"9571","EPI_ISL_19186564",2,1,1,1,2,1,1,1,"2_1_1_1_2_1_1_1"
"9572","EPI_ISL_19186532",2,1,1,1,2,1,1,1,"2_1_1_1_2_1_1_1"
"9573","EPI_ISL_19186531",2,1,1,1,2,1,1,1,"2_1_1_1_2_1_1_1"
"9574","EPI_ISL_19186499",2,1,1,1,2,1,1,1,"2_1_1_1_2_1_1_1"
"9575","EPI_ISL_19496986",1,6,2,1,2,1,1,1,"1_6_2_1_2_1_1_1"
"9576","EPI_ISL_19415738",1,1,2,1,2,1,1,1,"1_1_2_1_2_1_1_1"
"9577","EPI_ISL_19415737",1,1,2,1,2,1,1,1,"1_1_2_1_2_1_1_1"
"9578","EPI_ISL_19269510",1,1,1,1,2,1,1,1,"1_1_1_1_2_1_1_1"
"9579","EPI_ISL_19269508",1,1,1,1,2,1,1,1,"1_1_1_1_2_1_1_1"
"9580","EPI_ISL_19269504",1,1,1,1,2,1,1,1,"1_1_1_1_2_1_1_1"
"9581","EPI_ISL_19269503",1,1,1,1,2,1,1,1,"1_1_1_1_2_1_1_1"
"9582","EPI_ISL_19269502",1,1,1,1,2,1,1,1,"1_1_1_1_2_1_1_1"
"9583","EPI_ISL_19269495",1,1,1,1,2,1,1,1,"1_1_1_1_2_1_1_1"
"9584","EPI_ISL_18809555",2,1,1,1,2,1,1,1,"2_1_1_1_2_1_1_1"
"9585","EPI_ISL_18809553",2,1,1,1,2,1,1,1,"2_1_1_1_2_1_1_1"
"9586","EPI_ISL_18809551",2,1,1,1,2,1,1,1,"2_1_1_1_2_1_1_1"
"9587","EPI_ISL_18809549",2,1,1,1,2,1,1,1,"2_1_1_1_2_1_1_1"
"9588","EPI_ISL_18809548",2,1,1,1,2,1,1,1,"2_1_1_1_2_1_1_1"
"9589","EPI_ISL_18809546",2,1,1,1,2,1,1,1,"2_1_1_1_2_1_1_1"
"9590","EPI_ISL_18809540",2,1,1,1,2,1,1,1,"2_1_1_1_2_1_1_1"
"9591","EPI_ISL_18809539",2,1,1,1,2,1,1,1,"2_1_1_1_2_1_1_1"
"9592","EPI_ISL_18809538",2,1,1,1,2,1,1,1,"2_1_1_1_2_1_1_1"
"9593","EPI_ISL_18809535",2,1,1,1,2,1,1,1,"2_1_1_1_2_1_1_1"
"9594","EPI_ISL_18809532",2,1,1,1,2,1,1,1,"2_1_1_1_2_1_1_1"
"9595","EPI_ISL_18809434",2,1,1,1,2,1,1,1,"2_1_1_1_2_1_1_1"
"9596","EPI_ISL_18809431",2,1,1,1,2,1,1,1,"2_1_1_1_2_1_1_1"
"9597","EPI_ISL_18809429",2,1,1,1,2,1,1,1,"2_1_1_1_2_1_1_1"
"9598","EPI_ISL_18809382",2,1,1,1,2,1,1,1,"2_1_1_1_2_1_1_1"
"9599","EPI_ISL_18809374",2,1,1,1,2,1,1,1,"2_1_1_1_2_1_1_1"
"9600","EPI_ISL_19186462",2,1,1,1,2,1,1,1,"2_1_1_1_2_1_1_1"
"9601","EPI_ISL_19237560",6,4,3,1,3,2,1,3,"6_4_3_1_3_2_1_3"
"9602","EPI_ISL_19237509",6,4,2,1,3,3,1,3,"6_4_2_1_3_3_1_3"
"9603","EPI_ISL_19139302",2,1,1,1,2,1,1,1,"2_1_1_1_2_1_1_1"
"9604","EPI_ISL_18876660",2,1,1,1,2,3,1,1,"2_1_1_1_2_3_1_1"
"9605","EPI_ISL_19516210",1,6,2,1,2,1,1,1,"1_6_2_1_2_1_1_1"
"9606","EPI_ISL_19353476",17,1,2,1,2,1,1,1,"17_1_2_1_2_1_1_1"
"9607","EPI_ISL_19090722",1,1,2,1,2,1,1,1,"1_1_2_1_2_1_1_1"
"9608","EPI_ISL_19516215",1,6,2,1,2,1,1,1,"1_6_2_1_2_1_1_1"
"9609","EPI_ISL_19516212",1,6,2,1,2,1,1,1,"1_6_2_1_2_1_1_1"
"9610","EPI_ISL_19501015",2,1,1,1,2,1,1,1,"2_1_1_1_2_1_1_1"
"9611","EPI_ISL_19501014",2,1,1,1,2,1,1,1,"2_1_1_1_2_1_1_1"
"9612","EPI_ISL_19237899",6,4,3,1,3,2,1,3,"6_4_3_1_3_2_1_3"
"9613","EPI_ISL_19237896",6,4,3,1,3,2,1,3,"6_4_3_1_3_2_1_3"
"9614","EPI_ISL_19237618",6,4,3,1,3,2,1,3,"6_4_3_1_3_2_1_3"
"9615","EPI_ISL_19090726",1,6,2,1,2,1,1,1,"1_6_2_1_2_1_1_1"
"9616","EPI_ISL_19090725",1,1,2,1,2,1,1,1,"1_1_2_1_2_1_1_1"
"9617","EPI_ISL_19090723",1,6,2,1,2,1,1,1,"1_6_2_1_2_1_1_1"
"9618","EPI_ISL_19090721",1,6,2,1,2,1,1,1,"1_6_2_1_2_1_1_1"
"9619","EPI_ISL_19237897",6,4,3,1,3,2,1,3,"6_4_3_1_3_2_1_3"
"9620","EPI_ISL_19237540",6,4,3,1,3,2,1,3,"6_4_3_1_3_2_1_3"
"9621","EPI_ISL_19516252",1,6,2,1,2,1,1,1,"1_6_2_1_2_1_1_1"
"9622","EPI_ISL_19516213",1,6,2,1,2,1,1,1,"1_6_2_1_2_1_1_1"
"9623","EPI_ISL_19255999",6,4,2,1,16,3,1,3,"6_4_2_1_16_3_1_3"
"9624","EPI_ISL_19237898",6,4,3,1,3,2,1,3,"6_4_3_1_3_2_1_3"
"9625","EPI_ISL_19237550",6,4,3,1,3,2,1,3,"6_4_3_1_3_2_1_3"
"9626","EPI_ISL_19532244",3,2,1,1,1,1,1,2,"3_2_1_1_1_1_1_2"
"9627","EPI_ISL_19467719",1,6,2,1,2,1,1,1,"1_6_2_1_2_1_1_1"
"9628","EPI_ISL_19286164",3,2,1,1,1,1,1,2,"3_2_1_1_1_1_1_2"
"9629","EPI_ISL_19286163",3,2,1,1,1,1,1,2,"3_2_1_1_1_1_1_2"
"9630","EPI_ISL_19270676",3,2,1,1,1,1,1,2,"3_2_1_1_1_1_1_2"
"9631","EPI_ISL_19270601",3,2,1,1,1,1,1,2,"3_2_1_1_1_1_1_2"
"9632","EPI_ISL_19270600",3,2,1,1,1,1,1,2,"3_2_1_1_1_1_1_2"
"9633","EPI_ISL_19270598",3,2,1,1,1,1,1,2,"3_2_1_1_1_1_1_2"
"9634","EPI_ISL_19270597",3,2,1,1,1,1,1,2,"3_2_1_1_1_1_1_2"
"9635","EPI_ISL_19270596",3,2,1,1,1,1,1,2,"3_2_1_1_1_1_1_2"
"9636","EPI_ISL_19270593",3,2,1,1,1,1,1,2,"3_2_1_1_1_1_1_2"
"9637","EPI_ISL_18992915",1,1,2,1,2,1,1,1,"1_1_2_1_2_1_1_1"
"9638","EPI_ISL_18992914",1,8,2,1,2,1,1,1,"1_8_2_1_2_1_1_1"
"9639","EPI_ISL_19090717",17,1,2,1,2,1,1,1,"17_1_2_1_2_1_1_1"
"9640","EPI_ISL_19090716",8,8,2,1,2,1,1,1,"8_8_2_1_2_1_1_1"
"9641","EPI_ISL_19157567",5,3,1,1,1,1,1,2,"5_3_1_1_1_1_1_2"
"9642","EPI_ISL_19157566",5,3,1,1,1,1,1,2,"5_3_1_1_1_1_1_2"
"9643","EPI_ISL_19155261",14,3,1,1,1,1,1,2,"14_3_1_1_1_1_1_2"
"9644","EPI_ISL_19155256",5,3,1,1,1,1,1,2,"5_3_1_1_1_1_1_2"
"9645","EPI_ISL_19155229",9,9,7,1,1,1,1,1,"9_9_7_1_1_1_1_1"
"9646","EPI_ISL_19155228",14,3,1,1,1,1,1,2,"14_3_1_1_1_1_1_2"
"9647","EPI_ISL_19155222",5,3,1,1,1,1,1,2,"5_3_1_1_1_1_1_2"
"9648","EPI_ISL_19155185",5,3,1,1,1,1,1,2,"5_3_1_1_1_1_1_2"
"9649","EPI_ISL_19155159",5,3,1,1,1,1,1,2,"5_3_1_1_1_1_1_2"
"9650","EPI_ISL_19155114",4,5,5,1,1,1,1,1,"4_5_5_1_1_1_1_1"
"9651","EPI_ISL_19057417",18,1,1,1,2,1,1,1,"18_1_1_1_2_1_1_1"
"9652","EPI_ISL_19057416",18,1,1,1,2,1,1,1,"18_1_1_1_2_1_1_1"
"9653","EPI_ISL_19286162",3,2,1,1,1,1,1,2,"3_2_1_1_1_1_1_2"
"9654","EPI_ISL_19466252",5,3,1,1,1,1,1,2,"5_3_1_1_1_1_1_2"
"9655","EPI_ISL_18976667",2,1,1,1,2,1,1,1,"2_1_1_1_2_1_1_1"
"9656","EPI_ISL_18731638",5,3,1,1,1,1,1,2,"5_3_1_1_1_1_1_2"
"9657","EPI_ISL_18731622",5,3,1,1,1,1,1,2,"5_3_1_1_1_1_1_2"
"9658","EPI_ISL_18731621",5,3,1,1,1,1,1,2,"5_3_1_1_1_1_1_2"
"9659","EPI_ISL_18731620",5,3,1,1,1,1,1,2,"5_3_1_1_1_1_1_2"
"9660","EPI_ISL_19091709",9,9,7,1,1,1,1,1,"9_9_7_1_1_1_1_1"
"9661","EPI_ISL_19533318",23,1,17,1,1,8,1,1,"23_1_17_1_1_8_1_1"
"9662","EPI_ISL_19533317",23,1,17,1,1,8,1,1,"23_1_17_1_1_8_1_1"
"9663","EPI_ISL_19533315",2,1,1,1,2,1,1,1,"2_1_1_1_2_1_1_1"
"9664","EPI_ISL_19533314",23,1,17,1,1,8,1,1,"23_1_17_1_1_8_1_1"
"9665","EPI_ISL_19533313",23,1,17,1,1,8,1,1,"23_1_17_1_1_8_1_1"
"9666","EPI_ISL_19533311",23,1,17,1,1,8,1,1,"23_1_17_1_1_8_1_1"
"9667","EPI_ISL_19533310",23,1,17,1,1,8,1,1,"23_1_17_1_1_8_1_1"
"9668","EPI_ISL_19533309",23,1,17,1,1,8,1,1,"23_1_17_1_1_8_1_1"
"9669","EPI_ISL_19533308",23,1,17,1,1,8,1,1,"23_1_17_1_1_8_1_1"
"9670","EPI_ISL_19533307",23,1,17,1,1,8,1,1,"23_1_17_1_1_8_1_1"
"9671","EPI_ISL_19533306",23,1,17,1,1,8,1,1,"23_1_17_1_1_8_1_1"
"9672","EPI_ISL_19533305",23,1,17,1,1,8,1,1,"23_1_17_1_1_8_1_1"
"9673","EPI_ISL_19532193",3,2,1,1,1,1,1,2,"3_2_1_1_1_1_1_2"
"9674","EPI_ISL_19532192",3,2,1,1,1,1,1,2,"3_2_1_1_1_1_1_2"
"9675","EPI_ISL_19532191",3,2,1,1,1,1,1,2,"3_2_1_1_1_1_1_2"
"9676","EPI_ISL_19501016",2,1,1,1,2,1,1,1,"2_1_1_1_2_1_1_1"
"9677","EPI_ISL_19418491",5,3,1,1,1,1,1,2,"5_3_1_1_1_1_1_2"
"9678","EPI_ISL_19303660",7,2,1,1,8,1,1,2,"7_2_1_1_8_1_1_2"
"9679","EPI_ISL_19303659",7,2,1,1,1,1,1,2,"7_2_1_1_1_1_1_2"
"9680","EPI_ISL_19303658",7,2,1,1,1,1,1,2,"7_2_1_1_1_1_1_2"
"9681","EPI_ISL_19303657",2,1,1,1,2,1,1,1,"2_1_1_1_2_1_1_1"
"9682","EPI_ISL_19303656",2,1,1,1,2,1,1,1,"2_1_1_1_2_1_1_1"
"9683","EPI_ISL_19303655",7,2,1,1,8,1,1,2,"7_2_1_1_8_1_1_2"
"9684","EPI_ISL_19303654",7,2,1,1,8,1,1,2,"7_2_1_1_8_1_1_2"
"9685","EPI_ISL_19303653",2,1,1,1,2,1,1,1,"2_1_1_1_2_1_1_1"
"9686","EPI_ISL_19303652",7,2,1,1,8,1,1,2,"7_2_1_1_8_1_1_2"
"9687","EPI_ISL_19303650",2,1,1,1,2,1,1,1,"2_1_1_1_2_1_1_1"
"9688","EPI_ISL_19303649",2,1,1,1,2,1,1,1,"2_1_1_1_2_1_1_1"
"9689","EPI_ISL_19303648",2,1,1,1,2,1,1,1,"2_1_1_1_2_1_1_1"
"9690","EPI_ISL_19303647",2,1,1,1,2,1,1,1,"2_1_1_1_2_1_1_1"
"9691","EPI_ISL_19303646",2,1,1,1,2,1,1,1,"2_1_1_1_2_1_1_1"
"9692","EPI_ISL_19303645",2,1,1,1,2,1,1,1,"2_1_1_1_2_1_1_1"
"9693","EPI_ISL_19303644",7,2,1,1,8,1,1,2,"7_2_1_1_8_1_1_2"
"9694","EPI_ISL_19303643",3,1,1,1,1,1,1,1,"3_1_1_1_1_1_1_1"
"9695","EPI_ISL_19303642",5,3,1,1,1,1,1,2,"5_3_1_1_1_1_1_2"
"9696","EPI_ISL_19303641",2,1,1,1,2,1,1,1,"2_1_1_1_2_1_1_1"
"9697","EPI_ISL_19303638",3,1,1,1,1,1,1,1,"3_1_1_1_1_1_1_1"
"9698","EPI_ISL_19303637",3,26,1,1,1,1,1,1,"3_26_1_1_1_1_1_1"
"9699","EPI_ISL_19303636",3,1,1,1,1,1,1,1,"3_1_1_1_1_1_1_1"
"9700","EPI_ISL_19303635",2,1,1,1,2,1,1,1,"2_1_1_1_2_1_1_1"
"9701","EPI_ISL_19303634",5,3,1,1,1,1,1,2,"5_3_1_1_1_1_1_2"
"9702","EPI_ISL_19303633",5,3,1,1,1,1,1,2,"5_3_1_1_1_1_1_2"
"9703","EPI_ISL_19303632",2,1,1,1,2,1,1,1,"2_1_1_1_2_1_1_1"
"9704","EPI_ISL_19303631",7,2,1,1,1,1,1,2,"7_2_1_1_1_1_1_2"
"9705","EPI_ISL_19303630",2,1,1,1,2,1,1,1,"2_1_1_1_2_1_1_1"
"9706","EPI_ISL_19303629",2,1,1,1,2,1,1,1,"2_1_1_1_2_1_1_1"
"9707","EPI_ISL_19303628",2,1,1,1,2,1,1,1,"2_1_1_1_2_1_1_1"
"9708","EPI_ISL_19303627",2,1,1,1,2,1,1,1,"2_1_1_1_2_1_1_1"
"9709","EPI_ISL_19303624",3,1,1,1,1,1,1,1,"3_1_1_1_1_1_1_1"
"9710","EPI_ISL_19303623",3,1,1,1,1,1,1,1,"3_1_1_1_1_1_1_1"
"9711","EPI_ISL_19303622",3,1,1,1,1,1,1,1,"3_1_1_1_1_1_1_1"
"9712","EPI_ISL_19303621",3,1,1,1,1,1,1,1,"3_1_1_1_1_1_1_1"
"9713","EPI_ISL_19288900",7,2,1,1,1,1,1,2,"7_2_1_1_1_1_1_2"
"9714","EPI_ISL_19288899",7,2,1,1,1,1,1,2,"7_2_1_1_1_1_1_2"
"9715","EPI_ISL_19288898",7,2,1,1,1,1,1,2,"7_2_1_1_1_1_1_2"
"9716","EPI_ISL_19288897",7,2,1,1,1,1,1,2,"7_2_1_1_1_1_1_2"
"9717","EPI_ISL_19288896",7,2,1,1,1,1,1,2,"7_2_1_1_1_1_1_2"
"9718","EPI_ISL_19288895",4,13,9,1,2,1,1,1,"4_13_9_1_2_1_1_1"
"9719","EPI_ISL_19288894",7,2,1,1,1,1,1,2,"7_2_1_1_1_1_1_2"
"9720","EPI_ISL_19288893",7,2,1,1,1,1,1,2,"7_2_1_1_1_1_1_2"
"9721","EPI_ISL_19288892",3,2,1,1,1,1,1,2,"3_2_1_1_1_1_1_2"
"9722","EPI_ISL_19288891",7,2,1,1,1,1,1,2,"7_2_1_1_1_1_1_2"
"9723","EPI_ISL_19288890",7,2,1,1,1,1,1,2,"7_2_1_1_1_1_1_2"
"9724","EPI_ISL_19288889",7,2,1,1,1,1,1,2,"7_2_1_1_1_1_1_2"
"9725","EPI_ISL_19288888",7,2,1,1,1,1,1,2,"7_2_1_1_1_1_1_2"
"9726","EPI_ISL_19288887",7,2,1,1,1,1,1,2,"7_2_1_1_1_1_1_2"
"9727","EPI_ISL_19288886",7,2,1,1,1,1,1,2,"7_2_1_1_1_1_1_2"
"9728","EPI_ISL_19288885",7,2,1,1,1,1,1,2,"7_2_1_1_1_1_1_2"
"9729","EPI_ISL_19288884",4,2,1,1,1,1,1,2,"4_2_1_1_1_1_1_2"
"9730","EPI_ISL_19288883",4,2,1,1,1,1,1,2,"4_2_1_1_1_1_1_2"
"9731","EPI_ISL_19288882",3,2,1,1,6,1,1,2,"3_2_1_1_6_1_1_2"
"9732","EPI_ISL_19288881",7,2,1,1,1,1,1,2,"7_2_1_1_1_1_1_2"
"9733","EPI_ISL_19288880",7,2,1,1,1,1,1,2,"7_2_1_1_1_1_1_2"
"9734","EPI_ISL_19288879",7,2,1,1,1,1,1,2,"7_2_1_1_1_1_1_2"
"9735","EPI_ISL_19288878",7,2,1,1,1,1,1,2,"7_2_1_1_1_1_1_2"
"9736","EPI_ISL_19239896",7,2,1,1,1,1,1,2,"7_2_1_1_1_1_1_2"
"9737","EPI_ISL_19239895",7,2,1,1,1,1,1,2,"7_2_1_1_1_1_1_2"
"9738","EPI_ISL_19239894",3,2,1,1,6,1,1,2,"3_2_1_1_6_1_1_2"
"9739","EPI_ISL_19239893",3,2,1,1,6,1,1,2,"3_2_1_1_6_1_1_2"
"9740","EPI_ISL_19239892",7,2,1,1,1,1,1,2,"7_2_1_1_1_1_1_2"
"9741","EPI_ISL_19239891",3,2,1,1,6,1,1,2,"3_2_1_1_6_1_1_2"
"9742","EPI_ISL_19239890",3,2,1,1,6,1,1,2,"3_2_1_1_6_1_1_2"
"9743","EPI_ISL_19239889",7,2,1,1,1,1,1,2,"7_2_1_1_1_1_1_2"
"9744","EPI_ISL_19239888",7,2,1,1,1,1,1,2,"7_2_1_1_1_1_1_2"
"9745","EPI_ISL_19239887",7,2,1,1,1,1,1,2,"7_2_1_1_1_1_1_2"
"9746","EPI_ISL_19239886",7,2,1,1,1,1,1,2,"7_2_1_1_1_1_1_2"
"9747","EPI_ISL_19239885",2,1,1,1,2,1,1,1,"2_1_1_1_2_1_1_1"
"9748","EPI_ISL_19239884",2,1,1,1,2,1,1,1,"2_1_1_1_2_1_1_1"
"9749","EPI_ISL_19239883",2,1,1,1,2,1,1,1,"2_1_1_1_2_1_1_1"
"9750","EPI_ISL_19239882",7,2,1,1,1,1,1,2,"7_2_1_1_1_1_1_2"
"9751","EPI_ISL_19239881",7,2,1,1,1,1,1,2,"7_2_1_1_1_1_1_2"
"9752","EPI_ISL_19239880",7,2,1,1,1,1,1,2,"7_2_1_1_1_1_1_2"
"9753","EPI_ISL_19239879",7,2,1,1,1,1,1,2,"7_2_1_1_1_1_1_2"
"9754","EPI_ISL_19239878",2,1,1,1,2,1,1,1,"2_1_1_1_2_1_1_1"
"9755","EPI_ISL_19239877",7,2,1,1,1,1,1,2,"7_2_1_1_1_1_1_2"
"9756","EPI_ISL_19239876",7,2,1,1,1,1,1,2,"7_2_1_1_1_1_1_2"
"9757","EPI_ISL_19188936",7,2,1,1,1,1,1,2,"7_2_1_1_1_1_1_2"
"9758","EPI_ISL_19157589",4,5,5,1,1,1,1,1,"4_5_5_1_1_1_1_1"
"9759","EPI_ISL_19157588",5,3,1,1,1,1,1,2,"5_3_1_1_1_1_1_2"
"9760","EPI_ISL_19157587",4,5,5,1,1,1,1,1,"4_5_5_1_1_1_1_1"
"9761","EPI_ISL_19157586",4,5,5,1,1,1,1,1,"4_5_5_1_1_1_1_1"
"9762","EPI_ISL_19157585",5,3,1,1,1,1,1,2,"5_3_1_1_1_1_1_2"
"9763","EPI_ISL_19157584",5,3,1,1,1,1,1,2,"5_3_1_1_1_1_1_2"
"9764","EPI_ISL_19157583",4,5,5,1,1,1,1,1,"4_5_5_1_1_1_1_1"
"9765","EPI_ISL_19157582",5,3,1,1,1,1,1,2,"5_3_1_1_1_1_1_2"
"9766","EPI_ISL_19157581",5,5,5,1,1,1,1,2,"5_5_5_1_1_1_1_2"
"9767","EPI_ISL_19157580",5,3,1,1,1,1,1,2,"5_3_1_1_1_1_1_2"
"9768","EPI_ISL_19157579",14,3,1,1,1,1,1,2,"14_3_1_1_1_1_1_2"
"9769","EPI_ISL_19157578",5,3,1,1,1,1,1,2,"5_3_1_1_1_1_1_2"
"9770","EPI_ISL_19157577",5,3,1,1,2,1,1,2,"5_3_1_1_2_1_1_2"
"9771","EPI_ISL_19157576",5,3,1,1,1,1,1,2,"5_3_1_1_1_1_1_2"
"9772","EPI_ISL_19157575",5,3,1,1,1,1,1,2,"5_3_1_1_1_1_1_2"
"9773","EPI_ISL_19157574",4,5,5,1,1,1,1,1,"4_5_5_1_1_1_1_1"
"9774","EPI_ISL_19157573",9,9,7,1,1,1,1,1,"9_9_7_1_1_1_1_1"
"9775","EPI_ISL_19157572",5,3,1,1,1,1,1,2,"5_3_1_1_1_1_1_2"
"9776","EPI_ISL_19157571",5,3,1,1,1,1,1,2,"5_3_1_1_1_1_1_2"
"9777","EPI_ISL_19157570",5,3,1,1,1,1,1,2,"5_3_1_1_1_1_1_2"
"9778","EPI_ISL_19157569",5,3,1,1,1,1,1,2,"5_3_1_1_1_1_1_2"
"9779","EPI_ISL_19157565",5,3,1,1,1,1,1,2,"5_3_1_1_1_1_1_2"
"9780","EPI_ISL_19157564",3,1,1,1,1,1,1,1,"3_1_1_1_1_1_1_1"
"9781","EPI_ISL_19157563",3,1,1,1,1,1,1,1,"3_1_1_1_1_1_1_1"
"9782","EPI_ISL_19157562",3,1,1,1,1,1,1,1,"3_1_1_1_1_1_1_1"
"9783","EPI_ISL_19157561",3,1,1,1,1,1,1,1,"3_1_1_1_1_1_1_1"
"9784","EPI_ISL_19157560",3,1,1,1,1,1,1,1,"3_1_1_1_1_1_1_1"
"9785","EPI_ISL_19157558",4,5,5,1,1,1,1,1,"4_5_5_1_1_1_1_1"
"9786","EPI_ISL_19157556",3,1,1,1,1,1,1,1,"3_1_1_1_1_1_1_1"
"9787","EPI_ISL_19157555",2,1,1,1,2,1,1,1,"2_1_1_1_2_1_1_1"
"9788","EPI_ISL_19157554",2,1,1,1,2,1,1,1,"2_1_1_1_2_1_1_1"
"9789","EPI_ISL_19157553",4,5,5,1,1,1,1,1,"4_5_5_1_1_1_1_1"
"9790","EPI_ISL_19157552",5,1,1,1,1,1,1,1,"5_1_1_1_1_1_1_1"
"9791","EPI_ISL_19157551",4,5,5,1,1,1,1,1,"4_5_5_1_1_1_1_1"
"9792","EPI_ISL_19157550",4,5,1,1,1,1,1,1,"4_5_1_1_1_1_1_1"
"9793","EPI_ISL_19157549",3,1,1,1,1,1,1,1,"3_1_1_1_1_1_1_1"
"9794","EPI_ISL_19157548",5,3,1,1,1,1,1,2,"5_3_1_1_1_1_1_2"
"9795","EPI_ISL_19157547",3,1,1,1,1,1,1,1,"3_1_1_1_1_1_1_1"
"9796","EPI_ISL_19157546",3,1,1,1,1,1,1,1,"3_1_1_1_1_1_1_1"
"9797","EPI_ISL_19157545",3,1,1,1,1,1,1,1,"3_1_1_1_1_1_1_1"
"9798","EPI_ISL_19157544",3,1,1,1,1,1,1,1,"3_1_1_1_1_1_1_1"
"9799","EPI_ISL_19157543",4,1,1,1,1,1,1,1,"4_1_1_1_1_1_1_1"
"9800","EPI_ISL_19157542",3,1,1,1,1,1,1,1,"3_1_1_1_1_1_1_1"
"9801","EPI_ISL_19157541",3,1,1,1,1,1,1,1,"3_1_1_1_1_1_1_1"
"9802","EPI_ISL_19157540",3,1,1,1,1,1,1,1,"3_1_1_1_1_1_1_1"
"9803","EPI_ISL_19157539",3,1,1,1,1,1,1,1,"3_1_1_1_1_1_1_1"
"9804","EPI_ISL_19157538",3,1,1,1,1,1,1,1,"3_1_1_1_1_1_1_1"
"9805","EPI_ISL_19157537",3,1,1,1,1,1,1,1,"3_1_1_1_1_1_1_1"
"9806","EPI_ISL_19157536",3,1,1,1,1,1,1,1,"3_1_1_1_1_1_1_1"
"9807","EPI_ISL_19157535",4,1,1,1,1,1,1,1,"4_1_1_1_1_1_1_1"
"9808","EPI_ISL_19157534",5,3,1,1,1,1,1,2,"5_3_1_1_1_1_1_2"
"9809","EPI_ISL_19157533",4,5,5,1,1,1,1,1,"4_5_5_1_1_1_1_1"
"9810","EPI_ISL_19157532",3,1,1,1,1,1,1,1,"3_1_1_1_1_1_1_1"
"9811","EPI_ISL_19157104",2,1,1,1,2,1,1,1,"2_1_1_1_2_1_1_1"
"9812","EPI_ISL_19157103",2,1,1,1,2,1,1,1,"2_1_1_1_2_1_1_1"
"9813","EPI_ISL_19157101",2,1,1,1,2,1,1,1,"2_1_1_1_2_1_1_1"
"9814","EPI_ISL_19155831",3,2,1,1,1,1,1,2,"3_2_1_1_1_1_1_2"
"9815","EPI_ISL_19155289",14,3,1,1,1,1,1,2,"14_3_1_1_1_1_1_2"
"9816","EPI_ISL_19155280",14,3,1,1,1,1,1,2,"14_3_1_1_1_1_1_2"
"9817","EPI_ISL_19155279",14,3,1,1,1,1,1,2,"14_3_1_1_1_1_1_2"
"9818","EPI_ISL_19155278",14,3,1,1,1,1,1,2,"14_3_1_1_1_1_1_2"
"9819","EPI_ISL_19155277",14,3,1,1,1,1,1,2,"14_3_1_1_1_1_1_2"
"9820","EPI_ISL_19155276",14,3,1,1,1,1,1,2,"14_3_1_1_1_1_1_2"
"9821","EPI_ISL_19155273",4,1,1,1,1,1,1,2,"4_1_1_1_1_1_1_2"
"9822","EPI_ISL_19155272",14,3,1,1,1,1,1,2,"14_3_1_1_1_1_1_2"
"9823","EPI_ISL_19155271",14,3,1,1,1,1,1,2,"14_3_1_1_1_1_1_2"
"9824","EPI_ISL_19155270",14,3,1,1,1,1,1,2,"14_3_1_1_1_1_1_2"
"9825","EPI_ISL_19155267",14,3,1,1,1,1,1,2,"14_3_1_1_1_1_1_2"
"9826","EPI_ISL_19155266",4,5,5,1,1,1,1,1,"4_5_5_1_1_1_1_1"
"9827","EPI_ISL_19155265",4,5,5,1,1,1,1,1,"4_5_5_1_1_1_1_1"
"9828","EPI_ISL_19155264",14,3,1,1,1,1,1,2,"14_3_1_1_1_1_1_2"
"9829","EPI_ISL_19155263",14,3,1,1,1,1,1,2,"14_3_1_1_1_1_1_2"
"9830","EPI_ISL_19155262",9,9,7,1,1,1,1,1,"9_9_7_1_1_1_1_1"
"9831","EPI_ISL_19155260",14,3,1,1,1,1,1,2,"14_3_1_1_1_1_1_2"
"9832","EPI_ISL_19155259",14,3,1,1,1,1,1,2,"14_3_1_1_1_1_1_2"
"9833","EPI_ISL_19155255",14,3,1,1,1,1,1,2,"14_3_1_1_1_1_1_2"
"9834","EPI_ISL_19155244",14,3,1,1,1,1,1,2,"14_3_1_1_1_1_1_2"
"9835","EPI_ISL_19155243",14,3,1,1,1,1,1,2,"14_3_1_1_1_1_1_2"
"9836","EPI_ISL_19155242",14,3,1,1,1,1,1,2,"14_3_1_1_1_1_1_2"
"9837","EPI_ISL_19155241",14,3,1,1,1,1,1,2,"14_3_1_1_1_1_1_2"
"9838","EPI_ISL_19155240",14,3,1,1,1,1,1,2,"14_3_1_1_1_1_1_2"
"9839","EPI_ISL_19155231",14,3,1,1,1,1,1,2,"14_3_1_1_1_1_1_2"
"9840","EPI_ISL_19155227",5,3,1,1,1,1,1,2,"5_3_1_1_1_1_1_2"
"9841","EPI_ISL_19155226",5,3,1,1,1,1,1,2,"5_3_1_1_1_1_1_2"
"9842","EPI_ISL_19155225",4,5,5,1,1,1,1,1,"4_5_5_1_1_1_1_1"
"9843","EPI_ISL_19155223",5,3,1,1,1,1,1,2,"5_3_1_1_1_1_1_2"
"9844","EPI_ISL_19155221",14,3,1,1,1,1,1,2,"14_3_1_1_1_1_1_2"
"9845","EPI_ISL_19155220",14,3,1,1,1,1,1,2,"14_3_1_1_1_1_1_2"
"9846","EPI_ISL_19155219",5,3,1,1,1,1,1,2,"5_3_1_1_1_1_1_2"
"9847","EPI_ISL_19155218",4,5,5,1,1,1,1,1,"4_5_5_1_1_1_1_1"
"9848","EPI_ISL_19155217",14,3,1,1,1,1,1,2,"14_3_1_1_1_1_1_2"
"9849","EPI_ISL_19155216",14,3,1,1,1,1,1,2,"14_3_1_1_1_1_1_2"
"9850","EPI_ISL_19155215",14,3,1,1,1,1,1,2,"14_3_1_1_1_1_1_2"
"9851","EPI_ISL_19155214",14,3,1,1,1,1,1,2,"14_3_1_1_1_1_1_2"
"9852","EPI_ISL_19155213",14,3,1,1,1,1,1,2,"14_3_1_1_1_1_1_2"
"9853","EPI_ISL_19155212",14,3,1,1,1,1,1,2,"14_3_1_1_1_1_1_2"
"9854","EPI_ISL_19155211",14,3,1,1,1,1,1,2,"14_3_1_1_1_1_1_2"
"9855","EPI_ISL_19155210",5,3,1,1,1,1,1,2,"5_3_1_1_1_1_1_2"
"9856","EPI_ISL_19155209",14,3,1,1,1,1,1,2,"14_3_1_1_1_1_1_2"
"9857","EPI_ISL_19155208",4,5,5,1,1,1,1,1,"4_5_5_1_1_1_1_1"
"9858","EPI_ISL_19155207",9,9,1,1,1,1,1,2,"9_9_1_1_1_1_1_2"
"9859","EPI_ISL_19155206",14,3,1,1,1,1,1,2,"14_3_1_1_1_1_1_2"
"9860","EPI_ISL_19155205",14,3,1,1,1,1,1,2,"14_3_1_1_1_1_1_2"
"9861","EPI_ISL_19155204",14,3,1,1,1,1,1,2,"14_3_1_1_1_1_1_2"
"9862","EPI_ISL_19155203",14,3,1,1,1,1,1,2,"14_3_1_1_1_1_1_2"
"9863","EPI_ISL_19155202",14,3,1,1,1,1,1,2,"14_3_1_1_1_1_1_2"
"9864","EPI_ISL_19155201",14,3,1,1,1,1,1,2,"14_3_1_1_1_1_1_2"
"9865","EPI_ISL_19155199",14,3,1,1,1,1,1,2,"14_3_1_1_1_1_1_2"
"9866","EPI_ISL_19155198",5,3,1,1,1,1,1,2,"5_3_1_1_1_1_1_2"
"9867","EPI_ISL_19155197",5,3,1,1,1,1,1,2,"5_3_1_1_1_1_1_2"
"9868","EPI_ISL_19155196",5,3,1,1,1,1,1,2,"5_3_1_1_1_1_1_2"
"9869","EPI_ISL_19155195",5,3,1,1,1,1,1,2,"5_3_1_1_1_1_1_2"
"9870","EPI_ISL_19155191",5,3,1,1,1,1,1,2,"5_3_1_1_1_1_1_2"
"9871","EPI_ISL_19155190",5,3,1,1,1,1,1,2,"5_3_1_1_1_1_1_2"
"9872","EPI_ISL_19155189",5,3,1,1,1,1,1,2,"5_3_1_1_1_1_1_2"
"9873","EPI_ISL_19155188",14,3,1,1,1,1,1,2,"14_3_1_1_1_1_1_2"
"9874","EPI_ISL_19155186",5,3,1,1,1,1,1,2,"5_3_1_1_1_1_1_2"
"9875","EPI_ISL_19155183",5,3,1,1,1,1,1,2,"5_3_1_1_1_1_1_2"
"9876","EPI_ISL_19155182",4,5,5,1,1,1,1,1,"4_5_5_1_1_1_1_1"
"9877","EPI_ISL_19155180",4,1,1,1,1,1,1,2,"4_1_1_1_1_1_1_2"
"9878","EPI_ISL_19155178",9,9,7,1,1,1,1,1,"9_9_7_1_1_1_1_1"
"9879","EPI_ISL_19155176",5,3,1,1,1,1,1,2,"5_3_1_1_1_1_1_2"
"9880","EPI_ISL_19155175",5,3,1,1,1,1,1,2,"5_3_1_1_1_1_1_2"
"9881","EPI_ISL_19155174",5,3,1,1,1,1,1,2,"5_3_1_1_1_1_1_2"
"9882","EPI_ISL_19155173",5,3,1,1,1,1,1,2,"5_3_1_1_1_1_1_2"
"9883","EPI_ISL_19155172",5,3,1,1,1,1,1,2,"5_3_1_1_1_1_1_2"
"9884","EPI_ISL_19155170",4,5,5,1,1,1,1,1,"4_5_5_1_1_1_1_1"
"9885","EPI_ISL_19155169",5,3,1,1,1,1,1,2,"5_3_1_1_1_1_1_2"
"9886","EPI_ISL_19155168",5,3,1,1,1,1,1,2,"5_3_1_1_1_1_1_2"
"9887","EPI_ISL_19155166",4,5,5,1,1,1,1,1,"4_5_5_1_1_1_1_1"
"9888","EPI_ISL_19155165",4,5,5,1,1,1,1,1,"4_5_5_1_1_1_1_1"
"9889","EPI_ISL_19155164",5,3,1,1,1,1,1,2,"5_3_1_1_1_1_1_2"
"9890","EPI_ISL_19155163",5,3,1,1,1,1,1,2,"5_3_1_1_1_1_1_2"
"9891","EPI_ISL_19155162",5,3,1,1,1,1,1,2,"5_3_1_1_1_1_1_2"
"9892","EPI_ISL_19155161",5,3,1,1,1,1,1,2,"5_3_1_1_1_1_1_2"
"9893","EPI_ISL_19155160",4,5,5,1,1,1,1,1,"4_5_5_1_1_1_1_1"
"9894","EPI_ISL_19155158",3,1,1,1,1,1,1,1,"3_1_1_1_1_1_1_1"
"9895","EPI_ISL_19155157",3,1,1,1,1,1,1,1,"3_1_1_1_1_1_1_1"
"9896","EPI_ISL_19155156",5,3,1,1,1,1,1,2,"5_3_1_1_1_1_1_2"
"9897","EPI_ISL_19155155",5,3,1,1,1,1,1,2,"5_3_1_1_1_1_1_2"
"9898","EPI_ISL_19155154",5,3,1,1,1,1,1,2,"5_3_1_1_1_1_1_2"
"9899","EPI_ISL_19155152",3,1,1,1,1,1,1,1,"3_1_1_1_1_1_1_1"
"9900","EPI_ISL_19155151",3,1,1,1,1,1,1,1,"3_1_1_1_1_1_1_1"
"9901","EPI_ISL_19155150",5,3,1,1,1,1,1,2,"5_3_1_1_1_1_1_2"
"9902","EPI_ISL_19155149",5,3,1,1,1,1,1,2,"5_3_1_1_1_1_1_2"
"9903","EPI_ISL_19155148",5,3,1,1,1,1,1,2,"5_3_1_1_1_1_1_2"
"9904","EPI_ISL_19155147",5,3,1,1,1,1,1,2,"5_3_1_1_1_1_1_2"
"9905","EPI_ISL_19155146",5,3,1,1,1,1,1,2,"5_3_1_1_1_1_1_2"
"9906","EPI_ISL_19155145",5,3,1,1,1,1,1,2,"5_3_1_1_1_1_1_2"
"9907","EPI_ISL_19155144",5,3,1,1,1,1,1,2,"5_3_1_1_1_1_1_2"
"9908","EPI_ISL_19155143",5,3,1,1,1,1,1,2,"5_3_1_1_1_1_1_2"
"9909","EPI_ISL_19155142",5,3,1,1,1,1,1,2,"5_3_1_1_1_1_1_2"
"9910","EPI_ISL_19155141",5,3,1,1,1,1,1,2,"5_3_1_1_1_1_1_2"
"9911","EPI_ISL_19155140",5,3,1,1,1,1,1,2,"5_3_1_1_1_1_1_2"
"9912","EPI_ISL_19155139",5,3,1,1,1,1,1,2,"5_3_1_1_1_1_1_2"
"9913","EPI_ISL_19155138",3,1,1,1,1,1,1,1,"3_1_1_1_1_1_1_1"
"9914","EPI_ISL_19155137",5,3,1,1,1,1,1,2,"5_3_1_1_1_1_1_2"
"9915","EPI_ISL_19155136",5,3,1,1,1,1,1,2,"5_3_1_1_1_1_1_2"
"9916","EPI_ISL_19155135",3,1,1,1,1,1,1,1,"3_1_1_1_1_1_1_1"
"9917","EPI_ISL_19155134",3,1,1,1,1,1,1,1,"3_1_1_1_1_1_1_1"
"9918","EPI_ISL_19155133",3,1,1,1,1,1,1,1,"3_1_1_1_1_1_1_1"
"9919","EPI_ISL_19155132",3,1,1,1,1,1,1,1,"3_1_1_1_1_1_1_1"
"9920","EPI_ISL_19155131",5,3,1,1,1,1,1,2,"5_3_1_1_1_1_1_2"
"9921","EPI_ISL_19155130",5,3,1,1,1,1,1,2,"5_3_1_1_1_1_1_2"
"9922","EPI_ISL_19155129",5,3,1,1,1,1,1,2,"5_3_1_1_1_1_1_2"
"9923","EPI_ISL_19155128",5,3,1,1,1,1,1,2,"5_3_1_1_1_1_1_2"
"9924","EPI_ISL_19155127",5,3,1,1,1,1,1,2,"5_3_1_1_1_1_1_2"
"9925","EPI_ISL_19155126",4,1,1,1,1,1,1,2,"4_1_1_1_1_1_1_2"
"9926","EPI_ISL_19155125",4,1,1,1,1,1,1,2,"4_1_1_1_1_1_1_2"
"9927","EPI_ISL_19155124",5,3,1,1,1,1,1,2,"5_3_1_1_1_1_1_2"
"9928","EPI_ISL_19155123",3,1,1,1,1,1,1,1,"3_1_1_1_1_1_1_1"
"9929","EPI_ISL_19155122",3,1,1,1,1,1,1,1,"3_1_1_1_1_1_1_1"
"9930","EPI_ISL_19155121",3,1,1,1,1,1,1,1,"3_1_1_1_1_1_1_1"
"9931","EPI_ISL_19155119",5,3,1,1,1,1,1,2,"5_3_1_1_1_1_1_2"
"9932","EPI_ISL_19155118",4,1,1,1,1,1,1,2,"4_1_1_1_1_1_1_2"
"9933","EPI_ISL_19155117",4,1,1,1,1,1,1,2,"4_1_1_1_1_1_1_2"
"9934","EPI_ISL_19155116",3,1,1,1,1,1,1,1,"3_1_1_1_1_1_1_1"
"9935","EPI_ISL_19155115",3,1,1,1,1,1,1,1,"3_1_1_1_1_1_1_1"
"9936","EPI_ISL_19155113",5,3,1,1,1,1,1,2,"5_3_1_1_1_1_1_2"
"9937","EPI_ISL_19155112",5,3,1,1,1,1,1,2,"5_3_1_1_1_1_1_2"
"9938","EPI_ISL_19155111",5,3,1,1,1,1,1,2,"5_3_1_1_1_1_1_2"
"9939","EPI_ISL_19155110",45,36,1,1,1,1,1,2,"45_36_1_1_1_1_1_2"
"9940","EPI_ISL_19155109",45,36,1,1,1,1,1,2,"45_36_1_1_1_1_1_2"
"9941","EPI_ISL_19155108",4,1,1,1,1,1,1,2,"4_1_1_1_1_1_1_2"
"9942","EPI_ISL_19155107",4,1,1,1,1,1,1,2,"4_1_1_1_1_1_1_2"
"9943","EPI_ISL_19155106",3,1,1,1,1,1,1,1,"3_1_1_1_1_1_1_1"
"9944","EPI_ISL_19155105",3,1,1,1,1,1,1,1,"3_1_1_1_1_1_1_1"
"9945","EPI_ISL_19155104",2,18,12,1,2,1,1,1,"2_18_12_1_2_1_1_1"
"9946","EPI_ISL_19155103",2,18,12,1,2,1,1,1,"2_18_12_1_2_1_1_1"
"9947","EPI_ISL_19155102",3,1,1,1,1,1,1,1,"3_1_1_1_1_1_1_1"
"9948","EPI_ISL_19155101",3,1,1,1,1,1,1,1,"3_1_1_1_1_1_1_1"
"9949","EPI_ISL_19155099",5,3,1,1,1,1,1,2,"5_3_1_1_1_1_1_2"
"9950","EPI_ISL_19155098",5,3,1,1,1,1,1,2,"5_3_1_1_1_1_1_2"
"9951","EPI_ISL_19155097",3,1,1,1,1,1,1,1,"3_1_1_1_1_1_1_1"
"9952","EPI_ISL_19155096",2,18,12,1,2,1,1,1,"2_18_12_1_2_1_1_1"
"9953","EPI_ISL_19155095",2,18,12,1,2,1,1,1,"2_18_12_1_2_1_1_1"
"9954","EPI_ISL_19155094",2,18,12,1,2,1,1,1,"2_18_12_1_2_1_1_1"
"9955","EPI_ISL_19155093",2,18,12,1,2,1,1,1,"2_18_12_1_2_1_1_1"
"9956","EPI_ISL_19155092",5,3,1,1,1,1,1,2,"5_3_1_1_1_1_1_2"
"9957","EPI_ISL_19155091",5,3,1,1,1,1,1,2,"5_3_1_1_1_1_1_2"
"9958","EPI_ISL_19155090",3,1,1,1,1,1,1,1,"3_1_1_1_1_1_1_1"
"9959","EPI_ISL_19155089",2,18,12,1,2,1,1,1,"2_18_12_1_2_1_1_1"
"9960","EPI_ISL_19155088",2,18,12,1,2,1,1,1,"2_18_12_1_2_1_1_1"
"9961","EPI_ISL_19155087",3,1,1,1,1,1,1,1,"3_1_1_1_1_1_1_1"
"9962","EPI_ISL_19155086",3,1,1,1,1,1,1,1,"3_1_1_1_1_1_1_1"
"9963","EPI_ISL_19155085",3,1,1,1,1,1,1,1,"3_1_1_1_1_1_1_1"
"9964","EPI_ISL_19155084",3,1,1,1,1,1,1,1,"3_1_1_1_1_1_1_1"
"9965","EPI_ISL_19155083",3,1,1,1,1,1,1,1,"3_1_1_1_1_1_1_1"
"9966","EPI_ISL_19155082",3,1,1,1,1,1,1,1,"3_1_1_1_1_1_1_1"
"9967","EPI_ISL_19155081",4,5,5,1,1,1,1,1,"4_5_5_1_1_1_1_1"
"9968","EPI_ISL_19155080",7,2,1,1,1,1,1,2,"7_2_1_1_1_1_1_2"
"9969","EPI_ISL_19155079",5,3,1,1,1,1,1,2,"5_3_1_1_1_1_1_2"
"9970","EPI_ISL_19155078",5,3,1,1,1,1,1,2,"5_3_1_1_1_1_1_2"
"9971","EPI_ISL_19155077",9,9,7,1,1,1,1,1,"9_9_7_1_1_1_1_1"
"9972","EPI_ISL_19155076",3,1,1,1,1,1,1,1,"3_1_1_1_1_1_1_1"
"9973","EPI_ISL_19155075",3,1,1,1,1,1,1,1,"3_1_1_1_1_1_1_1"
"9974","EPI_ISL_19155071",9,9,7,1,1,1,1,1,"9_9_7_1_1_1_1_1"
"9975","EPI_ISL_19155070",3,1,1,1,1,1,1,1,"3_1_1_1_1_1_1_1"
"9976","EPI_ISL_19155069",3,1,1,1,1,1,1,1,"3_1_1_1_1_1_1_1"
"9977","EPI_ISL_19155068",3,1,1,1,1,1,1,1,"3_1_1_1_1_1_1_1"
"9978","EPI_ISL_19155067",5,3,1,1,1,1,1,2,"5_3_1_1_1_1_1_2"
"9979","EPI_ISL_19155066",5,3,1,1,1,1,1,2,"5_3_1_1_1_1_1_2"
"9980","EPI_ISL_19155065",2,18,12,1,2,1,1,1,"2_18_12_1_2_1_1_1"
"9981","EPI_ISL_19155064",2,18,12,1,2,1,1,1,"2_18_12_1_2_1_1_1"
"9982","EPI_ISL_19155063",3,1,1,1,1,1,1,1,"3_1_1_1_1_1_1_1"
"9983","EPI_ISL_19155062",4,5,5,1,1,1,1,1,"4_5_5_1_1_1_1_1"
"9984","EPI_ISL_19155061",5,3,1,1,1,1,1,2,"5_3_1_1_1_1_1_2"
"9985","EPI_ISL_19155060",5,3,1,1,1,1,1,2,"5_3_1_1_1_1_1_2"
"9986","EPI_ISL_19155059",5,3,1,1,1,1,1,2,"5_3_1_1_1_1_1_2"
"9987","EPI_ISL_19155058",5,3,1,1,1,1,1,2,"5_3_1_1_1_1_1_2"
"9988","EPI_ISL_19155057",5,3,1,1,1,1,1,2,"5_3_1_1_1_1_1_2"
"9989","EPI_ISL_19155056",5,3,1,1,1,1,1,2,"5_3_1_1_1_1_1_2"
"9990","EPI_ISL_19155055",4,1,1,1,1,1,1,2,"4_1_1_1_1_1_1_2"
"9991","EPI_ISL_19155054",9,9,7,1,1,1,1,1,"9_9_7_1_1_1_1_1"
"9992","EPI_ISL_19155053",3,1,1,1,1,1,1,1,"3_1_1_1_1_1_1_1"
"9993","EPI_ISL_19155052",5,3,1,1,1,1,1,2,"5_3_1_1_1_1_1_2"
"9994","EPI_ISL_19155051",5,3,1,1,1,1,1,2,"5_3_1_1_1_1_1_2"
"9995","EPI_ISL_19155050",2,18,12,1,2,1,1,1,"2_18_12_1_2_1_1_1"
"9996","EPI_ISL_19155049",2,18,12,1,2,1,1,1,"2_18_12_1_2_1_1_1"
"9997","EPI_ISL_19155048",3,1,1,1,1,1,1,1,"3_1_1_1_1_1_1_1"
"9998","EPI_ISL_19155047",3,1,1,1,1,1,1,1,"3_1_1_1_1_1_1_1"
"9999","EPI_ISL_19155046",3,1,1,1,1,1,1,1,"3_1_1_1_1_1_1_1"
"10000","EPI_ISL_19155045",3,1,1,1,1,1,1,1,"3_1_1_1_1_1_1_1"
"10001","EPI_ISL_19155044",5,3,1,1,1,1,1,2,"5_3_1_1_1_1_1_2"
"10002","EPI_ISL_19155043",5,3,1,1,1,1,1,2,"5_3_1_1_1_1_1_2"
"10003","EPI_ISL_19155042",5,3,1,1,1,1,1,2,"5_3_1_1_1_1_1_2"
"10004","EPI_ISL_19155041",3,1,1,1,1,1,1,1,"3_1_1_1_1_1_1_1"
"10005","EPI_ISL_19155040",5,3,1,1,1,1,1,2,"5_3_1_1_1_1_1_2"
"10006","EPI_ISL_19155039",5,3,1,1,1,1,1,2,"5_3_1_1_1_1_1_2"
"10007","EPI_ISL_19155038",9,9,7,1,1,1,1,1,"9_9_7_1_1_1_1_1"
"10008","EPI_ISL_19155037",5,3,1,1,1,1,1,2,"5_3_1_1_1_1_1_2"
"10009","EPI_ISL_19155036",5,3,1,1,1,1,1,2,"5_3_1_1_1_1_1_2"
"10010","EPI_ISL_19155035",3,1,1,1,1,1,1,1,"3_1_1_1_1_1_1_1"
"10011","EPI_ISL_19155034",3,1,1,1,1,1,1,1,"3_1_1_1_1_1_1_1"
"10012","EPI_ISL_19155033",5,3,1,1,1,1,1,2,"5_3_1_1_1_1_1_2"
"10013","EPI_ISL_19155032",5,3,1,1,1,1,1,2,"5_3_1_1_1_1_1_2"
"10014","EPI_ISL_19155031",5,3,1,1,1,1,1,2,"5_3_1_1_1_1_1_2"
"10015","EPI_ISL_19155030",9,9,7,1,1,1,1,2,"9_9_7_1_1_1_1_2"
"10016","EPI_ISL_19155029",5,3,1,1,1,1,1,2,"5_3_1_1_1_1_1_2"
"10017","EPI_ISL_19155028",5,3,1,1,1,1,1,2,"5_3_1_1_1_1_1_2"
"10018","EPI_ISL_19155027",3,1,1,1,1,1,1,1,"3_1_1_1_1_1_1_1"
"10019","EPI_ISL_19155026",3,1,1,1,1,1,1,1,"3_1_1_1_1_1_1_1"
"10020","EPI_ISL_19155025",2,1,1,1,2,1,1,1,"2_1_1_1_2_1_1_1"
"10021","EPI_ISL_19155024",3,1,1,1,1,1,1,1,"3_1_1_1_1_1_1_1"
"10022","EPI_ISL_19155023",3,1,1,1,1,1,1,1,"3_1_1_1_1_1_1_1"
"10023","EPI_ISL_19155022",5,3,1,1,1,1,1,2,"5_3_1_1_1_1_1_2"
"10024","EPI_ISL_19155021",5,3,1,1,1,1,1,2,"5_3_1_1_1_1_1_2"
"10025","EPI_ISL_19155020",5,3,1,1,1,1,1,2,"5_3_1_1_1_1_1_2"
"10026","EPI_ISL_19155019",5,3,1,1,1,1,1,2,"5_3_1_1_1_1_1_2"
"10027","EPI_ISL_19155018",5,3,1,1,1,1,1,2,"5_3_1_1_1_1_1_2"
"10028","EPI_ISL_19155017",5,3,1,1,1,1,1,2,"5_3_1_1_1_1_1_2"
"10029","EPI_ISL_19155016",3,1,1,1,1,1,1,1,"3_1_1_1_1_1_1_1"
"10030","EPI_ISL_19155015",3,1,1,1,1,1,1,1,"3_1_1_1_1_1_1_1"
"10031","EPI_ISL_19155014",2,18,12,1,2,1,1,1,"2_18_12_1_2_1_1_1"
"10032","EPI_ISL_19155013",2,18,12,1,2,1,1,1,"2_18_12_1_2_1_1_1"
"10033","EPI_ISL_19155012",5,3,1,1,1,1,1,2,"5_3_1_1_1_1_1_2"
"10034","EPI_ISL_19155011",5,3,1,1,1,1,1,2,"5_3_1_1_1_1_1_2"
"10035","EPI_ISL_19155010",5,3,1,1,1,1,1,2,"5_3_1_1_1_1_1_2"
"10036","EPI_ISL_19155009",4,5,5,1,1,1,1,1,"4_5_5_1_1_1_1_1"
"10037","EPI_ISL_19155008",5,3,1,1,1,1,1,2,"5_3_1_1_1_1_1_2"
"10038","EPI_ISL_19155007",16,14,1,1,1,1,1,2,"16_14_1_1_1_1_1_2"
"10039","EPI_ISL_19155006",16,14,1,1,1,1,1,2,"16_14_1_1_1_1_1_2"
"10040","EPI_ISL_19155005",5,3,1,1,1,1,1,2,"5_3_1_1_1_1_1_2"
"10041","EPI_ISL_19155004",5,3,1,1,1,1,1,2,"5_3_1_1_1_1_1_2"
"10042","EPI_ISL_19139974",5,3,1,1,1,1,1,2,"5_3_1_1_1_1_1_2"
"10043","EPI_ISL_19139419",17,1,2,1,2,1,1,1,"17_1_2_1_2_1_1_1"
"10044","EPI_ISL_19139320",2,1,1,1,2,1,1,1,"2_1_1_1_2_1_1_1"
"10045","EPI_ISL_19139305",2,1,1,1,2,1,1,1,"2_1_1_1_2_1_1_1"
"10046","EPI_ISL_19139304",8,6,2,1,2,3,1,1,"8_6_2_1_2_3_1_1"
"10047","EPI_ISL_19139303",2,1,1,1,2,1,1,1,"2_1_1_1_2_1_1_1"
"10048","EPI_ISL_19139301",2,1,1,1,2,1,1,1,"2_1_1_1_2_1_1_1"
"10049","EPI_ISL_19139300",8,6,2,1,2,3,1,1,"8_6_2_1_2_3_1_1"
"10050","EPI_ISL_19139299",2,1,1,1,2,1,1,1,"2_1_1_1_2_1_1_1"
"10051","EPI_ISL_19139298",2,1,1,1,2,1,1,1,"2_1_1_1_2_1_1_1"
"10052","EPI_ISL_19139297",2,1,1,1,2,1,1,1,"2_1_1_1_2_1_1_1"
"10053","EPI_ISL_18877920",8,6,2,1,2,3,1,1,"8_6_2_1_2_3_1_1"
"10054","EPI_ISL_18877429",1,1,4,1,4,1,1,4,"1_1_4_1_4_1_1_4"
"10055","EPI_ISL_18876663",2,1,1,1,2,1,1,1,"2_1_1_1_2_1_1_1"
"10056","EPI_ISL_18876662",2,1,1,1,2,1,1,1,"2_1_1_1_2_1_1_1"
"10057","EPI_ISL_18876661",2,1,1,1,2,1,1,1,"2_1_1_1_2_1_1_1"
"10058","EPI_ISL_18862261",17,1,2,1,2,1,1,1,"17_1_2_1_2_1_1_1"
"10059","EPI_ISL_18862260",17,1,2,1,2,1,1,1,"17_1_2_1_2_1_1_1"
"10060","EPI_ISL_18862259",17,1,2,1,2,1,1,1,"17_1_2_1_2_1_1_1"
"10061","EPI_ISL_18862258",17,1,2,1,2,1,1,1,"17_1_2_1_2_1_1_1"
"10062","EPI_ISL_18862257",17,1,2,1,2,1,1,1,"17_1_2_1_2_1_1_1"
"10063","EPI_ISL_18862255",17,1,2,1,2,1,1,1,"17_1_2_1_2_1_1_1"
"10064","EPI_ISL_18746298",1,1,2,1,2,1,1,1,"1_1_2_1_2_1_1_1"
"10065","EPI_ISL_18731619",16,14,1,1,1,1,1,2,"16_14_1_1_1_1_1_2"
"10066","EPI_ISL_18731617",16,14,1,1,1,1,1,2,"16_14_1_1_1_1_1_2"
"10067","EPI_ISL_18729430",1,8,2,1,2,1,1,1,"1_8_2_1_2_1_1_1"
"10068","EPI_ISL_18729429",1,8,2,1,2,1,1,1,"1_8_2_1_2_1_1_1"
"10069","EPI_ISL_18729428",1,8,2,1,2,1,1,1,"1_8_2_1_2_1_1_1"
"10070","EPI_ISL_18729427",1,8,2,1,2,1,1,1,"1_8_2_1_2_1_1_1"
"10071","EPI_ISL_18729401",1,8,2,1,2,1,1,1,"1_8_2_1_2_1_1_1"
"10072","EPI_ISL_18729400",1,8,2,1,2,1,1,1,"1_8_2_1_2_1_1_1"
"10073","EPI_ISL_18729387",1,8,2,1,2,1,1,1,"1_8_2_1_2_1_1_1"
"10074","EPI_ISL_18729386",1,8,2,1,2,1,1,1,"1_8_2_1_2_1_1_1"
"10075","EPI_ISL_18729385",1,8,2,1,2,1,1,1,"1_8_2_1_2_1_1_1"
"10076","EPI_ISL_19532227",3,2,1,1,1,1,1,2,"3_2_1_1_1_1_1_2"
"10077","EPI_ISL_19532190",3,2,1,1,1,1,1,2,"3_2_1_1_1_1_1_2"
"10078","EPI_ISL_19532188",3,2,1,1,1,1,1,2,"3_2_1_1_1_1_1_2"
"10079","EPI_ISL_19532187",3,2,1,1,1,1,1,2,"3_2_1_1_1_1_1_2"
"10080","EPI_ISL_19532186",3,2,1,1,1,1,1,2,"3_2_1_1_1_1_1_2"
"10081","EPI_ISL_19532185",3,2,1,1,1,1,1,2,"3_2_1_1_1_1_1_2"
"10082","EPI_ISL_19532184",3,2,1,1,1,1,1,2,"3_2_1_1_1_1_1_2"
"10083","EPI_ISL_19532183",3,2,1,1,1,1,1,2,"3_2_1_1_1_1_1_2"
"10084","EPI_ISL_19532173",3,2,1,1,1,1,1,2,"3_2_1_1_1_1_1_2"
"10085","EPI_ISL_19532172",3,2,1,1,1,1,1,2,"3_2_1_1_1_1_1_2"
"10086","EPI_ISL_19532150",3,2,1,1,1,1,1,2,"3_2_1_1_1_1_1_2"
"10087","EPI_ISL_19532149",3,2,1,1,1,1,1,2,"3_2_1_1_1_1_1_2"
"10088","EPI_ISL_19532148",3,2,1,1,1,1,1,2,"3_2_1_1_1_1_1_2"
"10089","EPI_ISL_19532147",3,2,1,1,1,1,1,2,"3_2_1_1_1_1_1_2"
"10090","EPI_ISL_19501040",1,6,2,1,2,1,1,1,"1_6_2_1_2_1_1_1"
"10091","EPI_ISL_19501039",1,6,2,1,2,1,1,1,"1_6_2_1_2_1_1_1"
"10092","EPI_ISL_19501038",1,6,2,1,2,1,1,1,"1_6_2_1_2_1_1_1"
"10093","EPI_ISL_19501037",1,6,2,1,2,1,1,1,"1_6_2_1_2_1_1_1"
"10094","EPI_ISL_19501036",1,6,2,1,2,1,1,1,"1_6_2_1_2_1_1_1"
"10095","EPI_ISL_19501035",1,6,2,1,2,1,1,1,"1_6_2_1_2_1_1_1"
"10096","EPI_ISL_19468758",1,6,2,1,2,1,1,1,"1_6_2_1_2_1_1_1"
"10097","EPI_ISL_19305434",8,8,2,1,2,1,1,1,"8_8_2_1_2_1_1_1"
"10098","EPI_ISL_19286161",3,2,1,1,1,1,1,2,"3_2_1_1_1_1_1_2"
"10099","EPI_ISL_19286160",3,2,1,1,1,1,1,2,"3_2_1_1_1_1_1_2"
"10100","EPI_ISL_19270740",3,2,1,1,1,1,1,2,"3_2_1_1_1_1_1_2"
"10101","EPI_ISL_19270650",3,2,1,1,1,1,1,2,"3_2_1_1_1_1_1_2"
"10102","EPI_ISL_19270647",3,2,1,1,1,1,1,2,"3_2_1_1_1_1_1_2"
"10103","EPI_ISL_19090732",1,6,2,1,2,1,1,1,"1_6_2_1_2_1_1_1"
"10104","EPI_ISL_19090731",1,6,2,1,2,1,1,1,"1_6_2_1_2_1_1_1"
"10105","EPI_ISL_19090730",1,6,2,1,2,1,1,1,"1_6_2_1_2_1_1_1"
"10106","EPI_ISL_19090729",1,6,2,1,2,1,1,1,"1_6_2_1_2_1_1_1"
"10107","EPI_ISL_19090728",1,6,2,1,2,1,1,1,"1_6_2_1_2_1_1_1"
"10108","EPI_ISL_19090727",1,6,2,1,2,1,1,1,"1_6_2_1_2_1_1_1"
"10109","EPI_ISL_19090724",1,6,2,1,2,1,1,1,"1_6_2_1_2_1_1_1"
"10110","EPI_ISL_19090720",8,8,2,1,2,1,1,1,"8_8_2_1_2_1_1_1"
"10111","EPI_ISL_19090719",15,8,1,1,7,1,1,5,"15_8_1_1_7_1_1_5"
"10112","EPI_ISL_18927384",1,1,1,1,2,1,1,1,"1_1_1_1_2_1_1_1"
"10113","EPI_ISL_19516249",1,6,2,1,2,1,1,1,"1_6_2_1_2_1_1_1"
"10114","EPI_ISL_19237895",6,4,3,1,3,2,1,3,"6_4_3_1_3_2_1_3"
"10115","EPI_ISL_19237894",6,4,3,1,3,2,1,3,"6_4_3_1_3_2_1_3"
"10116","EPI_ISL_19237893",6,4,3,1,3,2,1,3,"6_4_3_1_3_2_1_3"
"10117","EPI_ISL_19501034",1,6,2,1,2,1,1,1,"1_6_2_1_2_1_1_1"
"10118","EPI_ISL_19501033",1,6,2,1,2,1,1,1,"1_6_2_1_2_1_1_1"
"10119","EPI_ISL_19501032",1,6,2,1,2,1,1,1,"1_6_2_1_2_1_1_1"
"10120","EPI_ISL_19501031",1,6,2,1,2,1,1,1,"1_6_2_1_2_1_1_1"
"10121","EPI_ISL_19501030",1,6,2,1,2,1,1,1,"1_6_2_1_2_1_1_1"
"10122","EPI_ISL_19501029",1,6,2,1,2,1,1,1,"1_6_2_1_2_1_1_1"
"10123","EPI_ISL_19190643",11,10,2,1,5,1,1,9,"11_10_2_1_5_1_1_9"
"10124","EPI_ISL_19190642",11,10,2,1,5,1,1,9,"11_10_2_1_5_1_1_9"
"10125","EPI_ISL_19190641",11,10,2,1,5,1,1,9,"11_10_2_1_5_1_1_9"
"10126","EPI_ISL_19190640",11,10,2,1,5,1,1,9,"11_10_2_1_5_1_1_9"
"10127","EPI_ISL_19190639",11,10,2,1,5,1,1,9,"11_10_2_1_5_1_1_9"
"10128","EPI_ISL_19190638",11,10,2,1,5,1,1,9,"11_10_2_1_5_1_1_9"
"10129","EPI_ISL_19190637",11,10,2,1,5,1,1,9,"11_10_2_1_5_1_1_9"
"10130","EPI_ISL_19190636",11,10,2,1,5,1,1,9,"11_10_2_1_5_1_1_9"
"10131","EPI_ISL_18731618",16,14,1,1,1,1,1,2,"16_14_1_1_1_1_1_2"
"10132","EPI_ISL_18729461",11,10,2,1,5,1,1,6,"11_10_2_1_5_1_1_6"
"10133","EPI_ISL_18729454",11,10,2,1,5,1,1,6,"11_10_2_1_5_1_1_6"
"10134","EPI_ISL_18729445",11,10,2,1,5,1,1,6,"11_10_2_1_5_1_1_6"
"10135","EPI_ISL_18729442",11,10,2,1,5,1,1,6,"11_10_2_1_5_1_1_6"
"10136","EPI_ISL_19237889",6,4,3,1,3,2,1,3,"6_4_3_1_3_2_1_3"
"10137","EPI_ISL_19237888",6,4,3,1,3,2,1,3,"6_4_3_1_3_2_1_3"
"10138","EPI_ISL_19157105",2,1,1,1,2,1,1,1,"2_1_1_1_2_1_1_1"
"10139","EPI_ISL_19256005",6,7,2,1,3,2,1,3,"6_7_2_1_3_2_1_3"
"10140","EPI_ISL_19237890",6,4,3,1,3,2,1,3,"6_4_3_1_3_2_1_3"
"10141","EPI_ISL_19237608",6,4,3,1,3,2,1,3,"6_4_3_1_3_2_1_3"
"10142","EPI_ISL_19237599",6,7,2,1,3,2,1,3,"6_7_2_1_3_2_1_3"
"10143","EPI_ISL_19237589",6,4,3,1,3,2,1,3,"6_4_3_1_3_2_1_3"
"10144","EPI_ISL_19237579",6,4,3,1,3,2,1,3,"6_4_3_1_3_2_1_3"
"10145","EPI_ISL_19237569",6,4,3,1,3,2,1,3,"6_4_3_1_3_2_1_3"
"10146","EPI_ISL_19532245",3,2,1,1,1,1,1,2,"3_2_1_1_1_1_1_2"
"10147","EPI_ISL_19532241",3,2,1,1,1,1,1,2,"3_2_1_1_1_1_1_2"
"10148","EPI_ISL_19532239",3,2,1,1,1,1,1,2,"3_2_1_1_1_1_1_2"
"10149","EPI_ISL_19532238",3,2,1,1,1,1,1,2,"3_2_1_1_1_1_1_2"
"10150","EPI_ISL_19532236",3,2,1,1,1,1,1,2,"3_2_1_1_1_1_1_2"
"10151","EPI_ISL_19532235",3,2,1,1,1,1,1,2,"3_2_1_1_1_1_1_2"
"10152","EPI_ISL_19532234",3,2,1,1,1,1,1,2,"3_2_1_1_1_1_1_2"
"10153","EPI_ISL_19532231",3,2,1,1,1,1,1,2,"3_2_1_1_1_1_1_2"
"10154","EPI_ISL_19532230",3,2,1,1,1,1,1,2,"3_2_1_1_1_1_1_2"
"10155","EPI_ISL_19532226",3,2,1,1,1,1,1,2,"3_2_1_1_1_1_1_2"
"10156","EPI_ISL_19532225",3,2,1,1,1,1,1,2,"3_2_1_1_1_1_1_2"
"10157","EPI_ISL_19532224",3,2,1,1,1,1,1,2,"3_2_1_1_1_1_1_2"
"10158","EPI_ISL_19532222",3,2,1,1,1,1,1,2,"3_2_1_1_1_1_1_2"
"10159","EPI_ISL_19532221",3,2,1,1,1,1,1,2,"3_2_1_1_1_1_1_2"
"10160","EPI_ISL_19532219",3,2,1,1,1,1,1,2,"3_2_1_1_1_1_1_2"
"10161","EPI_ISL_19532218",3,2,1,1,1,1,1,2,"3_2_1_1_1_1_1_2"
"10162","EPI_ISL_19532216",3,2,1,1,1,1,1,2,"3_2_1_1_1_1_1_2"
"10163","EPI_ISL_19532215",3,2,1,1,1,1,1,2,"3_2_1_1_1_1_1_2"
"10164","EPI_ISL_19532214",3,2,1,1,1,1,1,2,"3_2_1_1_1_1_1_2"
"10165","EPI_ISL_19532213",3,2,1,1,1,1,1,2,"3_2_1_1_1_1_1_2"
"10166","EPI_ISL_19532211",3,2,1,1,1,1,1,2,"3_2_1_1_1_1_1_2"
"10167","EPI_ISL_19532210",3,2,1,1,1,1,1,2,"3_2_1_1_1_1_1_2"
"10168","EPI_ISL_19532209",3,2,1,1,1,1,1,2,"3_2_1_1_1_1_1_2"
"10169","EPI_ISL_19532208",3,2,1,1,1,1,1,2,"3_2_1_1_1_1_1_2"
"10170","EPI_ISL_19532207",3,2,1,1,1,1,1,2,"3_2_1_1_1_1_1_2"
"10171","EPI_ISL_19532206",3,2,1,1,1,1,1,2,"3_2_1_1_1_1_1_2"
"10172","EPI_ISL_19532205",3,2,1,1,1,1,1,2,"3_2_1_1_1_1_1_2"
"10173","EPI_ISL_19532204",3,2,1,1,1,1,1,2,"3_2_1_1_1_1_1_2"
"10174","EPI_ISL_19532202",3,2,1,1,1,1,1,2,"3_2_1_1_1_1_1_2"
"10175","EPI_ISL_19532201",3,2,1,1,1,1,1,2,"3_2_1_1_1_1_1_2"
"10176","EPI_ISL_19532199",3,2,1,1,1,1,1,2,"3_2_1_1_1_1_1_2"
"10177","EPI_ISL_19532197",3,2,1,1,1,1,1,2,"3_2_1_1_1_1_1_2"
"10178","EPI_ISL_19532194",3,2,1,1,1,1,1,2,"3_2_1_1_1_1_1_2"
"10179","EPI_ISL_19532180",3,2,1,1,1,1,1,2,"3_2_1_1_1_1_1_2"
"10180","EPI_ISL_19532176",3,2,1,1,1,1,1,2,"3_2_1_1_1_1_1_2"
"10181","EPI_ISL_19532175",3,2,1,1,1,1,1,2,"3_2_1_1_1_1_1_2"
"10182","EPI_ISL_19532174",3,2,1,1,1,1,1,2,"3_2_1_1_1_1_1_2"
"10183","EPI_ISL_19532171",3,2,1,1,1,1,1,2,"3_2_1_1_1_1_1_2"
"10184","EPI_ISL_19532170",3,2,1,1,1,1,1,2,"3_2_1_1_1_1_1_2"
"10185","EPI_ISL_19532169",3,2,1,1,1,1,1,2,"3_2_1_1_1_1_1_2"
"10186","EPI_ISL_19532168",3,2,1,1,1,1,1,2,"3_2_1_1_1_1_1_2"
"10187","EPI_ISL_19532167",3,2,1,1,1,1,1,2,"3_2_1_1_1_1_1_2"
"10188","EPI_ISL_19532166",3,2,1,1,1,1,1,2,"3_2_1_1_1_1_1_2"
"10189","EPI_ISL_19532165",3,2,1,1,1,1,1,2,"3_2_1_1_1_1_1_2"
"10190","EPI_ISL_19532164",3,2,1,1,1,1,1,2,"3_2_1_1_1_1_1_2"
"10191","EPI_ISL_19532163",3,2,1,1,1,1,1,2,"3_2_1_1_1_1_1_2"
"10192","EPI_ISL_19532162",3,2,1,1,1,1,1,2,"3_2_1_1_1_1_1_2"
"10193","EPI_ISL_19532161",3,2,1,1,1,1,1,2,"3_2_1_1_1_1_1_2"
"10194","EPI_ISL_19532158",3,2,1,1,1,1,1,2,"3_2_1_1_1_1_1_2"
"10195","EPI_ISL_19532157",3,2,1,1,1,1,1,2,"3_2_1_1_1_1_1_2"
"10196","EPI_ISL_19532156",3,2,1,1,1,1,1,2,"3_2_1_1_1_1_1_2"
"10197","EPI_ISL_19532155",3,2,1,1,1,1,1,2,"3_2_1_1_1_1_1_2"
"10198","EPI_ISL_19532154",3,2,1,1,1,1,1,2,"3_2_1_1_1_1_1_2"
"10199","EPI_ISL_19532153",3,2,1,1,1,1,1,2,"3_2_1_1_1_1_1_2"
"10200","EPI_ISL_19532152",3,2,1,1,1,1,1,2,"3_2_1_1_1_1_1_2"
"10201","EPI_ISL_19532151",3,2,1,1,1,1,1,2,"3_2_1_1_1_1_1_2"
"10202","EPI_ISL_19501407",3,2,1,1,1,1,1,2,"3_2_1_1_1_1_1_2"
"10203","EPI_ISL_19501406",3,2,1,1,1,1,1,2,"3_2_1_1_1_1_1_2"
"10204","EPI_ISL_19501405",3,2,1,1,1,1,1,2,"3_2_1_1_1_1_1_2"
"10205","EPI_ISL_19501404",3,2,1,1,1,1,1,2,"3_2_1_1_1_1_1_2"
"10206","EPI_ISL_19501403",3,2,1,1,1,1,1,2,"3_2_1_1_1_1_1_2"
"10207","EPI_ISL_19469201",3,2,1,1,1,1,1,2,"3_2_1_1_1_1_1_2"
"10208","EPI_ISL_19469200",3,2,1,1,1,1,1,2,"3_2_1_1_1_1_1_2"
"10209","EPI_ISL_19469199",3,2,1,1,1,1,1,2,"3_2_1_1_1_1_1_2"
"10210","EPI_ISL_19469198",3,2,1,1,1,1,1,2,"3_2_1_1_1_1_1_2"
"10211","EPI_ISL_19469196",3,2,1,1,1,1,1,2,"3_2_1_1_1_1_1_2"
"10212","EPI_ISL_19370894",3,2,1,1,1,1,1,2,"3_2_1_1_1_1_1_2"
"10213","EPI_ISL_19370893",3,2,1,1,1,1,1,2,"3_2_1_1_1_1_1_2"
"10214","EPI_ISL_19370892",3,2,1,1,1,1,1,2,"3_2_1_1_1_1_1_2"
"10215","EPI_ISL_19370891",3,2,1,1,1,1,1,2,"3_2_1_1_1_1_1_2"
"10216","EPI_ISL_19370888",3,2,1,1,1,1,1,2,"3_2_1_1_1_1_1_2"
"10217","EPI_ISL_19370887",3,2,1,1,1,1,1,2,"3_2_1_1_1_1_1_2"
"10218","EPI_ISL_19370886",3,2,1,1,1,1,1,2,"3_2_1_1_1_1_1_2"
"10219","EPI_ISL_19353419",3,2,1,1,1,1,1,2,"3_2_1_1_1_1_1_2"
"10220","EPI_ISL_19286159",3,2,1,1,1,1,1,2,"3_2_1_1_1_1_1_2"
"10221","EPI_ISL_19286158",3,2,1,1,1,1,1,2,"3_2_1_1_1_1_1_2"
"10222","EPI_ISL_19286157",3,2,1,1,1,1,1,2,"3_2_1_1_1_1_1_2"
"10223","EPI_ISL_19286156",3,2,1,1,1,1,1,2,"3_2_1_1_1_1_1_2"
"10224","EPI_ISL_19286155",3,2,1,1,1,1,1,2,"3_2_1_1_1_1_1_2"
"10225","EPI_ISL_19286154",3,2,1,1,1,1,1,2,"3_2_1_1_1_1_1_2"
"10226","EPI_ISL_19286153",3,2,1,1,1,1,1,2,"3_2_1_1_1_1_1_2"
"10227","EPI_ISL_19286152",3,2,1,1,1,1,1,2,"3_2_1_1_1_1_1_2"
"10228","EPI_ISL_19286151",3,2,1,1,1,1,1,2,"3_2_1_1_1_1_1_2"
"10229","EPI_ISL_19286150",3,2,1,1,1,1,1,2,"3_2_1_1_1_1_1_2"
"10230","EPI_ISL_19286149",3,2,1,1,1,1,1,2,"3_2_1_1_1_1_1_2"
"10231","EPI_ISL_19286148",3,2,1,1,1,1,1,2,"3_2_1_1_1_1_1_2"
"10232","EPI_ISL_19286147",3,2,1,1,1,1,1,2,"3_2_1_1_1_1_1_2"
"10233","EPI_ISL_19270563",3,2,1,1,1,1,1,2,"3_2_1_1_1_1_1_2"
"10234","EPI_ISL_19270561",3,2,1,1,1,1,1,2,"3_2_1_1_1_1_1_2"
"10235","EPI_ISL_19270559",3,2,1,1,1,1,1,2,"3_2_1_1_1_1_1_2"
"10236","EPI_ISL_19270558",3,2,1,1,1,1,1,2,"3_2_1_1_1_1_1_2"
"10237","EPI_ISL_19270553",3,2,1,1,1,1,1,2,"3_2_1_1_1_1_1_2"
"10238","EPI_ISL_19270552",3,2,1,1,1,1,1,2,"3_2_1_1_1_1_1_2"
"10239","EPI_ISL_19270549",3,2,1,1,1,1,1,2,"3_2_1_1_1_1_1_2"
"10240","EPI_ISL_19270543",3,2,1,1,1,1,1,2,"3_2_1_1_1_1_1_2"
"10241","EPI_ISL_19270531",3,2,1,1,1,1,1,2,"3_2_1_1_1_1_1_2"
"10242","EPI_ISL_19239897",3,2,1,1,1,1,1,2,"3_2_1_1_1_1_1_2"
"10243","EPI_ISL_19155880",3,2,1,1,1,1,1,2,"3_2_1_1_1_1_1_2"
"10244","EPI_ISL_19155879",3,2,1,1,1,1,1,2,"3_2_1_1_1_1_1_2"
"10245","EPI_ISL_19155878",3,2,1,1,1,1,1,2,"3_2_1_1_1_1_1_2"
"10246","EPI_ISL_19155877",3,2,1,1,1,1,1,2,"3_2_1_1_1_1_1_2"
"10247","EPI_ISL_19155876",3,2,1,1,1,1,1,2,"3_2_1_1_1_1_1_2"
"10248","EPI_ISL_19155875",3,2,1,1,1,1,1,2,"3_2_1_1_1_1_1_2"
"10249","EPI_ISL_19155874",3,2,1,1,1,1,1,2,"3_2_1_1_1_1_1_2"
"10250","EPI_ISL_19155873",3,2,1,1,1,1,1,2,"3_2_1_1_1_1_1_2"
"10251","EPI_ISL_19155872",3,2,1,1,1,1,1,2,"3_2_1_1_1_1_1_2"
"10252","EPI_ISL_19155871",3,2,1,1,1,1,1,2,"3_2_1_1_1_1_1_2"
"10253","EPI_ISL_19155870",3,2,1,1,1,1,1,2,"3_2_1_1_1_1_1_2"
"10254","EPI_ISL_19155869",3,2,1,1,1,1,1,2,"3_2_1_1_1_1_1_2"
"10255","EPI_ISL_19155868",3,2,1,1,1,1,1,2,"3_2_1_1_1_1_1_2"
"10256","EPI_ISL_19155867",3,2,1,1,1,1,1,2,"3_2_1_1_1_1_1_2"
"10257","EPI_ISL_19155866",3,2,1,1,1,1,1,2,"3_2_1_1_1_1_1_2"
"10258","EPI_ISL_19155865",3,2,1,1,1,1,1,2,"3_2_1_1_1_1_1_2"
"10259","EPI_ISL_19155864",3,2,1,1,1,1,1,2,"3_2_1_1_1_1_1_2"
"10260","EPI_ISL_19155863",3,2,1,1,1,1,1,2,"3_2_1_1_1_1_1_2"
"10261","EPI_ISL_19155862",3,2,1,1,1,1,1,2,"3_2_1_1_1_1_1_2"
"10262","EPI_ISL_19155861",3,2,1,1,1,1,1,2,"3_2_1_1_1_1_1_2"
"10263","EPI_ISL_19155860",3,2,1,1,1,1,1,2,"3_2_1_1_1_1_1_2"
"10264","EPI_ISL_19155859",3,2,1,1,1,1,1,2,"3_2_1_1_1_1_1_2"
"10265","EPI_ISL_19155858",3,2,1,1,1,1,1,2,"3_2_1_1_1_1_1_2"
"10266","EPI_ISL_19155857",3,2,1,1,1,1,1,2,"3_2_1_1_1_1_1_2"
"10267","EPI_ISL_19155856",3,2,1,1,1,1,1,2,"3_2_1_1_1_1_1_2"
"10268","EPI_ISL_19155855",3,2,1,1,1,1,1,2,"3_2_1_1_1_1_1_2"
"10269","EPI_ISL_19155854",3,2,1,1,1,1,1,2,"3_2_1_1_1_1_1_2"
"10270","EPI_ISL_19155853",3,2,1,1,1,1,1,2,"3_2_1_1_1_1_1_2"
"10271","EPI_ISL_19155852",3,2,1,1,1,1,1,2,"3_2_1_1_1_1_1_2"
"10272","EPI_ISL_19155851",3,2,1,1,1,1,1,2,"3_2_1_1_1_1_1_2"
"10273","EPI_ISL_19155850",3,2,1,1,1,1,1,2,"3_2_1_1_1_1_1_2"
"10274","EPI_ISL_19155849",3,2,1,1,1,1,1,2,"3_2_1_1_1_1_1_2"
"10275","EPI_ISL_19155848",3,2,1,1,1,1,1,2,"3_2_1_1_1_1_1_2"
"10276","EPI_ISL_19155847",3,2,1,1,1,1,1,2,"3_2_1_1_1_1_1_2"
"10277","EPI_ISL_19155846",3,2,1,1,1,1,1,2,"3_2_1_1_1_1_1_2"
"10278","EPI_ISL_19155845",3,2,1,1,1,1,1,2,"3_2_1_1_1_1_1_2"
"10279","EPI_ISL_19155844",3,2,1,1,1,1,1,2,"3_2_1_1_1_1_1_2"
"10280","EPI_ISL_19155843",3,2,1,1,1,1,1,2,"3_2_1_1_1_1_1_2"
"10281","EPI_ISL_19155842",3,2,1,1,1,1,1,2,"3_2_1_1_1_1_1_2"
"10282","EPI_ISL_19155841",3,2,1,1,1,1,1,2,"3_2_1_1_1_1_1_2"
"10283","EPI_ISL_19155840",3,2,1,1,1,1,1,2,"3_2_1_1_1_1_1_2"
"10284","EPI_ISL_19155839",3,2,1,1,1,1,1,2,"3_2_1_1_1_1_1_2"
"10285","EPI_ISL_19155838",3,2,1,1,1,1,1,2,"3_2_1_1_1_1_1_2"
"10286","EPI_ISL_19155837",3,2,1,1,1,1,1,2,"3_2_1_1_1_1_1_2"
"10287","EPI_ISL_19155836",3,2,1,1,1,1,1,2,"3_2_1_1_1_1_1_2"
"10288","EPI_ISL_19155835",3,2,1,1,1,1,1,2,"3_2_1_1_1_1_1_2"
"10289","EPI_ISL_19155834",3,2,1,1,1,1,1,2,"3_2_1_1_1_1_1_2"
"10290","EPI_ISL_19155833",3,2,1,1,1,1,1,2,"3_2_1_1_1_1_1_2"
"10291","EPI_ISL_19155832",3,2,1,1,1,1,1,2,"3_2_1_1_1_1_1_2"
"10292","EPI_ISL_19141090",3,2,1,1,1,1,1,2,"3_2_1_1_1_1_1_2"
"10293","EPI_ISL_19091708",3,2,1,1,1,1,1,2,"3_2_1_1_1_1_1_2"
"10294","EPI_ISL_19091707",3,2,1,1,1,1,1,2,"3_2_1_1_1_1_1_2"
"10295","EPI_ISL_19091706",3,2,1,1,1,1,1,2,"3_2_1_1_1_1_1_2"
"10296","EPI_ISL_19091705",3,2,1,1,1,1,1,2,"3_2_1_1_1_1_1_2"
"10297","EPI_ISL_19091704",3,2,1,1,1,1,1,2,"3_2_1_1_1_1_1_2"
"10298","EPI_ISL_19091703",3,2,1,1,1,1,1,2,"3_2_1_1_1_1_1_2"
"10299","EPI_ISL_19091702",3,2,1,1,1,1,1,2,"3_2_1_1_1_1_1_2"
"10300","EPI_ISL_19091701",3,2,1,1,1,1,1,2,"3_2_1_1_1_1_1_2"
"10301","EPI_ISL_19091189",3,2,1,1,1,1,1,2,"3_2_1_1_1_1_1_2"
"10302","EPI_ISL_19091188",3,2,1,1,1,1,1,2,"3_2_1_1_1_1_1_2"
"10303","EPI_ISL_19091187",3,2,1,1,1,1,1,2,"3_2_1_1_1_1_1_2"
"10304","EPI_ISL_19091159",3,2,1,1,1,1,1,2,"3_2_1_1_1_1_1_2"
"10305","EPI_ISL_18860084",8,6,2,1,2,3,1,1,"8_6_2_1_2_3_1_1"
"10306","EPI_ISL_18911084",1,1,2,1,2,1,1,1,"1_1_2_1_2_1_1_1"
"10307","EPI_ISL_19074699",2,1,1,1,2,1,1,1,"2_1_1_1_2_1_1_1"
"10308","EPI_ISL_18975372",5,3,1,1,1,1,1,2,"5_3_1_1_1_1_1_2"
"10309","EPI_ISL_18911091",1,1,2,1,2,1,1,1,"1_1_2_1_2_1_1_1"
"10310","EPI_ISL_18812084",8,8,2,1,2,1,1,1,"8_8_2_1_2_1_1_1"
"10311","EPI_ISL_18909437",2,1,1,1,2,1,1,1,"2_1_1_1_2_1_1_1"
"10312","EPI_ISL_19237892",6,4,3,1,3,2,1,3,"6_4_3_1_3_2_1_3"
"10313","EPI_ISL_19237530",6,4,3,1,3,2,1,3,"6_4_3_1_3_2_1_3"
"10314","EPI_ISL_19237520",6,4,3,1,3,2,1,3,"6_4_3_1_3_2_1_3"
"10315","EPI_ISL_19468761",1,6,2,1,2,1,1,1,"1_6_2_1_2_1_1_1"
"10316","EPI_ISL_19468760",1,6,2,1,2,1,1,1,"1_6_2_1_2_1_1_1"
"10317","EPI_ISL_19468759",1,6,2,1,2,1,1,1,"1_6_2_1_2_1_1_1"
"10318","EPI_ISL_19237891",6,4,3,1,3,2,1,3,"6_4_3_1_3_2_1_3"
"10319","EPI_ISL_19237499",6,4,3,1,3,2,1,3,"6_4_3_1_3_2_1_3"
"10320","EPI_ISL_19516251",1,6,2,1,2,1,1,1,"1_6_2_1_2_1_1_1"
"10321","EPI_ISL_19516209",1,6,2,1,2,1,1,1,"1_6_2_1_2_1_1_1"
"10322","EPI_ISL_19516207",1,6,2,1,2,1,1,1,"1_6_2_1_2_1_1_1"
"10323","EPI_ISL_19074698",2,1,1,1,2,1,1,1,"2_1_1_1_2_1_1_1"
"10324","EPI_ISL_19057794",11,10,2,1,5,1,1,6,"11_10_2_1_5_1_1_6"
"10325","EPI_ISL_19451627",2,1,1,1,2,1,1,1,"2_1_1_1_2_1_1_1"
"10326","EPI_ISL_19074717",2,1,1,1,2,1,1,1,"2_1_1_1_2_1_1_1"
"10327","EPI_ISL_19255998",6,7,2,1,3,2,1,3,"6_7_2_1_3_2_1_3"
"10328","EPI_ISL_19255997",6,7,2,1,3,2,1,3,"6_7_2_1_3_2_1_3"
"10329","EPI_ISL_19255996",6,7,2,1,3,2,1,3,"6_7_2_1_3_2_1_3"
"10330","EPI_ISL_19255995",6,7,2,1,3,2,1,3,"6_7_2_1_3_2_1_3"
"10331","EPI_ISL_19255994",6,7,2,1,3,2,1,3,"6_7_2_1_3_2_1_3"
"10332","EPI_ISL_19255993",6,7,2,1,3,2,1,3,"6_7_2_1_3_2_1_3"
"10333","EPI_ISL_19255992",6,7,2,1,3,2,1,3,"6_7_2_1_3_2_1_3"
"10334","EPI_ISL_19255991",6,7,2,1,3,2,1,3,"6_7_2_1_3_2_1_3"
"10335","EPI_ISL_19255990",6,7,2,1,3,2,1,3,"6_7_2_1_3_2_1_3"
"10336","EPI_ISL_19255989",6,7,2,1,3,2,1,3,"6_7_2_1_3_2_1_3"
"10337","EPI_ISL_19255988",6,7,2,1,3,2,1,3,"6_7_2_1_3_2_1_3"
"10338","EPI_ISL_19255987",6,7,2,1,3,2,1,3,"6_7_2_1_3_2_1_3"
"10339","EPI_ISL_19237887",2,1,1,1,2,1,1,1,"2_1_1_1_2_1_1_1"
"10340","EPI_ISL_19237886",2,1,1,1,2,1,1,1,"2_1_1_1_2_1_1_1"
"10341","EPI_ISL_19437972",7,2,1,1,1,1,1,2,"7_2_1_1_1_1_1_2"
"10342","EPI_ISL_19158345",5,3,1,1,1,1,1,2,"5_3_1_1_1_1_1_2"
"10343","EPI_ISL_19158332",3,1,1,1,1,1,1,1,"3_1_1_1_1_1_1_1"
"10344","EPI_ISL_19158331",5,3,1,1,1,1,1,2,"5_3_1_1_1_1_1_2"
"10345","EPI_ISL_19158330",3,1,1,1,1,1,1,1,"3_1_1_1_1_1_1_1"
"10346","EPI_ISL_19158329",3,1,1,1,1,1,1,1,"3_1_1_1_1_1_1_1"
"10347","EPI_ISL_19158328",5,3,1,1,1,1,1,2,"5_3_1_1_1_1_1_2"
"10348","EPI_ISL_19158181",5,3,1,1,1,1,1,2,"5_3_1_1_1_1_1_2"
"10349","EPI_ISL_19158172",5,3,1,1,1,1,1,2,"5_3_1_1_1_1_1_2"
"10350","EPI_ISL_19158171",5,3,1,1,1,1,1,2,"5_3_1_1_1_1_1_2"
"10351","EPI_ISL_19158170",5,3,1,1,1,1,1,2,"5_3_1_1_1_1_1_2"
"10352","EPI_ISL_18928983",1,1,2,1,2,1,1,1,"1_1_2_1_2_1_1_1"
"10353","EPI_ISL_18749406",7,2,1,1,1,1,1,2,"7_2_1_1_1_1_1_2"
"10354","EPI_ISL_18929002",1,6,2,1,2,1,1,1,"1_6_2_1_2_1_1_1"
"10355","EPI_ISL_18929001",1,6,2,1,2,1,1,1,"1_6_2_1_2_1_1_1"
"10356","EPI_ISL_19207491",1,1,4,1,4,1,1,4,"1_1_4_1_4_1_1_4"
"10357","EPI_ISL_19207490",1,21,14,1,4,1,1,4,"1_21_14_1_4_1_1_4"
"10358","EPI_ISL_19158298",5,3,1,1,1,1,1,2,"5_3_1_1_1_1_1_2"
"10359","EPI_ISL_19158297",2,1,1,1,2,1,1,1,"2_1_1_1_2_1_1_1"
"10360","EPI_ISL_19158295",2,1,1,1,2,1,1,1,"2_1_1_1_2_1_1_1"
"10361","EPI_ISL_19158278",5,3,1,1,1,1,1,2,"5_3_1_1_1_1_1_2"
"10362","EPI_ISL_19158256",3,1,1,1,1,1,1,1,"3_1_1_1_1_1_1_1"
"10363","EPI_ISL_19158231",5,3,1,1,1,1,1,2,"5_3_1_1_1_1_1_2"
"10364","EPI_ISL_19158230",5,3,1,1,1,1,1,2,"5_3_1_1_1_1_1_2"
"10365","EPI_ISL_19158228",5,1,1,1,1,1,1,1,"5_1_1_1_1_1_1_1"
"10366","EPI_ISL_19158227",5,3,1,1,1,1,1,2,"5_3_1_1_1_1_1_2"
"10367","EPI_ISL_19158226",5,3,1,1,1,1,1,2,"5_3_1_1_1_1_1_2"
"10368","EPI_ISL_19158225",2,1,1,1,2,1,1,1,"2_1_1_1_2_1_1_1"
"10369","EPI_ISL_19158207",5,3,1,1,1,1,1,2,"5_3_1_1_1_1_1_2"
"10370","EPI_ISL_19158186",5,3,1,1,1,1,1,2,"5_3_1_1_1_1_1_2"
"10371","EPI_ISL_19158185",5,3,1,1,1,1,1,2,"5_3_1_1_1_1_1_2"
"10372","EPI_ISL_19207492",1,6,2,1,2,1,1,1,"1_6_2_1_2_1_1_1"
"10373","EPI_ISL_19174942",2,1,1,1,2,1,1,1,"2_1_1_1_2_1_1_1"
"10374","EPI_ISL_19044794",1,6,2,1,2,1,1,1,"1_6_2_1_2_1_1_1"
"10375","EPI_ISL_18913199",1,6,2,1,2,1,1,1,"1_6_2_1_2_1_1_1"
"10376","EPI_ISL_18913198",1,6,2,1,2,1,1,1,"1_6_2_1_2_1_1_1"
"10377","EPI_ISL_18913197",1,6,2,1,2,1,1,1,"1_6_2_1_2_1_1_1"
"10378","EPI_ISL_18913196",1,6,2,1,2,1,1,1,"1_6_2_1_2_1_1_1"
"10379","EPI_ISL_18913195",8,8,2,1,2,1,1,1,"8_8_2_1_2_1_1_1"
"10380","EPI_ISL_18913194",1,6,2,1,2,1,1,1,"1_6_2_1_2_1_1_1"
"10381","EPI_ISL_18913193",8,8,2,1,2,1,1,1,"8_8_2_1_2_1_1_1"
"10382","EPI_ISL_18913191",1,6,2,1,2,1,1,1,"1_6_2_1_2_1_1_1"
"10383","EPI_ISL_19256004",6,4,3,1,3,2,1,3,"6_4_3_1_3_2_1_3"
"10384","EPI_ISL_19256006",6,4,3,1,3,2,1,3,"6_4_3_1_3_2_1_3"
"10385","EPI_ISL_18929003",1,6,2,1,2,1,1,1,"1_6_2_1_2_1_1_1"
"10386","EPI_ISL_18928993",1,6,2,1,2,1,1,1,"1_6_2_1_2_1_1_1"
"10387","EPI_ISL_18913030",1,6,2,1,2,1,1,1,"1_6_2_1_2_1_1_1"
"10388","EPI_ISL_18815277",1,1,2,1,2,1,1,1,"1_1_2_1_2_1_1_1"
"10389","EPI_ISL_19289726",3,2,1,1,1,1,1,2,"3_2_1_1_1_1_1_2"
"10390","EPI_ISL_19289724",3,2,1,1,1,1,1,2,"3_2_1_1_1_1_1_2"
"10391","EPI_ISL_19289719",3,2,1,1,1,1,1,2,"3_2_1_1_1_1_1_2"
"10392","EPI_ISL_19289712",3,2,1,1,1,1,1,2,"3_2_1_1_1_1_1_2"
"10393","EPI_ISL_19289686",3,2,1,1,1,1,1,2,"3_2_1_1_1_1_1_2"
"10394","EPI_ISL_19272825",3,2,1,1,1,1,1,2,"3_2_1_1_1_1_1_2"
"10395","EPI_ISL_19241180",3,2,1,1,1,1,1,2,"3_2_1_1_1_1_1_2"
"10396","EPI_ISL_19241179",3,2,1,1,1,1,1,2,"3_2_1_1_1_1_1_2"
"10397","EPI_ISL_19241161",3,2,1,1,1,1,1,2,"3_2_1_1_1_1_1_2"
"10398","EPI_ISL_19241159",3,2,1,1,1,1,1,2,"3_2_1_1_1_1_1_2"
"10399","EPI_ISL_19241158",3,2,1,1,1,1,1,2,"3_2_1_1_1_1_1_2"
"10400","EPI_ISL_19241154",3,2,1,1,1,1,1,2,"3_2_1_1_1_1_1_2"
"10401","EPI_ISL_19241153",3,2,1,1,1,1,1,2,"3_2_1_1_1_1_1_2"
"10402","EPI_ISL_19158195",5,3,1,1,1,1,1,2,"5_3_1_1_1_1_1_2"
"10403","EPI_ISL_19158194",5,3,1,1,1,1,1,2,"5_3_1_1_1_1_1_2"
"10404","EPI_ISL_19158193",5,3,1,1,1,1,1,2,"5_3_1_1_1_1_1_2"
"10405","EPI_ISL_18815224",8,1,2,1,2,1,1,1,"8_1_2_1_2_1_1_1"
"10406","EPI_ISL_18749467",7,2,1,1,22,1,1,2,"7_2_1_1_22_1_1_2"
"10407","EPI_ISL_18749466",7,2,1,1,1,1,1,2,"7_2_1_1_1_1_1_2"
"10408","EPI_ISL_19158260",2,1,1,1,2,1,1,1,"2_1_1_1_2_1_1_1"
"10409","EPI_ISL_19158259",5,3,1,1,1,1,1,2,"5_3_1_1_1_1_1_2"
"10410","EPI_ISL_19338963",3,2,1,1,1,1,1,2,"3_2_1_1_1_1_1_2"
"10411","EPI_ISL_19338775",3,2,1,1,1,1,1,2,"3_2_1_1_1_1_1_2"
"10412","EPI_ISL_19307266",3,2,1,1,1,1,1,2,"3_2_1_1_1_1_1_2"
"10413","EPI_ISL_19307265",3,2,1,1,1,1,1,2,"3_2_1_1_1_1_1_2"
"10414","EPI_ISL_19241151",3,2,1,1,1,1,1,2,"3_2_1_1_1_1_1_2"
"10415","EPI_ISL_19307284",3,2,1,1,1,1,1,2,"3_2_1_1_1_1_1_2"
"10416","EPI_ISL_19158180",3,1,1,1,1,1,1,1,"3_1_1_1_1_1_1_1"
"10417","EPI_ISL_19027114",3,2,1,1,1,1,1,2,"3_2_1_1_1_1_1_2"
"10418","EPI_ISL_19437973",7,2,1,1,1,1,1,2,"7_2_1_1_1_1_1_2"
"10419","EPI_ISL_19437883",7,2,1,1,1,1,1,2,"7_2_1_1_1_1_1_2"
"10420","EPI_ISL_19437879",7,2,1,1,1,1,1,2,"7_2_1_1_1_1_1_2"
"10421","EPI_ISL_19437869",7,2,1,1,1,1,1,2,"7_2_1_1_1_1_1_2"
"10422","EPI_ISL_19437859",7,2,1,1,1,1,1,2,"7_2_1_1_1_1_1_2"
"10423","EPI_ISL_19437849",7,2,1,1,1,1,1,2,"7_2_1_1_1_1_1_2"
"10424","EPI_ISL_19437838",7,2,1,1,1,1,1,2,"7_2_1_1_1_1_1_2"
"10425","EPI_ISL_19437802",7,2,1,1,1,1,1,2,"7_2_1_1_1_1_1_2"
"10426","EPI_ISL_19387862",4,13,9,1,2,1,1,1,"4_13_9_1_2_1_1_1"
"10427","EPI_ISL_19387861",4,13,9,1,2,1,1,1,"4_13_9_1_2_1_1_1"
"10428","EPI_ISL_19387860",7,2,1,1,1,1,1,2,"7_2_1_1_1_1_1_2"
"10429","EPI_ISL_19387859",7,2,1,1,1,1,1,2,"7_2_1_1_1_1_1_2"
"10430","EPI_ISL_19387858",4,5,1,1,1,1,1,1,"4_5_1_1_1_1_1_1"
"10431","EPI_ISL_19387857",4,13,9,1,2,1,1,1,"4_13_9_1_2_1_1_1"
"10432","EPI_ISL_19387856",7,2,1,1,1,1,1,2,"7_2_1_1_1_1_1_2"
"10433","EPI_ISL_19387855",7,2,1,1,1,1,1,2,"7_2_1_1_1_1_1_2"
"10434","EPI_ISL_19387854",7,2,1,1,1,1,1,2,"7_2_1_1_1_1_1_2"
"10435","EPI_ISL_19387853",7,2,1,1,1,1,1,2,"7_2_1_1_1_1_1_2"
"10436","EPI_ISL_19387852",7,2,1,1,1,1,1,2,"7_2_1_1_1_1_1_2"
"10437","EPI_ISL_19387851",4,13,9,1,2,1,1,1,"4_13_9_1_2_1_1_1"
"10438","EPI_ISL_19387850",4,13,9,1,2,1,1,1,"4_13_9_1_2_1_1_1"
"10439","EPI_ISL_19387849",7,2,1,1,1,1,1,2,"7_2_1_1_1_1_1_2"
"10440","EPI_ISL_19387848",7,2,1,1,1,1,1,2,"7_2_1_1_1_1_1_2"
"10441","EPI_ISL_19387847",7,2,1,1,11,1,1,2,"7_2_1_1_11_1_1_2"
"10442","EPI_ISL_19387846",7,2,1,1,11,1,1,2,"7_2_1_1_11_1_1_2"
"10443","EPI_ISL_19387845",4,13,9,1,2,1,1,1,"4_13_9_1_2_1_1_1"
"10444","EPI_ISL_19387844",7,2,1,1,1,1,1,2,"7_2_1_1_1_1_1_2"
"10445","EPI_ISL_19387843",7,2,1,1,1,1,1,2,"7_2_1_1_1_1_1_2"
"10446","EPI_ISL_19387842",7,2,1,1,11,1,1,2,"7_2_1_1_11_1_1_2"
"10447","EPI_ISL_19387841",4,13,9,1,2,1,1,1,"4_13_9_1_2_1_1_1"
"10448","EPI_ISL_19387839",4,13,9,1,2,1,1,1,"4_13_9_1_2_1_1_1"
"10449","EPI_ISL_19387838",4,13,9,1,2,1,1,1,"4_13_9_1_2_1_1_1"
"10450","EPI_ISL_19387837",4,13,9,1,2,1,1,1,"4_13_9_1_2_1_1_1"
"10451","EPI_ISL_19387836",4,13,9,1,2,1,1,1,"4_13_9_1_2_1_1_1"
"10452","EPI_ISL_19387835",4,13,9,1,2,1,1,1,"4_13_9_1_2_1_1_1"
"10453","EPI_ISL_19387834",4,13,9,1,2,1,1,1,"4_13_9_1_2_1_1_1"
"10454","EPI_ISL_19387833",4,13,9,1,2,1,1,1,"4_13_9_1_2_1_1_1"
"10455","EPI_ISL_19387832",4,13,9,1,2,1,1,1,"4_13_9_1_2_1_1_1"
"10456","EPI_ISL_19387831",4,13,9,1,2,1,1,1,"4_13_9_1_2_1_1_1"
"10457","EPI_ISL_19387830",4,13,9,1,2,1,1,1,"4_13_9_1_2_1_1_1"
"10458","EPI_ISL_19387829",4,13,9,1,2,1,1,1,"4_13_9_1_2_1_1_1"
"10459","EPI_ISL_19387828",4,13,9,1,2,1,1,1,"4_13_9_1_2_1_1_1"
"10460","EPI_ISL_19387827",4,13,9,1,2,1,1,1,"4_13_9_1_2_1_1_1"
"10461","EPI_ISL_19387826",4,13,9,1,2,1,1,1,"4_13_9_1_2_1_1_1"
"10462","EPI_ISL_19387825",4,13,9,1,2,1,1,1,"4_13_9_1_2_1_1_1"
"10463","EPI_ISL_19387824",4,13,9,1,2,1,1,1,"4_13_9_1_2_1_1_1"
"10464","EPI_ISL_19387823",3,2,1,1,6,1,1,2,"3_2_1_1_6_1_1_2"
"10465","EPI_ISL_19387822",3,2,1,1,6,1,1,2,"3_2_1_1_6_1_1_2"
"10466","EPI_ISL_19387821",7,2,1,1,1,1,1,2,"7_2_1_1_1_1_1_2"
"10467","EPI_ISL_19372832",7,2,1,1,11,1,1,2,"7_2_1_1_11_1_1_2"
"10468","EPI_ISL_19372823",4,26,1,1,23,1,1,1,"4_26_1_1_23_1_1_1"
"10469","EPI_ISL_19372822",4,26,1,1,23,1,1,1,"4_26_1_1_23_1_1_1"
"10470","EPI_ISL_19372821",4,13,9,1,2,1,1,1,"4_13_9_1_2_1_1_1"
"10471","EPI_ISL_19372815",4,13,9,1,2,1,1,1,"4_13_9_1_2_1_1_1"
"10472","EPI_ISL_19372814",7,9,1,1,1,1,1,2,"7_9_1_1_1_1_1_2"
"10473","EPI_ISL_19372813",7,9,1,1,1,1,1,2,"7_9_1_1_1_1_1_2"
"10474","EPI_ISL_19372812",7,2,1,1,1,1,1,2,"7_2_1_1_1_1_1_2"
"10475","EPI_ISL_19372811",7,2,1,1,1,1,1,2,"7_2_1_1_1_1_1_2"
"10476","EPI_ISL_19372810",7,2,1,1,1,1,1,2,"7_2_1_1_1_1_1_2"
"10477","EPI_ISL_19372809",7,2,1,1,1,1,1,2,"7_2_1_1_1_1_1_2"
"10478","EPI_ISL_19372808",4,13,9,1,2,1,1,1,"4_13_9_1_2_1_1_1"
"10479","EPI_ISL_19372807",4,13,9,1,2,1,1,1,"4_13_9_1_2_1_1_1"
"10480","EPI_ISL_19372806",7,2,1,1,1,1,1,2,"7_2_1_1_1_1_1_2"
"10481","EPI_ISL_19372805",7,2,1,1,1,1,1,2,"7_2_1_1_1_1_1_2"
"10482","EPI_ISL_19372804",7,2,1,1,1,1,1,2,"7_2_1_1_1_1_1_2"
"10483","EPI_ISL_19372803",7,2,1,1,1,1,1,2,"7_2_1_1_1_1_1_2"
"10484","EPI_ISL_19372802",7,2,1,1,1,1,1,2,"7_2_1_1_1_1_1_2"
"10485","EPI_ISL_19372801",4,13,9,1,2,1,1,1,"4_13_9_1_2_1_1_1"
"10486","EPI_ISL_19372800",4,13,9,1,2,1,1,1,"4_13_9_1_2_1_1_1"
"10487","EPI_ISL_19371798",3,2,1,1,6,1,1,2,"3_2_1_1_6_1_1_2"
"10488","EPI_ISL_19371797",3,2,1,1,6,1,1,2,"3_2_1_1_6_1_1_2"
"10489","EPI_ISL_19371795",7,2,1,1,1,1,1,2,"7_2_1_1_1_1_1_2"
"10490","EPI_ISL_19371794",7,2,1,1,1,1,1,2,"7_2_1_1_1_1_1_2"
"10491","EPI_ISL_19371793",4,13,9,1,2,1,1,1,"4_13_9_1_2_1_1_1"
"10492","EPI_ISL_19371792",3,2,1,1,6,1,1,2,"3_2_1_1_6_1_1_2"
"10493","EPI_ISL_19371791",3,2,1,1,6,1,1,2,"3_2_1_1_6_1_1_2"
"10494","EPI_ISL_19371790",7,2,1,1,1,1,1,2,"7_2_1_1_1_1_1_2"
"10495","EPI_ISL_19371789",7,2,1,1,1,1,1,2,"7_2_1_1_1_1_1_2"
"10496","EPI_ISL_19371788",7,2,1,1,1,1,1,2,"7_2_1_1_1_1_1_2"
"10497","EPI_ISL_19371787",7,2,1,1,1,1,1,2,"7_2_1_1_1_1_1_2"
"10498","EPI_ISL_19371786",7,2,1,1,1,1,1,2,"7_2_1_1_1_1_1_2"
"10499","EPI_ISL_19371785",7,2,1,1,1,1,1,2,"7_2_1_1_1_1_1_2"
"10500","EPI_ISL_19371784",2,1,1,1,2,1,1,1,"2_1_1_1_2_1_1_1"
"10501","EPI_ISL_19371783",2,35,1,1,1,1,1,2,"2_35_1_1_1_1_1_2"
"10502","EPI_ISL_19371782",3,2,1,1,6,1,1,2,"3_2_1_1_6_1_1_2"
"10503","EPI_ISL_19371781",7,2,1,1,1,1,1,2,"7_2_1_1_1_1_1_2"
"10504","EPI_ISL_19371780",7,2,1,1,1,1,1,2,"7_2_1_1_1_1_1_2"
"10505","EPI_ISL_19371779",7,2,1,1,1,1,1,2,"7_2_1_1_1_1_1_2"
"10506","EPI_ISL_19371778",7,2,1,1,1,1,1,2,"7_2_1_1_1_1_1_2"
"10507","EPI_ISL_19371775",7,2,1,1,1,1,1,2,"7_2_1_1_1_1_1_2"
"10508","EPI_ISL_19371762",7,2,1,1,1,1,1,2,"7_2_1_1_1_1_1_2"
"10509","EPI_ISL_19371761",7,2,1,1,11,1,1,2,"7_2_1_1_11_1_1_2"
"10510","EPI_ISL_19371759",7,2,1,1,11,1,1,2,"7_2_1_1_11_1_1_2"
"10511","EPI_ISL_19371755",7,2,1,1,1,1,1,2,"7_2_1_1_1_1_1_2"
"10512","EPI_ISL_19371754",7,2,1,1,1,1,1,2,"7_2_1_1_1_1_1_2"
"10513","EPI_ISL_19371753",7,2,1,1,1,1,1,2,"7_2_1_1_1_1_1_2"
"10514","EPI_ISL_19371752",7,2,1,1,1,1,1,2,"7_2_1_1_1_1_1_2"
"10515","EPI_ISL_19371751",3,2,1,1,6,1,1,2,"3_2_1_1_6_1_1_2"
"10516","EPI_ISL_19371750",3,2,1,1,6,1,1,2,"3_2_1_1_6_1_1_2"
"10517","EPI_ISL_19371749",5,3,1,1,1,1,1,2,"5_3_1_1_1_1_1_2"
"10518","EPI_ISL_19371748",3,2,1,1,6,1,1,2,"3_2_1_1_6_1_1_2"
"10519","EPI_ISL_19290329",3,2,1,1,1,1,1,2,"3_2_1_1_1_1_1_2"
"10520","EPI_ISL_19273334",3,2,1,1,1,1,1,2,"3_2_1_1_1_1_1_2"
"10521","EPI_ISL_19273333",3,2,1,1,1,1,1,2,"3_2_1_1_1_1_1_2"
"10522","EPI_ISL_19273332",3,2,1,1,1,1,1,2,"3_2_1_1_1_1_1_2"
"10523","EPI_ISL_19273331",7,2,1,1,1,1,1,2,"7_2_1_1_1_1_1_2"
"10524","EPI_ISL_19273330",7,2,1,1,8,1,1,2,"7_2_1_1_8_1_1_2"
"10525","EPI_ISL_19273329",7,2,1,1,8,1,1,2,"7_2_1_1_8_1_1_2"
"10526","EPI_ISL_19273328",7,2,1,1,1,1,1,2,"7_2_1_1_1_1_1_2"
"10527","EPI_ISL_19273327",7,2,1,1,1,1,1,2,"7_2_1_1_1_1_1_2"
"10528","EPI_ISL_19273326",7,2,1,1,1,1,1,2,"7_2_1_1_1_1_1_2"
"10529","EPI_ISL_19273325",7,2,1,1,1,1,1,2,"7_2_1_1_1_1_1_2"
"10530","EPI_ISL_19273324",7,2,1,1,1,1,1,2,"7_2_1_1_1_1_1_2"
"10531","EPI_ISL_19273323",3,2,1,1,6,1,1,2,"3_2_1_1_6_1_1_2"
"10532","EPI_ISL_19273322",2,1,1,1,2,1,1,1,"2_1_1_1_2_1_1_1"
"10533","EPI_ISL_19273321",7,2,1,1,1,1,1,2,"7_2_1_1_1_1_1_2"
"10534","EPI_ISL_19273320",7,2,1,1,1,1,1,2,"7_2_1_1_1_1_1_2"
"10535","EPI_ISL_19273319",7,2,1,1,1,1,1,2,"7_2_1_1_1_1_1_2"
"10536","EPI_ISL_19273318",3,2,1,1,6,1,1,2,"3_2_1_1_6_1_1_2"
"10537","EPI_ISL_19273317",7,2,1,1,1,1,1,2,"7_2_1_1_1_1_1_2"
"10538","EPI_ISL_19273316",3,2,1,1,6,1,1,2,"3_2_1_1_6_1_1_2"
"10539","EPI_ISL_19273315",7,2,1,1,1,1,1,2,"7_2_1_1_1_1_1_2"
"10540","EPI_ISL_19273314",7,2,1,1,1,1,1,2,"7_2_1_1_1_1_1_2"
"10541","EPI_ISL_19273313",3,2,1,1,6,1,1,2,"3_2_1_1_6_1_1_2"
"10542","EPI_ISL_19273312",7,2,1,1,1,1,1,2,"7_2_1_1_1_1_1_2"
"10543","EPI_ISL_19273311",7,2,1,1,1,1,1,2,"7_2_1_1_1_1_1_2"
"10544","EPI_ISL_19224088",7,2,1,1,1,1,1,2,"7_2_1_1_1_1_1_2"
"10545","EPI_ISL_19224087",7,2,1,1,1,1,1,2,"7_2_1_1_1_1_1_2"
"10546","EPI_ISL_19224086",7,2,1,1,1,1,1,2,"7_2_1_1_1_1_1_2"
"10547","EPI_ISL_19224085",7,2,1,1,1,1,1,2,"7_2_1_1_1_1_1_2"
"10548","EPI_ISL_19224084",7,2,1,1,1,1,1,2,"7_2_1_1_1_1_1_2"
"10549","EPI_ISL_19224083",4,13,9,1,2,1,1,1,"4_13_9_1_2_1_1_1"
"10550","EPI_ISL_19224082",4,13,9,1,2,1,1,1,"4_13_9_1_2_1_1_1"
"10551","EPI_ISL_19224081",7,2,1,1,1,1,1,2,"7_2_1_1_1_1_1_2"
"10552","EPI_ISL_19224080",7,2,1,1,1,1,1,2,"7_2_1_1_1_1_1_2"
"10553","EPI_ISL_19224079",7,2,1,1,1,1,1,2,"7_2_1_1_1_1_1_2"
"10554","EPI_ISL_19224078",7,2,1,1,1,1,1,2,"7_2_1_1_1_1_1_2"
"10555","EPI_ISL_19224077",7,2,1,1,1,1,1,2,"7_2_1_1_1_1_1_2"
"10556","EPI_ISL_19224076",3,2,1,1,6,1,1,2,"3_2_1_1_6_1_1_2"
"10557","EPI_ISL_19224075",4,5,1,1,1,1,1,1,"4_5_1_1_1_1_1_1"
"10558","EPI_ISL_19224074",4,5,1,1,1,1,1,1,"4_5_1_1_1_1_1_1"
"10559","EPI_ISL_19224073",4,5,1,1,1,1,1,1,"4_5_1_1_1_1_1_1"
"10560","EPI_ISL_19224072",4,5,1,1,1,1,1,1,"4_5_1_1_1_1_1_1"
"10561","EPI_ISL_19224071",4,5,1,1,1,1,1,1,"4_5_1_1_1_1_1_1"
"10562","EPI_ISL_19224070",7,2,1,1,1,1,1,2,"7_2_1_1_1_1_1_2"
"10563","EPI_ISL_19224069",7,2,1,1,1,1,1,2,"7_2_1_1_1_1_1_2"
"10564","EPI_ISL_19224068",7,2,1,1,1,1,1,2,"7_2_1_1_1_1_1_2"
"10565","EPI_ISL_19175605",7,2,1,1,1,1,1,2,"7_2_1_1_1_1_1_2"
"10566","EPI_ISL_19175604",7,2,1,1,1,1,1,2,"7_2_1_1_1_1_1_2"
"10567","EPI_ISL_19175603",7,2,1,1,1,1,1,2,"7_2_1_1_1_1_1_2"
"10568","EPI_ISL_19175602",7,2,1,1,1,1,1,2,"7_2_1_1_1_1_1_2"
"10569","EPI_ISL_19175601",7,2,1,1,1,1,1,2,"7_2_1_1_1_1_1_2"
"10570","EPI_ISL_19175600",7,2,1,1,1,1,1,2,"7_2_1_1_1_1_1_2"
"10571","EPI_ISL_19175599",3,2,1,1,6,1,1,2,"3_2_1_1_6_1_1_2"
"10572","EPI_ISL_19175598",3,2,1,1,6,1,1,2,"3_2_1_1_6_1_1_2"
"10573","EPI_ISL_19175597",7,2,1,1,1,1,1,2,"7_2_1_1_1_1_1_2"
"10574","EPI_ISL_19175596",7,2,1,1,1,1,1,2,"7_2_1_1_1_1_1_2"
"10575","EPI_ISL_19175595",7,2,1,1,1,1,1,2,"7_2_1_1_1_1_1_2"
"10576","EPI_ISL_19175594",7,2,1,1,1,1,1,2,"7_2_1_1_1_1_1_2"
"10577","EPI_ISL_19175593",7,2,1,1,1,1,1,2,"7_2_1_1_1_1_1_2"
"10578","EPI_ISL_19175592",3,2,1,1,6,1,1,2,"3_2_1_1_6_1_1_2"
"10579","EPI_ISL_19175591",7,2,1,1,1,1,1,2,"7_2_1_1_1_1_1_2"
"10580","EPI_ISL_19175590",7,2,1,1,1,1,1,2,"7_2_1_1_1_1_1_2"
"10581","EPI_ISL_19175589",7,2,1,1,1,1,1,2,"7_2_1_1_1_1_1_2"
"10582","EPI_ISL_19175588",7,2,1,1,1,1,1,2,"7_2_1_1_1_1_1_2"
"10583","EPI_ISL_19175587",7,2,1,1,1,1,1,2,"7_2_1_1_1_1_1_2"
"10584","EPI_ISL_19175586",7,2,1,1,1,1,1,2,"7_2_1_1_1_1_1_2"
"10585","EPI_ISL_19175585",7,2,1,1,1,1,1,2,"7_2_1_1_1_1_1_2"
"10586","EPI_ISL_19175584",7,2,1,1,1,1,1,2,"7_2_1_1_1_1_1_2"
"10587","EPI_ISL_19175583",7,2,1,1,1,1,1,2,"7_2_1_1_1_1_1_2"
"10588","EPI_ISL_19175582",7,2,1,1,1,1,1,2,"7_2_1_1_1_1_1_2"
"10589","EPI_ISL_19174744",8,6,2,1,2,3,1,1,"8_6_2_1_2_3_1_1"
"10590","EPI_ISL_19174743",2,1,1,1,2,1,1,1,"2_1_1_1_2_1_1_1"
"10591","EPI_ISL_19174742",2,1,1,1,2,1,1,1,"2_1_1_1_2_1_1_1"
"10592","EPI_ISL_19174718",2,1,1,1,2,1,1,1,"2_1_1_1_2_1_1_1"
"10593","EPI_ISL_19174716",2,1,1,1,2,1,1,1,"2_1_1_1_2_1_1_1"
"10594","EPI_ISL_19158346",5,3,1,1,1,1,1,2,"5_3_1_1_1_1_1_2"
"10595","EPI_ISL_19158340",5,3,1,1,1,1,1,2,"5_3_1_1_1_1_1_2"
"10596","EPI_ISL_19158262",5,3,1,1,1,1,1,2,"5_3_1_1_1_1_1_2"
"10597","EPI_ISL_19158258",5,1,1,1,1,1,1,1,"5_1_1_1_1_1_1_1"
"10598","EPI_ISL_19158257",5,3,1,1,1,1,1,2,"5_3_1_1_1_1_1_2"
"10599","EPI_ISL_19158204",5,3,1,1,1,1,1,2,"5_3_1_1_1_1_1_2"
"10600","EPI_ISL_19158203",5,3,1,1,1,1,1,2,"5_3_1_1_1_1_1_2"
"10601","EPI_ISL_19158202",2,1,1,1,2,1,1,1,"2_1_1_1_2_1_1_1"
"10602","EPI_ISL_19158201",5,3,1,1,1,1,1,2,"5_3_1_1_1_1_1_2"
"10603","EPI_ISL_19158199",2,1,1,1,2,1,1,1,"2_1_1_1_2_1_1_1"
"10604","EPI_ISL_19158198",2,1,1,1,2,1,1,1,"2_1_1_1_2_1_1_1"
"10605","EPI_ISL_19158197",2,1,1,1,2,1,1,1,"2_1_1_1_2_1_1_1"
"10606","EPI_ISL_19158196",5,3,1,1,1,1,1,2,"5_3_1_1_1_1_1_2"
"10607","EPI_ISL_19158184",5,3,1,1,1,1,1,2,"5_3_1_1_1_1_1_2"
"10608","EPI_ISL_19158183",5,3,1,1,1,1,1,2,"5_3_1_1_1_1_1_2"
"10609","EPI_ISL_19158179",5,1,1,1,1,1,1,1,"5_1_1_1_1_1_1_1"
"10610","EPI_ISL_19158178",5,3,1,1,1,1,1,2,"5_3_1_1_1_1_1_2"
"10611","EPI_ISL_19158176",5,3,1,1,1,1,1,2,"5_3_1_1_1_1_1_2"
"10612","EPI_ISL_19158175",3,1,1,1,1,1,1,1,"3_1_1_1_1_1_1_1"
"10613","EPI_ISL_18863890",5,3,1,1,1,1,1,2,"5_3_1_1_1_1_1_2"
"10614","EPI_ISL_18863889",5,3,1,1,1,1,1,2,"5_3_1_1_1_1_1_2"
"10615","EPI_ISL_18830861",2,1,1,1,2,1,1,1,"2_1_1_1_2_1_1_1"
"10616","EPI_ISL_18830860",8,6,2,1,2,3,1,1,"8_6_2_1_2_3_1_1"
"10617","EPI_ISL_18830859",8,6,2,1,2,3,1,1,"8_6_2_1_2_3_1_1"
"10618","EPI_ISL_18749476",3,2,1,1,6,1,1,2,"3_2_1_1_6_1_1_2"
"10619","EPI_ISL_18749475",7,2,1,1,1,1,1,2,"7_2_1_1_1_1_1_2"
"10620","EPI_ISL_18749474",7,2,1,1,1,1,1,2,"7_2_1_1_1_1_1_2"
"10621","EPI_ISL_18749473",7,2,1,1,1,1,1,2,"7_2_1_1_1_1_1_2"
"10622","EPI_ISL_18749472",3,2,1,1,6,1,1,2,"3_2_1_1_6_1_1_2"
"10623","EPI_ISL_18749471",3,2,1,1,6,1,1,2,"3_2_1_1_6_1_1_2"
"10624","EPI_ISL_18749470",3,2,1,1,6,1,1,2,"3_2_1_1_6_1_1_2"
"10625","EPI_ISL_18749469",3,2,1,1,6,1,1,2,"3_2_1_1_6_1_1_2"
"10626","EPI_ISL_18749468",7,2,1,1,1,1,1,2,"7_2_1_1_1_1_1_2"
"10627","EPI_ISL_18749465",3,2,1,1,6,1,1,2,"3_2_1_1_6_1_1_2"
"10628","EPI_ISL_18749464",7,2,1,1,1,1,1,2,"7_2_1_1_1_1_1_2"
"10629","EPI_ISL_18749463",7,2,1,1,1,1,1,2,"7_2_1_1_1_1_1_2"
"10630","EPI_ISL_18749462",7,2,1,1,1,1,1,2,"7_2_1_1_1_1_1_2"
"10631","EPI_ISL_18749461",7,2,1,1,1,1,1,2,"7_2_1_1_1_1_1_2"
"10632","EPI_ISL_18749460",7,2,1,1,1,1,1,2,"7_2_1_1_1_1_1_2"
"10633","EPI_ISL_18749458",4,2,1,1,1,1,1,2,"4_2_1_1_1_1_1_2"
"10634","EPI_ISL_18749457",7,2,1,1,1,1,1,2,"7_2_1_1_1_1_1_2"
"10635","EPI_ISL_18749456",7,2,1,1,1,1,1,2,"7_2_1_1_1_1_1_2"
"10636","EPI_ISL_18749455",7,2,1,1,1,1,1,2,"7_2_1_1_1_1_1_2"
"10637","EPI_ISL_18749454",3,2,1,1,6,1,1,2,"3_2_1_1_6_1_1_2"
"10638","EPI_ISL_18749453",7,2,1,1,1,1,1,2,"7_2_1_1_1_1_1_2"
"10639","EPI_ISL_18749452",7,2,1,1,1,1,1,2,"7_2_1_1_1_1_1_2"
"10640","EPI_ISL_18749451",7,2,1,1,1,1,1,2,"7_2_1_1_1_1_1_2"
"10641","EPI_ISL_18749450",7,2,1,1,1,1,1,2,"7_2_1_1_1_1_1_2"
"10642","EPI_ISL_18749449",4,2,1,1,1,1,1,2,"4_2_1_1_1_1_1_2"
"10643","EPI_ISL_18749448",4,2,1,1,1,1,1,2,"4_2_1_1_1_1_1_2"
"10644","EPI_ISL_18749447",7,2,1,1,1,1,1,2,"7_2_1_1_1_1_1_2"
"10645","EPI_ISL_18749446",7,2,1,1,1,1,1,2,"7_2_1_1_1_1_1_2"
"10646","EPI_ISL_18749445",7,2,1,1,1,1,1,2,"7_2_1_1_1_1_1_2"
"10647","EPI_ISL_18749444",7,2,1,1,1,1,1,2,"7_2_1_1_1_1_1_2"
"10648","EPI_ISL_18749443",7,2,1,1,1,1,1,2,"7_2_1_1_1_1_1_2"
"10649","EPI_ISL_18749442",7,2,1,1,1,1,1,2,"7_2_1_1_1_1_1_2"
"10650","EPI_ISL_18749441",7,2,1,1,1,1,1,2,"7_2_1_1_1_1_1_2"
"10651","EPI_ISL_18749440",7,2,1,1,1,1,1,2,"7_2_1_1_1_1_1_2"
"10652","EPI_ISL_18749411",7,2,1,1,1,1,1,2,"7_2_1_1_1_1_1_2"
"10653","EPI_ISL_18749410",7,2,1,1,1,1,1,2,"7_2_1_1_1_1_1_2"
"10654","EPI_ISL_18749409",7,2,1,1,1,1,1,2,"7_2_1_1_1_1_1_2"
"10655","EPI_ISL_18749408",7,2,1,1,1,1,1,2,"7_2_1_1_1_1_1_2"
"10656","EPI_ISL_18749407",7,2,1,1,1,1,1,2,"7_2_1_1_1_1_1_2"
"10657","EPI_ISL_18749405",7,2,1,1,1,1,1,2,"7_2_1_1_1_1_1_2"
"10658","EPI_ISL_18749404",7,2,1,1,1,1,1,2,"7_2_1_1_1_1_1_2"
"10659","EPI_ISL_18749403",3,2,1,1,6,1,1,2,"3_2_1_1_6_1_1_2"
"10660","EPI_ISL_18749402",7,2,1,1,1,1,1,2,"7_2_1_1_1_1_1_2"
"10661","EPI_ISL_18749401",7,2,1,1,1,1,1,2,"7_2_1_1_1_1_1_2"
"10662","EPI_ISL_18749400",7,2,1,1,1,1,1,2,"7_2_1_1_1_1_1_2"
"10663","EPI_ISL_18749399",3,2,1,1,6,1,1,2,"3_2_1_1_6_1_1_2"
"10664","EPI_ISL_18749398",3,2,1,1,6,1,1,2,"3_2_1_1_6_1_1_2"
"10665","EPI_ISL_18749397",7,2,1,1,1,1,1,2,"7_2_1_1_1_1_1_2"
"10666","EPI_ISL_18749396",7,2,1,1,1,1,1,2,"7_2_1_1_1_1_1_2"
"10667","EPI_ISL_18749395",2,1,1,1,2,1,1,1,"2_1_1_1_2_1_1_1"
"10668","EPI_ISL_18749394",7,2,1,1,1,1,1,2,"7_2_1_1_1_1_1_2"
"10669","EPI_ISL_19338427",1,6,2,1,2,1,1,1,"1_6_2_1_2_1_1_1"
"10670","EPI_ISL_19338426",1,6,2,1,2,1,1,1,"1_6_2_1_2_1_1_1"
"10671","EPI_ISL_19338425",1,6,2,1,2,1,1,1,"1_6_2_1_2_1_1_1"
"10672","EPI_ISL_19338424",1,6,2,1,2,1,1,1,"1_6_2_1_2_1_1_1"
"10673","EPI_ISL_19338423",1,6,2,1,2,1,1,1,"1_6_2_1_2_1_1_1"
"10674","EPI_ISL_19338422",1,6,2,1,2,1,1,1,"1_6_2_1_2_1_1_1"
"10675","EPI_ISL_19307302",3,2,1,1,1,1,1,2,"3_2_1_1_1_1_1_2"
"10676","EPI_ISL_19307301",3,2,1,1,1,1,1,2,"3_2_1_1_1_1_1_2"
"10677","EPI_ISL_19307300",3,2,1,1,1,1,1,2,"3_2_1_1_1_1_1_2"
"10678","EPI_ISL_19307299",3,2,1,1,1,1,1,2,"3_2_1_1_1_1_1_2"
"10679","EPI_ISL_19307298",3,2,1,1,1,1,1,2,"3_2_1_1_1_1_1_2"
"10680","EPI_ISL_19307297",3,2,1,1,1,1,1,2,"3_2_1_1_1_1_1_2"
"10681","EPI_ISL_19307296",3,2,1,1,1,1,1,2,"3_2_1_1_1_1_1_2"
"10682","EPI_ISL_19307275",3,2,1,1,1,1,1,2,"3_2_1_1_1_1_1_2"
"10683","EPI_ISL_19289588",3,2,1,1,1,1,1,2,"3_2_1_1_1_1_1_2"
"10684","EPI_ISL_19289560",3,2,1,1,1,1,1,2,"3_2_1_1_1_1_1_2"
"10685","EPI_ISL_19289559",3,2,1,1,1,1,1,2,"3_2_1_1_1_1_1_2"
"10686","EPI_ISL_19289558",3,2,1,1,1,1,1,2,"3_2_1_1_1_1_1_2"
"10687","EPI_ISL_19289556",3,2,1,1,1,1,1,2,"3_2_1_1_1_1_1_2"
"10688","EPI_ISL_19272820",3,2,1,1,1,1,1,2,"3_2_1_1_1_1_1_2"
"10689","EPI_ISL_19272819",3,2,1,1,1,1,1,2,"3_2_1_1_1_1_1_2"
"10690","EPI_ISL_19158168",3,1,1,1,1,1,1,1,"3_1_1_1_1_1_1_1"
"10691","EPI_ISL_19158167",3,1,1,1,1,1,1,1,"3_1_1_1_1_1_1_1"
"10692","EPI_ISL_19158166",3,1,1,1,1,1,1,1,"3_1_1_1_1_1_1_1"
"10693","EPI_ISL_19158164",5,3,1,1,1,1,1,2,"5_3_1_1_1_1_1_2"
"10694","EPI_ISL_19158161",5,3,1,1,1,1,1,2,"5_3_1_1_1_1_1_2"
"10695","EPI_ISL_19044795",1,6,2,1,2,1,1,1,"1_6_2_1_2_1_1_1"
"10696","EPI_ISL_19044793",1,1,2,1,2,1,1,1,"1_1_2_1_2_1_1_1"
"10697","EPI_ISL_19044792",1,1,2,1,2,1,1,1,"1_1_2_1_2_1_1_1"
"10698","EPI_ISL_19044791",1,1,2,1,2,1,1,1,"1_1_2_1_2_1_1_1"
"10699","EPI_ISL_19044790",8,8,2,1,2,1,1,1,"8_8_2_1_2_1_1_1"
"10700","EPI_ISL_19044789",8,8,2,1,2,1,1,1,"8_8_2_1_2_1_1_1"
"10701","EPI_ISL_19044788",8,8,2,1,2,1,1,1,"8_8_2_1_2_1_1_1"
"10702","EPI_ISL_19044787",8,8,2,1,2,1,1,1,"8_8_2_1_2_1_1_1"
"10703","EPI_ISL_19044786",8,8,2,1,2,1,1,1,"8_8_2_1_2_1_1_1"
"10704","EPI_ISL_19044785",8,8,2,1,2,1,1,1,"8_8_2_1_2_1_1_1"
"10705","EPI_ISL_19044784",8,8,2,1,2,1,1,1,"8_8_2_1_2_1_1_1"
"10706","EPI_ISL_19044783",1,6,2,1,2,1,1,1,"1_6_2_1_2_1_1_1"
"10707","EPI_ISL_19044782",1,6,2,1,2,1,1,1,"1_6_2_1_2_1_1_1"
"10708","EPI_ISL_19044781",1,6,2,1,2,1,1,1,"1_6_2_1_2_1_1_1"
"10709","EPI_ISL_19044780",1,6,2,1,2,1,1,1,"1_6_2_1_2_1_1_1"
"10710","EPI_ISL_18928992",1,6,2,1,2,1,1,1,"1_6_2_1_2_1_1_1"
"10711","EPI_ISL_18928991",1,6,2,1,2,1,1,1,"1_6_2_1_2_1_1_1"
"10712","EPI_ISL_18928990",1,6,2,1,2,1,1,1,"1_6_2_1_2_1_1_1"
"10713","EPI_ISL_18928988",1,1,2,1,2,1,1,1,"1_1_2_1_2_1_1_1"
"10714","EPI_ISL_18928987",1,1,2,1,2,1,1,1,"1_1_2_1_2_1_1_1"
"10715","EPI_ISL_18928986",1,1,2,1,2,1,1,1,"1_1_2_1_2_1_1_1"
"10716","EPI_ISL_18928982",1,6,2,1,2,1,1,1,"1_6_2_1_2_1_1_1"
"10717","EPI_ISL_18928981",1,6,2,1,2,1,1,1,"1_6_2_1_2_1_1_1"
"10718","EPI_ISL_18928980",1,6,2,1,2,1,1,1,"1_6_2_1_2_1_1_1"
"10719","EPI_ISL_18928979",8,8,2,1,2,1,1,1,"8_8_2_1_2_1_1_1"
"10720","EPI_ISL_18928978",8,8,2,1,2,1,1,1,"8_8_2_1_2_1_1_1"
"10721","EPI_ISL_18928977",8,8,2,1,2,1,1,1,"8_8_2_1_2_1_1_1"
"10722","EPI_ISL_18928976",8,8,2,1,2,1,1,1,"8_8_2_1_2_1_1_1"
"10723","EPI_ISL_18928975",8,8,2,1,2,1,1,1,"8_8_2_1_2_1_1_1"
"10724","EPI_ISL_18928974",8,8,2,1,2,1,1,1,"8_8_2_1_2_1_1_1"
"10725","EPI_ISL_18928973",8,8,2,1,2,1,1,1,"8_8_2_1_2_1_1_1"
"10726","EPI_ISL_18782578",15,8,1,1,7,1,1,5,"15_8_1_1_7_1_1_5"
"10727","EPI_ISL_19404916",5,3,1,1,1,1,1,2,"5_3_1_1_1_1_1_2"
"10728","EPI_ISL_19256003",6,4,2,1,3,3,1,3,"6_4_2_1_3_3_1_3"
"10729","EPI_ISL_19256002",6,4,2,1,3,3,1,3,"6_4_2_1_3_3_1_3"
"10730","EPI_ISL_19256001",6,4,3,1,2,2,1,3,"6_4_3_1_2_2_1_3"
"10731","EPI_ISL_19256000",6,4,3,1,2,2,1,3,"6_4_3_1_2_2_1_3"
"10732","EPI_ISL_19421574",11,10,2,1,5,1,1,9,"11_10_2_1_5_1_1_9"
"10733","EPI_ISL_19421573",11,10,2,1,5,1,1,9,"11_10_2_1_5_1_1_9"
"10734","EPI_ISL_19421565",11,10,2,1,5,1,1,6,"11_10_2_1_5_1_1_6"
"10735","EPI_ISL_19421564",11,10,2,1,5,1,1,6,"11_10_2_1_5_1_1_6"
"10736","EPI_ISL_19421563",11,10,2,1,5,1,1,6,"11_10_2_1_5_1_1_6"
"10737","EPI_ISL_19421561",11,10,2,1,5,1,1,9,"11_10_2_1_5_1_1_9"
"10738","EPI_ISL_19421560",11,10,2,1,5,1,1,9,"11_10_2_1_5_1_1_9"
"10739","EPI_ISL_19421559",11,10,2,1,5,1,1,9,"11_10_2_1_5_1_1_9"
"10740","EPI_ISL_19421558",11,10,2,1,5,1,1,9,"11_10_2_1_5_1_1_9"
"10741","EPI_ISL_19338432",1,6,2,1,2,1,1,1,"1_6_2_1_2_1_1_1"
"10742","EPI_ISL_19338431",1,6,2,1,2,1,1,1,"1_6_2_1_2_1_1_1"
"10743","EPI_ISL_19338430",1,6,2,1,2,1,1,1,"1_6_2_1_2_1_1_1"
"10744","EPI_ISL_19338429",1,6,2,1,2,1,1,1,"1_6_2_1_2_1_1_1"
"10745","EPI_ISL_19338428",1,6,2,1,2,1,1,1,"1_6_2_1_2_1_1_1"
"10746","EPI_ISL_19158343",2,1,1,1,2,1,1,1,"2_1_1_1_2_1_1_1"
"10747","EPI_ISL_19158342",8,7,1,1,2,1,1,1,"8_7_1_1_2_1_1_1"
"10748","EPI_ISL_19158341",8,7,1,1,2,1,1,1,"8_7_1_1_2_1_1_1"
"10749","EPI_ISL_19158326",5,3,1,1,1,1,1,2,"5_3_1_1_1_1_1_2"
"10750","EPI_ISL_19158323",5,3,1,1,1,1,1,2,"5_3_1_1_1_1_1_2"
"10751","EPI_ISL_19158322",3,1,1,1,1,1,1,1,"3_1_1_1_1_1_1_1"
"10752","EPI_ISL_19158321",5,3,1,1,1,1,1,2,"5_3_1_1_1_1_1_2"
"10753","EPI_ISL_19158320",5,3,1,1,1,1,1,2,"5_3_1_1_1_1_1_2"
"10754","EPI_ISL_19158319",5,3,1,1,1,1,1,2,"5_3_1_1_1_1_1_2"
"10755","EPI_ISL_19158315",3,1,1,1,1,1,1,1,"3_1_1_1_1_1_1_1"
"10756","EPI_ISL_19158314",5,3,1,1,1,1,1,2,"5_3_1_1_1_1_1_2"
"10757","EPI_ISL_19158311",5,3,1,1,1,1,1,2,"5_3_1_1_1_1_1_2"
"10758","EPI_ISL_19158310",5,3,1,1,1,1,1,2,"5_3_1_1_1_1_1_2"
"10759","EPI_ISL_19158309",5,3,1,1,1,1,1,2,"5_3_1_1_1_1_1_2"
"10760","EPI_ISL_19158307",5,3,1,1,1,1,1,2,"5_3_1_1_1_1_1_2"
"10761","EPI_ISL_19158306",5,3,1,1,1,1,1,2,"5_3_1_1_1_1_1_2"
"10762","EPI_ISL_19158305",5,3,1,1,1,1,1,2,"5_3_1_1_1_1_1_2"
"10763","EPI_ISL_19158303",5,3,1,1,1,1,1,2,"5_3_1_1_1_1_1_2"
"10764","EPI_ISL_19158301",5,3,1,1,1,1,1,2,"5_3_1_1_1_1_1_2"
"10765","EPI_ISL_19158290",3,1,1,1,1,1,1,1,"3_1_1_1_1_1_1_1"
"10766","EPI_ISL_19158289",5,3,1,1,1,1,1,2,"5_3_1_1_1_1_1_2"
"10767","EPI_ISL_19158288",8,7,1,1,2,1,1,1,"8_7_1_1_2_1_1_1"
"10768","EPI_ISL_19158286",5,1,1,1,1,1,1,1,"5_1_1_1_1_1_1_1"
"10769","EPI_ISL_19158285",5,1,1,1,1,1,1,1,"5_1_1_1_1_1_1_1"
"10770","EPI_ISL_19158284",3,1,1,1,1,1,1,1,"3_1_1_1_1_1_1_1"
"10771","EPI_ISL_19158283",3,1,1,1,1,1,1,1,"3_1_1_1_1_1_1_1"
"10772","EPI_ISL_19158281",5,3,1,1,1,1,1,2,"5_3_1_1_1_1_1_2"
"10773","EPI_ISL_19158277",5,3,1,1,1,1,1,2,"5_3_1_1_1_1_1_2"
"10774","EPI_ISL_19158273",5,3,1,1,1,1,1,2,"5_3_1_1_1_1_1_2"
"10775","EPI_ISL_19158271",5,3,1,1,1,1,1,2,"5_3_1_1_1_1_1_2"
"10776","EPI_ISL_19158270",2,1,1,1,2,1,1,1,"2_1_1_1_2_1_1_1"
"10777","EPI_ISL_19158269",5,3,1,1,1,1,1,2,"5_3_1_1_1_1_1_2"
"10778","EPI_ISL_19158268",2,1,1,1,2,1,1,1,"2_1_1_1_2_1_1_1"
"10779","EPI_ISL_19158267",2,1,1,1,2,1,1,1,"2_1_1_1_2_1_1_1"
"10780","EPI_ISL_19158266",2,1,1,1,2,1,1,1,"2_1_1_1_2_1_1_1"
"10781","EPI_ISL_19158265",5,3,1,1,1,1,1,2,"5_3_1_1_1_1_1_2"
"10782","EPI_ISL_19158263",8,7,1,1,2,1,1,1,"8_7_1_1_2_1_1_1"
"10783","EPI_ISL_19158255",5,3,1,1,1,1,1,2,"5_3_1_1_1_1_1_2"
"10784","EPI_ISL_19158254",3,1,1,1,1,1,1,1,"3_1_1_1_1_1_1_1"
"10785","EPI_ISL_19158253",5,3,1,1,1,1,1,2,"5_3_1_1_1_1_1_2"
"10786","EPI_ISL_19158252",5,3,1,1,1,1,1,2,"5_3_1_1_1_1_1_2"
"10787","EPI_ISL_19158251",5,3,1,1,1,1,1,2,"5_3_1_1_1_1_1_2"
"10788","EPI_ISL_19158247",5,3,1,1,1,1,1,2,"5_3_1_1_1_1_1_2"
"10789","EPI_ISL_19158246",5,3,1,1,1,1,1,2,"5_3_1_1_1_1_1_2"
"10790","EPI_ISL_19158245",5,3,1,1,1,1,1,2,"5_3_1_1_1_1_1_2"
"10791","EPI_ISL_19158244",5,3,1,1,1,1,1,2,"5_3_1_1_1_1_1_2"
"10792","EPI_ISL_19158243",5,3,1,1,1,1,1,2,"5_3_1_1_1_1_1_2"
"10793","EPI_ISL_19158242",5,3,1,1,1,1,1,2,"5_3_1_1_1_1_1_2"
"10794","EPI_ISL_19158241",2,1,1,1,2,1,1,1,"2_1_1_1_2_1_1_1"
"10795","EPI_ISL_19158240",5,3,1,1,1,1,1,2,"5_3_1_1_1_1_1_2"
"10796","EPI_ISL_19158239",5,3,1,1,1,1,1,2,"5_3_1_1_1_1_1_2"
"10797","EPI_ISL_19158238",2,1,1,1,2,1,1,1,"2_1_1_1_2_1_1_1"
"10798","EPI_ISL_19158237",2,1,1,1,2,1,1,1,"2_1_1_1_2_1_1_1"
"10799","EPI_ISL_19158235",14,26,2,1,1,1,1,2,"14_26_2_1_1_1_1_2"
"10800","EPI_ISL_19158234",5,3,1,1,1,1,1,2,"5_3_1_1_1_1_1_2"
"10801","EPI_ISL_19158233",5,3,1,1,1,1,1,2,"5_3_1_1_1_1_1_2"
"10802","EPI_ISL_19158232",5,3,1,1,1,1,1,2,"5_3_1_1_1_1_1_2"
"10803","EPI_ISL_19158192",3,1,1,1,1,1,1,1,"3_1_1_1_1_1_1_1"
"10804","EPI_ISL_19158190",5,3,1,1,1,1,1,2,"5_3_1_1_1_1_1_2"
"10805","EPI_ISL_19158189",5,3,1,1,1,1,1,2,"5_3_1_1_1_1_1_2"
"10806","EPI_ISL_19158188",8,7,1,1,2,1,1,1,"8_7_1_1_2_1_1_1"
"10807","EPI_ISL_19158187",8,7,1,1,2,1,1,1,"8_7_1_1_2_1_1_1"
"10808","EPI_ISL_19158159",5,3,1,1,1,1,1,2,"5_3_1_1_1_1_1_2"
"10809","EPI_ISL_18929000",1,6,2,1,2,1,1,1,"1_6_2_1_2_1_1_1"
"10810","EPI_ISL_18928999",1,6,2,1,2,1,1,1,"1_6_2_1_2_1_1_1"
"10811","EPI_ISL_18928998",1,6,2,1,2,1,1,1,"1_6_2_1_2_1_1_1"
"10812","EPI_ISL_18928997",1,6,2,1,2,1,1,1,"1_6_2_1_2_1_1_1"
"10813","EPI_ISL_18928989",1,1,2,1,2,1,1,1,"1_1_2_1_2_1_1_1"
"10814","EPI_ISL_18928985",1,1,2,1,2,1,1,1,"1_1_2_1_2_1_1_1"
"10815","EPI_ISL_18928984",1,1,2,1,2,1,1,1,"1_1_2_1_2_1_1_1"
"10816","EPI_ISL_18912911",1,6,2,1,2,1,1,1,"1_6_2_1_2_1_1_1"
"10817","EPI_ISL_19174717",2,1,1,1,2,1,1,1,"2_1_1_1_2_1_1_1"
"10818","EPI_ISL_19158229",2,1,1,1,2,1,1,1,"2_1_1_1_2_1_1_1"
"10819","EPI_ISL_19158224",2,1,1,1,2,1,1,1,"2_1_1_1_2_1_1_1"
"10820","EPI_ISL_19158223",2,1,1,1,2,1,1,1,"2_1_1_1_2_1_1_1"
"10821","EPI_ISL_19158222",4,1,1,1,1,1,1,1,"4_1_1_1_1_1_1_1"
"10822","EPI_ISL_19158221",5,3,1,1,1,1,1,2,"5_3_1_1_1_1_1_2"
"10823","EPI_ISL_19158220",2,1,1,1,2,1,1,1,"2_1_1_1_2_1_1_1"
"10824","EPI_ISL_19158219",2,1,1,1,2,1,1,1,"2_1_1_1_2_1_1_1"
"10825","EPI_ISL_19158218",3,1,1,1,1,1,1,1,"3_1_1_1_1_1_1_1"
"10826","EPI_ISL_19158217",3,1,1,1,1,1,1,1,"3_1_1_1_1_1_1_1"
"10827","EPI_ISL_19158216",3,1,1,1,1,1,1,1,"3_1_1_1_1_1_1_1"
"10828","EPI_ISL_19158215",3,1,1,1,1,1,1,1,"3_1_1_1_1_1_1_1"
"10829","EPI_ISL_19158214",3,1,1,1,1,1,1,1,"3_1_1_1_1_1_1_1"
"10830","EPI_ISL_19158213",5,3,1,1,1,1,1,2,"5_3_1_1_1_1_1_2"
"10831","EPI_ISL_19158211",3,1,1,1,1,1,1,1,"3_1_1_1_1_1_1_1"
"10832","EPI_ISL_19158208",2,1,1,1,2,1,1,1,"2_1_1_1_2_1_1_1"
"10833","EPI_ISL_19158206",2,1,1,1,2,1,1,1,"2_1_1_1_2_1_1_1"
"10834","EPI_ISL_19437991",3,2,1,1,1,1,1,2,"3_2_1_1_1_1_1_2"
"10835","EPI_ISL_19437988",3,2,1,1,1,1,1,2,"3_2_1_1_1_1_1_2"
"10836","EPI_ISL_19387800",3,2,1,1,1,1,1,2,"3_2_1_1_1_1_1_2"
"10837","EPI_ISL_19387798",3,2,1,1,1,1,1,2,"3_2_1_1_1_1_1_2"
"10838","EPI_ISL_19387796",3,2,1,1,1,1,1,2,"3_2_1_1_1_1_1_2"
"10839","EPI_ISL_19387794",3,2,1,1,1,1,1,2,"3_2_1_1_1_1_1_2"
"10840","EPI_ISL_19387793",3,2,1,1,1,1,1,2,"3_2_1_1_1_1_1_2"
"10841","EPI_ISL_19387792",3,2,1,1,1,1,1,2,"3_2_1_1_1_1_1_2"
"10842","EPI_ISL_19387791",3,2,1,1,1,1,1,2,"3_2_1_1_1_1_1_2"
"10843","EPI_ISL_19387790",3,2,1,1,1,1,1,2,"3_2_1_1_1_1_1_2"
"10844","EPI_ISL_19387789",3,2,1,1,1,1,1,2,"3_2_1_1_1_1_1_2"
"10845","EPI_ISL_19387782",3,2,1,1,1,1,1,2,"3_2_1_1_1_1_1_2"
"10846","EPI_ISL_19338787",3,2,1,1,1,1,1,2,"3_2_1_1_1_1_1_2"
"10847","EPI_ISL_19338786",3,2,1,1,1,1,1,2,"3_2_1_1_1_1_1_2"
"10848","EPI_ISL_19338785",3,2,1,1,1,1,1,2,"3_2_1_1_1_1_1_2"
"10849","EPI_ISL_19338784",3,2,1,1,1,1,1,2,"3_2_1_1_1_1_1_2"
"10850","EPI_ISL_19338783",3,2,1,1,1,1,1,2,"3_2_1_1_1_1_1_2"
"10851","EPI_ISL_19338782",3,2,1,1,1,1,1,2,"3_2_1_1_1_1_1_2"
"10852","EPI_ISL_19338781",3,2,1,1,1,1,1,2,"3_2_1_1_1_1_1_2"
"10853","EPI_ISL_19338780",3,2,1,1,1,1,1,2,"3_2_1_1_1_1_1_2"
"10854","EPI_ISL_19338779",3,2,1,1,1,1,1,2,"3_2_1_1_1_1_1_2"
"10855","EPI_ISL_19338778",3,2,1,1,1,1,1,2,"3_2_1_1_1_1_1_2"
"10856","EPI_ISL_19338777",3,2,1,1,1,1,1,2,"3_2_1_1_1_1_1_2"
"10857","EPI_ISL_19338776",3,2,1,1,1,1,1,2,"3_2_1_1_1_1_1_2"
"10858","EPI_ISL_19338774",3,2,1,1,1,1,1,2,"3_2_1_1_1_1_1_2"
"10859","EPI_ISL_19338773",3,2,1,1,1,1,1,2,"3_2_1_1_1_1_1_2"
"10860","EPI_ISL_19338772",3,2,1,1,1,1,1,2,"3_2_1_1_1_1_1_2"
"10861","EPI_ISL_19338771",3,2,1,1,1,1,1,2,"3_2_1_1_1_1_1_2"
"10862","EPI_ISL_19338770",3,2,1,1,1,1,1,2,"3_2_1_1_1_1_1_2"
"10863","EPI_ISL_19338769",3,2,1,1,1,1,1,2,"3_2_1_1_1_1_1_2"
"10864","EPI_ISL_19338768",3,2,1,1,1,1,1,2,"3_2_1_1_1_1_1_2"
"10865","EPI_ISL_19338767",3,2,1,1,1,1,1,2,"3_2_1_1_1_1_1_2"
"10866","EPI_ISL_19338766",3,2,1,1,1,1,1,2,"3_2_1_1_1_1_1_2"
"10867","EPI_ISL_19338765",3,2,1,1,1,1,1,2,"3_2_1_1_1_1_1_2"
"10868","EPI_ISL_19338764",3,2,1,1,1,1,1,2,"3_2_1_1_1_1_1_2"
"10869","EPI_ISL_19338763",3,2,1,1,1,1,1,2,"3_2_1_1_1_1_1_2"
"10870","EPI_ISL_19338762",3,2,1,1,1,1,1,2,"3_2_1_1_1_1_1_2"
"10871","EPI_ISL_19338761",3,2,1,1,1,1,1,2,"3_2_1_1_1_1_1_2"
"10872","EPI_ISL_19338760",3,2,1,1,1,1,1,2,"3_2_1_1_1_1_1_2"
"10873","EPI_ISL_19338759",3,2,1,1,1,1,1,2,"3_2_1_1_1_1_1_2"
"10874","EPI_ISL_19338758",3,2,1,1,1,1,1,2,"3_2_1_1_1_1_1_2"
"10875","EPI_ISL_19338756",3,2,1,1,1,1,1,2,"3_2_1_1_1_1_1_2"
"10876","EPI_ISL_19338755",3,2,1,1,1,1,1,2,"3_2_1_1_1_1_1_2"
"10877","EPI_ISL_19338754",3,2,1,1,1,1,1,2,"3_2_1_1_1_1_1_2"
"10878","EPI_ISL_19338753",3,2,1,1,1,1,1,2,"3_2_1_1_1_1_1_2"
"10879","EPI_ISL_19307306",3,2,1,1,1,1,1,2,"3_2_1_1_1_1_1_2"
"10880","EPI_ISL_19307305",3,2,1,1,1,1,1,2,"3_2_1_1_1_1_1_2"
"10881","EPI_ISL_19307304",3,2,1,1,1,1,1,2,"3_2_1_1_1_1_1_2"
"10882","EPI_ISL_19307303",3,2,1,1,1,1,1,2,"3_2_1_1_1_1_1_2"
"10883","EPI_ISL_19307287",3,2,1,1,1,1,1,2,"3_2_1_1_1_1_1_2"
"10884","EPI_ISL_19307286",3,2,1,1,1,1,1,2,"3_2_1_1_1_1_1_2"
"10885","EPI_ISL_19307279",3,2,1,1,1,1,1,2,"3_2_1_1_1_1_1_2"
"10886","EPI_ISL_19307278",3,2,1,1,1,1,1,2,"3_2_1_1_1_1_1_2"
"10887","EPI_ISL_19307277",3,2,1,1,1,1,1,2,"3_2_1_1_1_1_1_2"
"10888","EPI_ISL_19307276",3,2,1,1,1,1,1,2,"3_2_1_1_1_1_1_2"
"10889","EPI_ISL_19307274",3,2,1,1,1,1,1,2,"3_2_1_1_1_1_1_2"
"10890","EPI_ISL_19307273",3,2,1,1,1,1,1,2,"3_2_1_1_1_1_1_2"
"10891","EPI_ISL_19307272",3,2,1,1,1,1,1,2,"3_2_1_1_1_1_1_2"
"10892","EPI_ISL_19307271",3,2,1,1,1,1,1,2,"3_2_1_1_1_1_1_2"
"10893","EPI_ISL_19307270",3,2,1,1,1,1,1,2,"3_2_1_1_1_1_1_2"
"10894","EPI_ISL_19307269",3,2,1,1,1,1,1,2,"3_2_1_1_1_1_1_2"
"10895","EPI_ISL_19307268",3,2,1,1,1,1,1,2,"3_2_1_1_1_1_1_2"
"10896","EPI_ISL_19307267",3,2,1,1,1,1,1,2,"3_2_1_1_1_1_1_2"
"10897","EPI_ISL_19307264",3,2,1,1,1,1,1,2,"3_2_1_1_1_1_1_2"
"10898","EPI_ISL_19290333",3,2,1,1,1,1,1,2,"3_2_1_1_1_1_1_2"
"10899","EPI_ISL_19290332",3,2,1,1,1,1,1,2,"3_2_1_1_1_1_1_2"
"10900","EPI_ISL_19290331",3,2,1,1,1,1,1,2,"3_2_1_1_1_1_1_2"
"10901","EPI_ISL_19289799",3,2,1,1,1,1,1,2,"3_2_1_1_1_1_1_2"
"10902","EPI_ISL_19289782",3,2,1,1,1,1,1,2,"3_2_1_1_1_1_1_2"
"10903","EPI_ISL_19289776",3,2,1,1,1,1,1,2,"3_2_1_1_1_1_1_2"
"10904","EPI_ISL_19289770",3,2,1,1,1,1,1,2,"3_2_1_1_1_1_1_2"
"10905","EPI_ISL_19289735",3,2,1,1,1,1,1,2,"3_2_1_1_1_1_1_2"
"10906","EPI_ISL_19289730",3,2,1,1,1,1,1,2,"3_2_1_1_1_1_1_2"
"10907","EPI_ISL_19289696",3,2,1,1,1,1,1,2,"3_2_1_1_1_1_1_2"
"10908","EPI_ISL_19289684",3,2,1,1,1,1,1,2,"3_2_1_1_1_1_1_2"
"10909","EPI_ISL_19289676",3,2,1,1,1,1,1,2,"3_2_1_1_1_1_1_2"
"10910","EPI_ISL_19289672",3,2,1,1,1,1,1,2,"3_2_1_1_1_1_1_2"
"10911","EPI_ISL_19289658",3,2,1,1,1,1,1,2,"3_2_1_1_1_1_1_2"
"10912","EPI_ISL_19289640",3,2,1,1,1,1,1,2,"3_2_1_1_1_1_1_2"
"10913","EPI_ISL_19289635",3,2,1,1,1,1,1,2,"3_2_1_1_1_1_1_2"
"10914","EPI_ISL_19289628",3,2,1,1,1,1,1,2,"3_2_1_1_1_1_1_2"
"10915","EPI_ISL_19289625",3,2,1,1,1,1,1,2,"3_2_1_1_1_1_1_2"
"10916","EPI_ISL_19289621",3,2,1,1,1,1,1,2,"3_2_1_1_1_1_1_2"
"10917","EPI_ISL_19289620",3,2,1,1,1,1,1,2,"3_2_1_1_1_1_1_2"
"10918","EPI_ISL_19289611",3,2,1,1,1,1,1,2,"3_2_1_1_1_1_1_2"
"10919","EPI_ISL_19289609",3,2,1,1,1,1,1,2,"3_2_1_1_1_1_1_2"
"10920","EPI_ISL_19289608",3,2,1,1,1,1,1,2,"3_2_1_1_1_1_1_2"
"10921","EPI_ISL_19289606",3,2,1,1,1,1,1,2,"3_2_1_1_1_1_1_2"
"10922","EPI_ISL_19289605",3,2,1,1,1,1,1,2,"3_2_1_1_1_1_1_2"
"10923","EPI_ISL_19289604",3,2,1,1,1,1,1,2,"3_2_1_1_1_1_1_2"
"10924","EPI_ISL_19289603",3,2,1,1,1,1,1,2,"3_2_1_1_1_1_1_2"
"10925","EPI_ISL_19289602",3,2,1,1,1,1,1,2,"3_2_1_1_1_1_1_2"
"10926","EPI_ISL_19289601",3,2,1,1,1,1,1,2,"3_2_1_1_1_1_1_2"
"10927","EPI_ISL_19289600",3,2,1,1,1,1,1,2,"3_2_1_1_1_1_1_2"
"10928","EPI_ISL_19289599",3,2,1,1,1,1,1,2,"3_2_1_1_1_1_1_2"
"10929","EPI_ISL_19289598",3,2,1,1,1,1,1,2,"3_2_1_1_1_1_1_2"
"10930","EPI_ISL_19289595",3,2,1,1,1,1,1,2,"3_2_1_1_1_1_1_2"
"10931","EPI_ISL_19289594",3,2,1,1,1,1,1,2,"3_2_1_1_1_1_1_2"
"10932","EPI_ISL_19289593",3,2,1,1,1,1,1,2,"3_2_1_1_1_1_1_2"
"10933","EPI_ISL_19289590",3,2,1,1,1,1,1,2,"3_2_1_1_1_1_1_2"
"10934","EPI_ISL_19289585",3,2,1,1,1,1,1,2,"3_2_1_1_1_1_1_2"
"10935","EPI_ISL_19289584",3,2,1,1,1,1,1,2,"3_2_1_1_1_1_1_2"
"10936","EPI_ISL_19289583",3,2,1,1,1,1,1,2,"3_2_1_1_1_1_1_2"
"10937","EPI_ISL_19289582",3,2,1,1,1,1,1,2,"3_2_1_1_1_1_1_2"
"10938","EPI_ISL_19289580",3,2,1,1,1,1,1,2,"3_2_1_1_1_1_1_2"
"10939","EPI_ISL_19289579",3,2,1,1,1,1,1,2,"3_2_1_1_1_1_1_2"
"10940","EPI_ISL_19289578",3,2,1,1,1,1,1,2,"3_2_1_1_1_1_1_2"
"10941","EPI_ISL_19289577",3,2,1,1,1,1,1,2,"3_2_1_1_1_1_1_2"
"10942","EPI_ISL_19289576",3,2,1,1,1,1,1,2,"3_2_1_1_1_1_1_2"
"10943","EPI_ISL_19289575",3,2,1,1,1,1,1,2,"3_2_1_1_1_1_1_2"
"10944","EPI_ISL_19289573",3,2,1,1,1,1,1,2,"3_2_1_1_1_1_1_2"
"10945","EPI_ISL_19289572",3,2,1,1,1,1,1,2,"3_2_1_1_1_1_1_2"
"10946","EPI_ISL_19289571",3,2,1,1,1,1,1,2,"3_2_1_1_1_1_1_2"
"10947","EPI_ISL_19289570",3,2,1,1,1,1,1,2,"3_2_1_1_1_1_1_2"
"10948","EPI_ISL_19289569",3,2,1,1,1,1,1,2,"3_2_1_1_1_1_1_2"
"10949","EPI_ISL_19289568",3,2,1,1,1,1,1,2,"3_2_1_1_1_1_1_2"
"10950","EPI_ISL_19289567",3,2,1,1,1,1,1,2,"3_2_1_1_1_1_1_2"
"10951","EPI_ISL_19289566",3,2,1,1,1,1,1,2,"3_2_1_1_1_1_1_2"
"10952","EPI_ISL_19289565",3,2,1,1,1,1,1,2,"3_2_1_1_1_1_1_2"
"10953","EPI_ISL_19289564",3,2,1,1,1,1,1,2,"3_2_1_1_1_1_1_2"
"10954","EPI_ISL_19289563",3,2,1,1,1,1,1,2,"3_2_1_1_1_1_1_2"
"10955","EPI_ISL_19289562",3,2,1,1,1,1,1,2,"3_2_1_1_1_1_1_2"
"10956","EPI_ISL_19289561",3,2,1,1,1,1,1,2,"3_2_1_1_1_1_1_2"
"10957","EPI_ISL_19289557",3,2,1,1,1,1,1,2,"3_2_1_1_1_1_1_2"
"10958","EPI_ISL_19289551",3,2,1,1,1,1,1,2,"3_2_1_1_1_1_1_2"
"10959","EPI_ISL_19289539",3,2,1,1,1,1,1,2,"3_2_1_1_1_1_1_2"
"10960","EPI_ISL_19289526",3,2,1,1,1,1,1,2,"3_2_1_1_1_1_1_2"
"10961","EPI_ISL_19289513",3,2,1,1,1,1,1,2,"3_2_1_1_1_1_1_2"
"10962","EPI_ISL_19272827",3,2,1,1,1,1,1,2,"3_2_1_1_1_1_1_2"
"10963","EPI_ISL_19272826",3,2,1,1,1,1,1,2,"3_2_1_1_1_1_1_2"
"10964","EPI_ISL_19272818",3,2,1,1,1,1,1,2,"3_2_1_1_1_1_1_2"
"10965","EPI_ISL_19272817",3,2,1,1,1,1,1,2,"3_2_1_1_1_1_1_2"
"10966","EPI_ISL_19272816",3,2,1,1,1,1,1,2,"3_2_1_1_1_1_1_2"
"10967","EPI_ISL_19272815",3,2,1,1,1,1,1,2,"3_2_1_1_1_1_1_2"
"10968","EPI_ISL_19272813",3,2,1,1,1,1,1,2,"3_2_1_1_1_1_1_2"
"10969","EPI_ISL_19272812",3,2,1,1,1,1,1,2,"3_2_1_1_1_1_1_2"
"10970","EPI_ISL_19272811",3,2,1,1,1,1,1,2,"3_2_1_1_1_1_1_2"
"10971","EPI_ISL_19272810",3,2,1,1,1,1,1,2,"3_2_1_1_1_1_1_2"
"10972","EPI_ISL_19272809",3,2,1,1,1,1,1,2,"3_2_1_1_1_1_1_2"
"10973","EPI_ISL_19272808",3,2,1,1,1,1,1,2,"3_2_1_1_1_1_1_2"
"10974","EPI_ISL_19272807",3,2,1,1,1,1,1,2,"3_2_1_1_1_1_1_2"
"10975","EPI_ISL_19272806",3,2,1,1,1,1,1,2,"3_2_1_1_1_1_1_2"
"10976","EPI_ISL_19272805",3,2,1,1,1,1,1,2,"3_2_1_1_1_1_1_2"
"10977","EPI_ISL_19272804",3,2,1,1,1,1,1,2,"3_2_1_1_1_1_1_2"
"10978","EPI_ISL_19241249",3,2,1,1,1,1,1,2,"3_2_1_1_1_1_1_2"
"10979","EPI_ISL_19241248",3,2,1,1,1,1,1,2,"3_2_1_1_1_1_1_2"
"10980","EPI_ISL_19241247",3,2,1,1,1,1,1,2,"3_2_1_1_1_1_1_2"
"10981","EPI_ISL_19241246",3,2,1,1,1,1,1,2,"3_2_1_1_1_1_1_2"
"10982","EPI_ISL_19241245",3,2,1,1,1,1,1,2,"3_2_1_1_1_1_1_2"
"10983","EPI_ISL_19241244",3,2,1,1,1,1,1,2,"3_2_1_1_1_1_1_2"
"10984","EPI_ISL_19241243",3,2,1,1,1,1,1,2,"3_2_1_1_1_1_1_2"
"10985","EPI_ISL_19241242",3,2,1,1,1,1,1,2,"3_2_1_1_1_1_1_2"
"10986","EPI_ISL_19241241",3,2,1,1,1,1,1,2,"3_2_1_1_1_1_1_2"
"10987","EPI_ISL_19241240",3,2,1,1,1,1,1,2,"3_2_1_1_1_1_1_2"
"10988","EPI_ISL_19241239",3,2,1,1,1,1,1,2,"3_2_1_1_1_1_1_2"
"10989","EPI_ISL_19241238",3,2,1,1,1,1,1,2,"3_2_1_1_1_1_1_2"
"10990","EPI_ISL_19241237",3,2,1,1,1,1,1,2,"3_2_1_1_1_1_1_2"
"10991","EPI_ISL_19241236",3,2,1,1,1,1,1,2,"3_2_1_1_1_1_1_2"
"10992","EPI_ISL_19241235",3,2,1,1,1,1,1,2,"3_2_1_1_1_1_1_2"
"10993","EPI_ISL_19241234",3,2,1,1,1,1,1,2,"3_2_1_1_1_1_1_2"
"10994","EPI_ISL_19241233",3,2,1,1,1,1,1,2,"3_2_1_1_1_1_1_2"
"10995","EPI_ISL_19241232",3,2,1,1,1,1,1,2,"3_2_1_1_1_1_1_2"
"10996","EPI_ISL_19241231",3,2,1,1,1,1,1,2,"3_2_1_1_1_1_1_2"
"10997","EPI_ISL_19241230",3,2,1,1,1,1,1,2,"3_2_1_1_1_1_1_2"
"10998","EPI_ISL_19241229",3,2,1,1,1,1,1,2,"3_2_1_1_1_1_1_2"
"10999","EPI_ISL_19241228",3,2,1,1,1,1,1,2,"3_2_1_1_1_1_1_2"
"11000","EPI_ISL_19241226",3,2,1,1,1,1,1,2,"3_2_1_1_1_1_1_2"
"11001","EPI_ISL_19241225",3,2,1,1,1,1,1,2,"3_2_1_1_1_1_1_2"
"11002","EPI_ISL_19241223",3,2,1,1,1,1,1,2,"3_2_1_1_1_1_1_2"
"11003","EPI_ISL_19241222",3,2,1,1,1,1,1,2,"3_2_1_1_1_1_1_2"
"11004","EPI_ISL_19241221",3,2,1,1,1,1,1,2,"3_2_1_1_1_1_1_2"
"11005","EPI_ISL_19241220",3,2,1,1,1,1,1,2,"3_2_1_1_1_1_1_2"
"11006","EPI_ISL_19241219",3,2,1,1,1,1,1,2,"3_2_1_1_1_1_1_2"
"11007","EPI_ISL_19241218",3,2,1,1,1,1,1,2,"3_2_1_1_1_1_1_2"
"11008","EPI_ISL_19241217",3,2,1,1,1,1,1,2,"3_2_1_1_1_1_1_2"
"11009","EPI_ISL_19241216",3,2,1,1,1,1,1,2,"3_2_1_1_1_1_1_2"
"11010","EPI_ISL_19241215",3,2,1,1,1,1,1,2,"3_2_1_1_1_1_1_2"
"11011","EPI_ISL_19241214",3,2,1,1,1,1,1,2,"3_2_1_1_1_1_1_2"
"11012","EPI_ISL_19241213",3,2,1,1,1,1,1,2,"3_2_1_1_1_1_1_2"
"11013","EPI_ISL_19241212",3,2,1,1,1,1,1,2,"3_2_1_1_1_1_1_2"
"11014","EPI_ISL_19241211",3,2,1,1,1,1,1,2,"3_2_1_1_1_1_1_2"
"11015","EPI_ISL_19241210",3,2,1,1,1,1,1,2,"3_2_1_1_1_1_1_2"
"11016","EPI_ISL_19241209",3,2,1,1,1,1,1,2,"3_2_1_1_1_1_1_2"
"11017","EPI_ISL_19241208",3,2,1,1,1,1,1,2,"3_2_1_1_1_1_1_2"
"11018","EPI_ISL_19241206",3,2,1,1,1,1,1,2,"3_2_1_1_1_1_1_2"
"11019","EPI_ISL_19241205",3,2,1,1,1,1,1,2,"3_2_1_1_1_1_1_2"
"11020","EPI_ISL_19241204",3,2,1,1,1,1,1,2,"3_2_1_1_1_1_1_2"
"11021","EPI_ISL_19241203",3,2,1,1,1,1,1,2,"3_2_1_1_1_1_1_2"
"11022","EPI_ISL_19241202",3,2,1,1,1,1,1,2,"3_2_1_1_1_1_1_2"
"11023","EPI_ISL_19241201",3,2,1,1,1,1,1,2,"3_2_1_1_1_1_1_2"
"11024","EPI_ISL_19241200",3,2,1,1,1,1,1,2,"3_2_1_1_1_1_1_2"
"11025","EPI_ISL_19241199",3,2,1,1,1,1,1,2,"3_2_1_1_1_1_1_2"
"11026","EPI_ISL_19241198",3,2,1,1,1,1,1,2,"3_2_1_1_1_1_1_2"
"11027","EPI_ISL_19241197",3,2,1,1,1,1,1,2,"3_2_1_1_1_1_1_2"
"11028","EPI_ISL_19241196",3,2,1,1,1,1,1,2,"3_2_1_1_1_1_1_2"
"11029","EPI_ISL_19241195",3,2,1,1,1,1,1,2,"3_2_1_1_1_1_1_2"
"11030","EPI_ISL_19241194",3,2,1,1,1,1,1,2,"3_2_1_1_1_1_1_2"
"11031","EPI_ISL_19241193",3,2,1,1,1,1,1,2,"3_2_1_1_1_1_1_2"
"11032","EPI_ISL_19241192",3,2,1,1,1,1,1,2,"3_2_1_1_1_1_1_2"
"11033","EPI_ISL_19241191",3,2,1,1,1,1,1,2,"3_2_1_1_1_1_1_2"
"11034","EPI_ISL_19241190",3,2,1,1,1,1,1,2,"3_2_1_1_1_1_1_2"
"11035","EPI_ISL_19241189",3,2,1,1,1,1,1,2,"3_2_1_1_1_1_1_2"
"11036","EPI_ISL_19241188",3,2,1,1,1,1,1,2,"3_2_1_1_1_1_1_2"
"11037","EPI_ISL_19241187",3,2,1,1,1,1,1,2,"3_2_1_1_1_1_1_2"
"11038","EPI_ISL_19241186",3,2,1,1,1,1,1,2,"3_2_1_1_1_1_1_2"
"11039","EPI_ISL_19241185",3,2,1,1,1,1,1,2,"3_2_1_1_1_1_1_2"
"11040","EPI_ISL_19241184",3,2,1,1,1,1,1,2,"3_2_1_1_1_1_1_2"
"11041","EPI_ISL_19241183",3,2,1,1,1,1,1,2,"3_2_1_1_1_1_1_2"
"11042","EPI_ISL_19241182",3,2,1,1,1,1,1,2,"3_2_1_1_1_1_1_2"
"11043","EPI_ISL_19241181",3,2,1,1,1,1,1,2,"3_2_1_1_1_1_1_2"
"11044","EPI_ISL_19241178",3,2,1,1,1,1,1,2,"3_2_1_1_1_1_1_2"
"11045","EPI_ISL_19241177",3,2,1,1,1,1,1,2,"3_2_1_1_1_1_1_2"
"11046","EPI_ISL_19241176",3,2,1,1,1,1,1,2,"3_2_1_1_1_1_1_2"
"11047","EPI_ISL_19241175",3,2,1,1,1,1,1,2,"3_2_1_1_1_1_1_2"
"11048","EPI_ISL_19241174",3,2,1,1,1,1,1,2,"3_2_1_1_1_1_1_2"
"11049","EPI_ISL_19241173",3,2,1,1,1,1,1,2,"3_2_1_1_1_1_1_2"
"11050","EPI_ISL_19241172",3,2,1,1,1,1,1,2,"3_2_1_1_1_1_1_2"
"11051","EPI_ISL_19241171",3,2,1,1,1,1,1,2,"3_2_1_1_1_1_1_2"
"11052","EPI_ISL_19241170",3,2,1,1,1,1,1,2,"3_2_1_1_1_1_1_2"
"11053","EPI_ISL_19241169",3,2,1,1,1,1,1,2,"3_2_1_1_1_1_1_2"
"11054","EPI_ISL_19241168",3,2,1,1,1,1,1,2,"3_2_1_1_1_1_1_2"
"11055","EPI_ISL_19241167",3,2,1,1,1,1,1,2,"3_2_1_1_1_1_1_2"
"11056","EPI_ISL_19241166",3,2,1,1,1,1,1,2,"3_2_1_1_1_1_1_2"
"11057","EPI_ISL_19241165",3,2,1,1,1,1,1,2,"3_2_1_1_1_1_1_2"
"11058","EPI_ISL_19241164",3,2,1,1,1,1,1,2,"3_2_1_1_1_1_1_2"
"11059","EPI_ISL_19241163",3,2,1,1,1,1,1,2,"3_2_1_1_1_1_1_2"
"11060","EPI_ISL_19241162",3,2,1,1,1,1,1,2,"3_2_1_1_1_1_1_2"
"11061","EPI_ISL_19241157",3,2,1,1,1,1,1,2,"3_2_1_1_1_1_1_2"
"11062","EPI_ISL_19241156",3,2,1,1,1,1,1,2,"3_2_1_1_1_1_1_2"
"11063","EPI_ISL_19241155",3,2,1,1,1,1,1,2,"3_2_1_1_1_1_1_2"
"11064","EPI_ISL_19241152",3,2,1,1,1,1,1,2,"3_2_1_1_1_1_1_2"
"11065","EPI_ISL_19241149",3,2,1,1,1,1,1,2,"3_2_1_1_1_1_1_2"
"11066","EPI_ISL_19241148",3,2,1,1,1,1,1,2,"3_2_1_1_1_1_1_2"
"11067","EPI_ISL_19241147",3,2,1,1,1,1,1,2,"3_2_1_1_1_1_1_2"
"11068","EPI_ISL_19241146",3,2,1,1,1,1,1,2,"3_2_1_1_1_1_1_2"
"11069","EPI_ISL_19241145",3,2,1,1,1,1,1,2,"3_2_1_1_1_1_1_2"
"11070","EPI_ISL_19241143",3,2,1,1,1,1,1,2,"3_2_1_1_1_1_1_2"
"11071","EPI_ISL_19241142",3,2,1,1,1,1,1,2,"3_2_1_1_1_1_1_2"
"11072","EPI_ISL_19241141",3,2,1,1,1,1,1,2,"3_2_1_1_1_1_1_2"
"11073","EPI_ISL_19241140",3,2,1,1,1,1,1,2,"3_2_1_1_1_1_1_2"
"11074","EPI_ISL_19241139",3,2,1,1,1,1,1,2,"3_2_1_1_1_1_1_2"
"11075","EPI_ISL_19241138",3,2,1,1,1,1,1,2,"3_2_1_1_1_1_1_2"
"11076","EPI_ISL_19241137",3,2,1,1,1,1,1,2,"3_2_1_1_1_1_1_2"
"11077","EPI_ISL_19241136",3,2,1,1,1,1,1,2,"3_2_1_1_1_1_1_2"
"11078","EPI_ISL_19241135",3,2,1,1,1,1,1,2,"3_2_1_1_1_1_1_2"
"11079","EPI_ISL_19241134",3,2,1,1,1,1,1,2,"3_2_1_1_1_1_1_2"
"11080","EPI_ISL_19241133",3,2,1,1,1,1,1,2,"3_2_1_1_1_1_1_2"
"11081","EPI_ISL_19224089",3,2,1,1,1,1,1,2,"3_2_1_1_1_1_1_2"
"11082","EPI_ISL_19175606",3,2,1,1,1,1,1,2,"3_2_1_1_1_1_1_2"
"11083","EPI_ISL_18961445",8,6,2,1,2,3,1,1,"8_6_2_1_2_3_1_1"
"11084","EPI_ISL_19371693",11,10,2,1,5,5,1,6,"11_10_2_1_5_5_1_6"
"11085","EPI_ISL_18929004",1,6,2,1,2,1,1,1,"1_6_2_1_2_1_1_1"
"11086","EPI_ISL_19453523",1,6,2,1,2,1,1,1,"1_6_2_1_2_1_1_1"
"11087","EPI_ISL_19453411",1,6,2,1,2,1,1,1,"1_6_2_1_2_1_1_1"
"11088","EPI_ISL_19437975",7,2,1,1,1,1,1,2,"7_2_1_1_1_1_1_2"
"11089","EPI_ISL_19437974",7,2,1,1,1,1,1,2,"7_2_1_1_1_1_1_2"
"11090","EPI_ISL_19404931",5,3,1,1,1,1,1,2,"5_3_1_1_1_1_1_2"
"11091","EPI_ISL_18815361",8,1,2,1,2,1,1,1,"8_1_2_1_2_1_1_1"
"11092","EPI_ISL_18815329",1,1,2,1,2,1,1,1,"1_1_2_1_2_1_1_1"
"11093","EPI_ISL_19404902",5,3,1,1,1,1,1,2,"5_3_1_1_1_1_1_2"
"11094","EPI_ISL_18750748",1,8,2,1,2,1,1,1,"1_8_2_1_2_1_1_1"
"11095","EPI_ISL_19094698",3,2,1,1,6,1,1,2,"3_2_1_1_6_1_1_2"
"11096","EPI_ISL_19094697",7,2,1,1,1,1,1,2,"7_2_1_1_1_1_1_2"
"11097","EPI_ISL_19094639",5,3,1,1,1,1,1,2,"5_3_1_1_1_1_1_2"
"11098","EPI_ISL_19094638",5,3,1,1,1,1,1,2,"5_3_1_1_1_1_1_2"
"11099","EPI_ISL_19094515",7,2,1,1,1,1,1,2,"7_2_1_1_1_1_1_2"
"11100","EPI_ISL_19094514",3,2,1,1,6,1,1,2,"3_2_1_1_6_1_1_2"
"11101","EPI_ISL_19094498",7,2,1,1,1,1,1,2,"7_2_1_1_1_1_1_2"
"11102","EPI_ISL_19029376",1,1,2,1,2,1,1,1,"1_1_2_1_2_1_1_1"
"11103","EPI_ISL_18946775",1,6,2,1,2,1,1,1,"1_6_2_1_2_1_1_1"
"11104","EPI_ISL_18946774",1,6,2,1,2,1,1,1,"1_6_2_1_2_1_1_1"
"11105","EPI_ISL_18946710",1,6,2,1,2,1,1,1,"1_6_2_1_2_1_1_1"
"11106","EPI_ISL_19341095",1,1,2,1,2,1,1,1,"1_1_2_1_2_1_1_1"
"11107","EPI_ISL_19028669",2,1,1,1,2,1,1,1,"2_1_1_1_2_1_1_1"
"11108","EPI_ISL_18800495",2,1,1,1,2,1,1,1,"2_1_1_1_2_1_1_1"
"11109","EPI_ISL_18800490",2,1,1,1,2,1,1,1,"2_1_1_1_2_1_1_1"
"11110","EPI_ISL_19259709",33,6,2,1,2,1,1,1,"33_6_2_1_2_1_1_1"
"11111","EPI_ISL_19094505",7,2,1,1,1,1,1,2,"7_2_1_1_1_1_1_2"
"11112","EPI_ISL_18898050",33,8,2,1,2,1,1,1,"33_8_2_1_2_1_1_1"
"11113","EPI_ISL_18946720",1,6,2,1,2,1,1,1,"1_6_2_1_2_1_1_1"
"11114","EPI_ISL_18946719",1,6,2,1,2,1,1,1,"1_6_2_1_2_1_1_1"
"11115","EPI_ISL_18946718",1,6,2,1,2,1,1,1,"1_6_2_1_2_1_1_1"
"11116","EPI_ISL_19488095",3,2,1,1,1,1,1,2,"3_2_1_1_1_1_1_2"
"11117","EPI_ISL_19145122",3,1,1,1,1,1,1,1,"3_1_1_1_1_1_1_1"
"11118","EPI_ISL_19145121",3,1,1,1,1,1,1,1,"3_1_1_1_1_1_1_1"
"11119","EPI_ISL_19145118",4,5,5,1,1,1,1,1,"4_5_5_1_1_1_1_1"
"11120","EPI_ISL_19145117",4,5,5,1,1,1,1,1,"4_5_5_1_1_1_1_1"
"11121","EPI_ISL_19145116",4,5,5,1,1,1,1,1,"4_5_5_1_1_1_1_1"
"11122","EPI_ISL_19145115",4,5,5,1,1,1,1,1,"4_5_5_1_1_1_1_1"
"11123","EPI_ISL_19145114",2,1,1,1,2,1,1,1,"2_1_1_1_2_1_1_1"
"11124","EPI_ISL_19145113",4,5,5,1,1,1,1,1,"4_5_5_1_1_1_1_1"
"11125","EPI_ISL_19145112",4,5,5,1,1,1,1,1,"4_5_5_1_1_1_1_1"
"11126","EPI_ISL_19145111",4,5,5,1,1,1,1,1,"4_5_5_1_1_1_1_1"
"11127","EPI_ISL_19145110",4,5,5,1,1,1,1,1,"4_5_5_1_1_1_1_1"
"11128","EPI_ISL_19145109",4,5,5,1,1,1,1,1,"4_5_5_1_1_1_1_1"
"11129","EPI_ISL_19094645",7,2,1,1,11,1,1,2,"7_2_1_1_11_1_1_2"
"11130","EPI_ISL_19094644",7,2,1,1,11,1,1,2,"7_2_1_1_11_1_1_2"
"11131","EPI_ISL_19094643",7,2,1,1,11,1,1,2,"7_2_1_1_11_1_1_2"
"11132","EPI_ISL_19094642",7,2,1,1,11,1,1,2,"7_2_1_1_11_1_1_2"
"11133","EPI_ISL_19094641",7,2,1,1,11,1,1,2,"7_2_1_1_11_1_1_2"
"11134","EPI_ISL_19094640",7,2,1,1,11,1,1,2,"7_2_1_1_11_1_1_2"
"11135","EPI_ISL_19094513",7,2,1,1,1,1,1,2,"7_2_1_1_1_1_1_2"
"11136","EPI_ISL_19094496",7,2,1,1,1,1,1,2,"7_2_1_1_1_1_1_2"
"11137","EPI_ISL_19521535",8,6,2,1,2,3,1,1,"8_6_2_1_2_3_1_1"
"11138","EPI_ISL_19521534",8,6,2,1,2,3,1,1,"8_6_2_1_2_3_1_1"
"11139","EPI_ISL_19521533",8,6,2,1,2,3,1,1,"8_6_2_1_2_3_1_1"
"11140","EPI_ISL_19521532",8,6,2,1,2,3,1,1,"8_6_2_1_2_3_1_1"
"11141","EPI_ISL_19521531",1,6,2,1,2,1,1,1,"1_6_2_1_2_1_1_1"
"11142","EPI_ISL_19521530",8,6,2,1,2,3,1,1,"8_6_2_1_2_3_1_1"
"11143","EPI_ISL_19521529",8,6,2,1,2,3,1,1,"8_6_2_1_2_3_1_1"
"11144","EPI_ISL_19521528",8,6,2,1,2,3,1,1,"8_6_2_1_2_3_1_1"
"11145","EPI_ISL_19521526",8,6,2,1,2,3,1,1,"8_6_2_1_2_3_1_1"
"11146","EPI_ISL_19521525",8,6,2,1,2,3,1,1,"8_6_2_1_2_3_1_1"
"11147","EPI_ISL_19521524",8,6,2,1,2,3,1,1,"8_6_2_1_2_3_1_1"
"11148","EPI_ISL_19521523",8,6,2,1,2,3,1,1,"8_6_2_1_2_3_1_1"
"11149","EPI_ISL_19521522",8,6,2,1,2,3,1,1,"8_6_2_1_2_3_1_1"
"11150","EPI_ISL_19521521",8,6,2,1,2,3,1,1,"8_6_2_1_2_3_1_1"
"11151","EPI_ISL_19521520",8,6,2,1,2,3,1,1,"8_6_2_1_2_3_1_1"
"11152","EPI_ISL_19521519",8,6,2,1,2,3,1,1,"8_6_2_1_2_3_1_1"
"11153","EPI_ISL_19521518",8,6,2,1,2,3,1,1,"8_6_2_1_2_3_1_1"
"11154","EPI_ISL_19521517",8,6,2,1,2,3,1,1,"8_6_2_1_2_3_1_1"
"11155","EPI_ISL_19521516",8,6,2,1,2,3,1,1,"8_6_2_1_2_3_1_1"
"11156","EPI_ISL_19521515",8,6,2,1,2,3,1,1,"8_6_2_1_2_3_1_1"
"11157","EPI_ISL_19521514",8,6,2,1,2,3,1,1,"8_6_2_1_2_3_1_1"
"11158","EPI_ISL_19521513",8,6,2,1,2,3,1,1,"8_6_2_1_2_3_1_1"
"11159","EPI_ISL_19521512",8,6,2,1,2,3,1,1,"8_6_2_1_2_3_1_1"
"11160","EPI_ISL_19521511",8,6,2,1,2,3,1,1,"8_6_2_1_2_3_1_1"
"11161","EPI_ISL_19521510",8,6,2,1,2,3,1,1,"8_6_2_1_2_3_1_1"
"11162","EPI_ISL_18800497",2,1,1,1,2,1,1,1,"2_1_1_1_2_1_1_1"
"11163","EPI_ISL_18800475",2,1,1,1,2,1,1,1,"2_1_1_1_2_1_1_1"
"11164","EPI_ISL_18800048",2,1,1,1,2,1,1,1,"2_1_1_1_2_1_1_1"
"11165","EPI_ISL_18800046",2,1,1,1,2,1,1,1,"2_1_1_1_2_1_1_1"
"11166","EPI_ISL_18800045",2,1,1,1,2,1,1,1,"2_1_1_1_2_1_1_1"
"11167","EPI_ISL_18800043",2,1,1,1,2,1,1,1,"2_1_1_1_2_1_1_1"
"11168","EPI_ISL_18800038",2,1,1,1,2,1,1,1,"2_1_1_1_2_1_1_1"
"11169","EPI_ISL_18800036",2,1,1,1,2,1,1,1,"2_1_1_1_2_1_1_1"
"11170","EPI_ISL_18799990",2,1,1,1,2,1,1,1,"2_1_1_1_2_1_1_1"
"11171","EPI_ISL_18799989",2,1,1,1,2,1,1,1,"2_1_1_1_2_1_1_1"
"11172","EPI_ISL_18799988",2,1,1,1,2,1,1,1,"2_1_1_1_2_1_1_1"
"11173","EPI_ISL_18799987",2,1,1,1,2,1,1,1,"2_1_1_1_2_1_1_1"
"11174","EPI_ISL_18799964",2,1,1,1,2,1,1,1,"2_1_1_1_2_1_1_1"
"11175","EPI_ISL_18799629",2,1,1,1,2,1,1,1,"2_1_1_1_2_1_1_1"
"11176","EPI_ISL_18799623",2,1,1,1,2,1,1,1,"2_1_1_1_2_1_1_1"
"11177","EPI_ISL_18799619",2,1,1,1,2,1,1,1,"2_1_1_1_2_1_1_1"
"11178","EPI_ISL_18799587",2,1,1,1,2,1,1,1,"2_1_1_1_2_1_1_1"
"11179","EPI_ISL_18799506",2,1,1,1,2,1,1,1,"2_1_1_1_2_1_1_1"
"11180","EPI_ISL_19029378",1,1,2,1,2,1,1,1,"1_1_2_1_2_1_1_1"
"11181","EPI_ISL_19094660",3,2,1,1,1,1,1,2,"3_2_1_1_1_1_1_2"
"11182","EPI_ISL_19094669",7,2,1,1,1,1,1,2,"7_2_1_1_1_1_1_2"
"11183","EPI_ISL_19094667",7,2,1,1,1,1,1,2,"7_2_1_1_1_1_1_2"
"11184","EPI_ISL_19094666",7,2,1,1,1,1,1,2,"7_2_1_1_1_1_1_2"
"11185","EPI_ISL_19094665",7,2,1,1,1,1,1,2,"7_2_1_1_1_1_1_2"
"11186","EPI_ISL_19094649",7,2,1,1,1,1,1,2,"7_2_1_1_1_1_1_2"
"11187","EPI_ISL_19094648",7,2,1,1,1,1,1,2,"7_2_1_1_1_1_1_2"
"11188","EPI_ISL_19094647",7,2,1,1,1,1,1,2,"7_2_1_1_1_1_1_2"
"11189","EPI_ISL_19094646",7,2,1,1,1,1,1,2,"7_2_1_1_1_1_1_2"
"11190","EPI_ISL_19094637",7,2,1,1,1,1,1,2,"7_2_1_1_1_1_1_2"
"11191","EPI_ISL_19094636",7,2,1,1,1,1,1,2,"7_2_1_1_1_1_1_2"
"11192","EPI_ISL_19094635",7,2,1,1,1,1,1,2,"7_2_1_1_1_1_1_2"
"11193","EPI_ISL_19094634",3,2,1,1,1,1,1,2,"3_2_1_1_1_1_1_2"
"11194","EPI_ISL_19094630",7,2,1,1,1,1,1,2,"7_2_1_1_1_1_1_2"
"11195","EPI_ISL_19094629",7,2,1,1,1,1,1,2,"7_2_1_1_1_1_1_2"
"11196","EPI_ISL_19094507",7,2,1,1,1,1,1,2,"7_2_1_1_1_1_1_2"
"11197","EPI_ISL_19094506",7,2,1,1,1,1,1,2,"7_2_1_1_1_1_1_2"
"11198","EPI_ISL_19094504",7,2,1,1,1,1,1,2,"7_2_1_1_1_1_1_2"
"11199","EPI_ISL_19094501",7,2,1,1,1,1,1,2,"7_2_1_1_1_1_1_2"
"11200","EPI_ISL_19094500",7,2,1,1,1,1,1,2,"7_2_1_1_1_1_1_2"
"11201","EPI_ISL_19094499",7,2,1,1,1,1,1,2,"7_2_1_1_1_1_1_2"
"11202","EPI_ISL_19094443",7,2,1,1,1,1,1,2,"7_2_1_1_1_1_1_2"
"11203","EPI_ISL_19356984",11,10,2,1,5,5,1,6,"11_10_2_1_5_5_1_6"
"11204","EPI_ISL_19521828",2,1,1,1,2,1,1,1,"2_1_1_1_2_1_1_1"
"11205","EPI_ISL_19372831",7,2,1,1,11,1,1,2,"7_2_1_1_11_1_1_2"
"11206","EPI_ISL_19372830",7,2,1,1,11,1,1,2,"7_2_1_1_11_1_1_2"
"11207","EPI_ISL_19372829",7,2,1,1,1,1,1,2,"7_2_1_1_1_1_1_2"
"11208","EPI_ISL_19372828",7,2,1,1,1,1,1,2,"7_2_1_1_1_1_1_2"
"11209","EPI_ISL_19372827",4,13,9,1,2,1,1,1,"4_13_9_1_2_1_1_1"
"11210","EPI_ISL_19372826",4,13,9,1,2,1,1,1,"4_13_9_1_2_1_1_1"
"11211","EPI_ISL_19372825",7,2,1,1,1,1,1,2,"7_2_1_1_1_1_1_2"
"11212","EPI_ISL_19372824",7,2,1,1,1,1,1,2,"7_2_1_1_1_1_1_2"
"11213","EPI_ISL_19372820",7,2,1,1,1,1,1,2,"7_2_1_1_1_1_1_2"
"11214","EPI_ISL_19372819",7,2,1,1,1,1,1,2,"7_2_1_1_1_1_1_2"
"11215","EPI_ISL_19372817",4,13,9,1,2,1,1,1,"4_13_9_1_2_1_1_1"
"11216","EPI_ISL_19372816",4,13,9,1,2,1,1,1,"4_13_9_1_2_1_1_1"
"11217","EPI_ISL_19372799",7,2,1,1,1,1,1,2,"7_2_1_1_1_1_1_2"
"11218","EPI_ISL_19372798",7,2,1,1,1,1,1,2,"7_2_1_1_1_1_1_2"
"11219","EPI_ISL_19372797",7,2,1,1,1,1,1,2,"7_2_1_1_1_1_1_2"
"11220","EPI_ISL_19372796",4,13,9,1,2,1,1,1,"4_13_9_1_2_1_1_1"
"11221","EPI_ISL_19372795",7,2,1,1,1,1,1,2,"7_2_1_1_1_1_1_2"
"11222","EPI_ISL_19372794",7,2,1,1,1,1,1,2,"7_2_1_1_1_1_1_2"
"11223","EPI_ISL_19372793",7,2,1,1,1,1,1,2,"7_2_1_1_1_1_1_2"
"11224","EPI_ISL_19372792",7,2,1,1,1,1,1,2,"7_2_1_1_1_1_1_2"
"11225","EPI_ISL_19372791",7,2,1,1,1,1,1,2,"7_2_1_1_1_1_1_2"
"11226","EPI_ISL_19372790",7,2,1,1,1,1,1,2,"7_2_1_1_1_1_1_2"
"11227","EPI_ISL_19372789",7,2,1,1,1,1,1,2,"7_2_1_1_1_1_1_2"
"11228","EPI_ISL_19372788",7,2,1,1,1,1,1,2,"7_2_1_1_1_1_1_2"
"11229","EPI_ISL_19372787",7,2,1,1,1,1,1,2,"7_2_1_1_1_1_1_2"
"11230","EPI_ISL_19372786",29,2,1,1,1,1,1,2,"29_2_1_1_1_1_1_2"
"11231","EPI_ISL_19372785",7,2,1,1,1,1,1,2,"7_2_1_1_1_1_1_2"
"11232","EPI_ISL_19372784",7,2,1,1,1,1,1,2,"7_2_1_1_1_1_1_2"
"11233","EPI_ISL_19372783",7,2,1,1,1,1,1,2,"7_2_1_1_1_1_1_2"
"11234","EPI_ISL_19372782",4,13,9,1,2,1,1,1,"4_13_9_1_2_1_1_1"
"11235","EPI_ISL_19341026",4,13,9,1,2,1,1,1,"4_13_9_1_2_1_1_1"
"11236","EPI_ISL_19341025",4,13,9,1,2,1,1,1,"4_13_9_1_2_1_1_1"
"11237","EPI_ISL_19341024",7,2,1,1,1,1,1,2,"7_2_1_1_1_1_1_2"
"11238","EPI_ISL_19341023",3,30,1,1,6,1,1,2,"3_30_1_1_6_1_1_2"
"11239","EPI_ISL_19341022",3,30,1,1,6,1,1,2,"3_30_1_1_6_1_1_2"
"11240","EPI_ISL_19341021",3,30,1,1,6,1,1,2,"3_30_1_1_6_1_1_2"
"11241","EPI_ISL_19341020",7,2,1,1,1,1,1,2,"7_2_1_1_1_1_1_2"
"11242","EPI_ISL_19341019",7,2,1,1,1,1,1,2,"7_2_1_1_1_1_1_2"
"11243","EPI_ISL_19341018",7,2,1,1,1,1,1,2,"7_2_1_1_1_1_1_2"
"11244","EPI_ISL_19341017",7,2,1,1,1,1,1,2,"7_2_1_1_1_1_1_2"
"11245","EPI_ISL_19341016",7,2,1,1,1,1,1,2,"7_2_1_1_1_1_1_2"
"11246","EPI_ISL_19341015",7,2,1,1,1,1,1,2,"7_2_1_1_1_1_1_2"
"11247","EPI_ISL_19341014",4,13,9,1,2,1,1,1,"4_13_9_1_2_1_1_1"
"11248","EPI_ISL_19341013",7,2,1,1,1,1,1,2,"7_2_1_1_1_1_1_2"
"11249","EPI_ISL_19341012",7,2,1,1,1,1,1,2,"7_2_1_1_1_1_1_2"
"11250","EPI_ISL_19341011",4,13,9,1,2,1,1,1,"4_13_9_1_2_1_1_1"
"11251","EPI_ISL_19341010",7,2,1,1,1,1,1,2,"7_2_1_1_1_1_1_2"
"11252","EPI_ISL_19341009",7,2,1,1,1,1,1,2,"7_2_1_1_1_1_1_2"
"11253","EPI_ISL_19341008",7,2,1,1,1,1,1,2,"7_2_1_1_1_1_1_2"
"11254","EPI_ISL_19341007",4,2,1,1,1,1,1,2,"4_2_1_1_1_1_1_2"
"11255","EPI_ISL_19341006",7,2,1,1,1,1,1,2,"7_2_1_1_1_1_1_2"
"11256","EPI_ISL_19341005",7,2,1,1,1,1,1,2,"7_2_1_1_1_1_1_2"
"11257","EPI_ISL_19341004",4,2,1,1,1,1,1,2,"4_2_1_1_1_1_1_2"
"11258","EPI_ISL_19325240",7,2,1,1,1,1,1,2,"7_2_1_1_1_1_1_2"
"11259","EPI_ISL_19325239",7,2,1,1,1,1,1,2,"7_2_1_1_1_1_1_2"
"11260","EPI_ISL_19325238",7,2,1,1,1,1,1,2,"7_2_1_1_1_1_1_2"
"11261","EPI_ISL_19325237",7,2,1,1,1,1,1,2,"7_2_1_1_1_1_1_2"
"11262","EPI_ISL_19325236",7,2,1,1,1,1,1,2,"7_2_1_1_1_1_1_2"
"11263","EPI_ISL_19325235",3,2,1,1,6,1,1,2,"3_2_1_1_6_1_1_2"
"11264","EPI_ISL_19325234",7,2,1,1,22,1,1,2,"7_2_1_1_22_1_1_2"
"11265","EPI_ISL_19325233",7,2,1,1,22,1,1,2,"7_2_1_1_22_1_1_2"
"11266","EPI_ISL_19325232",7,30,1,1,1,1,1,2,"7_30_1_1_1_1_1_2"
"11267","EPI_ISL_19325231",7,2,1,1,1,1,1,2,"7_2_1_1_1_1_1_2"
"11268","EPI_ISL_19325230",7,2,1,1,1,1,1,2,"7_2_1_1_1_1_1_2"
"11269","EPI_ISL_19325229",7,2,1,1,1,1,1,2,"7_2_1_1_1_1_1_2"
"11270","EPI_ISL_19325228",7,2,1,1,1,1,1,2,"7_2_1_1_1_1_1_2"
"11271","EPI_ISL_19325227",4,5,1,1,1,1,1,1,"4_5_1_1_1_1_1_1"
"11272","EPI_ISL_19325226",4,5,1,1,1,1,1,1,"4_5_1_1_1_1_1_1"
"11273","EPI_ISL_19325225",4,5,1,1,1,1,1,1,"4_5_1_1_1_1_1_1"
"11274","EPI_ISL_19325224",4,5,1,1,1,1,1,1,"4_5_1_1_1_1_1_1"
"11275","EPI_ISL_19325223",3,2,1,1,6,1,1,2,"3_2_1_1_6_1_1_2"
"11276","EPI_ISL_19325222",2,1,1,1,2,1,1,1,"2_1_1_1_2_1_1_1"
"11277","EPI_ISL_19325221",7,2,1,1,1,1,1,2,"7_2_1_1_1_1_1_2"
"11278","EPI_ISL_19325220",4,2,1,1,1,1,1,2,"4_2_1_1_1_1_1_2"
"11279","EPI_ISL_19325219",2,1,1,1,2,1,1,1,"2_1_1_1_2_1_1_1"
"11280","EPI_ISL_19194254",7,2,1,1,1,1,1,2,"7_2_1_1_1_1_1_2"
"11281","EPI_ISL_19194253",7,2,1,1,1,1,1,2,"7_2_1_1_1_1_1_2"
"11282","EPI_ISL_19194252",4,13,9,1,2,1,1,1,"4_13_9_1_2_1_1_1"
"11283","EPI_ISL_19194251",4,13,9,1,2,1,1,1,"4_13_9_1_2_1_1_1"
"11284","EPI_ISL_19194250",4,5,5,1,1,1,1,1,"4_5_5_1_1_1_1_1"
"11285","EPI_ISL_19194249",7,2,1,1,1,1,1,2,"7_2_1_1_1_1_1_2"
"11286","EPI_ISL_19194248",7,2,1,1,1,1,1,2,"7_2_1_1_1_1_1_2"
"11287","EPI_ISL_19194247",7,2,1,1,1,1,1,2,"7_2_1_1_1_1_1_2"
"11288","EPI_ISL_19194246",7,2,1,1,1,1,1,2,"7_2_1_1_1_1_1_2"
"11289","EPI_ISL_19194245",7,2,1,1,1,1,1,2,"7_2_1_1_1_1_1_2"
"11290","EPI_ISL_19194244",3,2,1,1,6,1,1,2,"3_2_1_1_6_1_1_2"
"11291","EPI_ISL_19194243",3,2,1,1,6,1,1,2,"3_2_1_1_6_1_1_2"
"11292","EPI_ISL_19194242",7,2,1,1,1,1,1,2,"7_2_1_1_1_1_1_2"
"11293","EPI_ISL_19194241",3,2,1,1,6,1,1,2,"3_2_1_1_6_1_1_2"
"11294","EPI_ISL_19194240",7,2,1,1,1,1,1,2,"7_2_1_1_1_1_1_2"
"11295","EPI_ISL_19194239",7,2,1,1,1,1,1,2,"7_2_1_1_1_1_1_2"
"11296","EPI_ISL_19194238",7,2,1,1,1,1,1,2,"7_2_1_1_1_1_1_2"
"11297","EPI_ISL_19194237",7,2,1,1,1,1,1,2,"7_2_1_1_1_1_1_2"
"11298","EPI_ISL_19194236",7,2,1,1,1,1,1,2,"7_2_1_1_1_1_1_2"
"11299","EPI_ISL_19194235",7,2,1,1,1,1,1,2,"7_2_1_1_1_1_1_2"
"11300","EPI_ISL_19194234",7,2,1,1,1,1,1,2,"7_2_1_1_1_1_1_2"
"11301","EPI_ISL_19194233",7,2,1,1,1,1,1,2,"7_2_1_1_1_1_1_2"
"11302","EPI_ISL_19176354",8,8,2,1,2,1,1,1,"8_8_2_1_2_1_1_1"
"11303","EPI_ISL_19159901",7,2,1,1,1,1,1,2,"7_2_1_1_1_1_1_2"
"11304","EPI_ISL_19159900",7,2,1,1,1,1,1,2,"7_2_1_1_1_1_1_2"
"11305","EPI_ISL_19159899",7,2,1,1,1,1,1,2,"7_2_1_1_1_1_1_2"
"11306","EPI_ISL_19159898",7,2,1,1,1,1,1,2,"7_2_1_1_1_1_1_2"
"11307","EPI_ISL_19159897",7,2,1,1,1,1,1,2,"7_2_1_1_1_1_1_2"
"11308","EPI_ISL_19159896",7,2,1,1,1,1,1,2,"7_2_1_1_1_1_1_2"
"11309","EPI_ISL_19159895",7,2,1,1,1,1,1,2,"7_2_1_1_1_1_1_2"
"11310","EPI_ISL_19159894",7,2,1,1,1,1,1,2,"7_2_1_1_1_1_1_2"
"11311","EPI_ISL_19159893",7,2,1,1,1,1,1,2,"7_2_1_1_1_1_1_2"
"11312","EPI_ISL_19159892",7,2,1,1,1,1,1,2,"7_2_1_1_1_1_1_2"
"11313","EPI_ISL_19159891",7,2,1,1,1,1,1,2,"7_2_1_1_1_1_1_2"
"11314","EPI_ISL_19159890",7,2,1,1,1,1,1,2,"7_2_1_1_1_1_1_2"
"11315","EPI_ISL_19159889",7,2,1,1,1,1,1,2,"7_2_1_1_1_1_1_2"
"11316","EPI_ISL_19159888",7,2,1,1,22,1,1,2,"7_2_1_1_22_1_1_2"
"11317","EPI_ISL_19159887",7,2,1,1,1,1,1,2,"7_2_1_1_1_1_1_2"
"11318","EPI_ISL_19159886",7,2,1,1,1,1,1,2,"7_2_1_1_1_1_1_2"
"11319","EPI_ISL_19159885",7,2,1,1,1,1,1,2,"7_2_1_1_1_1_1_2"
"11320","EPI_ISL_19159884",7,2,1,1,1,1,1,2,"7_2_1_1_1_1_1_2"
"11321","EPI_ISL_19159883",2,1,1,1,2,1,1,1,"2_1_1_1_2_1_1_1"
"11322","EPI_ISL_19159882",2,1,1,1,2,1,1,1,"2_1_1_1_2_1_1_1"
"11323","EPI_ISL_19159881",3,2,1,1,6,1,1,2,"3_2_1_1_6_1_1_2"
"11324","EPI_ISL_19159880",7,2,1,1,1,1,1,2,"7_2_1_1_1_1_1_2"
"11325","EPI_ISL_19145215",4,1,1,1,1,1,1,1,"4_1_1_1_1_1_1_1"
"11326","EPI_ISL_19145214",5,1,1,1,1,1,1,1,"5_1_1_1_1_1_1_1"
"11327","EPI_ISL_19145213",4,5,1,1,1,1,1,1,"4_5_1_1_1_1_1_1"
"11328","EPI_ISL_19145212",4,5,5,1,1,1,1,1,"4_5_5_1_1_1_1_1"
"11329","EPI_ISL_19145211",2,1,1,1,2,1,1,1,"2_1_1_1_2_1_1_1"
"11330","EPI_ISL_19145210",2,1,1,1,2,1,1,1,"2_1_1_1_2_1_1_1"
"11331","EPI_ISL_19145209",2,1,1,1,2,1,1,1,"2_1_1_1_2_1_1_1"
"11332","EPI_ISL_19145208",2,1,1,1,2,1,1,1,"2_1_1_1_2_1_1_1"
"11333","EPI_ISL_19145207",4,5,1,1,1,1,1,1,"4_5_1_1_1_1_1_1"
"11334","EPI_ISL_19145206",4,5,1,1,1,1,1,1,"4_5_1_1_1_1_1_1"
"11335","EPI_ISL_19145205",2,1,1,1,2,1,1,1,"2_1_1_1_2_1_1_1"
"11336","EPI_ISL_19145204",2,1,1,1,2,1,1,1,"2_1_1_1_2_1_1_1"
"11337","EPI_ISL_19145203",2,1,1,1,2,1,1,1,"2_1_1_1_2_1_1_1"
"11338","EPI_ISL_19145202",2,1,1,1,2,1,1,1,"2_1_1_1_2_1_1_1"
"11339","EPI_ISL_19145201",2,1,1,1,2,1,1,1,"2_1_1_1_2_1_1_1"
"11340","EPI_ISL_19145200",2,1,1,1,2,1,1,1,"2_1_1_1_2_1_1_1"
"11341","EPI_ISL_19145199",2,1,1,1,2,1,1,1,"2_1_1_1_2_1_1_1"
"11342","EPI_ISL_19145198",4,5,1,1,1,1,1,1,"4_5_1_1_1_1_1_1"
"11343","EPI_ISL_19145197",2,1,1,1,2,1,1,1,"2_1_1_1_2_1_1_1"
"11344","EPI_ISL_19145196",2,1,1,1,2,1,1,1,"2_1_1_1_2_1_1_1"
"11345","EPI_ISL_19145195",2,1,1,1,2,1,1,1,"2_1_1_1_2_1_1_1"
"11346","EPI_ISL_19145194",2,1,1,1,2,1,1,1,"2_1_1_1_2_1_1_1"
"11347","EPI_ISL_19145188",2,1,1,1,2,1,1,1,"2_1_1_1_2_1_1_1"
"11348","EPI_ISL_19145187",4,5,1,1,1,1,1,1,"4_5_1_1_1_1_1_1"
"11349","EPI_ISL_19145186",2,1,1,1,2,1,1,1,"2_1_1_1_2_1_1_1"
"11350","EPI_ISL_19145185",2,1,1,1,2,1,1,1,"2_1_1_1_2_1_1_1"
"11351","EPI_ISL_19145184",2,1,1,1,2,1,1,1,"2_1_1_1_2_1_1_1"
"11352","EPI_ISL_19145164",2,1,1,1,2,1,1,1,"2_1_1_1_2_1_1_1"
"11353","EPI_ISL_19145155",2,1,1,1,2,1,1,1,"2_1_1_1_2_1_1_1"
"11354","EPI_ISL_19145154",2,1,1,1,2,1,1,1,"2_1_1_1_2_1_1_1"
"11355","EPI_ISL_19145153",2,1,1,1,2,1,1,1,"2_1_1_1_2_1_1_1"
"11356","EPI_ISL_19145148",2,1,1,1,2,1,1,1,"2_1_1_1_2_1_1_1"
"11357","EPI_ISL_19145147",2,1,1,1,2,1,1,1,"2_1_1_1_2_1_1_1"
"11358","EPI_ISL_19145146",2,1,1,1,2,1,1,1,"2_1_1_1_2_1_1_1"
"11359","EPI_ISL_19145145",2,1,1,1,2,1,1,1,"2_1_1_1_2_1_1_1"
"11360","EPI_ISL_19145137",2,1,1,1,2,1,1,1,"2_1_1_1_2_1_1_1"
"11361","EPI_ISL_19145136",2,1,1,1,2,1,1,1,"2_1_1_1_2_1_1_1"
"11362","EPI_ISL_19094765",7,2,1,1,1,1,1,2,"7_2_1_1_1_1_1_2"
"11363","EPI_ISL_19094671",3,2,1,1,6,1,1,2,"3_2_1_1_6_1_1_2"
"11364","EPI_ISL_19094655",3,2,1,1,6,1,1,2,"3_2_1_1_6_1_1_2"
"11365","EPI_ISL_19094654",3,2,1,1,6,1,1,2,"3_2_1_1_6_1_1_2"
"11366","EPI_ISL_19094632",7,2,1,1,1,1,1,2,"7_2_1_1_1_1_1_2"
"11367","EPI_ISL_19094631",3,2,1,1,1,1,1,2,"3_2_1_1_1_1_1_2"
"11368","EPI_ISL_19094518",7,2,1,1,1,1,1,2,"7_2_1_1_1_1_1_2"
"11369","EPI_ISL_19094492",7,2,1,1,1,1,1,2,"7_2_1_1_1_1_1_2"
"11370","EPI_ISL_19094442",7,2,1,1,1,1,1,2,"7_2_1_1_1_1_1_2"
"11371","EPI_ISL_19094441",4,13,9,1,2,1,1,1,"4_13_9_1_2_1_1_1"
"11372","EPI_ISL_19094440",7,2,1,1,1,1,1,2,"7_2_1_1_1_1_1_2"
"11373","EPI_ISL_19094439",4,13,1,1,2,1,1,1,"4_13_1_1_2_1_1_1"
"11374","EPI_ISL_19094438",4,13,9,1,2,1,1,1,"4_13_9_1_2_1_1_1"
"11375","EPI_ISL_19094437",4,13,9,1,2,1,1,1,"4_13_9_1_2_1_1_1"
"11376","EPI_ISL_19094436",4,13,9,1,2,1,1,1,"4_13_9_1_2_1_1_1"
"11377","EPI_ISL_19094435",4,13,9,1,2,1,1,1,"4_13_9_1_2_1_1_1"
"11378","EPI_ISL_19094434",7,2,1,1,11,1,1,2,"7_2_1_1_11_1_1_2"
"11379","EPI_ISL_19094433",7,2,1,1,1,1,1,2,"7_2_1_1_1_1_1_2"
"11380","EPI_ISL_19094432",7,2,1,1,1,1,1,2,"7_2_1_1_1_1_1_2"
"11381","EPI_ISL_19094431",7,2,1,1,1,1,1,2,"7_2_1_1_1_1_1_2"
"11382","EPI_ISL_19094430",7,2,1,1,1,1,1,2,"7_2_1_1_1_1_1_2"
"11383","EPI_ISL_19094429",7,2,1,1,11,1,1,2,"7_2_1_1_11_1_1_2"
"11384","EPI_ISL_19094428",7,2,1,1,1,1,1,2,"7_2_1_1_1_1_1_2"
"11385","EPI_ISL_19014086",17,1,2,1,2,1,1,1,"17_1_2_1_2_1_1_1"
"11386","EPI_ISL_19014085",17,8,2,1,25,1,1,1,"17_8_2_1_25_1_1_1"
"11387","EPI_ISL_19014084",17,8,2,1,25,1,1,1,"17_8_2_1_25_1_1_1"
"11388","EPI_ISL_19014083",8,6,2,1,2,3,1,1,"8_6_2_1_2_3_1_1"
"11389","EPI_ISL_19014081",17,1,2,1,2,1,1,1,"17_1_2_1_2_1_1_1"
"11390","EPI_ISL_19014080",1,1,2,1,2,1,1,1,"1_1_2_1_2_1_1_1"
"11391","EPI_ISL_19014079",1,1,2,1,2,1,1,1,"1_1_2_1_2_1_1_1"
"11392","EPI_ISL_19014078",1,8,2,1,2,1,1,1,"1_8_2_1_2_1_1_1"
"11393","EPI_ISL_18979791",2,1,1,1,2,1,1,1,"2_1_1_1_2_1_1_1"
"11394","EPI_ISL_18979789",2,1,1,1,2,1,1,1,"2_1_1_1_2_1_1_1"
"11395","EPI_ISL_18963393",1,1,4,1,4,1,1,4,"1_1_4_1_4_1_1_4"
"11396","EPI_ISL_18963392",1,1,4,1,4,1,1,4,"1_1_4_1_4_1_1_4"
"11397","EPI_ISL_18932042",2,1,1,1,2,1,1,1,"2_1_1_1_2_1_1_1"
"11398","EPI_ISL_18914534",7,2,1,1,1,1,1,2,"7_2_1_1_1_1_1_2"
"11399","EPI_ISL_18914533",7,2,1,1,1,1,1,2,"7_2_1_1_1_1_1_2"
"11400","EPI_ISL_18914531",7,2,1,1,1,1,1,2,"7_2_1_1_1_1_1_2"
"11401","EPI_ISL_18914530",4,13,9,1,2,1,1,1,"4_13_9_1_2_1_1_1"
"11402","EPI_ISL_18914529",4,13,9,1,2,1,1,1,"4_13_9_1_2_1_1_1"
"11403","EPI_ISL_18914528",4,13,9,1,2,1,1,1,"4_13_9_1_2_1_1_1"
"11404","EPI_ISL_18914527",7,2,1,1,1,1,1,2,"7_2_1_1_1_1_1_2"
"11405","EPI_ISL_18914526",7,2,1,1,1,1,1,2,"7_2_1_1_1_1_1_2"
"11406","EPI_ISL_18914524",7,2,1,1,1,1,1,2,"7_2_1_1_1_1_1_2"
"11407","EPI_ISL_18914523",4,2,1,1,1,1,1,2,"4_2_1_1_1_1_1_2"
"11408","EPI_ISL_18914522",4,2,1,1,1,1,1,2,"4_2_1_1_1_1_1_2"
"11409","EPI_ISL_18914521",4,2,1,1,1,1,1,2,"4_2_1_1_1_1_1_2"
"11410","EPI_ISL_18914520",7,2,1,1,1,1,1,2,"7_2_1_1_1_1_1_2"
"11411","EPI_ISL_18914518",7,2,1,1,1,1,1,2,"7_2_1_1_1_1_1_2"
"11412","EPI_ISL_18914517",7,2,1,1,1,1,1,2,"7_2_1_1_1_1_1_2"
"11413","EPI_ISL_18914516",7,2,1,1,1,1,1,2,"7_2_1_1_1_1_1_2"
"11414","EPI_ISL_18914515",7,2,1,1,1,1,1,2,"7_2_1_1_1_1_1_2"
"11415","EPI_ISL_18914514",7,2,1,1,1,1,1,2,"7_2_1_1_1_1_1_2"
"11416","EPI_ISL_18914513",7,2,1,1,1,1,1,2,"7_2_1_1_1_1_1_2"
"11417","EPI_ISL_18914512",7,2,1,1,1,1,1,2,"7_2_1_1_1_1_1_2"
"11418","EPI_ISL_18914511",7,2,1,1,1,1,1,2,"7_2_1_1_1_1_1_2"
"11419","EPI_ISL_18914510",7,2,1,1,1,1,1,2,"7_2_1_1_1_1_1_2"
"11420","EPI_ISL_18914509",7,2,1,1,1,1,1,2,"7_2_1_1_1_1_1_2"
"11421","EPI_ISL_18914508",7,2,1,1,1,1,1,2,"7_2_1_1_1_1_1_2"
"11422","EPI_ISL_18914507",7,2,1,1,1,1,1,2,"7_2_1_1_1_1_1_2"
"11423","EPI_ISL_18914506",7,2,1,1,1,1,1,2,"7_2_1_1_1_1_1_2"
"11424","EPI_ISL_18914505",7,2,1,1,1,1,1,2,"7_2_1_1_1_1_1_2"
"11425","EPI_ISL_18914504",7,2,1,1,1,1,1,2,"7_2_1_1_1_1_1_2"
"11426","EPI_ISL_18914328",7,2,1,1,1,1,1,2,"7_2_1_1_1_1_1_2"
"11427","EPI_ISL_18914326",7,2,1,1,1,1,1,2,"7_2_1_1_1_1_1_2"
"11428","EPI_ISL_18914323",7,2,1,1,1,1,1,2,"7_2_1_1_1_1_1_2"
"11429","EPI_ISL_18882069",1,1,4,1,4,1,1,4,"1_1_4_1_4_1_1_4"
"11430","EPI_ISL_18882016",1,1,4,1,4,1,1,4,"1_1_4_1_4_1_1_4"
"11431","EPI_ISL_18833043",7,2,1,1,1,1,1,2,"7_2_1_1_1_1_1_2"
"11432","EPI_ISL_18833042",7,2,1,1,1,1,1,2,"7_2_1_1_1_1_1_2"
"11433","EPI_ISL_18833040",7,2,1,1,1,1,1,2,"7_2_1_1_1_1_1_2"
"11434","EPI_ISL_19521829",2,1,1,1,2,1,1,1,"2_1_1_1_2_1_1_1"
"11435","EPI_ISL_19488066",3,2,1,1,1,1,1,2,"3_2_1_1_1_1_1_2"
"11436","EPI_ISL_19488055",3,2,1,1,1,1,1,2,"3_2_1_1_1_1_1_2"
"11437","EPI_ISL_19307294",3,2,1,1,1,1,1,2,"3_2_1_1_1_1_1_2"
"11438","EPI_ISL_19307293",3,2,1,1,1,1,1,2,"3_2_1_1_1_1_1_2"
"11439","EPI_ISL_19307292",3,2,1,1,1,1,1,2,"3_2_1_1_1_1_1_2"
"11440","EPI_ISL_19307291",3,2,1,1,1,1,1,2,"3_2_1_1_1_1_1_2"
"11441","EPI_ISL_19307290",3,2,1,1,1,1,1,2,"3_2_1_1_1_1_1_2"
"11442","EPI_ISL_19307260",3,2,1,1,1,1,1,2,"3_2_1_1_1_1_1_2"
"11443","EPI_ISL_19210555",6,34,24,1,15,13,1,11,"6_34_24_1_15_13_1_11"
"11444","EPI_ISL_19210554",50,54,31,1,31,13,2,6,"50_54_31_1_31_13_2_6"
"11445","EPI_ISL_19210553",6,28,3,1,15,5,1,11,"6_28_3_1_15_5_1_11"
"11446","EPI_ISL_19210552",21,25,15,1,13,6,1,7,"21_25_15_1_13_6_1_7"
"11447","EPI_ISL_19209578",21,25,15,1,13,6,1,7,"21_25_15_1_13_6_1_7"
"11448","EPI_ISL_19209543",21,25,15,1,13,6,1,7,"21_25_15_1_13_6_1_7"
"11449","EPI_ISL_19145124",4,5,1,1,1,1,1,1,"4_5_1_1_1_1_1_1"
"11450","EPI_ISL_19145123",5,3,1,1,1,1,1,2,"5_3_1_1_1_1_1_2"
"11451","EPI_ISL_19145120",3,1,1,1,1,1,1,1,"3_1_1_1_1_1_1_1"
"11452","EPI_ISL_19145119",3,1,1,1,1,1,1,1,"3_1_1_1_1_1_1_1"
"11453","EPI_ISL_19094659",3,2,1,1,1,1,1,2,"3_2_1_1_1_1_1_2"
"11454","EPI_ISL_19094653",3,2,1,1,1,1,1,2,"3_2_1_1_1_1_1_2"
"11455","EPI_ISL_19094652",3,2,1,1,1,1,1,2,"3_2_1_1_1_1_1_2"
"11456","EPI_ISL_19094651",7,2,1,1,1,1,1,2,"7_2_1_1_1_1_1_2"
"11457","EPI_ISL_19094650",7,2,1,1,1,1,1,2,"7_2_1_1_1_1_1_2"
"11458","EPI_ISL_19094628",7,2,1,1,1,1,1,2,"7_2_1_1_1_1_1_2"
"11459","EPI_ISL_19094627",7,2,1,1,1,1,1,2,"7_2_1_1_1_1_1_2"
"11460","EPI_ISL_19094614",7,2,1,1,1,1,1,2,"7_2_1_1_1_1_1_2"
"11461","EPI_ISL_19094600",3,2,1,1,1,1,1,2,"3_2_1_1_1_1_1_2"
"11462","EPI_ISL_19094599",7,2,1,1,1,1,1,2,"7_2_1_1_1_1_1_2"
"11463","EPI_ISL_19094598",7,2,1,1,1,1,1,2,"7_2_1_1_1_1_1_2"
"11464","EPI_ISL_19094597",7,2,1,1,1,1,1,2,"7_2_1_1_1_1_1_2"
"11465","EPI_ISL_19094491",3,2,1,1,1,1,1,2,"3_2_1_1_1_1_1_2"
"11466","EPI_ISL_19094490",3,2,1,1,1,1,1,2,"3_2_1_1_1_1_1_2"
"11467","EPI_ISL_19094489",3,2,1,1,1,1,1,2,"3_2_1_1_1_1_1_2"
"11468","EPI_ISL_19094488",3,2,1,1,1,1,1,2,"3_2_1_1_1_1_1_2"
"11469","EPI_ISL_19094487",7,2,1,1,1,1,1,2,"7_2_1_1_1_1_1_2"
"11470","EPI_ISL_19094486",7,2,1,1,1,1,1,2,"7_2_1_1_1_1_1_2"
"11471","EPI_ISL_19094485",7,2,1,1,1,1,1,2,"7_2_1_1_1_1_1_2"
"11472","EPI_ISL_19094484",3,2,1,1,1,1,1,2,"3_2_1_1_1_1_1_2"
"11473","EPI_ISL_19094483",3,2,1,1,1,1,1,2,"3_2_1_1_1_1_1_2"
"11474","EPI_ISL_18946773",1,6,2,1,2,1,1,1,"1_6_2_1_2_1_1_1"
"11475","EPI_ISL_18946745",1,6,2,1,2,1,1,1,"1_6_2_1_2_1_1_1"
"11476","EPI_ISL_18946744",1,6,2,1,2,1,1,1,"1_6_2_1_2_1_1_1"
"11477","EPI_ISL_18946743",1,1,2,1,2,1,1,1,"1_1_2_1_2_1_1_1"
"11478","EPI_ISL_18946742",1,1,2,1,2,1,1,1,"1_1_2_1_2_1_1_1"
"11479","EPI_ISL_18946740",1,1,2,1,2,1,1,1,"1_1_2_1_2_1_1_1"
"11480","EPI_ISL_18946739",1,1,2,1,2,1,1,1,"1_1_2_1_2_1_1_1"
"11481","EPI_ISL_18946736",1,1,2,1,2,1,1,1,"1_1_2_1_2_1_1_1"
"11482","EPI_ISL_18946735",1,1,2,1,2,1,1,1,"1_1_2_1_2_1_1_1"
"11483","EPI_ISL_18946734",1,1,2,1,2,1,1,1,"1_1_2_1_2_1_1_1"
"11484","EPI_ISL_18946733",1,1,2,1,2,1,1,1,"1_1_2_1_2_1_1_1"
"11485","EPI_ISL_18946732",1,6,2,1,2,1,1,1,"1_6_2_1_2_1_1_1"
"11486","EPI_ISL_18946731",1,6,2,1,2,1,1,1,"1_6_2_1_2_1_1_1"
"11487","EPI_ISL_18946730",1,6,2,1,2,1,1,1,"1_6_2_1_2_1_1_1"
"11488","EPI_ISL_18946729",1,6,2,1,2,1,1,1,"1_6_2_1_2_1_1_1"
"11489","EPI_ISL_18946728",1,6,2,1,2,1,1,1,"1_6_2_1_2_1_1_1"
"11490","EPI_ISL_18946727",1,6,2,1,2,1,1,1,"1_6_2_1_2_1_1_1"
"11491","EPI_ISL_18946726",1,6,2,1,2,1,1,1,"1_6_2_1_2_1_1_1"
"11492","EPI_ISL_18946725",1,6,2,1,2,1,1,1,"1_6_2_1_2_1_1_1"
"11493","EPI_ISL_18946724",1,6,2,1,2,1,1,1,"1_6_2_1_2_1_1_1"
"11494","EPI_ISL_18946723",1,6,2,1,2,1,1,1,"1_6_2_1_2_1_1_1"
"11495","EPI_ISL_18946722",1,6,2,1,2,1,1,1,"1_6_2_1_2_1_1_1"
"11496","EPI_ISL_18946721",1,6,2,1,2,1,1,1,"1_6_2_1_2_1_1_1"
"11497","EPI_ISL_18946716",1,6,2,1,2,1,1,1,"1_6_2_1_2_1_1_1"
"11498","EPI_ISL_18946715",1,6,2,1,2,1,1,1,"1_6_2_1_2_1_1_1"
"11499","EPI_ISL_18946714",1,6,2,1,2,1,1,1,"1_6_2_1_2_1_1_1"
"11500","EPI_ISL_18946713",1,6,2,1,2,1,1,1,"1_6_2_1_2_1_1_1"
"11501","EPI_ISL_18946712",1,6,2,1,2,1,1,1,"1_6_2_1_2_1_1_1"
"11502","EPI_ISL_18946711",1,6,2,1,2,1,1,1,"1_6_2_1_2_1_1_1"
"11503","EPI_ISL_18914525",7,2,1,1,1,1,1,2,"7_2_1_1_1_1_1_2"
"11504","EPI_ISL_18897568",1,6,2,1,2,1,1,1,"1_6_2_1_2_1_1_1"
"11505","EPI_ISL_18897567",1,6,2,1,2,1,1,1,"1_6_2_1_2_1_1_1"
"11506","EPI_ISL_18897566",1,6,2,1,2,1,1,1,"1_6_2_1_2_1_1_1"
"11507","EPI_ISL_18833041",7,2,1,1,1,1,1,2,"7_2_1_1_1_1_1_2"
"11508","EPI_ISL_18717972",8,8,2,1,2,1,1,1,"8_8_2_1_2_1_1_1"
"11509","EPI_ISL_19504793",2,1,1,1,2,1,1,1,"2_1_1_1_2_1_1_1"
"11510","EPI_ISL_18750725",1,1,2,1,2,1,1,1,"1_1_2_1_2_1_1_1"
"11511","EPI_ISL_19488006",3,2,1,1,1,1,1,2,"3_2_1_1_1_1_1_2"
"11512","EPI_ISL_19455984",1,1,2,1,2,16,1,1,"1_1_2_1_2_16_1_1"
"11513","EPI_ISL_19455972",1,1,2,1,2,16,1,1,"1_1_2_1_2_16_1_1"
"11514","EPI_ISL_19455960",1,1,2,1,2,16,1,1,"1_1_2_1_2_16_1_1"
"11515","EPI_ISL_19210571",6,4,3,1,3,2,1,12,"6_4_3_1_3_2_1_12"
"11516","EPI_ISL_19210562",6,4,32,1,3,2,1,7,"6_4_32_1_3_2_1_7"
"11517","EPI_ISL_19210561",21,25,15,1,13,6,1,7,"21_25_15_1_13_6_1_7"
"11518","EPI_ISL_19210560",21,25,15,1,13,6,1,7,"21_25_15_1_13_6_1_7"
"11519","EPI_ISL_19210559",21,25,15,1,13,6,1,7,"21_25_15_1_13_6_1_7"
"11520","EPI_ISL_19210558",21,25,15,1,13,6,1,7,"21_25_15_1_13_6_1_7"
"11521","EPI_ISL_19210557",21,25,15,1,13,6,1,7,"21_25_15_1_13_6_1_7"
"11522","EPI_ISL_19210556",6,4,3,1,3,2,1,7,"6_4_3_1_3_2_1_7"
"11523","EPI_ISL_19095248",4,13,9,1,2,1,1,1,"4_13_9_1_2_1_1_1"
"11524","EPI_ISL_19094663",7,2,1,1,1,1,1,2,"7_2_1_1_1_1_1_2"
"11525","EPI_ISL_19094508",7,2,1,1,1,1,1,2,"7_2_1_1_1_1_1_2"
"11526","EPI_ISL_18946741",1,1,2,1,2,1,1,1,"1_1_2_1_2_1_1_1"
"11527","EPI_ISL_18946738",1,1,2,1,2,1,1,1,"1_1_2_1_2_1_1_1"
"11528","EPI_ISL_18946737",1,1,2,1,2,1,1,1,"1_1_2_1_2_1_1_1"
"11529","EPI_ISL_19504792",2,1,1,1,2,1,1,1,"2_1_1_1_2_1_1_1"
"11530","EPI_ISL_19094581",14,3,1,1,1,1,1,2,"14_3_1_1_1_1_1_2"
"11531","EPI_ISL_19094517",7,2,1,1,1,1,1,2,"7_2_1_1_1_1_1_2"
"11532","EPI_ISL_18979788",2,1,1,1,2,1,1,1,"2_1_1_1_2_1_1_1"
"11533","EPI_ISL_19521269",3,2,1,1,1,1,1,2,"3_2_1_1_1_1_1_2"
"11534","EPI_ISL_19521265",3,2,1,1,1,1,1,2,"3_2_1_1_1_1_1_2"
"11535","EPI_ISL_19521264",3,2,1,1,1,1,1,2,"3_2_1_1_1_1_1_2"
"11536","EPI_ISL_19521263",3,2,1,1,1,1,1,2,"3_2_1_1_1_1_1_2"
"11537","EPI_ISL_19521262",3,2,1,1,1,1,1,2,"3_2_1_1_1_1_1_2"
"11538","EPI_ISL_19521261",3,2,1,1,1,1,1,2,"3_2_1_1_1_1_1_2"
"11539","EPI_ISL_19521258",3,2,1,1,1,1,1,2,"3_2_1_1_1_1_1_2"
"11540","EPI_ISL_19521255",3,2,1,1,1,1,1,2,"3_2_1_1_1_1_1_2"
"11541","EPI_ISL_19521254",3,2,1,1,1,1,1,2,"3_2_1_1_1_1_1_2"
"11542","EPI_ISL_19521253",3,2,1,1,1,1,1,2,"3_2_1_1_1_1_1_2"
"11543","EPI_ISL_19521250",3,2,1,1,1,1,1,2,"3_2_1_1_1_1_1_2"
"11544","EPI_ISL_19521246",3,2,1,1,1,1,1,2,"3_2_1_1_1_1_1_2"
"11545","EPI_ISL_19520547",3,2,1,1,1,1,1,2,"3_2_1_1_1_1_1_2"
"11546","EPI_ISL_19520546",3,2,1,1,1,1,1,2,"3_2_1_1_1_1_1_2"
"11547","EPI_ISL_19488412",3,2,1,1,1,1,1,2,"3_2_1_1_1_1_1_2"
"11548","EPI_ISL_19488411",3,2,1,1,1,1,1,2,"3_2_1_1_1_1_1_2"
"11549","EPI_ISL_19488409",3,2,1,1,1,1,1,2,"3_2_1_1_1_1_1_2"
"11550","EPI_ISL_19488405",3,2,1,1,1,1,1,2,"3_2_1_1_1_1_1_2"
"11551","EPI_ISL_19488403",3,2,1,1,1,1,1,2,"3_2_1_1_1_1_1_2"
"11552","EPI_ISL_19488398",3,2,1,1,1,1,1,2,"3_2_1_1_1_1_1_2"
"11553","EPI_ISL_19488395",3,2,1,1,1,1,1,2,"3_2_1_1_1_1_1_2"
"11554","EPI_ISL_19488389",3,2,1,1,1,1,1,2,"3_2_1_1_1_1_1_2"
"11555","EPI_ISL_19488386",3,2,1,1,1,1,1,2,"3_2_1_1_1_1_1_2"
"11556","EPI_ISL_19488381",3,2,1,1,1,1,1,2,"3_2_1_1_1_1_1_2"
"11557","EPI_ISL_19488376",3,2,1,1,1,1,1,2,"3_2_1_1_1_1_1_2"
"11558","EPI_ISL_19488373",3,2,1,1,1,1,1,2,"3_2_1_1_1_1_1_2"
"11559","EPI_ISL_19488372",3,2,1,1,1,1,1,2,"3_2_1_1_1_1_1_2"
"11560","EPI_ISL_19488368",3,2,1,1,1,1,1,2,"3_2_1_1_1_1_1_2"
"11561","EPI_ISL_19488365",3,2,1,1,1,1,1,2,"3_2_1_1_1_1_1_2"
"11562","EPI_ISL_19488363",3,2,1,1,1,1,1,2,"3_2_1_1_1_1_1_2"
"11563","EPI_ISL_19488342",3,2,1,1,1,1,1,2,"3_2_1_1_1_1_1_2"
"11564","EPI_ISL_19488204",3,2,1,1,1,1,1,2,"3_2_1_1_1_1_1_2"
"11565","EPI_ISL_19488130",3,2,1,1,1,1,1,2,"3_2_1_1_1_1_1_2"
"11566","EPI_ISL_19488123",3,2,1,1,1,1,1,2,"3_2_1_1_1_1_1_2"
"11567","EPI_ISL_19488117",3,2,1,1,1,1,1,2,"3_2_1_1_1_1_1_2"
"11568","EPI_ISL_19488116",3,2,1,1,1,1,1,2,"3_2_1_1_1_1_1_2"
"11569","EPI_ISL_19488109",3,2,1,1,1,1,1,2,"3_2_1_1_1_1_1_2"
"11570","EPI_ISL_19488103",3,2,1,1,1,1,1,2,"3_2_1_1_1_1_1_2"
"11571","EPI_ISL_19488099",3,2,1,1,1,1,1,2,"3_2_1_1_1_1_1_2"
"11572","EPI_ISL_19488089",3,2,1,1,1,1,1,2,"3_2_1_1_1_1_1_2"
"11573","EPI_ISL_19488083",3,2,1,1,1,1,1,2,"3_2_1_1_1_1_1_2"
"11574","EPI_ISL_19488082",3,2,1,1,1,1,1,2,"3_2_1_1_1_1_1_2"
"11575","EPI_ISL_19488078",3,2,1,1,1,1,1,2,"3_2_1_1_1_1_1_2"
"11576","EPI_ISL_19488076",3,2,1,1,1,1,1,2,"3_2_1_1_1_1_1_2"
"11577","EPI_ISL_19488074",3,2,1,1,1,1,1,2,"3_2_1_1_1_1_1_2"
"11578","EPI_ISL_19488071",3,2,1,1,1,1,1,2,"3_2_1_1_1_1_1_2"
"11579","EPI_ISL_19488067",3,2,1,1,1,1,1,2,"3_2_1_1_1_1_1_2"
"11580","EPI_ISL_19488059",3,2,1,1,1,1,1,2,"3_2_1_1_1_1_1_2"
"11581","EPI_ISL_19488052",3,2,1,1,1,1,1,2,"3_2_1_1_1_1_1_2"
"11582","EPI_ISL_19488040",3,2,1,1,1,1,1,2,"3_2_1_1_1_1_1_2"
"11583","EPI_ISL_19488039",3,2,1,1,1,1,1,2,"3_2_1_1_1_1_1_2"
"11584","EPI_ISL_19488038",3,2,1,1,1,1,1,2,"3_2_1_1_1_1_1_2"
"11585","EPI_ISL_19488035",3,2,1,1,1,1,1,2,"3_2_1_1_1_1_1_2"
"11586","EPI_ISL_19488034",3,2,1,1,1,1,1,2,"3_2_1_1_1_1_1_2"
"11587","EPI_ISL_19488033",3,2,1,1,1,1,1,2,"3_2_1_1_1_1_1_2"
"11588","EPI_ISL_19488032",3,2,1,1,1,1,1,2,"3_2_1_1_1_1_1_2"
"11589","EPI_ISL_19488031",3,2,1,1,1,1,1,2,"3_2_1_1_1_1_1_2"
"11590","EPI_ISL_19488026",3,2,1,1,1,1,1,2,"3_2_1_1_1_1_1_2"
"11591","EPI_ISL_19488023",3,2,1,1,1,1,1,2,"3_2_1_1_1_1_1_2"
"11592","EPI_ISL_19488019",3,2,1,1,1,1,1,2,"3_2_1_1_1_1_1_2"
"11593","EPI_ISL_19488016",3,2,1,1,1,1,1,2,"3_2_1_1_1_1_1_2"
"11594","EPI_ISL_19488015",3,2,1,1,1,1,1,2,"3_2_1_1_1_1_1_2"
"11595","EPI_ISL_19488014",3,2,1,1,1,1,1,2,"3_2_1_1_1_1_1_2"
"11596","EPI_ISL_19488010",3,2,1,1,1,1,1,2,"3_2_1_1_1_1_1_2"
"11597","EPI_ISL_19488009",3,2,1,1,1,1,1,2,"3_2_1_1_1_1_1_2"
"11598","EPI_ISL_19488008",3,2,1,1,1,1,1,2,"3_2_1_1_1_1_1_2"
"11599","EPI_ISL_19488007",3,2,1,1,1,1,1,2,"3_2_1_1_1_1_1_2"
"11600","EPI_ISL_19307288",3,2,1,1,1,1,1,2,"3_2_1_1_1_1_1_2"
"11601","EPI_ISL_19307285",3,2,1,1,1,1,1,2,"3_2_1_1_1_1_1_2"
"11602","EPI_ISL_19307283",3,2,1,1,1,1,1,2,"3_2_1_1_1_1_1_2"
"11603","EPI_ISL_19307282",3,2,1,1,1,1,1,2,"3_2_1_1_1_1_1_2"
"11604","EPI_ISL_19307281",3,2,1,1,1,1,1,2,"3_2_1_1_1_1_1_2"
"11605","EPI_ISL_19307280",3,2,1,1,1,1,1,2,"3_2_1_1_1_1_1_2"
"11606","EPI_ISL_19307263",3,2,1,1,1,1,1,2,"3_2_1_1_1_1_1_2"
"11607","EPI_ISL_19307261",3,2,1,1,1,1,1,2,"3_2_1_1_1_1_1_2"
"11608","EPI_ISL_19307259",3,2,1,1,1,1,1,2,"3_2_1_1_1_1_1_2"
"11609","EPI_ISL_19307258",3,2,1,1,1,1,1,2,"3_2_1_1_1_1_1_2"
"11610","EPI_ISL_19307257",3,2,1,1,1,1,1,2,"3_2_1_1_1_1_1_2"
"11611","EPI_ISL_19307256",3,2,1,1,1,1,1,2,"3_2_1_1_1_1_1_2"
"11612","EPI_ISL_19307255",3,2,1,1,1,1,1,2,"3_2_1_1_1_1_1_2"
"11613","EPI_ISL_19307254",3,2,1,1,1,1,1,2,"3_2_1_1_1_1_1_2"
"11614","EPI_ISL_19307253",3,2,1,1,1,1,1,2,"3_2_1_1_1_1_1_2"
"11615","EPI_ISL_19307252",3,2,1,1,1,1,1,2,"3_2_1_1_1_1_1_2"
"11616","EPI_ISL_19307251",3,2,1,1,1,1,1,2,"3_2_1_1_1_1_1_2"
"11617","EPI_ISL_19307250",3,2,1,1,1,1,1,2,"3_2_1_1_1_1_1_2"
"11618","EPI_ISL_19307249",3,2,1,1,1,1,1,2,"3_2_1_1_1_1_1_2"
"11619","EPI_ISL_19307248",3,2,1,1,1,1,1,2,"3_2_1_1_1_1_1_2"
"11620","EPI_ISL_19307247",3,2,1,1,1,1,1,2,"3_2_1_1_1_1_1_2"
"11621","EPI_ISL_19194255",3,2,1,1,1,1,1,2,"3_2_1_1_1_1_1_2"
"11622","EPI_ISL_19159902",3,2,1,1,1,1,1,2,"3_2_1_1_1_1_1_2"
"11623","EPI_ISL_19145035",3,2,1,1,1,1,1,2,"3_2_1_1_1_1_1_2"
"11624","EPI_ISL_19094764",3,2,1,1,1,1,1,2,"3_2_1_1_1_1_1_2"
"11625","EPI_ISL_19094763",3,2,1,1,1,1,1,2,"3_2_1_1_1_1_1_2"
"11626","EPI_ISL_19094762",3,2,1,1,1,1,1,2,"3_2_1_1_1_1_1_2"
"11627","EPI_ISL_19094761",3,2,1,1,1,1,1,2,"3_2_1_1_1_1_1_2"
"11628","EPI_ISL_19094760",3,2,1,1,1,1,1,2,"3_2_1_1_1_1_1_2"
"11629","EPI_ISL_19094759",3,2,1,1,1,1,1,2,"3_2_1_1_1_1_1_2"
"11630","EPI_ISL_19094758",3,2,1,1,1,1,1,2,"3_2_1_1_1_1_1_2"
"11631","EPI_ISL_19094757",3,2,1,1,1,1,1,2,"3_2_1_1_1_1_1_2"
"11632","EPI_ISL_19094756",3,2,1,1,1,1,1,2,"3_2_1_1_1_1_1_2"
"11633","EPI_ISL_19094755",3,2,1,1,1,1,1,2,"3_2_1_1_1_1_1_2"
"11634","EPI_ISL_19094754",3,2,1,1,1,1,1,2,"3_2_1_1_1_1_1_2"
"11635","EPI_ISL_19094753",3,2,1,1,1,1,1,2,"3_2_1_1_1_1_1_2"
"11636","EPI_ISL_19094752",3,2,1,1,1,1,1,2,"3_2_1_1_1_1_1_2"
"11637","EPI_ISL_19094751",3,2,1,1,1,1,1,2,"3_2_1_1_1_1_1_2"
"11638","EPI_ISL_19094750",3,2,1,1,1,1,1,2,"3_2_1_1_1_1_1_2"
"11639","EPI_ISL_19094749",3,2,1,1,1,1,1,2,"3_2_1_1_1_1_1_2"
"11640","EPI_ISL_19094748",3,2,1,1,1,1,1,2,"3_2_1_1_1_1_1_2"
"11641","EPI_ISL_19094747",3,2,1,1,1,1,1,2,"3_2_1_1_1_1_1_2"
"11642","EPI_ISL_19094746",3,2,1,1,1,1,1,2,"3_2_1_1_1_1_1_2"
"11643","EPI_ISL_19094745",3,2,1,1,1,1,1,2,"3_2_1_1_1_1_1_2"
"11644","EPI_ISL_19094744",3,2,1,1,1,1,1,2,"3_2_1_1_1_1_1_2"
"11645","EPI_ISL_19094743",3,2,1,1,1,1,1,2,"3_2_1_1_1_1_1_2"
"11646","EPI_ISL_19094742",3,2,1,1,1,1,1,2,"3_2_1_1_1_1_1_2"
"11647","EPI_ISL_19094741",3,2,1,1,1,1,1,2,"3_2_1_1_1_1_1_2"
"11648","EPI_ISL_19094740",3,2,1,1,1,1,1,2,"3_2_1_1_1_1_1_2"
"11649","EPI_ISL_19094739",3,2,1,1,1,1,1,2,"3_2_1_1_1_1_1_2"
"11650","EPI_ISL_19094738",3,2,1,1,1,1,1,2,"3_2_1_1_1_1_1_2"
"11651","EPI_ISL_19094737",3,2,1,1,1,1,1,2,"3_2_1_1_1_1_1_2"
"11652","EPI_ISL_19094736",3,2,1,1,1,1,1,2,"3_2_1_1_1_1_1_2"
"11653","EPI_ISL_19094735",3,2,1,1,1,1,1,2,"3_2_1_1_1_1_1_2"
"11654","EPI_ISL_19094734",3,2,1,1,1,1,1,2,"3_2_1_1_1_1_1_2"
"11655","EPI_ISL_19094733",3,2,1,1,1,1,1,2,"3_2_1_1_1_1_1_2"
"11656","EPI_ISL_19094732",3,2,1,1,1,1,1,2,"3_2_1_1_1_1_1_2"
"11657","EPI_ISL_19094731",3,2,1,1,1,1,1,2,"3_2_1_1_1_1_1_2"
"11658","EPI_ISL_19094730",3,2,1,1,1,1,1,2,"3_2_1_1_1_1_1_2"
"11659","EPI_ISL_19094729",3,2,1,1,1,1,1,2,"3_2_1_1_1_1_1_2"
"11660","EPI_ISL_19094728",3,2,1,1,1,1,1,2,"3_2_1_1_1_1_1_2"
"11661","EPI_ISL_19094727",3,2,1,1,1,1,1,2,"3_2_1_1_1_1_1_2"
"11662","EPI_ISL_19094726",3,2,1,1,1,1,1,2,"3_2_1_1_1_1_1_2"
"11663","EPI_ISL_19094725",3,2,1,1,1,1,1,2,"3_2_1_1_1_1_1_2"
"11664","EPI_ISL_19094724",3,2,1,1,1,1,1,2,"3_2_1_1_1_1_1_2"
"11665","EPI_ISL_19094723",3,2,1,1,1,1,1,2,"3_2_1_1_1_1_1_2"
"11666","EPI_ISL_19094722",3,2,1,1,1,1,1,2,"3_2_1_1_1_1_1_2"
"11667","EPI_ISL_19094721",3,2,1,1,1,1,1,2,"3_2_1_1_1_1_1_2"
"11668","EPI_ISL_19094720",3,2,1,1,1,1,1,2,"3_2_1_1_1_1_1_2"
"11669","EPI_ISL_19094719",3,2,1,1,1,1,1,2,"3_2_1_1_1_1_1_2"
"11670","EPI_ISL_19094718",3,2,1,1,1,1,1,2,"3_2_1_1_1_1_1_2"
"11671","EPI_ISL_19094717",3,2,1,1,1,1,1,2,"3_2_1_1_1_1_1_2"
"11672","EPI_ISL_19094716",3,2,1,1,1,1,1,2,"3_2_1_1_1_1_1_2"
"11673","EPI_ISL_19094715",3,2,1,1,1,1,1,2,"3_2_1_1_1_1_1_2"
"11674","EPI_ISL_19094714",3,2,1,1,1,1,1,2,"3_2_1_1_1_1_1_2"
"11675","EPI_ISL_19094713",3,2,1,1,1,1,1,2,"3_2_1_1_1_1_1_2"
"11676","EPI_ISL_19094712",3,2,1,1,1,1,1,2,"3_2_1_1_1_1_1_2"
"11677","EPI_ISL_19094711",3,2,1,1,1,1,1,2,"3_2_1_1_1_1_1_2"
"11678","EPI_ISL_19094710",3,2,1,1,1,1,1,2,"3_2_1_1_1_1_1_2"
"11679","EPI_ISL_19094709",3,2,1,1,1,1,1,2,"3_2_1_1_1_1_1_2"
"11680","EPI_ISL_19094708",3,2,1,1,1,1,1,2,"3_2_1_1_1_1_1_2"
"11681","EPI_ISL_19094707",3,2,1,1,1,1,1,2,"3_2_1_1_1_1_1_2"
"11682","EPI_ISL_19094706",3,2,1,1,1,1,1,2,"3_2_1_1_1_1_1_2"
"11683","EPI_ISL_19094705",3,2,1,1,1,1,1,2,"3_2_1_1_1_1_1_2"
"11684","EPI_ISL_19094704",3,2,1,1,1,1,1,2,"3_2_1_1_1_1_1_2"
"11685","EPI_ISL_19094703",3,2,1,1,1,1,1,2,"3_2_1_1_1_1_1_2"
"11686","EPI_ISL_19094702",3,2,1,1,1,1,1,2,"3_2_1_1_1_1_1_2"
"11687","EPI_ISL_19094701",3,2,1,1,1,1,1,2,"3_2_1_1_1_1_1_2"
"11688","EPI_ISL_19094700",3,2,1,1,1,1,1,2,"3_2_1_1_1_1_1_2"
"11689","EPI_ISL_19094699",3,2,1,1,1,1,1,2,"3_2_1_1_1_1_1_2"
"11690","EPI_ISL_19094696",3,2,1,1,1,1,1,2,"3_2_1_1_1_1_1_2"
"11691","EPI_ISL_19094695",3,2,1,1,1,1,1,2,"3_2_1_1_1_1_1_2"
"11692","EPI_ISL_19094694",3,2,1,1,1,1,1,2,"3_2_1_1_1_1_1_2"
"11693","EPI_ISL_19094693",3,2,1,1,1,1,1,2,"3_2_1_1_1_1_1_2"
"11694","EPI_ISL_19094692",3,2,1,1,1,1,1,2,"3_2_1_1_1_1_1_2"
"11695","EPI_ISL_19094691",3,2,1,1,1,1,1,2,"3_2_1_1_1_1_1_2"
"11696","EPI_ISL_19094690",3,2,1,1,1,1,1,2,"3_2_1_1_1_1_1_2"
"11697","EPI_ISL_19094689",3,2,1,1,1,1,1,2,"3_2_1_1_1_1_1_2"
"11698","EPI_ISL_19094688",3,2,1,1,1,1,1,2,"3_2_1_1_1_1_1_2"
"11699","EPI_ISL_19094687",3,2,1,1,1,1,1,2,"3_2_1_1_1_1_1_2"
"11700","EPI_ISL_19094686",3,2,1,1,1,1,1,2,"3_2_1_1_1_1_1_2"
"11701","EPI_ISL_19094685",3,2,1,1,1,1,1,2,"3_2_1_1_1_1_1_2"
"11702","EPI_ISL_19094684",3,2,1,1,1,1,1,2,"3_2_1_1_1_1_1_2"
"11703","EPI_ISL_19094683",3,2,1,1,1,1,1,2,"3_2_1_1_1_1_1_2"
"11704","EPI_ISL_19094682",3,2,1,1,1,1,1,2,"3_2_1_1_1_1_1_2"
"11705","EPI_ISL_19094681",3,2,1,1,1,1,1,2,"3_2_1_1_1_1_1_2"
"11706","EPI_ISL_19094680",3,2,1,1,1,1,1,2,"3_2_1_1_1_1_1_2"
"11707","EPI_ISL_19094679",3,2,1,1,1,1,1,2,"3_2_1_1_1_1_1_2"
"11708","EPI_ISL_19094678",3,2,1,1,1,1,1,2,"3_2_1_1_1_1_1_2"
"11709","EPI_ISL_19094677",3,2,1,1,1,1,1,2,"3_2_1_1_1_1_1_2"
"11710","EPI_ISL_19094676",3,2,1,1,1,1,1,2,"3_2_1_1_1_1_1_2"
"11711","EPI_ISL_19094675",3,2,1,1,1,1,1,2,"3_2_1_1_1_1_1_2"
"11712","EPI_ISL_19094674",3,2,1,1,1,1,1,2,"3_2_1_1_1_1_1_2"
"11713","EPI_ISL_19094673",3,2,1,1,1,1,1,2,"3_2_1_1_1_1_1_2"
"11714","EPI_ISL_19094672",3,2,1,1,1,1,1,2,"3_2_1_1_1_1_1_2"
"11715","EPI_ISL_19094626",3,2,1,1,1,1,1,2,"3_2_1_1_1_1_1_2"
"11716","EPI_ISL_19094625",3,2,1,1,1,1,1,2,"3_2_1_1_1_1_1_2"
"11717","EPI_ISL_19094624",3,2,1,1,1,1,1,2,"3_2_1_1_1_1_1_2"
"11718","EPI_ISL_19094623",3,2,1,1,1,1,1,2,"3_2_1_1_1_1_1_2"
"11719","EPI_ISL_19094622",3,2,1,1,1,1,1,2,"3_2_1_1_1_1_1_2"
"11720","EPI_ISL_19094621",3,2,1,1,1,1,1,2,"3_2_1_1_1_1_1_2"
"11721","EPI_ISL_19094620",3,2,1,1,1,1,1,2,"3_2_1_1_1_1_1_2"
"11722","EPI_ISL_19094619",3,2,1,1,1,1,1,2,"3_2_1_1_1_1_1_2"
"11723","EPI_ISL_19094618",3,2,1,1,1,1,1,2,"3_2_1_1_1_1_1_2"
"11724","EPI_ISL_19094617",3,2,1,1,1,1,1,2,"3_2_1_1_1_1_1_2"
"11725","EPI_ISL_19094616",3,2,1,1,1,1,1,2,"3_2_1_1_1_1_1_2"
"11726","EPI_ISL_19094615",3,2,1,1,1,1,1,2,"3_2_1_1_1_1_1_2"
"11727","EPI_ISL_19094613",3,2,1,1,1,1,1,2,"3_2_1_1_1_1_1_2"
"11728","EPI_ISL_19094612",3,2,1,1,1,1,1,2,"3_2_1_1_1_1_1_2"
"11729","EPI_ISL_19094611",3,2,1,1,1,1,1,2,"3_2_1_1_1_1_1_2"
"11730","EPI_ISL_19094610",3,2,1,1,1,1,1,2,"3_2_1_1_1_1_1_2"
"11731","EPI_ISL_19094609",3,2,1,1,1,1,1,2,"3_2_1_1_1_1_1_2"
"11732","EPI_ISL_19094608",3,2,1,1,1,1,1,2,"3_2_1_1_1_1_1_2"
"11733","EPI_ISL_19094607",3,2,1,1,1,1,1,2,"3_2_1_1_1_1_1_2"
"11734","EPI_ISL_19094606",3,2,1,1,1,1,1,2,"3_2_1_1_1_1_1_2"
"11735","EPI_ISL_19094605",3,2,1,1,1,1,1,2,"3_2_1_1_1_1_1_2"
"11736","EPI_ISL_19094604",3,2,1,1,1,1,1,2,"3_2_1_1_1_1_1_2"
"11737","EPI_ISL_19094603",3,2,1,1,1,1,1,2,"3_2_1_1_1_1_1_2"
"11738","EPI_ISL_19094602",3,2,1,1,1,1,1,2,"3_2_1_1_1_1_1_2"
"11739","EPI_ISL_19094601",3,2,1,1,1,1,1,2,"3_2_1_1_1_1_1_2"
"11740","EPI_ISL_19094596",3,2,1,1,1,1,1,2,"3_2_1_1_1_1_1_2"
"11741","EPI_ISL_19094595",3,2,1,1,1,1,1,2,"3_2_1_1_1_1_1_2"
"11742","EPI_ISL_19094594",3,2,1,1,1,1,1,2,"3_2_1_1_1_1_1_2"
"11743","EPI_ISL_19094593",3,2,1,1,1,1,1,2,"3_2_1_1_1_1_1_2"
"11744","EPI_ISL_19094592",3,2,1,1,1,1,1,2,"3_2_1_1_1_1_1_2"
"11745","EPI_ISL_19094591",3,2,1,1,1,1,1,2,"3_2_1_1_1_1_1_2"
"11746","EPI_ISL_19094590",3,2,1,1,1,1,1,2,"3_2_1_1_1_1_1_2"
"11747","EPI_ISL_19094589",3,2,1,1,1,1,1,2,"3_2_1_1_1_1_1_2"
"11748","EPI_ISL_19094588",3,2,1,1,1,1,1,2,"3_2_1_1_1_1_1_2"
"11749","EPI_ISL_19094587",3,2,1,1,1,1,1,2,"3_2_1_1_1_1_1_2"
"11750","EPI_ISL_19094586",3,2,1,1,1,1,1,2,"3_2_1_1_1_1_1_2"
"11751","EPI_ISL_19094585",3,2,1,1,1,1,1,2,"3_2_1_1_1_1_1_2"
"11752","EPI_ISL_19094584",3,2,1,1,1,1,1,2,"3_2_1_1_1_1_1_2"
"11753","EPI_ISL_19094583",3,2,1,1,1,1,1,2,"3_2_1_1_1_1_1_2"
"11754","EPI_ISL_19094582",3,2,1,1,1,1,1,2,"3_2_1_1_1_1_1_2"
"11755","EPI_ISL_19094481",3,2,1,1,1,1,1,2,"3_2_1_1_1_1_1_2"
"11756","EPI_ISL_19094480",3,2,1,1,1,1,1,2,"3_2_1_1_1_1_1_2"
"11757","EPI_ISL_19094479",3,2,1,1,1,1,1,2,"3_2_1_1_1_1_1_2"
"11758","EPI_ISL_19094477",3,2,1,1,1,1,1,2,"3_2_1_1_1_1_1_2"
"11759","EPI_ISL_19094472",3,2,1,1,1,1,1,2,"3_2_1_1_1_1_1_2"
"11760","EPI_ISL_19094471",3,2,1,1,1,1,1,2,"3_2_1_1_1_1_1_2"
"11761","EPI_ISL_19094470",3,2,1,1,1,1,1,2,"3_2_1_1_1_1_1_2"
"11762","EPI_ISL_19094469",3,2,1,1,1,1,1,2,"3_2_1_1_1_1_1_2"
"11763","EPI_ISL_19094468",3,2,1,1,1,1,1,2,"3_2_1_1_1_1_1_2"
"11764","EPI_ISL_19094467",3,2,1,1,1,1,1,2,"3_2_1_1_1_1_1_2"
"11765","EPI_ISL_19094466",3,2,1,1,1,1,1,2,"3_2_1_1_1_1_1_2"
"11766","EPI_ISL_19094465",3,2,1,1,1,1,1,2,"3_2_1_1_1_1_1_2"
"11767","EPI_ISL_19094464",3,2,1,1,1,1,1,2,"3_2_1_1_1_1_1_2"
"11768","EPI_ISL_19094463",3,2,1,1,1,1,1,2,"3_2_1_1_1_1_1_2"
"11769","EPI_ISL_19094460",3,2,1,1,1,1,1,2,"3_2_1_1_1_1_1_2"
"11770","EPI_ISL_19094459",3,2,1,1,1,1,1,2,"3_2_1_1_1_1_1_2"
"11771","EPI_ISL_19094458",3,2,1,1,1,1,1,2,"3_2_1_1_1_1_1_2"
"11772","EPI_ISL_19094457",3,2,1,1,1,1,1,2,"3_2_1_1_1_1_1_2"
"11773","EPI_ISL_19094456",3,2,1,1,1,1,1,2,"3_2_1_1_1_1_1_2"
"11774","EPI_ISL_19094455",3,2,1,1,1,1,1,2,"3_2_1_1_1_1_1_2"
"11775","EPI_ISL_19094454",3,2,1,1,1,1,1,2,"3_2_1_1_1_1_1_2"
"11776","EPI_ISL_19094452",3,2,1,1,1,1,1,2,"3_2_1_1_1_1_1_2"
"11777","EPI_ISL_19094448",3,2,1,1,1,1,1,2,"3_2_1_1_1_1_1_2"
"11778","EPI_ISL_19094447",3,2,1,1,1,1,1,2,"3_2_1_1_1_1_1_2"
"11779","EPI_ISL_19094446",3,2,1,1,1,1,1,2,"3_2_1_1_1_1_1_2"
"11780","EPI_ISL_19094444",3,2,1,1,1,1,1,2,"3_2_1_1_1_1_1_2"
"11781","EPI_ISL_19029375",1,1,2,1,2,1,1,1,"1_1_2_1_2_1_1_1"
"11782","EPI_ISL_18799553",2,1,1,1,2,1,1,1,"2_1_1_1_2_1_1_1"
"11783","EPI_ISL_18799549",2,1,1,1,2,1,1,1,"2_1_1_1_2_1_1_1"
"11784","EPI_ISL_18799535",2,1,1,1,2,1,1,1,"2_1_1_1_2_1_1_1"
"11785","EPI_ISL_18799532",2,1,1,1,2,1,1,1,"2_1_1_1_2_1_1_1"
"11786","EPI_ISL_18799529",2,1,1,1,2,1,1,1,"2_1_1_1_2_1_1_1"
"11787","EPI_ISL_18799524",2,1,1,1,2,1,1,1,"2_1_1_1_2_1_1_1"
"11788","EPI_ISL_18799523",2,1,1,1,2,1,1,1,"2_1_1_1_2_1_1_1"
"11789","EPI_ISL_18799522",2,1,1,1,2,1,1,1,"2_1_1_1_2_1_1_1"
"11790","EPI_ISL_18799519",2,1,1,1,2,1,1,1,"2_1_1_1_2_1_1_1"
"11791","EPI_ISL_18799516",2,1,1,1,2,1,1,1,"2_1_1_1_2_1_1_1"
"11792","EPI_ISL_18799512",2,1,1,1,2,1,1,1,"2_1_1_1_2_1_1_1"
"11793","EPI_ISL_18799508",2,1,1,1,2,1,1,1,"2_1_1_1_2_1_1_1"
"11794","EPI_ISL_19128592",1,1,2,1,2,1,1,1,"1_1_2_1_2_1_1_1"
"11795","EPI_ISL_19128031",1,1,2,1,2,1,1,1,"1_1_2_1_2_1_1_1"
"11796","EPI_ISL_19341104",8,6,2,1,2,1,1,1,"8_6_2_1_2_1_1_1"
"11797","EPI_ISL_19028670",2,1,1,1,2,1,1,1,"2_1_1_1_2_1_1_1"
"11798","EPI_ISL_19145125",4,5,5,1,1,1,1,1,"4_5_5_1_1_1_1_1"
"11799","EPI_ISL_19145107",2,1,1,1,2,1,1,1,"2_1_1_1_2_1_1_1"
"11800","EPI_ISL_18717640",2,1,1,1,2,1,1,1,"2_1_1_1_2_1_1_1"
"11801","EPI_ISL_18946717",1,6,2,1,2,1,1,1,"1_6_2_1_2_1_1_1"
"11802","EPI_ISL_19028663",2,1,1,1,2,1,1,1,"2_1_1_1_2_1_1_1"
"11803","EPI_ISL_18816296",8,1,30,1,2,1,1,1,"8_1_30_1_2_1_1_1"
"11804","EPI_ISL_18816295",8,1,2,1,2,1,1,1,"8_1_2_1_2_1_1_1"
"11805","EPI_ISL_18816294",1,8,2,1,2,1,1,1,"1_8_2_1_2_1_1_1"
"11806","EPI_ISL_18816293",1,8,2,1,2,1,1,1,"1_8_2_1_2_1_1_1"
"11807","EPI_ISL_19061458",11,10,2,1,5,1,1,6,"11_10_2_1_5_1_1_6"
"11808","EPI_ISL_19094633",3,2,1,1,1,1,1,2,"3_2_1_1_1_1_1_2"
"11809","EPI_ISL_19341103",1,1,2,1,2,1,1,1,"1_1_2_1_2_1_1_1"
"11810","EPI_ISL_18750129",1,1,2,1,2,1,1,1,"1_1_2_1_2_1_1_1"
"11811","EPI_ISL_19228459",3,2,1,1,1,1,1,2,"3_2_1_1_1_1_1_2"
"11812","EPI_ISL_19064284",7,2,1,1,1,1,1,2,"7_2_1_1_1_1_1_2"
"11813","EPI_ISL_19456649",1,21,14,1,4,1,1,4,"1_21_14_1_4_1_1_4"
"11814","EPI_ISL_19456648",1,21,14,1,4,1,1,4,"1_21_14_1_4_1_1_4"
"11815","EPI_ISL_19456647",1,21,14,1,4,1,1,4,"1_21_14_1_4_1_1_4"
"11816","EPI_ISL_19456645",1,21,14,1,4,1,1,4,"1_21_14_1_4_1_1_4"
"11817","EPI_ISL_19456644",1,21,14,1,4,1,1,4,"1_21_14_1_4_1_1_4"
"11818","EPI_ISL_19456643",1,21,14,1,4,1,1,4,"1_21_14_1_4_1_1_4"
"11819","EPI_ISL_19456642",1,21,14,1,4,1,1,4,"1_21_14_1_4_1_1_4"
"11820","EPI_ISL_19456641",1,21,14,1,4,1,1,4,"1_21_14_1_4_1_1_4"
"11821","EPI_ISL_19456640",1,21,14,1,4,1,1,4,"1_21_14_1_4_1_1_4"
"11822","EPI_ISL_19456639",1,21,14,1,4,1,1,4,"1_21_14_1_4_1_1_4"
"11823","EPI_ISL_19277039",1,1,4,1,4,1,1,4,"1_1_4_1_4_1_1_4"
"11824","EPI_ISL_19277038",1,1,4,1,4,1,1,4,"1_1_4_1_4_1_1_4"
"11825","EPI_ISL_19277006",1,1,4,1,4,1,1,4,"1_1_4_1_4_1_1_4"
"11826","EPI_ISL_19210417",1,1,4,1,4,1,1,4,"1_1_4_1_4_1_1_4"
"11827","EPI_ISL_18866886",8,1,2,1,2,1,1,1,"8_1_2_1_2_1_1_1"
"11828","EPI_ISL_18801267",2,1,1,1,2,1,1,1,"2_1_1_1_2_1_1_1"
"11829","EPI_ISL_19210412",1,6,2,1,2,1,1,1,"1_6_2_1_2_1_1_1"
"11830","EPI_ISL_19210411",1,6,2,1,2,1,1,1,"1_6_2_1_2_1_1_1"
"11831","EPI_ISL_19210410",1,6,2,1,2,1,1,1,"1_6_2_1_2_1_1_1"
"11832","EPI_ISL_19210409",1,6,2,1,2,1,1,1,"1_6_2_1_2_1_1_1"
"11833","EPI_ISL_19210408",1,6,2,1,2,1,1,1,"1_6_2_1_2_1_1_1"
"11834","EPI_ISL_19064319",29,2,1,1,1,1,1,2,"29_2_1_1_1_1_1_2"
"11835","EPI_ISL_18916730",1,1,2,1,2,1,1,1,"1_1_2_1_2_1_1_1"
"11836","EPI_ISL_18916728",1,1,2,1,2,1,1,1,"1_1_2_1_2_1_1_1"
"11837","EPI_ISL_19473400",3,2,1,1,1,1,1,2,"3_2_1_1_1_1_1_2"
"11838","EPI_ISL_19473399",3,2,1,1,1,1,1,2,"3_2_1_1_1_1_1_2"
"11839","EPI_ISL_19310340",3,2,1,1,1,1,1,2,"3_2_1_1_1_1_1_2"
"11840","EPI_ISL_19260340",3,2,1,1,1,1,1,2,"3_2_1_1_1_1_1_2"
"11841","EPI_ISL_19260339",3,2,1,1,1,1,1,2,"3_2_1_1_1_1_1_2"
"11842","EPI_ISL_19260317",3,2,1,1,1,1,1,2,"3_2_1_1_1_1_1_2"
"11843","EPI_ISL_19260315",3,2,1,1,1,1,1,2,"3_2_1_1_1_1_1_2"
"11844","EPI_ISL_19260286",3,2,1,1,1,1,1,2,"3_2_1_1_1_1_1_2"
"11845","EPI_ISL_19260285",3,2,1,1,1,1,1,2,"3_2_1_1_1_1_1_2"
"11846","EPI_ISL_19228465",3,2,1,1,1,1,1,2,"3_2_1_1_1_1_1_2"
"11847","EPI_ISL_19227528",3,2,1,1,1,1,1,2,"3_2_1_1_1_1_1_2"
"11848","EPI_ISL_19227527",3,2,1,1,1,1,1,2,"3_2_1_1_1_1_1_2"
"11849","EPI_ISL_19227516",3,2,1,1,1,1,1,2,"3_2_1_1_1_1_1_2"
"11850","EPI_ISL_19227509",3,2,1,1,1,1,1,2,"3_2_1_1_1_1_1_2"
"11851","EPI_ISL_19227508",3,2,1,1,1,1,1,2,"3_2_1_1_1_1_1_2"
"11852","EPI_ISL_19227440",3,2,1,1,1,1,1,2,"3_2_1_1_1_1_1_2"
"11853","EPI_ISL_19227404",3,2,1,1,1,1,1,2,"3_2_1_1_1_1_1_2"
"11854","EPI_ISL_19227323",3,2,1,1,1,1,1,2,"3_2_1_1_1_1_1_2"
"11855","EPI_ISL_19227321",3,2,1,1,1,1,1,2,"3_2_1_1_1_1_1_2"
"11856","EPI_ISL_19227320",3,2,1,1,1,1,1,2,"3_2_1_1_1_1_1_2"
"11857","EPI_ISL_19227303",3,2,1,1,1,1,1,2,"3_2_1_1_1_1_1_2"
"11858","EPI_ISL_19227302",3,2,1,1,1,1,1,2,"3_2_1_1_1_1_1_2"
"11859","EPI_ISL_19227301",3,2,1,1,1,1,1,2,"3_2_1_1_1_1_1_2"
"11860","EPI_ISL_19227300",3,2,1,1,1,1,1,2,"3_2_1_1_1_1_1_2"
"11861","EPI_ISL_19227289",3,2,1,1,1,1,1,2,"3_2_1_1_1_1_1_2"
"11862","EPI_ISL_19521545",8,6,2,1,2,3,1,1,"8_6_2_1_2_3_1_1"
"11863","EPI_ISL_19521544",8,6,2,1,2,3,1,1,"8_6_2_1_2_3_1_1"
"11864","EPI_ISL_19521542",8,6,2,1,2,3,1,1,"8_6_2_1_2_3_1_1"
"11865","EPI_ISL_19521541",8,6,2,1,2,3,1,1,"8_6_2_1_2_3_1_1"
"11866","EPI_ISL_19521540",8,6,2,1,2,3,1,1,"8_6_2_1_2_3_1_1"
"11867","EPI_ISL_19521539",8,6,2,1,2,3,1,1,"8_6_2_1_2_3_1_1"
"11868","EPI_ISL_19521538",8,6,2,1,2,3,1,1,"8_6_2_1_2_3_1_1"
"11869","EPI_ISL_19521537",8,6,2,1,2,3,1,1,"8_6_2_1_2_3_1_1"
"11870","EPI_ISL_19521536",8,6,2,1,2,3,1,1,"8_6_2_1_2_3_1_1"
"11871","EPI_ISL_19210416",1,21,14,1,4,1,1,4,"1_21_14_1_4_1_1_4"
"11872","EPI_ISL_19210414",1,21,14,1,4,1,1,4,"1_21_14_1_4_1_1_4"
"11873","EPI_ISL_19210406",1,6,2,1,2,1,1,1,"1_6_2_1_2_1_1_1"
"11874","EPI_ISL_18916729",8,8,2,1,2,1,1,1,"8_8_2_1_2_1_1_1"
"11875","EPI_ISL_18866893",1,1,2,1,2,1,1,1,"1_1_2_1_2_1_1_1"
"11876","EPI_ISL_18866891",1,1,2,1,2,1,1,1,"1_1_2_1_2_1_1_1"
"11877","EPI_ISL_18866888",1,1,2,1,2,1,1,1,"1_1_2_1_2_1_1_1"
"11878","EPI_ISL_18800817",2,1,1,1,2,1,1,1,"2_1_1_1_2_1_1_1"
"11879","EPI_ISL_19260117",8,6,2,1,2,3,1,1,"8_6_2_1_2_3_1_1"
"11880","EPI_ISL_19260116",8,6,2,1,2,3,1,1,"8_6_2_1_2_3_1_1"
"11881","EPI_ISL_19260115",8,6,2,1,2,3,1,1,"8_6_2_1_2_3_1_1"
"11882","EPI_ISL_19260114",8,6,2,1,2,3,1,1,"8_6_2_1_2_3_1_1"
"11883","EPI_ISL_19260113",8,6,2,1,2,3,1,1,"8_6_2_1_2_3_1_1"
"11884","EPI_ISL_19260112",8,6,2,1,2,3,1,1,"8_6_2_1_2_3_1_1"
"11885","EPI_ISL_19227437",3,2,1,1,1,1,1,2,"3_2_1_1_1_1_1_2"
"11886","EPI_ISL_19227436",3,2,1,1,1,1,1,2,"3_2_1_1_1_1_1_2"
"11887","EPI_ISL_19227435",3,2,1,1,1,1,1,2,"3_2_1_1_1_1_1_2"
"11888","EPI_ISL_19326261",3,2,1,1,1,1,1,2,"3_2_1_1_1_1_1_2"
"11889","EPI_ISL_19260344",3,2,1,1,1,1,1,2,"3_2_1_1_1_1_1_2"
"11890","EPI_ISL_19227530",3,2,1,1,1,1,1,2,"3_2_1_1_1_1_1_2"
"11891","EPI_ISL_19227513",3,2,1,1,1,1,1,2,"3_2_1_1_1_1_1_2"
"11892","EPI_ISL_19227510",3,2,1,1,1,1,1,2,"3_2_1_1_1_1_1_2"
"11893","EPI_ISL_19227506",3,2,1,1,1,1,1,2,"3_2_1_1_1_1_1_2"
"11894","EPI_ISL_19227505",3,2,1,1,1,1,1,2,"3_2_1_1_1_1_1_2"
"11895","EPI_ISL_19227456",3,2,1,1,1,1,1,2,"3_2_1_1_1_1_1_2"
"11896","EPI_ISL_19227454",3,2,1,1,1,1,1,2,"3_2_1_1_1_1_1_2"
"11897","EPI_ISL_19227443",3,2,1,1,1,1,1,2,"3_2_1_1_1_1_1_2"
"11898","EPI_ISL_19227432",3,2,1,1,1,1,1,2,"3_2_1_1_1_1_1_2"
"11899","EPI_ISL_19227431",3,2,1,1,1,1,1,2,"3_2_1_1_1_1_1_2"
"11900","EPI_ISL_19227430",3,2,1,1,1,1,1,2,"3_2_1_1_1_1_1_2"
"11901","EPI_ISL_19227429",3,2,1,1,1,1,1,2,"3_2_1_1_1_1_1_2"
"11902","EPI_ISL_19227421",3,2,1,1,1,1,1,2,"3_2_1_1_1_1_1_2"
"11903","EPI_ISL_19227420",3,2,1,1,1,1,1,2,"3_2_1_1_1_1_1_2"
"11904","EPI_ISL_19227419",3,2,1,1,1,1,1,2,"3_2_1_1_1_1_1_2"
"11905","EPI_ISL_19227418",3,2,1,1,1,1,1,2,"3_2_1_1_1_1_1_2"
"11906","EPI_ISL_19227416",3,2,1,1,1,1,1,2,"3_2_1_1_1_1_1_2"
"11907","EPI_ISL_19227415",3,2,1,1,1,1,1,2,"3_2_1_1_1_1_1_2"
"11908","EPI_ISL_19227414",3,2,1,1,1,1,1,2,"3_2_1_1_1_1_1_2"
"11909","EPI_ISL_19227413",3,2,1,1,1,1,1,2,"3_2_1_1_1_1_1_2"
"11910","EPI_ISL_19227376",3,2,1,1,1,1,1,2,"3_2_1_1_1_1_1_2"
"11911","EPI_ISL_19227366",3,2,1,1,1,1,1,2,"3_2_1_1_1_1_1_2"
"11912","EPI_ISL_19227332",3,2,1,1,1,1,1,2,"3_2_1_1_1_1_1_2"
"11913","EPI_ISL_19227331",3,2,1,1,1,1,1,2,"3_2_1_1_1_1_1_2"
"11914","EPI_ISL_19391462",5,3,1,1,1,1,1,2,"5_3_1_1_1_1_1_2"
"11915","EPI_ISL_19391459",5,3,1,1,1,1,1,2,"5_3_1_1_1_1_1_2"
"11916","EPI_ISL_19391458",5,3,1,1,1,1,1,2,"5_3_1_1_1_1_1_2"
"11917","EPI_ISL_19227502",3,2,1,1,1,1,1,2,"3_2_1_1_1_1_1_2"
"11918","EPI_ISL_19015125",7,2,1,1,1,1,1,2,"7_2_1_1_1_1_1_2"
"11919","EPI_ISL_19015124",7,2,1,1,1,1,1,2,"7_2_1_1_1_1_1_2"
"11920","EPI_ISL_19015123",7,2,1,1,1,1,1,2,"7_2_1_1_1_1_1_2"
"11921","EPI_ISL_19014400",3,2,1,1,1,1,1,2,"3_2_1_1_1_1_1_2"
"11922","EPI_ISL_19391463",5,3,1,1,1,1,1,2,"5_3_1_1_1_1_1_2"
"11923","EPI_ISL_19522437",2,1,1,1,2,1,1,1,"2_1_1_1_2_1_1_1"
"11924","EPI_ISL_19522436",2,1,1,1,2,1,1,1,"2_1_1_1_2_1_1_1"
"11925","EPI_ISL_19522435",2,1,1,1,2,1,1,1,"2_1_1_1_2_1_1_1"
"11926","EPI_ISL_19522434",2,1,1,1,2,1,1,1,"2_1_1_1_2_1_1_1"
"11927","EPI_ISL_19522432",2,1,1,1,2,1,1,1,"2_1_1_1_2_1_1_1"
"11928","EPI_ISL_19391461",5,3,1,1,1,1,1,2,"5_3_1_1_1_1_1_2"
"11929","EPI_ISL_19391460",5,3,1,1,1,1,1,2,"5_3_1_1_1_1_1_2"
"11930","EPI_ISL_19277007",8,8,2,1,2,1,1,1,"8_8_2_1_2_1_1_1"
"11931","EPI_ISL_19260837",7,2,1,1,1,1,1,2,"7_2_1_1_1_1_1_2"
"11932","EPI_ISL_19260836",7,2,1,1,1,1,1,2,"7_2_1_1_1_1_1_2"
"11933","EPI_ISL_19260835",7,2,1,1,1,1,1,2,"7_2_1_1_1_1_1_2"
"11934","EPI_ISL_19260834",7,2,1,1,1,1,1,2,"7_2_1_1_1_1_1_2"
"11935","EPI_ISL_19260833",7,2,1,1,1,1,1,2,"7_2_1_1_1_1_1_2"
"11936","EPI_ISL_19260832",7,2,1,1,1,1,1,2,"7_2_1_1_1_1_1_2"
"11937","EPI_ISL_19260831",7,2,1,1,1,1,1,2,"7_2_1_1_1_1_1_2"
"11938","EPI_ISL_19260830",7,2,1,1,1,1,1,2,"7_2_1_1_1_1_1_2"
"11939","EPI_ISL_19260829",7,2,1,1,1,1,1,2,"7_2_1_1_1_1_1_2"
"11940","EPI_ISL_19260828",7,2,1,1,1,1,1,2,"7_2_1_1_1_1_1_2"
"11941","EPI_ISL_19260827",7,2,1,1,1,1,1,2,"7_2_1_1_1_1_1_2"
"11942","EPI_ISL_19260826",2,1,1,1,2,1,1,1,"2_1_1_1_2_1_1_1"
"11943","EPI_ISL_19260825",7,2,1,1,1,1,1,2,"7_2_1_1_1_1_1_2"
"11944","EPI_ISL_19260824",3,2,1,1,6,1,1,2,"3_2_1_1_6_1_1_2"
"11945","EPI_ISL_19260823",7,2,1,1,1,1,1,2,"7_2_1_1_1_1_1_2"
"11946","EPI_ISL_19260822",3,2,1,1,6,1,1,2,"3_2_1_1_6_1_1_2"
"11947","EPI_ISL_19260821",7,2,1,1,1,1,1,2,"7_2_1_1_1_1_1_2"
"11948","EPI_ISL_19260820",7,2,1,1,1,1,1,2,"7_2_1_1_1_1_1_2"
"11949","EPI_ISL_19260819",7,2,1,1,1,1,1,2,"7_2_1_1_1_1_1_2"
"11950","EPI_ISL_19260818",3,2,1,1,6,1,1,2,"3_2_1_1_6_1_1_2"
"11951","EPI_ISL_19260817",3,2,1,1,6,1,1,2,"3_2_1_1_6_1_1_2"
"11952","EPI_ISL_19260816",2,1,1,1,2,1,1,1,"2_1_1_1_2_1_1_1"
"11953","EPI_ISL_19260815",4,46,1,1,1,1,1,2,"4_46_1_1_1_1_1_2"
"11954","EPI_ISL_19260118",8,6,2,1,2,3,1,1,"8_6_2_1_2_3_1_1"
"11955","EPI_ISL_19260111",8,6,2,1,2,3,1,1,"8_6_2_1_2_3_1_1"
"11956","EPI_ISL_19260110",8,6,2,1,2,3,1,1,"8_6_2_1_2_3_1_1"
"11957","EPI_ISL_19260109",8,6,2,1,2,3,1,1,"8_6_2_1_2_3_1_1"
"11958","EPI_ISL_19260108",8,6,2,1,2,3,1,1,"8_6_2_1_2_3_1_1"
"11959","EPI_ISL_19260107",8,6,2,1,2,3,1,1,"8_6_2_1_2_3_1_1"
"11960","EPI_ISL_19260106",8,6,2,1,2,3,1,1,"8_6_2_1_2_3_1_1"
"11961","EPI_ISL_19260105",8,6,2,1,2,3,1,1,"8_6_2_1_2_3_1_1"
"11962","EPI_ISL_19260104",8,6,2,1,2,3,1,1,"8_6_2_1_2_3_1_1"
"11963","EPI_ISL_19260103",8,6,2,1,2,3,1,1,"8_6_2_1_2_3_1_1"
"11964","EPI_ISL_19260102",8,6,2,1,2,3,1,1,"8_6_2_1_2_3_1_1"
"11965","EPI_ISL_19260101",8,6,2,1,2,3,1,1,"8_6_2_1_2_3_1_1"
"11966","EPI_ISL_19260100",8,6,2,1,2,3,1,1,"8_6_2_1_2_3_1_1"
"11967","EPI_ISL_19260099",8,6,2,1,2,3,1,1,"8_6_2_1_2_3_1_1"
"11968","EPI_ISL_19227439",3,2,1,1,1,1,1,2,"3_2_1_1_1_1_1_2"
"11969","EPI_ISL_19227438",3,2,1,1,1,1,1,2,"3_2_1_1_1_1_1_2"
"11970","EPI_ISL_19210891",7,2,1,1,1,1,1,2,"7_2_1_1_1_1_1_2"
"11971","EPI_ISL_19210890",7,2,1,1,1,1,1,2,"7_2_1_1_1_1_1_2"
"11972","EPI_ISL_19210889",7,2,1,1,1,1,1,2,"7_2_1_1_1_1_1_2"
"11973","EPI_ISL_19210888",7,2,1,1,1,1,1,2,"7_2_1_1_1_1_1_2"
"11974","EPI_ISL_19210887",7,2,1,1,1,1,1,2,"7_2_1_1_1_1_1_2"
"11975","EPI_ISL_19210886",7,2,1,1,1,1,1,2,"7_2_1_1_1_1_1_2"
"11976","EPI_ISL_19210885",7,2,1,1,1,1,1,2,"7_2_1_1_1_1_1_2"
"11977","EPI_ISL_19210883",7,2,1,1,1,1,1,2,"7_2_1_1_1_1_1_2"
"11978","EPI_ISL_19210882",7,2,1,1,1,1,1,2,"7_2_1_1_1_1_1_2"
"11979","EPI_ISL_19210881",7,2,1,1,1,1,1,2,"7_2_1_1_1_1_1_2"
"11980","EPI_ISL_19210880",7,2,1,1,1,1,1,2,"7_2_1_1_1_1_1_2"
"11981","EPI_ISL_19210879",7,2,1,1,1,1,1,2,"7_2_1_1_1_1_1_2"
"11982","EPI_ISL_19210878",7,2,1,1,1,1,1,2,"7_2_1_1_1_1_1_2"
"11983","EPI_ISL_19210877",7,2,1,1,1,1,1,2,"7_2_1_1_1_1_1_2"
"11984","EPI_ISL_19210876",7,2,1,1,1,1,1,2,"7_2_1_1_1_1_1_2"
"11985","EPI_ISL_19210875",7,2,1,1,1,1,1,2,"7_2_1_1_1_1_1_2"
"11986","EPI_ISL_19210874",7,2,1,1,1,1,1,2,"7_2_1_1_1_1_1_2"
"11987","EPI_ISL_19210873",7,2,1,1,1,1,1,2,"7_2_1_1_1_1_1_2"
"11988","EPI_ISL_19210872",3,2,1,1,6,1,1,2,"3_2_1_1_6_1_1_2"
"11989","EPI_ISL_19210871",7,2,1,1,1,1,1,2,"7_2_1_1_1_1_1_2"
"11990","EPI_ISL_19178104",7,2,1,1,1,1,1,2,"7_2_1_1_1_1_1_2"
"11991","EPI_ISL_19178101",7,2,1,1,1,1,1,2,"7_2_1_1_1_1_1_2"
"11992","EPI_ISL_19178096",7,2,1,1,1,1,1,2,"7_2_1_1_1_1_1_2"
"11993","EPI_ISL_19178095",7,2,1,1,1,1,1,2,"7_2_1_1_1_1_1_2"
"11994","EPI_ISL_19178094",7,2,1,1,1,1,1,2,"7_2_1_1_1_1_1_2"
"11995","EPI_ISL_19178071",7,2,1,1,1,1,1,2,"7_2_1_1_1_1_1_2"
"11996","EPI_ISL_19145298",4,5,5,1,1,1,1,1,"4_5_5_1_1_1_1_1"
"11997","EPI_ISL_19145297",2,1,1,1,2,1,1,1,"2_1_1_1_2_1_1_1"
"11998","EPI_ISL_19145296",4,1,1,1,1,1,1,1,"4_1_1_1_1_1_1_1"
"11999","EPI_ISL_19145295",5,3,1,1,1,1,1,2,"5_3_1_1_1_1_1_2"
"12000","EPI_ISL_19145293",4,5,5,1,1,1,1,1,"4_5_5_1_1_1_1_1"
"12001","EPI_ISL_19145292",3,1,1,1,1,1,1,1,"3_1_1_1_1_1_1_1"
"12002","EPI_ISL_19145291",2,1,1,1,2,1,1,1,"2_1_1_1_2_1_1_1"
"12003","EPI_ISL_19145290",5,1,1,1,1,1,1,1,"5_1_1_1_1_1_1_1"
"12004","EPI_ISL_19145289",4,1,1,1,1,1,1,1,"4_1_1_1_1_1_1_1"
"12005","EPI_ISL_19145288",2,1,1,1,1,1,1,1,"2_1_1_1_1_1_1_1"
"12006","EPI_ISL_19145287",5,3,1,1,1,1,1,2,"5_3_1_1_1_1_1_2"
"12007","EPI_ISL_19145286",4,1,1,1,1,1,1,1,"4_1_1_1_1_1_1_1"
"12008","EPI_ISL_19145285",5,1,1,1,1,1,1,1,"5_1_1_1_1_1_1_1"
"12009","EPI_ISL_19145284",2,1,1,1,2,1,1,1,"2_1_1_1_2_1_1_1"
"12010","EPI_ISL_19145283",5,1,1,1,1,1,1,1,"5_1_1_1_1_1_1_1"
"12011","EPI_ISL_19145282",4,1,1,1,1,1,1,1,"4_1_1_1_1_1_1_1"
"12012","EPI_ISL_19145278",4,5,1,1,1,1,1,1,"4_5_1_1_1_1_1_1"
"12013","EPI_ISL_19145277",4,5,5,1,1,1,1,1,"4_5_5_1_1_1_1_1"
"12014","EPI_ISL_19145276",2,1,1,1,2,1,1,1,"2_1_1_1_2_1_1_1"
"12015","EPI_ISL_19145275",4,5,1,1,1,1,1,1,"4_5_1_1_1_1_1_1"
"12016","EPI_ISL_19145274",4,5,5,1,1,1,1,1,"4_5_5_1_1_1_1_1"
"12017","EPI_ISL_19145273",2,1,1,1,2,1,1,1,"2_1_1_1_2_1_1_1"
"12018","EPI_ISL_19145272",5,1,1,1,1,1,1,1,"5_1_1_1_1_1_1_1"
"12019","EPI_ISL_19145271",4,1,1,1,1,1,1,1,"4_1_1_1_1_1_1_1"
"12020","EPI_ISL_19145270",4,5,5,1,1,1,1,1,"4_5_5_1_1_1_1_1"
"12021","EPI_ISL_19145269",4,1,1,1,1,1,1,1,"4_1_1_1_1_1_1_1"
"12022","EPI_ISL_19145268",4,5,5,1,1,1,1,1,"4_5_5_1_1_1_1_1"
"12023","EPI_ISL_19145267",4,5,5,1,1,1,1,1,"4_5_5_1_1_1_1_1"
"12024","EPI_ISL_19145266",4,5,1,1,1,1,1,1,"4_5_1_1_1_1_1_1"
"12025","EPI_ISL_19145265",3,1,1,1,1,1,1,1,"3_1_1_1_1_1_1_1"
"12026","EPI_ISL_19145264",5,3,1,1,1,1,1,2,"5_3_1_1_1_1_1_2"
"12027","EPI_ISL_19145263",5,1,1,1,1,1,1,1,"5_1_1_1_1_1_1_1"
"12028","EPI_ISL_19145262",4,1,1,1,1,1,1,1,"4_1_1_1_1_1_1_1"
"12029","EPI_ISL_19145261",4,1,1,1,1,1,1,1,"4_1_1_1_1_1_1_1"
"12030","EPI_ISL_19145260",5,1,1,1,1,1,1,1,"5_1_1_1_1_1_1_1"
"12031","EPI_ISL_19145259",4,1,1,1,1,1,1,1,"4_1_1_1_1_1_1_1"
"12032","EPI_ISL_19145258",5,3,1,1,1,1,1,2,"5_3_1_1_1_1_1_2"
"12033","EPI_ISL_19145257",5,1,1,1,1,1,1,1,"5_1_1_1_1_1_1_1"
"12034","EPI_ISL_19145256",4,1,1,1,1,1,1,1,"4_1_1_1_1_1_1_1"
"12035","EPI_ISL_19145255",5,1,1,1,1,1,1,1,"5_1_1_1_1_1_1_1"
"12036","EPI_ISL_19145254",4,1,1,1,1,1,1,1,"4_1_1_1_1_1_1_1"
"12037","EPI_ISL_19145248",2,1,1,1,2,1,1,1,"2_1_1_1_2_1_1_1"
"12038","EPI_ISL_19145247",4,1,1,1,1,1,1,1,"4_1_1_1_1_1_1_1"
"12039","EPI_ISL_19145246",4,5,5,1,1,1,1,1,"4_5_5_1_1_1_1_1"
"12040","EPI_ISL_19145242",2,1,1,1,2,1,1,1,"2_1_1_1_2_1_1_1"
"12041","EPI_ISL_19145241",4,5,1,1,1,1,1,1,"4_5_1_1_1_1_1_1"
"12042","EPI_ISL_19145240",4,1,1,1,1,1,1,2,"4_1_1_1_1_1_1_2"
"12043","EPI_ISL_19145239",4,5,1,1,1,1,1,1,"4_5_1_1_1_1_1_1"
"12044","EPI_ISL_19145238",4,5,5,1,1,1,1,1,"4_5_5_1_1_1_1_1"
"12045","EPI_ISL_19145237",4,1,1,1,1,1,1,1,"4_1_1_1_1_1_1_1"
"12046","EPI_ISL_19145236",2,1,1,1,2,1,1,1,"2_1_1_1_2_1_1_1"
"12047","EPI_ISL_19145229",4,5,5,1,1,1,1,1,"4_5_5_1_1_1_1_1"
"12048","EPI_ISL_19145228",4,5,5,1,1,1,1,1,"4_5_5_1_1_1_1_1"
"12049","EPI_ISL_19145227",4,1,1,1,1,1,1,2,"4_1_1_1_1_1_1_2"
"12050","EPI_ISL_19145226",2,1,1,1,2,1,1,1,"2_1_1_1_2_1_1_1"
"12051","EPI_ISL_19145225",4,5,5,1,1,1,1,1,"4_5_5_1_1_1_1_1"
"12052","EPI_ISL_19145224",5,1,1,1,1,1,1,1,"5_1_1_1_1_1_1_1"
"12053","EPI_ISL_19145220",4,5,5,1,1,1,1,1,"4_5_5_1_1_1_1_1"
"12054","EPI_ISL_19145219",4,5,1,1,1,1,1,1,"4_5_1_1_1_1_1_1"
"12055","EPI_ISL_19145218",4,5,1,1,1,1,1,1,"4_5_1_1_1_1_1_1"
"12056","EPI_ISL_19145217",4,5,1,1,1,1,1,1,"4_5_1_1_1_1_1_1"
"12057","EPI_ISL_19145216",4,5,1,1,1,1,1,1,"4_5_1_1_1_1_1_1"
"12058","EPI_ISL_19145183",2,1,1,1,2,1,1,1,"2_1_1_1_2_1_1_1"
"12059","EPI_ISL_19145182",2,1,1,1,2,1,1,1,"2_1_1_1_2_1_1_1"
"12060","EPI_ISL_19145181",2,1,1,1,2,1,1,1,"2_1_1_1_2_1_1_1"
"12061","EPI_ISL_19145180",2,1,1,1,2,1,1,1,"2_1_1_1_2_1_1_1"
"12062","EPI_ISL_19145179",2,1,1,1,2,1,1,1,"2_1_1_1_2_1_1_1"
"12063","EPI_ISL_19145178",2,1,1,1,2,1,1,1,"2_1_1_1_2_1_1_1"
"12064","EPI_ISL_19145177",2,1,1,1,2,1,1,1,"2_1_1_1_2_1_1_1"
"12065","EPI_ISL_19145176",2,1,1,1,2,1,1,1,"2_1_1_1_2_1_1_1"
"12066","EPI_ISL_19145175",2,1,1,1,2,1,1,1,"2_1_1_1_2_1_1_1"
"12067","EPI_ISL_19145174",2,1,1,1,2,1,1,1,"2_1_1_1_2_1_1_1"
"12068","EPI_ISL_19145173",2,1,1,1,2,1,1,1,"2_1_1_1_2_1_1_1"
"12069","EPI_ISL_19145172",2,1,1,1,2,1,1,1,"2_1_1_1_2_1_1_1"
"12070","EPI_ISL_19145171",2,1,1,1,2,1,1,1,"2_1_1_1_2_1_1_1"
"12071","EPI_ISL_19145170",2,1,1,1,2,1,1,1,"2_1_1_1_2_1_1_1"
"12072","EPI_ISL_19145169",2,1,1,1,2,1,1,1,"2_1_1_1_2_1_1_1"
"12073","EPI_ISL_19145168",2,1,1,1,2,1,1,1,"2_1_1_1_2_1_1_1"
"12074","EPI_ISL_19145167",2,1,1,1,2,1,1,1,"2_1_1_1_2_1_1_1"
"12075","EPI_ISL_19145166",2,1,1,1,2,1,1,1,"2_1_1_1_2_1_1_1"
"12076","EPI_ISL_19145165",2,1,1,1,2,1,1,1,"2_1_1_1_2_1_1_1"
"12077","EPI_ISL_19145163",2,1,1,1,2,1,1,1,"2_1_1_1_2_1_1_1"
"12078","EPI_ISL_19145162",2,1,1,1,2,1,1,1,"2_1_1_1_2_1_1_1"
"12079","EPI_ISL_19145161",2,1,1,1,2,1,1,1,"2_1_1_1_2_1_1_1"
"12080","EPI_ISL_19145160",2,1,1,1,2,1,1,1,"2_1_1_1_2_1_1_1"
"12081","EPI_ISL_19030163",1,6,2,1,2,1,1,1,"1_6_2_1_2_1_1_1"
"12082","EPI_ISL_19014410",3,2,1,1,1,1,1,2,"3_2_1_1_1_1_1_2"
"12083","EPI_ISL_19014408",3,2,1,1,1,1,1,2,"3_2_1_1_1_1_1_2"
"12084","EPI_ISL_19014406",3,2,1,1,1,1,1,2,"3_2_1_1_1_1_1_2"
"12085","EPI_ISL_19014404",3,2,1,1,1,1,1,2,"3_2_1_1_1_1_1_2"
"12086","EPI_ISL_19014402",3,2,1,1,1,1,1,2,"3_2_1_1_1_1_1_2"
"12087","EPI_ISL_19014398",3,2,1,1,1,1,1,2,"3_2_1_1_1_1_1_2"
"12088","EPI_ISL_19014396",3,2,1,1,1,1,1,2,"3_2_1_1_1_1_1_2"
"12089","EPI_ISL_19506074",3,2,1,1,1,1,1,2,"3_2_1_1_1_1_1_2"
"12090","EPI_ISL_19506073",3,2,1,1,1,1,1,2,"3_2_1_1_1_1_1_2"
"12091","EPI_ISL_19456638",1,21,14,1,4,1,1,4,"1_21_14_1_4_1_1_4"
"12092","EPI_ISL_19326268",3,2,1,1,1,1,1,2,"3_2_1_1_1_1_1_2"
"12093","EPI_ISL_19326267",3,2,1,1,1,1,1,2,"3_2_1_1_1_1_1_2"
"12094","EPI_ISL_19326266",3,2,1,1,1,1,1,2,"3_2_1_1_1_1_1_2"
"12095","EPI_ISL_19326265",3,2,1,1,1,1,1,2,"3_2_1_1_1_1_1_2"
"12096","EPI_ISL_19326264",3,2,1,1,1,1,1,2,"3_2_1_1_1_1_1_2"
"12097","EPI_ISL_19326263",3,2,1,1,1,1,1,2,"3_2_1_1_1_1_1_2"
"12098","EPI_ISL_19326262",3,2,1,1,1,1,1,2,"3_2_1_1_1_1_1_2"
"12099","EPI_ISL_19326260",3,2,1,1,1,1,1,2,"3_2_1_1_1_1_1_2"
"12100","EPI_ISL_19326259",3,2,1,1,1,1,1,2,"3_2_1_1_1_1_1_2"
"12101","EPI_ISL_19326251",3,2,1,1,1,1,1,2,"3_2_1_1_1_1_1_2"
"12102","EPI_ISL_19326250",3,2,1,1,1,1,1,2,"3_2_1_1_1_1_1_2"
"12103","EPI_ISL_19326249",3,2,1,1,1,1,1,2,"3_2_1_1_1_1_1_2"
"12104","EPI_ISL_19260343",3,2,1,1,1,1,1,2,"3_2_1_1_1_1_1_2"
"12105","EPI_ISL_19260342",3,2,1,1,1,1,1,2,"3_2_1_1_1_1_1_2"
"12106","EPI_ISL_19260341",3,2,1,1,1,1,1,2,"3_2_1_1_1_1_1_2"
"12107","EPI_ISL_19260316",3,2,1,1,1,1,1,2,"3_2_1_1_1_1_1_2"
"12108","EPI_ISL_19260314",3,2,1,1,1,1,1,2,"3_2_1_1_1_1_1_2"
"12109","EPI_ISL_19260288",3,2,1,1,1,1,1,2,"3_2_1_1_1_1_1_2"
"12110","EPI_ISL_19228482",3,2,1,1,1,1,1,2,"3_2_1_1_1_1_1_2"
"12111","EPI_ISL_19228458",3,2,1,1,1,1,1,2,"3_2_1_1_1_1_1_2"
"12112","EPI_ISL_19228455",3,2,1,1,1,1,1,2,"3_2_1_1_1_1_1_2"
"12113","EPI_ISL_19228453",3,2,1,1,1,1,1,2,"3_2_1_1_1_1_1_2"
"12114","EPI_ISL_19228449",3,2,1,1,1,1,1,2,"3_2_1_1_1_1_1_2"
"12115","EPI_ISL_19228447",3,2,1,1,1,1,1,2,"3_2_1_1_1_1_1_2"
"12116","EPI_ISL_19227539",3,2,1,1,1,1,1,2,"3_2_1_1_1_1_1_2"
"12117","EPI_ISL_19227536",3,2,1,1,1,1,1,2,"3_2_1_1_1_1_1_2"
"12118","EPI_ISL_19227532",3,2,1,1,1,1,1,2,"3_2_1_1_1_1_1_2"
"12119","EPI_ISL_19227531",3,2,1,1,1,1,1,2,"3_2_1_1_1_1_1_2"
"12120","EPI_ISL_19227529",3,2,1,1,1,1,1,2,"3_2_1_1_1_1_1_2"
"12121","EPI_ISL_19227519",3,2,1,1,1,1,1,2,"3_2_1_1_1_1_1_2"
"12122","EPI_ISL_19227518",3,2,1,1,1,1,1,2,"3_2_1_1_1_1_1_2"
"12123","EPI_ISL_19227517",3,2,1,1,1,1,1,2,"3_2_1_1_1_1_1_2"
"12124","EPI_ISL_19227504",3,2,1,1,1,1,1,2,"3_2_1_1_1_1_1_2"
"12125","EPI_ISL_19227503",3,2,1,1,1,1,1,2,"3_2_1_1_1_1_1_2"
"12126","EPI_ISL_19227424",3,2,1,1,1,1,1,2,"3_2_1_1_1_1_1_2"
"12127","EPI_ISL_19227423",3,2,1,1,1,1,1,2,"3_2_1_1_1_1_1_2"
"12128","EPI_ISL_19227407",3,2,1,1,1,1,1,2,"3_2_1_1_1_1_1_2"
"12129","EPI_ISL_19227406",3,2,1,1,1,1,1,2,"3_2_1_1_1_1_1_2"
"12130","EPI_ISL_19227405",3,2,1,1,1,1,1,2,"3_2_1_1_1_1_1_2"
"12131","EPI_ISL_19227378",3,2,1,1,1,1,1,2,"3_2_1_1_1_1_1_2"
"12132","EPI_ISL_19227377",3,2,1,1,1,1,1,2,"3_2_1_1_1_1_1_2"
"12133","EPI_ISL_19227356",3,2,1,1,1,1,1,2,"3_2_1_1_1_1_1_2"
"12134","EPI_ISL_19227355",3,2,1,1,1,1,1,2,"3_2_1_1_1_1_1_2"
"12135","EPI_ISL_19227322",3,2,1,1,1,1,1,2,"3_2_1_1_1_1_1_2"
"12136","EPI_ISL_19227319",3,2,1,1,1,1,1,2,"3_2_1_1_1_1_1_2"
"12137","EPI_ISL_19227318",3,2,1,1,1,1,1,2,"3_2_1_1_1_1_1_2"
"12138","EPI_ISL_19210413",8,8,2,1,2,1,1,1,"8_8_2_1_2_1_1_1"
"12139","EPI_ISL_18916771",1,6,2,1,2,1,1,1,"1_6_2_1_2_1_1_1"
"12140","EPI_ISL_18867005",1,6,2,1,2,1,1,1,"1_6_2_1_2_1_1_1"
"12141","EPI_ISL_19505310",2,1,1,1,2,1,1,1,"2_1_1_1_2_1_1_1"
"12142","EPI_ISL_19505309",2,1,1,1,2,1,1,1,"2_1_1_1_2_1_1_1"
"12143","EPI_ISL_18933204",1,1,2,1,2,1,1,1,"1_1_2_1_2_1_1_1"
"12144","EPI_ISL_18933102",1,1,2,1,2,1,1,1,"1_1_2_1_2_1_1_1"
"12145","EPI_ISL_18933100",1,1,2,1,2,1,1,1,"1_1_2_1_2_1_1_1"
"12146","EPI_ISL_18801172",2,1,1,1,2,1,1,1,"2_1_1_1_2_1_1_1"
"12147","EPI_ISL_19506083",3,2,1,1,1,1,1,2,"3_2_1_1_1_1_1_2"
"12148","EPI_ISL_19506082",3,2,1,1,1,1,1,2,"3_2_1_1_1_1_1_2"
"12149","EPI_ISL_19506081",3,2,1,1,1,1,1,2,"3_2_1_1_1_1_1_2"
"12150","EPI_ISL_19506080",3,2,1,1,1,1,1,2,"3_2_1_1_1_1_1_2"
"12151","EPI_ISL_19506078",3,2,1,1,1,1,1,2,"3_2_1_1_1_1_1_2"
"12152","EPI_ISL_19506077",3,2,1,1,1,1,1,2,"3_2_1_1_1_1_1_2"
"12153","EPI_ISL_19506076",3,2,1,1,1,1,1,2,"3_2_1_1_1_1_1_2"
"12154","EPI_ISL_19506075",3,2,1,1,1,1,1,2,"3_2_1_1_1_1_1_2"
"12155","EPI_ISL_19506070",3,2,1,1,1,1,1,2,"3_2_1_1_1_1_1_2"
"12156","EPI_ISL_19506069",3,2,1,1,1,1,1,2,"3_2_1_1_1_1_1_2"
"12157","EPI_ISL_19506068",3,2,1,1,1,1,1,2,"3_2_1_1_1_1_1_2"
"12158","EPI_ISL_19506067",3,2,1,1,1,1,1,2,"3_2_1_1_1_1_1_2"
"12159","EPI_ISL_19506066",3,2,1,1,1,1,1,2,"3_2_1_1_1_1_1_2"
"12160","EPI_ISL_19506065",3,2,1,1,1,1,1,2,"3_2_1_1_1_1_1_2"
"12161","EPI_ISL_19506064",3,2,1,1,1,1,1,2,"3_2_1_1_1_1_1_2"
"12162","EPI_ISL_19506063",3,2,1,1,1,1,1,2,"3_2_1_1_1_1_1_2"
"12163","EPI_ISL_19506062",3,2,1,1,1,1,1,2,"3_2_1_1_1_1_1_2"
"12164","EPI_ISL_19506061",3,2,1,1,1,1,1,2,"3_2_1_1_1_1_1_2"
"12165","EPI_ISL_19506060",3,2,1,1,1,1,1,2,"3_2_1_1_1_1_1_2"
"12166","EPI_ISL_19506059",3,2,1,1,1,1,1,2,"3_2_1_1_1_1_1_2"
"12167","EPI_ISL_19506058",3,2,1,1,1,1,1,2,"3_2_1_1_1_1_1_2"
"12168","EPI_ISL_19506057",3,2,1,1,1,1,1,2,"3_2_1_1_1_1_1_2"
"12169","EPI_ISL_19506056",3,2,1,1,1,1,1,2,"3_2_1_1_1_1_1_2"
"12170","EPI_ISL_19506054",3,2,1,1,1,1,1,2,"3_2_1_1_1_1_1_2"
"12171","EPI_ISL_19473420",3,2,1,1,1,1,1,2,"3_2_1_1_1_1_1_2"
"12172","EPI_ISL_19473419",3,2,1,1,1,1,1,2,"3_2_1_1_1_1_1_2"
"12173","EPI_ISL_19473418",3,2,1,1,1,1,1,2,"3_2_1_1_1_1_1_2"
"12174","EPI_ISL_19473417",3,2,1,1,1,1,1,2,"3_2_1_1_1_1_1_2"
"12175","EPI_ISL_19473415",3,2,1,1,1,1,1,2,"3_2_1_1_1_1_1_2"
"12176","EPI_ISL_19473414",3,2,1,1,1,1,1,2,"3_2_1_1_1_1_1_2"
"12177","EPI_ISL_19473413",3,2,1,1,1,1,1,2,"3_2_1_1_1_1_1_2"
"12178","EPI_ISL_19473412",3,2,1,1,1,1,1,2,"3_2_1_1_1_1_1_2"
"12179","EPI_ISL_19473411",3,2,1,1,1,1,1,2,"3_2_1_1_1_1_1_2"
"12180","EPI_ISL_19473410",3,2,1,1,1,1,1,2,"3_2_1_1_1_1_1_2"
"12181","EPI_ISL_19473409",3,2,1,1,1,1,1,2,"3_2_1_1_1_1_1_2"
"12182","EPI_ISL_19473406",3,2,1,1,1,1,1,2,"3_2_1_1_1_1_1_2"
"12183","EPI_ISL_19473405",3,2,1,1,1,1,1,2,"3_2_1_1_1_1_1_2"
"12184","EPI_ISL_19473404",3,2,1,1,1,1,1,2,"3_2_1_1_1_1_1_2"
"12185","EPI_ISL_19473403",3,2,1,1,1,1,1,2,"3_2_1_1_1_1_1_2"
"12186","EPI_ISL_19473401",3,2,1,1,1,1,1,2,"3_2_1_1_1_1_1_2"
"12187","EPI_ISL_19473398",3,2,1,1,1,1,1,2,"3_2_1_1_1_1_1_2"
"12188","EPI_ISL_19473397",3,2,1,1,1,1,1,2,"3_2_1_1_1_1_1_2"
"12189","EPI_ISL_19473396",3,2,1,1,1,1,1,2,"3_2_1_1_1_1_1_2"
"12190","EPI_ISL_19473395",3,2,1,1,1,1,1,2,"3_2_1_1_1_1_1_2"
"12191","EPI_ISL_19473394",3,2,1,1,1,1,1,2,"3_2_1_1_1_1_1_2"
"12192","EPI_ISL_19473393",3,2,1,1,1,1,1,2,"3_2_1_1_1_1_1_2"
"12193","EPI_ISL_19473391",3,2,1,1,1,1,1,2,"3_2_1_1_1_1_1_2"
"12194","EPI_ISL_19473390",3,2,1,1,1,1,1,2,"3_2_1_1_1_1_1_2"
"12195","EPI_ISL_19473387",3,2,1,1,1,1,1,2,"3_2_1_1_1_1_1_2"
"12196","EPI_ISL_19473386",3,2,1,1,1,1,1,2,"3_2_1_1_1_1_1_2"
"12197","EPI_ISL_19473385",3,2,1,1,1,1,1,2,"3_2_1_1_1_1_1_2"
"12198","EPI_ISL_19473383",3,2,1,1,1,1,1,2,"3_2_1_1_1_1_1_2"
"12199","EPI_ISL_19473382",3,2,1,1,1,1,1,2,"3_2_1_1_1_1_1_2"
"12200","EPI_ISL_19473381",3,2,1,1,1,1,1,2,"3_2_1_1_1_1_1_2"
"12201","EPI_ISL_19326271",3,2,1,1,1,1,1,2,"3_2_1_1_1_1_1_2"
"12202","EPI_ISL_19326270",3,2,1,1,1,1,1,2,"3_2_1_1_1_1_1_2"
"12203","EPI_ISL_19326269",3,2,1,1,1,1,1,2,"3_2_1_1_1_1_1_2"
"12204","EPI_ISL_19326258",3,2,1,1,1,1,1,2,"3_2_1_1_1_1_1_2"
"12205","EPI_ISL_19326257",3,2,1,1,1,1,1,2,"3_2_1_1_1_1_1_2"
"12206","EPI_ISL_19326256",3,2,1,1,1,1,1,2,"3_2_1_1_1_1_1_2"
"12207","EPI_ISL_19326255",3,2,1,1,1,1,1,2,"3_2_1_1_1_1_1_2"
"12208","EPI_ISL_19326254",3,2,1,1,1,1,1,2,"3_2_1_1_1_1_1_2"
"12209","EPI_ISL_19326253",3,2,1,1,1,1,1,2,"3_2_1_1_1_1_1_2"
"12210","EPI_ISL_19326252",3,2,1,1,1,1,1,2,"3_2_1_1_1_1_1_2"
"12211","EPI_ISL_19326248",3,2,1,1,1,1,1,2,"3_2_1_1_1_1_1_2"
"12212","EPI_ISL_19326247",3,2,1,1,1,1,1,2,"3_2_1_1_1_1_1_2"
"12213","EPI_ISL_19326246",3,2,1,1,1,1,1,2,"3_2_1_1_1_1_1_2"
"12214","EPI_ISL_19326245",3,2,1,1,1,1,1,2,"3_2_1_1_1_1_1_2"
"12215","EPI_ISL_19326244",3,2,1,1,1,1,1,2,"3_2_1_1_1_1_1_2"
"12216","EPI_ISL_19326243",3,2,1,1,1,1,1,2,"3_2_1_1_1_1_1_2"
"12217","EPI_ISL_19326242",3,2,1,1,1,1,1,2,"3_2_1_1_1_1_1_2"
"12218","EPI_ISL_19326241",3,2,1,1,1,1,1,2,"3_2_1_1_1_1_1_2"
"12219","EPI_ISL_19310339",3,2,1,1,1,1,1,2,"3_2_1_1_1_1_1_2"
"12220","EPI_ISL_19310338",3,2,1,1,1,1,1,2,"3_2_1_1_1_1_1_2"
"12221","EPI_ISL_19310337",3,2,1,1,1,1,1,2,"3_2_1_1_1_1_1_2"
"12222","EPI_ISL_19260362",3,2,1,1,1,1,1,2,"3_2_1_1_1_1_1_2"
"12223","EPI_ISL_19260361",3,2,1,1,1,1,1,2,"3_2_1_1_1_1_1_2"
"12224","EPI_ISL_19260360",3,2,1,1,1,1,1,2,"3_2_1_1_1_1_1_2"
"12225","EPI_ISL_19260356",3,2,1,1,1,1,1,2,"3_2_1_1_1_1_1_2"
"12226","EPI_ISL_19260355",3,2,1,1,1,1,1,2,"3_2_1_1_1_1_1_2"
"12227","EPI_ISL_19260354",3,2,1,1,1,1,1,2,"3_2_1_1_1_1_1_2"
"12228","EPI_ISL_19260353",3,2,1,1,1,1,1,2,"3_2_1_1_1_1_1_2"
"12229","EPI_ISL_19260352",3,2,1,1,1,1,1,2,"3_2_1_1_1_1_1_2"
"12230","EPI_ISL_19260351",3,2,1,1,1,1,1,2,"3_2_1_1_1_1_1_2"
"12231","EPI_ISL_19260350",3,2,1,1,1,1,1,2,"3_2_1_1_1_1_1_2"
"12232","EPI_ISL_19260349",3,2,1,1,1,1,1,2,"3_2_1_1_1_1_1_2"
"12233","EPI_ISL_19260348",3,2,1,1,1,1,1,2,"3_2_1_1_1_1_1_2"
"12234","EPI_ISL_19260347",3,2,1,1,1,1,1,2,"3_2_1_1_1_1_1_2"
"12235","EPI_ISL_19260346",3,2,1,1,1,1,1,2,"3_2_1_1_1_1_1_2"
"12236","EPI_ISL_19260345",3,2,1,1,1,1,1,2,"3_2_1_1_1_1_1_2"
"12237","EPI_ISL_19260338",3,2,1,1,1,1,1,2,"3_2_1_1_1_1_1_2"
"12238","EPI_ISL_19260337",3,2,1,1,1,1,1,2,"3_2_1_1_1_1_1_2"
"12239","EPI_ISL_19260336",3,2,1,1,1,1,1,2,"3_2_1_1_1_1_1_2"
"12240","EPI_ISL_19260335",3,2,1,1,1,1,1,2,"3_2_1_1_1_1_1_2"
"12241","EPI_ISL_19260334",3,2,1,1,1,1,1,2,"3_2_1_1_1_1_1_2"
"12242","EPI_ISL_19260333",3,2,1,1,1,1,1,2,"3_2_1_1_1_1_1_2"
"12243","EPI_ISL_19260332",3,2,1,1,1,1,1,2,"3_2_1_1_1_1_1_2"
"12244","EPI_ISL_19260331",3,2,1,1,1,1,1,2,"3_2_1_1_1_1_1_2"
"12245","EPI_ISL_19260330",3,2,1,1,1,1,1,2,"3_2_1_1_1_1_1_2"
"12246","EPI_ISL_19260329",3,2,1,1,1,1,1,2,"3_2_1_1_1_1_1_2"
"12247","EPI_ISL_19260328",3,2,1,1,1,1,1,2,"3_2_1_1_1_1_1_2"
"12248","EPI_ISL_19260327",3,2,1,1,1,1,1,2,"3_2_1_1_1_1_1_2"
"12249","EPI_ISL_19260326",3,2,1,1,1,1,1,2,"3_2_1_1_1_1_1_2"
"12250","EPI_ISL_19260325",3,2,1,1,1,1,1,2,"3_2_1_1_1_1_1_2"
"12251","EPI_ISL_19260324",3,2,1,1,1,1,1,2,"3_2_1_1_1_1_1_2"
"12252","EPI_ISL_19260323",3,2,1,1,1,1,1,2,"3_2_1_1_1_1_1_2"
"12253","EPI_ISL_19260322",3,2,1,1,1,1,1,2,"3_2_1_1_1_1_1_2"
"12254","EPI_ISL_19260321",3,2,1,1,1,1,1,2,"3_2_1_1_1_1_1_2"
"12255","EPI_ISL_19260320",3,2,1,1,1,1,1,2,"3_2_1_1_1_1_1_2"
"12256","EPI_ISL_19260319",3,2,1,1,1,1,1,2,"3_2_1_1_1_1_1_2"
"12257","EPI_ISL_19260318",3,2,1,1,1,1,1,2,"3_2_1_1_1_1_1_2"
"12258","EPI_ISL_19260312",3,2,1,1,1,1,1,2,"3_2_1_1_1_1_1_2"
"12259","EPI_ISL_19260311",3,2,1,1,1,1,1,2,"3_2_1_1_1_1_1_2"
"12260","EPI_ISL_19260310",3,2,1,1,1,1,1,2,"3_2_1_1_1_1_1_2"
"12261","EPI_ISL_19260309",3,2,1,1,1,1,1,2,"3_2_1_1_1_1_1_2"
"12262","EPI_ISL_19260308",3,2,1,1,1,1,1,2,"3_2_1_1_1_1_1_2"
"12263","EPI_ISL_19260307",3,2,1,1,1,1,1,2,"3_2_1_1_1_1_1_2"
"12264","EPI_ISL_19260306",3,2,1,1,1,1,1,2,"3_2_1_1_1_1_1_2"
"12265","EPI_ISL_19260305",3,2,1,1,1,1,1,2,"3_2_1_1_1_1_1_2"
"12266","EPI_ISL_19260304",3,2,1,1,1,1,1,2,"3_2_1_1_1_1_1_2"
"12267","EPI_ISL_19260303",3,2,1,1,1,1,1,2,"3_2_1_1_1_1_1_2"
"12268","EPI_ISL_19260302",3,2,1,1,1,1,1,2,"3_2_1_1_1_1_1_2"
"12269","EPI_ISL_19260301",3,2,1,1,1,1,1,2,"3_2_1_1_1_1_1_2"
"12270","EPI_ISL_19260300",3,2,1,1,1,1,1,2,"3_2_1_1_1_1_1_2"
"12271","EPI_ISL_19260299",3,2,1,1,1,1,1,2,"3_2_1_1_1_1_1_2"
"12272","EPI_ISL_19260298",3,2,1,1,1,1,1,2,"3_2_1_1_1_1_1_2"
"12273","EPI_ISL_19260297",3,2,1,1,1,1,1,2,"3_2_1_1_1_1_1_2"
"12274","EPI_ISL_19260296",3,2,1,1,1,1,1,2,"3_2_1_1_1_1_1_2"
"12275","EPI_ISL_19260295",3,2,1,1,1,1,1,2,"3_2_1_1_1_1_1_2"
"12276","EPI_ISL_19260294",3,2,1,1,1,1,1,2,"3_2_1_1_1_1_1_2"
"12277","EPI_ISL_19260293",3,2,1,1,1,1,1,2,"3_2_1_1_1_1_1_2"
"12278","EPI_ISL_19260292",3,2,1,1,1,1,1,2,"3_2_1_1_1_1_1_2"
"12279","EPI_ISL_19260291",3,2,1,1,1,1,1,2,"3_2_1_1_1_1_1_2"
"12280","EPI_ISL_19260290",3,2,1,1,1,1,1,2,"3_2_1_1_1_1_1_2"
"12281","EPI_ISL_19260289",3,2,1,1,1,1,1,2,"3_2_1_1_1_1_1_2"
"12282","EPI_ISL_19260287",3,2,1,1,1,1,1,2,"3_2_1_1_1_1_1_2"
"12283","EPI_ISL_19260284",3,2,1,1,1,1,1,2,"3_2_1_1_1_1_1_2"
"12284","EPI_ISL_19260283",3,2,1,1,1,1,1,2,"3_2_1_1_1_1_1_2"
"12285","EPI_ISL_19260282",3,2,1,1,1,1,1,2,"3_2_1_1_1_1_1_2"
"12286","EPI_ISL_19260281",3,2,1,1,1,1,1,2,"3_2_1_1_1_1_1_2"
"12287","EPI_ISL_19260280",3,2,1,1,1,1,1,2,"3_2_1_1_1_1_1_2"
"12288","EPI_ISL_19228543",3,2,1,1,1,1,1,2,"3_2_1_1_1_1_1_2"
"12289","EPI_ISL_19228542",3,2,1,1,1,1,1,2,"3_2_1_1_1_1_1_2"
"12290","EPI_ISL_19228541",3,2,1,1,1,1,1,2,"3_2_1_1_1_1_1_2"
"12291","EPI_ISL_19228540",3,2,1,1,1,1,1,2,"3_2_1_1_1_1_1_2"
"12292","EPI_ISL_19228539",3,2,1,1,1,1,1,2,"3_2_1_1_1_1_1_2"
"12293","EPI_ISL_19228538",3,2,1,1,1,1,1,2,"3_2_1_1_1_1_1_2"
"12294","EPI_ISL_19228537",3,2,1,1,1,1,1,2,"3_2_1_1_1_1_1_2"
"12295","EPI_ISL_19228536",3,2,1,1,1,1,1,2,"3_2_1_1_1_1_1_2"
"12296","EPI_ISL_19228535",3,2,1,1,1,1,1,2,"3_2_1_1_1_1_1_2"
"12297","EPI_ISL_19228534",3,2,1,1,1,1,1,2,"3_2_1_1_1_1_1_2"
"12298","EPI_ISL_19228533",3,2,1,1,1,1,1,2,"3_2_1_1_1_1_1_2"
"12299","EPI_ISL_19228532",3,2,1,1,1,1,1,2,"3_2_1_1_1_1_1_2"
"12300","EPI_ISL_19228531",3,2,1,1,1,1,1,2,"3_2_1_1_1_1_1_2"
"12301","EPI_ISL_19228530",3,2,1,1,1,1,1,2,"3_2_1_1_1_1_1_2"
"12302","EPI_ISL_19228528",3,2,1,1,1,1,1,2,"3_2_1_1_1_1_1_2"
"12303","EPI_ISL_19228527",3,2,1,1,1,1,1,2,"3_2_1_1_1_1_1_2"
"12304","EPI_ISL_19228526",3,2,1,1,1,1,1,2,"3_2_1_1_1_1_1_2"
"12305","EPI_ISL_19228525",3,2,1,1,1,1,1,2,"3_2_1_1_1_1_1_2"
"12306","EPI_ISL_19228524",3,2,1,1,1,1,1,2,"3_2_1_1_1_1_1_2"
"12307","EPI_ISL_19228523",3,2,1,1,1,1,1,2,"3_2_1_1_1_1_1_2"
"12308","EPI_ISL_19228522",3,2,1,1,1,1,1,2,"3_2_1_1_1_1_1_2"
"12309","EPI_ISL_19228521",3,2,1,1,1,1,1,2,"3_2_1_1_1_1_1_2"
"12310","EPI_ISL_19228520",3,2,1,1,1,1,1,2,"3_2_1_1_1_1_1_2"
"12311","EPI_ISL_19228518",3,2,1,1,1,1,1,2,"3_2_1_1_1_1_1_2"
"12312","EPI_ISL_19228517",3,2,1,1,1,1,1,2,"3_2_1_1_1_1_1_2"
"12313","EPI_ISL_19228516",3,2,1,1,1,1,1,2,"3_2_1_1_1_1_1_2"
"12314","EPI_ISL_19228515",3,2,1,1,1,1,1,2,"3_2_1_1_1_1_1_2"
"12315","EPI_ISL_19228514",3,2,1,1,1,1,1,2,"3_2_1_1_1_1_1_2"
"12316","EPI_ISL_19228513",3,2,1,1,1,1,1,2,"3_2_1_1_1_1_1_2"
"12317","EPI_ISL_19228503",3,2,1,1,1,1,1,2,"3_2_1_1_1_1_1_2"
"12318","EPI_ISL_19228502",3,2,1,1,1,1,1,2,"3_2_1_1_1_1_1_2"
"12319","EPI_ISL_19228501",3,2,1,1,1,1,1,2,"3_2_1_1_1_1_1_2"
"12320","EPI_ISL_19228500",3,2,1,1,1,1,1,2,"3_2_1_1_1_1_1_2"
"12321","EPI_ISL_19228499",3,2,1,1,1,1,1,2,"3_2_1_1_1_1_1_2"
"12322","EPI_ISL_19228498",3,2,1,1,1,1,1,2,"3_2_1_1_1_1_1_2"
"12323","EPI_ISL_19228497",3,2,1,1,1,1,1,2,"3_2_1_1_1_1_1_2"
"12324","EPI_ISL_19228496",3,2,1,1,1,1,1,2,"3_2_1_1_1_1_1_2"
"12325","EPI_ISL_19228495",3,2,1,1,1,1,1,2,"3_2_1_1_1_1_1_2"
"12326","EPI_ISL_19228494",3,2,1,1,1,1,1,2,"3_2_1_1_1_1_1_2"
"12327","EPI_ISL_19228493",3,2,1,1,1,1,1,2,"3_2_1_1_1_1_1_2"
"12328","EPI_ISL_19228491",3,2,1,1,1,1,1,2,"3_2_1_1_1_1_1_2"
"12329","EPI_ISL_19228490",3,2,1,1,1,1,1,2,"3_2_1_1_1_1_1_2"
"12330","EPI_ISL_19228489",3,2,1,1,1,1,1,2,"3_2_1_1_1_1_1_2"
"12331","EPI_ISL_19228488",3,2,1,1,1,1,1,2,"3_2_1_1_1_1_1_2"
"12332","EPI_ISL_19228487",3,2,1,1,1,1,1,2,"3_2_1_1_1_1_1_2"
"12333","EPI_ISL_19228486",3,2,1,1,1,1,1,2,"3_2_1_1_1_1_1_2"
"12334","EPI_ISL_19228485",3,2,1,1,1,1,1,2,"3_2_1_1_1_1_1_2"
"12335","EPI_ISL_19228484",3,2,1,1,1,1,1,2,"3_2_1_1_1_1_1_2"
"12336","EPI_ISL_19228483",3,2,1,1,1,1,1,2,"3_2_1_1_1_1_1_2"
"12337","EPI_ISL_19228481",3,2,1,1,1,1,1,2,"3_2_1_1_1_1_1_2"
"12338","EPI_ISL_19228479",3,2,1,1,1,1,1,2,"3_2_1_1_1_1_1_2"
"12339","EPI_ISL_19228478",3,2,1,1,1,1,1,2,"3_2_1_1_1_1_1_2"
"12340","EPI_ISL_19228477",3,2,1,1,1,1,1,2,"3_2_1_1_1_1_1_2"
"12341","EPI_ISL_19228476",3,2,1,1,1,1,1,2,"3_2_1_1_1_1_1_2"
"12342","EPI_ISL_19228475",3,2,1,1,1,1,1,2,"3_2_1_1_1_1_1_2"
"12343","EPI_ISL_19228474",3,2,1,1,1,1,1,2,"3_2_1_1_1_1_1_2"
"12344","EPI_ISL_19228473",3,2,1,1,1,1,1,2,"3_2_1_1_1_1_1_2"
"12345","EPI_ISL_19228472",3,2,1,1,1,1,1,2,"3_2_1_1_1_1_1_2"
"12346","EPI_ISL_19228471",3,2,1,1,1,1,1,2,"3_2_1_1_1_1_1_2"
"12347","EPI_ISL_19228469",3,2,1,1,1,1,1,2,"3_2_1_1_1_1_1_2"
"12348","EPI_ISL_19228467",3,2,1,1,1,1,1,2,"3_2_1_1_1_1_1_2"
"12349","EPI_ISL_19228466",3,2,1,1,1,1,1,2,"3_2_1_1_1_1_1_2"
"12350","EPI_ISL_19228457",3,2,1,1,1,1,1,2,"3_2_1_1_1_1_1_2"
"12351","EPI_ISL_19228456",3,2,1,1,1,1,1,2,"3_2_1_1_1_1_1_2"
"12352","EPI_ISL_19228452",3,2,1,1,1,1,1,2,"3_2_1_1_1_1_1_2"
"12353","EPI_ISL_19228450",3,2,1,1,1,1,1,2,"3_2_1_1_1_1_1_2"
"12354","EPI_ISL_19228448",3,2,1,1,1,1,1,2,"3_2_1_1_1_1_1_2"
"12355","EPI_ISL_19228446",3,2,1,1,1,1,1,2,"3_2_1_1_1_1_1_2"
"12356","EPI_ISL_19228143",3,2,1,1,1,1,1,2,"3_2_1_1_1_1_1_2"
"12357","EPI_ISL_19227564",3,2,1,1,1,1,1,2,"3_2_1_1_1_1_1_2"
"12358","EPI_ISL_19227563",3,2,1,1,1,1,1,2,"3_2_1_1_1_1_1_2"
"12359","EPI_ISL_19227562",3,2,1,1,1,1,1,2,"3_2_1_1_1_1_1_2"
"12360","EPI_ISL_19227561",3,2,1,1,1,1,1,2,"3_2_1_1_1_1_1_2"
"12361","EPI_ISL_19227560",3,2,1,1,1,1,1,2,"3_2_1_1_1_1_1_2"
"12362","EPI_ISL_19227559",3,2,1,1,1,1,1,2,"3_2_1_1_1_1_1_2"
"12363","EPI_ISL_19227558",3,2,1,1,1,1,1,2,"3_2_1_1_1_1_1_2"
"12364","EPI_ISL_19227557",3,2,1,1,1,1,1,2,"3_2_1_1_1_1_1_2"
"12365","EPI_ISL_19227555",3,2,1,1,1,1,1,2,"3_2_1_1_1_1_1_2"
"12366","EPI_ISL_19227554",3,2,1,1,1,1,1,2,"3_2_1_1_1_1_1_2"
"12367","EPI_ISL_19227533",3,2,1,1,1,1,1,2,"3_2_1_1_1_1_1_2"
"12368","EPI_ISL_19227526",3,2,1,1,1,1,1,2,"3_2_1_1_1_1_1_2"
"12369","EPI_ISL_19227524",3,2,1,1,1,1,1,2,"3_2_1_1_1_1_1_2"
"12370","EPI_ISL_19227523",3,2,1,1,1,1,1,2,"3_2_1_1_1_1_1_2"
"12371","EPI_ISL_19227522",3,2,1,1,1,1,1,2,"3_2_1_1_1_1_1_2"
"12372","EPI_ISL_19227521",3,2,1,1,1,1,1,2,"3_2_1_1_1_1_1_2"
"12373","EPI_ISL_19227515",3,2,1,1,1,1,1,2,"3_2_1_1_1_1_1_2"
"12374","EPI_ISL_19227514",3,2,1,1,1,1,1,2,"3_2_1_1_1_1_1_2"
"12375","EPI_ISL_19227512",3,2,1,1,1,1,1,2,"3_2_1_1_1_1_1_2"
"12376","EPI_ISL_19227501",3,2,1,1,1,1,1,2,"3_2_1_1_1_1_1_2"
"12377","EPI_ISL_19227500",3,2,1,1,1,1,1,2,"3_2_1_1_1_1_1_2"
"12378","EPI_ISL_19227499",3,2,1,1,1,1,1,2,"3_2_1_1_1_1_1_2"
"12379","EPI_ISL_19227498",3,2,1,1,1,1,1,2,"3_2_1_1_1_1_1_2"
"12380","EPI_ISL_19227497",3,2,1,1,1,1,1,2,"3_2_1_1_1_1_1_2"
"12381","EPI_ISL_19227495",3,2,1,1,1,1,1,2,"3_2_1_1_1_1_1_2"
"12382","EPI_ISL_19227494",3,2,1,1,1,1,1,2,"3_2_1_1_1_1_1_2"
"12383","EPI_ISL_19227493",3,2,1,1,1,1,1,2,"3_2_1_1_1_1_1_2"
"12384","EPI_ISL_19227492",3,2,1,1,1,1,1,2,"3_2_1_1_1_1_1_2"
"12385","EPI_ISL_19227490",3,2,1,1,1,1,1,2,"3_2_1_1_1_1_1_2"
"12386","EPI_ISL_19227489",3,2,1,1,1,1,1,2,"3_2_1_1_1_1_1_2"
"12387","EPI_ISL_19227488",3,2,1,1,1,1,1,2,"3_2_1_1_1_1_1_2"
"12388","EPI_ISL_19227487",3,2,1,1,1,1,1,2,"3_2_1_1_1_1_1_2"
"12389","EPI_ISL_19227486",3,2,1,1,1,1,1,2,"3_2_1_1_1_1_1_2"
"12390","EPI_ISL_19227485",3,2,1,1,1,1,1,2,"3_2_1_1_1_1_1_2"
"12391","EPI_ISL_19227484",3,2,1,1,1,1,1,2,"3_2_1_1_1_1_1_2"
"12392","EPI_ISL_19227483",3,2,1,1,1,1,1,2,"3_2_1_1_1_1_1_2"
"12393","EPI_ISL_19227482",3,2,1,1,1,1,1,2,"3_2_1_1_1_1_1_2"
"12394","EPI_ISL_19227481",3,2,1,1,1,1,1,2,"3_2_1_1_1_1_1_2"
"12395","EPI_ISL_19227479",3,2,1,1,1,1,1,2,"3_2_1_1_1_1_1_2"
"12396","EPI_ISL_19227478",3,2,1,1,1,1,1,2,"3_2_1_1_1_1_1_2"
"12397","EPI_ISL_19227477",3,2,1,1,1,1,1,2,"3_2_1_1_1_1_1_2"
"12398","EPI_ISL_19227476",3,2,1,1,1,1,1,2,"3_2_1_1_1_1_1_2"
"12399","EPI_ISL_19227475",3,2,1,1,1,1,1,2,"3_2_1_1_1_1_1_2"
"12400","EPI_ISL_19227474",3,2,1,1,1,1,1,2,"3_2_1_1_1_1_1_2"
"12401","EPI_ISL_19227472",3,2,1,1,1,1,1,2,"3_2_1_1_1_1_1_2"
"12402","EPI_ISL_19227471",3,2,1,1,1,1,1,2,"3_2_1_1_1_1_1_2"
"12403","EPI_ISL_19227470",3,2,1,1,1,1,1,2,"3_2_1_1_1_1_1_2"
"12404","EPI_ISL_19227467",3,2,1,1,1,1,1,2,"3_2_1_1_1_1_1_2"
"12405","EPI_ISL_19227466",3,2,1,1,1,1,1,2,"3_2_1_1_1_1_1_2"
"12406","EPI_ISL_19227465",3,2,1,1,1,1,1,2,"3_2_1_1_1_1_1_2"
"12407","EPI_ISL_19227464",3,2,1,1,1,1,1,2,"3_2_1_1_1_1_1_2"
"12408","EPI_ISL_19227463",3,2,1,1,1,1,1,2,"3_2_1_1_1_1_1_2"
"12409","EPI_ISL_19227462",3,2,1,1,1,1,1,2,"3_2_1_1_1_1_1_2"
"12410","EPI_ISL_19227461",3,2,1,1,1,1,1,2,"3_2_1_1_1_1_1_2"
"12411","EPI_ISL_19227460",3,2,1,1,1,1,1,2,"3_2_1_1_1_1_1_2"
"12412","EPI_ISL_19227459",3,2,1,1,1,1,1,2,"3_2_1_1_1_1_1_2"
"12413","EPI_ISL_19227458",3,2,1,1,1,1,1,2,"3_2_1_1_1_1_1_2"
"12414","EPI_ISL_19227457",3,2,1,1,1,1,1,2,"3_2_1_1_1_1_1_2"
"12415","EPI_ISL_19227455",3,2,1,1,1,1,1,2,"3_2_1_1_1_1_1_2"
"12416","EPI_ISL_19227453",3,2,1,1,1,1,1,2,"3_2_1_1_1_1_1_2"
"12417","EPI_ISL_19227452",3,2,1,1,1,1,1,2,"3_2_1_1_1_1_1_2"
"12418","EPI_ISL_19227450",3,2,1,1,1,1,1,2,"3_2_1_1_1_1_1_2"
"12419","EPI_ISL_19227449",3,2,1,1,1,1,1,2,"3_2_1_1_1_1_1_2"
"12420","EPI_ISL_19227447",3,2,1,1,1,1,1,2,"3_2_1_1_1_1_1_2"
"12421","EPI_ISL_19227446",3,2,1,1,1,1,1,2,"3_2_1_1_1_1_1_2"
"12422","EPI_ISL_19227445",3,2,1,1,1,1,1,2,"3_2_1_1_1_1_1_2"
"12423","EPI_ISL_19227442",3,2,1,1,1,1,1,2,"3_2_1_1_1_1_1_2"
"12424","EPI_ISL_19227441",3,2,1,1,1,1,1,2,"3_2_1_1_1_1_1_2"
"12425","EPI_ISL_19227427",3,2,1,1,1,1,1,2,"3_2_1_1_1_1_1_2"
"12426","EPI_ISL_19227410",3,2,1,1,1,1,1,2,"3_2_1_1_1_1_1_2"
"12427","EPI_ISL_19227409",3,2,1,1,1,1,1,2,"3_2_1_1_1_1_1_2"
"12428","EPI_ISL_19227408",3,2,1,1,1,1,1,2,"3_2_1_1_1_1_1_2"
"12429","EPI_ISL_19227403",3,2,1,1,1,1,1,2,"3_2_1_1_1_1_1_2"
"12430","EPI_ISL_19227402",3,2,1,1,1,1,1,2,"3_2_1_1_1_1_1_2"
"12431","EPI_ISL_19227401",3,2,1,1,1,1,1,2,"3_2_1_1_1_1_1_2"
"12432","EPI_ISL_19227400",3,2,1,1,1,1,1,2,"3_2_1_1_1_1_1_2"
"12433","EPI_ISL_19227399",3,2,1,1,1,1,1,2,"3_2_1_1_1_1_1_2"
"12434","EPI_ISL_19227398",3,2,1,1,1,1,1,2,"3_2_1_1_1_1_1_2"
"12435","EPI_ISL_19227397",3,2,1,1,1,1,1,2,"3_2_1_1_1_1_1_2"
"12436","EPI_ISL_19227396",3,2,1,1,1,1,1,2,"3_2_1_1_1_1_1_2"
"12437","EPI_ISL_19227395",3,2,1,1,1,1,1,2,"3_2_1_1_1_1_1_2"
"12438","EPI_ISL_19227394",3,2,1,1,1,1,1,2,"3_2_1_1_1_1_1_2"
"12439","EPI_ISL_19227393",3,2,1,1,1,1,1,2,"3_2_1_1_1_1_1_2"
"12440","EPI_ISL_19227392",3,2,1,1,1,1,1,2,"3_2_1_1_1_1_1_2"
"12441","EPI_ISL_19227391",3,2,1,1,1,1,1,2,"3_2_1_1_1_1_1_2"
"12442","EPI_ISL_19227390",3,2,1,1,1,1,1,2,"3_2_1_1_1_1_1_2"
"12443","EPI_ISL_19227389",3,2,1,1,1,1,1,2,"3_2_1_1_1_1_1_2"
"12444","EPI_ISL_19227388",3,2,1,1,1,1,1,2,"3_2_1_1_1_1_1_2"
"12445","EPI_ISL_19227387",3,2,1,1,1,1,1,2,"3_2_1_1_1_1_1_2"
"12446","EPI_ISL_19227385",3,2,1,1,1,1,1,2,"3_2_1_1_1_1_1_2"
"12447","EPI_ISL_19227384",3,2,1,1,1,1,1,2,"3_2_1_1_1_1_1_2"
"12448","EPI_ISL_19227383",3,2,1,1,1,1,1,2,"3_2_1_1_1_1_1_2"
"12449","EPI_ISL_19227382",3,2,1,1,1,1,1,2,"3_2_1_1_1_1_1_2"
"12450","EPI_ISL_19227381",3,2,1,1,1,1,1,2,"3_2_1_1_1_1_1_2"
"12451","EPI_ISL_19227379",3,2,1,1,1,1,1,2,"3_2_1_1_1_1_1_2"
"12452","EPI_ISL_19227374",3,2,1,1,1,1,1,2,"3_2_1_1_1_1_1_2"
"12453","EPI_ISL_19227373",3,2,1,1,1,1,1,2,"3_2_1_1_1_1_1_2"
"12454","EPI_ISL_19227371",3,2,1,1,1,1,1,2,"3_2_1_1_1_1_1_2"
"12455","EPI_ISL_19227370",3,2,1,1,1,1,1,2,"3_2_1_1_1_1_1_2"
"12456","EPI_ISL_19227368",3,2,1,1,1,1,1,2,"3_2_1_1_1_1_1_2"
"12457","EPI_ISL_19227367",3,2,1,1,1,1,1,2,"3_2_1_1_1_1_1_2"
"12458","EPI_ISL_19227365",3,2,1,1,1,1,1,2,"3_2_1_1_1_1_1_2"
"12459","EPI_ISL_19227364",3,2,1,1,1,1,1,2,"3_2_1_1_1_1_1_2"
"12460","EPI_ISL_19227363",3,2,1,1,1,1,1,2,"3_2_1_1_1_1_1_2"
"12461","EPI_ISL_19227362",3,2,1,1,1,1,1,2,"3_2_1_1_1_1_1_2"
"12462","EPI_ISL_19227361",3,2,1,1,1,1,1,2,"3_2_1_1_1_1_1_2"
"12463","EPI_ISL_19227360",3,2,1,1,1,1,1,2,"3_2_1_1_1_1_1_2"
"12464","EPI_ISL_19227359",3,2,1,1,1,1,1,2,"3_2_1_1_1_1_1_2"
"12465","EPI_ISL_19227358",3,2,1,1,1,1,1,2,"3_2_1_1_1_1_1_2"
"12466","EPI_ISL_19227354",3,2,1,1,1,1,1,2,"3_2_1_1_1_1_1_2"
"12467","EPI_ISL_19227353",3,2,1,1,1,1,1,2,"3_2_1_1_1_1_1_2"
"12468","EPI_ISL_19227350",3,2,1,1,1,1,1,2,"3_2_1_1_1_1_1_2"
"12469","EPI_ISL_19227349",3,2,1,1,1,1,1,2,"3_2_1_1_1_1_1_2"
"12470","EPI_ISL_19227348",3,2,1,1,1,1,1,2,"3_2_1_1_1_1_1_2"
"12471","EPI_ISL_19227347",3,2,1,1,1,1,1,2,"3_2_1_1_1_1_1_2"
"12472","EPI_ISL_19227346",3,2,1,1,1,1,1,2,"3_2_1_1_1_1_1_2"
"12473","EPI_ISL_19227343",3,2,1,1,1,1,1,2,"3_2_1_1_1_1_1_2"
"12474","EPI_ISL_19227341",3,2,1,1,1,1,1,2,"3_2_1_1_1_1_1_2"
"12475","EPI_ISL_19227337",3,2,1,1,1,1,1,2,"3_2_1_1_1_1_1_2"
"12476","EPI_ISL_19227336",3,2,1,1,1,1,1,2,"3_2_1_1_1_1_1_2"
"12477","EPI_ISL_19227330",3,2,1,1,1,1,1,2,"3_2_1_1_1_1_1_2"
"12478","EPI_ISL_19227329",3,2,1,1,1,1,1,2,"3_2_1_1_1_1_1_2"
"12479","EPI_ISL_19227328",3,2,1,1,1,1,1,2,"3_2_1_1_1_1_1_2"
"12480","EPI_ISL_19227327",3,2,1,1,1,1,1,2,"3_2_1_1_1_1_1_2"
"12481","EPI_ISL_19227326",3,2,1,1,1,1,1,2,"3_2_1_1_1_1_1_2"
"12482","EPI_ISL_19227325",3,2,1,1,1,1,1,2,"3_2_1_1_1_1_1_2"
"12483","EPI_ISL_19227324",3,2,1,1,1,1,1,2,"3_2_1_1_1_1_1_2"
"12484","EPI_ISL_19227317",3,2,1,1,1,1,1,2,"3_2_1_1_1_1_1_2"
"12485","EPI_ISL_19227316",3,2,1,1,1,1,1,2,"3_2_1_1_1_1_1_2"
"12486","EPI_ISL_19227315",3,2,1,1,1,1,1,2,"3_2_1_1_1_1_1_2"
"12487","EPI_ISL_19227314",3,2,1,1,1,1,1,2,"3_2_1_1_1_1_1_2"
"12488","EPI_ISL_19227313",3,2,1,1,1,1,1,2,"3_2_1_1_1_1_1_2"
"12489","EPI_ISL_19227312",3,2,1,1,1,1,1,2,"3_2_1_1_1_1_1_2"
"12490","EPI_ISL_19227309",3,2,1,1,1,1,1,2,"3_2_1_1_1_1_1_2"
"12491","EPI_ISL_19227308",3,2,1,1,1,1,1,2,"3_2_1_1_1_1_1_2"
"12492","EPI_ISL_19227306",3,2,1,1,1,1,1,2,"3_2_1_1_1_1_1_2"
"12493","EPI_ISL_19227305",3,2,1,1,1,1,1,2,"3_2_1_1_1_1_1_2"
"12494","EPI_ISL_19227295",3,2,1,1,1,1,1,2,"3_2_1_1_1_1_1_2"
"12495","EPI_ISL_19227294",3,2,1,1,1,1,1,2,"3_2_1_1_1_1_1_2"
"12496","EPI_ISL_19227293",3,2,1,1,1,1,1,2,"3_2_1_1_1_1_1_2"
"12497","EPI_ISL_19227292",3,2,1,1,1,1,1,2,"3_2_1_1_1_1_1_2"
"12498","EPI_ISL_19227291",3,2,1,1,1,1,1,2,"3_2_1_1_1_1_1_2"
"12499","EPI_ISL_19227290",3,2,1,1,1,1,1,2,"3_2_1_1_1_1_1_2"
"12500","EPI_ISL_19227288",3,2,1,1,1,1,1,2,"3_2_1_1_1_1_1_2"
"12501","EPI_ISL_19227287",3,2,1,1,1,1,1,2,"3_2_1_1_1_1_1_2"
"12502","EPI_ISL_19227286",3,2,1,1,1,1,1,2,"3_2_1_1_1_1_1_2"
"12503","EPI_ISL_19227285",3,2,1,1,1,1,1,2,"3_2_1_1_1_1_1_2"
"12504","EPI_ISL_19227284",3,2,1,1,1,1,1,2,"3_2_1_1_1_1_1_2"
"12505","EPI_ISL_19227283",3,2,1,1,1,1,1,2,"3_2_1_1_1_1_1_2"
"12506","EPI_ISL_19227280",3,2,1,1,1,1,1,2,"3_2_1_1_1_1_1_2"
"12507","EPI_ISL_19227277",3,2,1,1,1,1,1,2,"3_2_1_1_1_1_1_2"
"12508","EPI_ISL_19227238",3,2,1,1,1,1,1,2,"3_2_1_1_1_1_1_2"
"12509","EPI_ISL_19227237",3,2,1,1,1,1,1,2,"3_2_1_1_1_1_1_2"
"12510","EPI_ISL_19227234",3,2,1,1,1,1,1,2,"3_2_1_1_1_1_1_2"
"12511","EPI_ISL_19227233",3,2,1,1,1,1,1,2,"3_2_1_1_1_1_1_2"
"12512","EPI_ISL_19227232",3,2,1,1,1,1,1,2,"3_2_1_1_1_1_1_2"
"12513","EPI_ISL_19227231",3,2,1,1,1,1,1,2,"3_2_1_1_1_1_1_2"
"12514","EPI_ISL_19227230",3,2,1,1,1,1,1,2,"3_2_1_1_1_1_1_2"
"12515","EPI_ISL_19227229",3,2,1,1,1,1,1,2,"3_2_1_1_1_1_1_2"
"12516","EPI_ISL_19227228",3,2,1,1,1,1,1,2,"3_2_1_1_1_1_1_2"
"12517","EPI_ISL_19227227",3,2,1,1,1,1,1,2,"3_2_1_1_1_1_1_2"
"12518","EPI_ISL_19227226",3,2,1,1,1,1,1,2,"3_2_1_1_1_1_1_2"
"12519","EPI_ISL_19227225",3,2,1,1,1,1,1,2,"3_2_1_1_1_1_1_2"
"12520","EPI_ISL_19227223",3,2,1,1,1,1,1,2,"3_2_1_1_1_1_1_2"
"12521","EPI_ISL_19227222",3,2,1,1,1,1,1,2,"3_2_1_1_1_1_1_2"
"12522","EPI_ISL_19227221",3,2,1,1,1,1,1,2,"3_2_1_1_1_1_1_2"
"12523","EPI_ISL_19210892",3,2,1,1,1,1,1,2,"3_2_1_1_1_1_1_2"
"12524","EPI_ISL_19178100",3,2,1,1,1,1,1,2,"3_2_1_1_1_1_1_2"
"12525","EPI_ISL_19178099",3,2,1,1,1,1,1,2,"3_2_1_1_1_1_1_2"
"12526","EPI_ISL_19178087",3,2,1,1,1,1,1,2,"3_2_1_1_1_1_1_2"
"12527","EPI_ISL_19178086",3,2,1,1,1,1,1,2,"3_2_1_1_1_1_1_2"
"12528","EPI_ISL_19178085",3,2,1,1,1,1,1,2,"3_2_1_1_1_1_1_2"
"12529","EPI_ISL_19178084",3,2,1,1,1,1,1,2,"3_2_1_1_1_1_1_2"
"12530","EPI_ISL_19178083",3,2,1,1,1,1,1,2,"3_2_1_1_1_1_1_2"
"12531","EPI_ISL_19178082",3,2,1,1,1,1,1,2,"3_2_1_1_1_1_1_2"
"12532","EPI_ISL_19178081",3,2,1,1,1,1,1,2,"3_2_1_1_1_1_1_2"
"12533","EPI_ISL_19178080",3,2,1,1,1,1,1,2,"3_2_1_1_1_1_1_2"
"12534","EPI_ISL_19178079",3,2,1,1,1,1,1,2,"3_2_1_1_1_1_1_2"
"12535","EPI_ISL_19178078",3,2,1,1,1,1,1,2,"3_2_1_1_1_1_1_2"
"12536","EPI_ISL_19178077",3,2,1,1,1,1,1,2,"3_2_1_1_1_1_1_2"
"12537","EPI_ISL_19178076",3,2,1,1,1,1,1,2,"3_2_1_1_1_1_1_2"
"12538","EPI_ISL_19178075",3,2,1,1,1,1,1,2,"3_2_1_1_1_1_1_2"
"12539","EPI_ISL_19178074",3,2,1,1,1,1,1,2,"3_2_1_1_1_1_1_2"
"12540","EPI_ISL_19014394",3,2,1,1,1,1,1,2,"3_2_1_1_1_1_1_2"
"12541","EPI_ISL_19014392",3,2,1,1,1,1,1,2,"3_2_1_1_1_1_1_2"
"12542","EPI_ISL_19014390",3,2,1,1,1,1,1,2,"3_2_1_1_1_1_1_2"
"12543","EPI_ISL_19014388",3,2,1,1,1,1,1,2,"3_2_1_1_1_1_1_2"
"12544","EPI_ISL_19014386",3,2,1,1,1,1,1,2,"3_2_1_1_1_1_1_2"
"12545","EPI_ISL_19014384",3,2,1,1,1,1,1,2,"3_2_1_1_1_1_1_2"
"12546","EPI_ISL_19080210",2,1,1,1,2,1,1,1,"2_1_1_1_2_1_1_1"
"12547","EPI_ISL_19080209",2,1,1,1,2,1,1,1,"2_1_1_1_2_1_1_1"
"12548","EPI_ISL_18866885",17,1,2,1,2,1,1,1,"17_1_2_1_2_1_1_1"
"12549","EPI_ISL_18866887",1,1,2,1,2,1,1,1,"1_1_2_1_2_1_1_1"
"12550","EPI_ISL_18866883",1,1,2,1,2,1,1,1,"1_1_2_1_2_1_1_1"
"12551","EPI_ISL_18801385",2,1,1,1,2,1,1,1,"2_1_1_1_2_1_1_1"
"12552","EPI_ISL_18801272",2,1,1,1,2,1,1,1,"2_1_1_1_2_1_1_1"
"12553","EPI_ISL_18801270",2,1,1,1,2,1,1,1,"2_1_1_1_2_1_1_1"
"12554","EPI_ISL_18801266",2,1,1,1,2,1,1,1,"2_1_1_1_2_1_1_1"
"12555","EPI_ISL_19410283",5,3,1,1,1,1,1,2,"5_3_1_1_1_1_1_2"
"12556","EPI_ISL_19310901",1,1,2,1,2,1,1,1,"1_1_2_1_2_1_1_1"
"12557","EPI_ISL_19327338",8,6,2,1,2,1,1,1,"8_6_2_1_2_1_1_1"
"12558","EPI_ISL_19328781",11,10,37,1,5,1,1,6,"11_10_37_1_5_1_1_6"
"12559","EPI_ISL_19064390",7,2,1,1,1,1,1,2,"7_2_1_1_1_1_1_2"
"12560","EPI_ISL_19064389",7,2,1,1,1,1,1,2,"7_2_1_1_1_1_1_2"
"12561","EPI_ISL_19064386",7,2,1,1,1,1,1,2,"7_2_1_1_1_1_1_2"
"12562","EPI_ISL_19064385",7,2,1,1,1,1,1,2,"7_2_1_1_1_1_1_2"
"12563","EPI_ISL_19064384",7,2,1,1,1,1,1,2,"7_2_1_1_1_1_1_2"
"12564","EPI_ISL_19064383",7,2,1,1,1,1,1,2,"7_2_1_1_1_1_1_2"
"12565","EPI_ISL_19064382",7,29,1,1,1,1,1,2,"7_29_1_1_1_1_1_2"
"12566","EPI_ISL_19064371",29,2,1,1,1,1,1,2,"29_2_1_1_1_1_1_2"
"12567","EPI_ISL_19064370",7,2,1,1,1,1,1,2,"7_2_1_1_1_1_1_2"
"12568","EPI_ISL_19064369",7,2,1,1,1,1,1,2,"7_2_1_1_1_1_1_2"
"12569","EPI_ISL_19064368",3,2,1,1,6,1,1,2,"3_2_1_1_6_1_1_2"
"12570","EPI_ISL_19033553",1,1,2,1,2,1,1,1,"1_1_2_1_2_1_1_1"
"12571","EPI_ISL_19033551",1,1,2,1,2,1,1,1,"1_1_2_1_2_1_1_1"
"12572","EPI_ISL_19000415",1,6,2,1,2,1,1,1,"1_6_2_1_2_1_1_1"
"12573","EPI_ISL_18983162",1,6,2,1,2,1,1,1,"1_6_2_1_2_1_1_1"
"12574","EPI_ISL_19410300",5,3,1,1,1,1,1,2,"5_3_1_1_1_1_1_2"
"12575","EPI_ISL_19310916",1,1,4,1,4,1,1,4,"1_1_4_1_4_1_1_4"
"12576","EPI_ISL_19310915",1,1,4,1,4,1,1,4,"1_1_4_1_4_1_1_4"
"12577","EPI_ISL_19310914",1,1,4,1,4,1,1,4,"1_1_4_1_4_1_1_4"
"12578","EPI_ISL_19310913",1,1,4,1,4,1,1,4,"1_1_4_1_4_1_1_4"
"12579","EPI_ISL_19310912",1,1,4,1,4,1,1,4,"1_1_4_1_4_1_1_4"
"12580","EPI_ISL_19310911",1,1,4,1,4,1,1,4,"1_1_4_1_4_1_1_4"
"12581","EPI_ISL_19310910",1,1,4,1,4,1,1,4,"1_1_4_1_4_1_1_4"
"12582","EPI_ISL_19310909",1,1,4,1,4,1,1,4,"1_1_4_1_4_1_1_4"
"12583","EPI_ISL_19310908",1,1,4,1,4,1,1,4,"1_1_4_1_4_1_1_4"
"12584","EPI_ISL_19310907",1,1,4,1,4,1,1,4,"1_1_4_1_4_1_1_4"
"12585","EPI_ISL_19310906",1,1,2,1,2,1,1,1,"1_1_2_1_2_1_1_1"
"12586","EPI_ISL_19310905",1,1,4,1,4,1,1,4,"1_1_4_1_4_1_1_4"
"12587","EPI_ISL_19310897",1,1,2,1,2,1,1,1,"1_1_2_1_2_1_1_1"
"12588","EPI_ISL_19310896",1,6,2,1,2,10,1,1,"1_6_2_1_2_10_1_1"
"12589","EPI_ISL_19131168",5,3,1,1,1,1,1,2,"5_3_1_1_1_1_1_2"
"12590","EPI_ISL_19131166",5,3,1,1,1,1,1,2,"5_3_1_1_1_1_1_2"
"12591","EPI_ISL_18901643",2,1,1,1,2,1,1,1,"2_1_1_1_2_1_1_1"
"12592","EPI_ISL_18901669",2,1,1,1,2,1,1,1,"2_1_1_1_2_1_1_1"
"12593","EPI_ISL_18901650",2,1,1,1,2,1,1,1,"2_1_1_1_2_1_1_1"
"12594","EPI_ISL_18901649",8,6,2,1,2,3,1,1,"8_6_2_1_2_3_1_1"
"12595","EPI_ISL_18901648",2,1,1,1,2,1,1,1,"2_1_1_1_2_1_1_1"
"12596","EPI_ISL_18901638",2,1,1,1,2,1,1,1,"2_1_1_1_2_1_1_1"
"12597","EPI_ISL_18901625",2,1,1,1,2,1,1,1,"2_1_1_1_2_1_1_1"
"12598","EPI_ISL_18901623",2,1,1,1,2,1,1,1,"2_1_1_1_2_1_1_1"
"12599","EPI_ISL_18901622",2,1,1,1,2,1,1,1,"2_1_1_1_2_1_1_1"
"12600","EPI_ISL_18851409",8,6,2,1,2,3,1,1,"8_6_2_1_2_3_1_1"
"12601","EPI_ISL_18983379",1,1,4,1,4,1,1,4,"1_1_4_1_4_1_1_4"
"12602","EPI_ISL_19310904",1,1,2,1,2,1,1,1,"1_1_2_1_2_1_1_1"
"12603","EPI_ISL_19310902",1,1,2,1,2,1,1,1,"1_1_2_1_2_1_1_1"
"12604","EPI_ISL_19033562",1,6,2,1,2,1,1,1,"1_6_2_1_2_1_1_1"
"12605","EPI_ISL_19033561",1,1,2,1,2,1,1,1,"1_1_2_1_2_1_1_1"
"12606","EPI_ISL_19033560",1,1,2,1,2,1,1,1,"1_1_2_1_2_1_1_1"
"12607","EPI_ISL_19033559",1,1,2,1,2,1,1,1,"1_1_2_1_2_1_1_1"
"12608","EPI_ISL_19033338",1,6,2,1,2,1,1,1,"1_6_2_1_2_1_1_1"
"12609","EPI_ISL_18934847",33,6,2,1,2,1,1,1,"33_6_2_1_2_1_1_1"
"12610","EPI_ISL_19000795",17,1,2,1,2,1,1,1,"17_1_2_1_2_1_1_1"
"12611","EPI_ISL_18983163",1,1,2,1,2,1,1,1,"1_1_2_1_2_1_1_1"
"12612","EPI_ISL_18918529",17,1,2,1,2,1,1,1,"17_1_2_1_2_1_1_1"
"12613","EPI_ISL_18918527",17,1,2,1,2,1,1,1,"17_1_2_1_2_1_1_1"
"12614","EPI_ISL_18918508",17,1,2,1,2,1,1,1,"17_1_2_1_2_1_1_1"
"12615","EPI_ISL_18918493",17,1,2,1,2,1,1,1,"17_1_2_1_2_1_1_1"
"12616","EPI_ISL_18918472",17,1,2,1,2,1,1,1,"17_1_2_1_2_1_1_1"
"12617","EPI_ISL_18885873",1,1,2,1,2,1,1,1,"1_1_2_1_2_1_1_1"
"12618","EPI_ISL_18885871",1,1,2,1,2,1,1,1,"1_1_2_1_2_1_1_1"
"12619","EPI_ISL_18885855",17,1,2,1,2,1,1,1,"17_1_2_1_2_1_1_1"
"12620","EPI_ISL_19228569",3,2,1,1,1,1,1,2,"3_2_1_1_1_1_1_2"
"12621","EPI_ISL_19228568",3,2,1,1,1,1,1,2,"3_2_1_1_1_1_1_2"
"12622","EPI_ISL_19228561",3,2,1,1,1,1,1,2,"3_2_1_1_1_1_1_2"
"12623","EPI_ISL_19228559",3,2,1,1,1,1,1,2,"3_2_1_1_1_1_1_2"
"12624","EPI_ISL_19228553",3,2,1,1,1,1,1,2,"3_2_1_1_1_1_1_2"
"12625","EPI_ISL_19228214",3,2,1,1,1,1,1,2,"3_2_1_1_1_1_1_2"
"12626","EPI_ISL_19228213",3,2,1,1,1,1,1,2,"3_2_1_1_1_1_1_2"
"12627","EPI_ISL_19228212",3,2,1,1,1,1,1,2,"3_2_1_1_1_1_1_2"
"12628","EPI_ISL_19228211",3,2,1,1,1,1,1,2,"3_2_1_1_1_1_1_2"
"12629","EPI_ISL_19228210",3,2,1,1,1,1,1,2,"3_2_1_1_1_1_1_2"
"12630","EPI_ISL_19228209",3,2,1,1,1,1,1,2,"3_2_1_1_1_1_1_2"
"12631","EPI_ISL_19033563",17,1,2,1,2,1,1,1,"17_1_2_1_2_1_1_1"
"12632","EPI_ISL_19033556",1,1,2,1,2,1,1,1,"1_1_2_1_2_1_1_1"
"12633","EPI_ISL_19033550",1,1,2,1,2,1,1,1,"1_1_2_1_2_1_1_1"
"12634","EPI_ISL_19033548",1,1,2,1,2,1,1,1,"1_1_2_1_2_1_1_1"
"12635","EPI_ISL_19033547",1,1,2,1,2,1,1,1,"1_1_2_1_2_1_1_1"
"12636","EPI_ISL_19033546",1,1,2,1,2,1,1,1,"1_1_2_1_2_1_1_1"
"12637","EPI_ISL_19033336",1,1,2,1,2,1,1,1,"1_1_2_1_2_1_1_1"
"12638","EPI_ISL_19033335",1,1,2,1,2,1,1,1,"1_1_2_1_2_1_1_1"
"12639","EPI_ISL_19033334",1,1,2,1,2,1,1,1,"1_1_2_1_2_1_1_1"
"12640","EPI_ISL_19033332",1,1,2,1,2,1,1,1,"1_1_2_1_2_1_1_1"
"12641","EPI_ISL_19410363",8,6,2,1,2,3,1,1,"8_6_2_1_2_3_1_1"
"12642","EPI_ISL_19410362",8,6,2,1,2,3,1,1,"8_6_2_1_2_3_1_1"
"12643","EPI_ISL_19410361",8,6,2,1,2,3,1,1,"8_6_2_1_2_3_1_1"
"12644","EPI_ISL_19410360",8,6,2,1,2,3,1,1,"8_6_2_1_2_3_1_1"
"12645","EPI_ISL_19410358",8,6,2,1,2,3,1,1,"8_6_2_1_2_3_1_1"
"12646","EPI_ISL_19410357",8,6,2,1,2,3,1,1,"8_6_2_1_2_3_1_1"
"12647","EPI_ISL_19410356",8,6,2,1,2,3,1,1,"8_6_2_1_2_3_1_1"
"12648","EPI_ISL_19016257",8,6,2,1,2,3,1,1,"8_6_2_1_2_3_1_1"
"12649","EPI_ISL_19016256",8,6,2,1,2,3,1,1,"8_6_2_1_2_3_1_1"
"12650","EPI_ISL_19016255",8,6,2,1,2,3,1,1,"8_6_2_1_2_3_1_1"
"12651","EPI_ISL_19000790",1,8,2,1,2,1,1,1,"1_8_2_1_2_1_1_1"
"12652","EPI_ISL_18918640",5,3,1,1,1,1,1,2,"5_3_1_1_1_1_1_2"
"12653","EPI_ISL_18918470",1,1,2,1,2,1,1,1,"1_1_2_1_2_1_1_1"
"12654","EPI_ISL_18901645",2,1,1,1,2,1,1,1,"2_1_1_1_2_1_1_1"
"12655","EPI_ISL_18901639",2,1,1,1,2,1,1,1,"2_1_1_1_2_1_1_1"
"12656","EPI_ISL_18901629",2,1,1,1,2,1,1,1,"2_1_1_1_2_1_1_1"
"12657","EPI_ISL_18901619",2,1,1,1,2,1,1,1,"2_1_1_1_2_1_1_1"
"12658","EPI_ISL_18901615",2,1,1,1,2,1,1,1,"2_1_1_1_2_1_1_1"
"12659","EPI_ISL_18901614",2,1,1,1,2,1,1,1,"2_1_1_1_2_1_1_1"
"12660","EPI_ISL_18901613",2,1,1,1,2,1,1,1,"2_1_1_1_2_1_1_1"
"12661","EPI_ISL_18901611",2,1,1,1,2,1,1,1,"2_1_1_1_2_1_1_1"
"12662","EPI_ISL_18901609",2,1,1,1,2,1,1,1,"2_1_1_1_2_1_1_1"
"12663","EPI_ISL_19361216",8,6,2,1,2,3,1,1,"8_6_2_1_2_3_1_1"
"12664","EPI_ISL_18771245",1,1,4,1,4,1,1,4,"1_1_4_1_4_1_1_4"
"12665","EPI_ISL_18771244",1,1,4,1,4,1,1,4,"1_1_4_1_4_1_1_4"
"12666","EPI_ISL_18771178",1,1,4,1,4,1,1,4,"1_1_4_1_4_1_1_4"
"12667","EPI_ISL_19228630",3,2,1,1,1,1,1,2,"3_2_1_1_1_1_1_2"
"12668","EPI_ISL_19228234",3,2,1,1,1,1,1,2,"3_2_1_1_1_1_1_2"
"12669","EPI_ISL_19228196",3,2,1,1,1,1,1,2,"3_2_1_1_1_1_1_2"
"12670","EPI_ISL_19228195",3,2,1,1,1,1,1,2,"3_2_1_1_1_1_1_2"
"12671","EPI_ISL_19228194",3,2,1,1,1,1,1,2,"3_2_1_1_1_1_1_2"
"12672","EPI_ISL_19410279",5,3,1,1,1,1,1,2,"5_3_1_1_1_1_1_2"
"12673","EPI_ISL_19228645",3,2,1,1,1,1,1,2,"3_2_1_1_1_1_1_2"
"12674","EPI_ISL_19228644",3,2,1,1,1,1,1,2,"3_2_1_1_1_1_1_2"
"12675","EPI_ISL_19228238",7,2,1,1,1,1,1,2,"7_2_1_1_1_1_1_2"
"12676","EPI_ISL_19228198",3,2,1,1,1,1,1,2,"3_2_1_1_1_1_1_2"
"12677","EPI_ISL_19228197",3,2,1,1,1,1,1,2,"3_2_1_1_1_1_1_2"
"12678","EPI_ISL_19083124",7,2,1,1,1,1,1,2,"7_2_1_1_1_1_1_2"
"12679","EPI_ISL_18737559",5,3,1,1,1,1,1,2,"5_3_1_1_1_1_1_2"
"12680","EPI_ISL_18737558",5,3,1,1,1,1,1,2,"5_3_1_1_1_1_1_2"
"12681","EPI_ISL_19294964",3,2,1,1,1,1,1,2,"3_2_1_1_1_1_1_2"
"12682","EPI_ISL_19294963",3,2,1,1,1,1,1,2,"3_2_1_1_1_1_1_2"
"12683","EPI_ISL_19294962",3,2,1,1,1,1,1,2,"3_2_1_1_1_1_1_2"
"12684","EPI_ISL_19162802",3,2,1,1,1,1,1,2,"3_2_1_1_1_1_1_2"
"12685","EPI_ISL_19490498",16,14,1,1,1,1,1,2,"16_14_1_1_1_1_1_2"
"12686","EPI_ISL_19490497",16,14,1,1,1,1,1,2,"16_14_1_1_1_1_1_2"
"12687","EPI_ISL_19490496",4,1,1,1,1,1,1,2,"4_1_1_1_1_1_1_2"
"12688","EPI_ISL_19490495",4,1,1,1,1,1,1,2,"4_1_1_1_1_1_1_2"
"12689","EPI_ISL_19490494",14,3,1,1,1,1,1,2,"14_3_1_1_1_1_1_2"
"12690","EPI_ISL_19490493",16,14,1,1,1,1,1,2,"16_14_1_1_1_1_1_2"
"12691","EPI_ISL_19490492",14,3,1,1,1,1,1,2,"14_3_1_1_1_1_1_2"
"12692","EPI_ISL_19490491",16,14,1,1,1,1,1,2,"16_14_1_1_1_1_1_2"
"12693","EPI_ISL_19490490",14,3,1,1,1,1,1,2,"14_3_1_1_1_1_1_2"
"12694","EPI_ISL_19490489",16,14,1,1,1,1,1,2,"16_14_1_1_1_1_1_2"
"12695","EPI_ISL_19490488",5,3,1,1,1,1,1,2,"5_3_1_1_1_1_1_2"
"12696","EPI_ISL_19490487",16,14,1,1,1,1,1,2,"16_14_1_1_1_1_1_2"
"12697","EPI_ISL_19490486",30,3,1,1,1,1,1,2,"30_3_1_1_1_1_1_2"
"12698","EPI_ISL_19490485",16,14,1,1,1,1,1,2,"16_14_1_1_1_1_1_2"
"12699","EPI_ISL_19490484",30,3,1,1,1,1,1,2,"30_3_1_1_1_1_1_2"
"12700","EPI_ISL_19490483",16,14,1,1,1,1,1,2,"16_14_1_1_1_1_1_2"
"12701","EPI_ISL_19490482",30,3,1,1,1,1,1,2,"30_3_1_1_1_1_1_2"
"12702","EPI_ISL_19490481",16,14,1,1,1,1,1,2,"16_14_1_1_1_1_1_2"
"12703","EPI_ISL_19490480",9,9,7,1,1,1,1,1,"9_9_7_1_1_1_1_1"
"12704","EPI_ISL_19490478",9,9,7,1,1,1,1,1,"9_9_7_1_1_1_1_1"
"12705","EPI_ISL_19490477",16,14,1,1,1,1,1,2,"16_14_1_1_1_1_1_2"
"12706","EPI_ISL_19490476",9,9,7,1,1,1,1,1,"9_9_7_1_1_1_1_1"
"12707","EPI_ISL_19490475",16,14,1,1,1,1,1,2,"16_14_1_1_1_1_1_2"
"12708","EPI_ISL_19490474",4,1,1,1,1,1,1,2,"4_1_1_1_1_1_1_2"
"12709","EPI_ISL_19490473",16,14,1,1,1,1,1,2,"16_14_1_1_1_1_1_2"
"12710","EPI_ISL_19490472",4,1,1,1,1,1,1,2,"4_1_1_1_1_1_1_2"
"12711","EPI_ISL_19490471",16,14,1,1,1,1,1,2,"16_14_1_1_1_1_1_2"
"12712","EPI_ISL_19490470",14,3,1,1,1,1,1,2,"14_3_1_1_1_1_1_2"
"12713","EPI_ISL_19490469",16,14,1,1,1,1,1,2,"16_14_1_1_1_1_1_2"
"12714","EPI_ISL_19490468",16,14,1,1,1,1,1,2,"16_14_1_1_1_1_1_2"
"12715","EPI_ISL_19490467",16,14,1,1,1,1,1,2,"16_14_1_1_1_1_1_2"
"12716","EPI_ISL_19490466",16,14,1,1,1,1,1,2,"16_14_1_1_1_1_1_2"
"12717","EPI_ISL_19490465",16,14,1,1,1,1,1,2,"16_14_1_1_1_1_1_2"
"12718","EPI_ISL_19490464",16,14,1,1,1,1,1,2,"16_14_1_1_1_1_1_2"
"12719","EPI_ISL_19490463",16,14,1,1,1,1,1,2,"16_14_1_1_1_1_1_2"
"12720","EPI_ISL_19490462",5,3,1,1,1,1,1,2,"5_3_1_1_1_1_1_2"
"12721","EPI_ISL_19490461",16,14,1,1,1,1,1,2,"16_14_1_1_1_1_1_2"
"12722","EPI_ISL_19490460",5,3,1,1,1,1,1,2,"5_3_1_1_1_1_1_2"
"12723","EPI_ISL_19490459",16,14,1,1,1,1,1,2,"16_14_1_1_1_1_1_2"
"12724","EPI_ISL_19490458",5,3,1,1,1,1,1,2,"5_3_1_1_1_1_1_2"
"12725","EPI_ISL_19490457",16,14,1,1,1,1,1,2,"16_14_1_1_1_1_1_2"
"12726","EPI_ISL_19490456",5,3,1,1,1,1,1,2,"5_3_1_1_1_1_1_2"
"12727","EPI_ISL_19490455",16,14,1,1,1,1,1,2,"16_14_1_1_1_1_1_2"
"12728","EPI_ISL_19490454",5,3,1,1,1,1,1,2,"5_3_1_1_1_1_1_2"
"12729","EPI_ISL_19490453",16,14,1,1,1,1,1,2,"16_14_1_1_1_1_1_2"
"12730","EPI_ISL_19490452",16,3,1,1,1,1,1,2,"16_3_1_1_1_1_1_2"
"12731","EPI_ISL_19490451",16,14,1,1,1,1,1,2,"16_14_1_1_1_1_1_2"
"12732","EPI_ISL_19490450",16,3,1,1,1,1,1,2,"16_3_1_1_1_1_1_2"
"12733","EPI_ISL_19490449",16,14,1,1,1,1,1,2,"16_14_1_1_1_1_1_2"
"12734","EPI_ISL_19490448",16,3,1,1,1,1,1,2,"16_3_1_1_1_1_1_2"
"12735","EPI_ISL_19490446",16,14,1,1,1,1,1,2,"16_14_1_1_1_1_1_2"
"12736","EPI_ISL_19490445",4,5,1,1,1,1,1,1,"4_5_1_1_1_1_1_1"
"12737","EPI_ISL_19490444",16,14,1,1,1,1,1,2,"16_14_1_1_1_1_1_2"
"12738","EPI_ISL_19490443",4,5,1,1,1,1,1,1,"4_5_1_1_1_1_1_1"
"12739","EPI_ISL_19490442",7,2,1,1,1,1,1,2,"7_2_1_1_1_1_1_2"
"12740","EPI_ISL_19490441",4,5,1,1,1,1,1,1,"4_5_1_1_1_1_1_1"
"12741","EPI_ISL_19490440",7,2,1,1,1,1,1,2,"7_2_1_1_1_1_1_2"
"12742","EPI_ISL_19490439",5,3,1,1,1,1,1,2,"5_3_1_1_1_1_1_2"
"12743","EPI_ISL_19490438",5,3,1,1,1,1,1,2,"5_3_1_1_1_1_1_2"
"12744","EPI_ISL_19490437",5,3,1,1,1,1,1,2,"5_3_1_1_1_1_1_2"
"12745","EPI_ISL_19490436",5,3,1,1,1,1,1,2,"5_3_1_1_1_1_1_2"
"12746","EPI_ISL_19490435",5,3,1,1,1,1,1,2,"5_3_1_1_1_1_1_2"
"12747","EPI_ISL_19490434",4,5,5,1,1,1,1,1,"4_5_5_1_1_1_1_1"
"12748","EPI_ISL_19490433",4,5,1,1,1,1,1,1,"4_5_1_1_1_1_1_1"
"12749","EPI_ISL_19490432",4,5,5,1,1,1,1,1,"4_5_5_1_1_1_1_1"
"12750","EPI_ISL_19490431",7,2,1,1,1,1,1,2,"7_2_1_1_1_1_1_2"
"12751","EPI_ISL_19490430",16,14,1,1,1,1,1,2,"16_14_1_1_1_1_1_2"
"12752","EPI_ISL_19490429",16,14,1,1,1,1,1,2,"16_14_1_1_1_1_1_2"
"12753","EPI_ISL_19490428",16,14,1,1,1,1,1,2,"16_14_1_1_1_1_1_2"
"12754","EPI_ISL_19490427",16,14,1,1,1,1,1,2,"16_14_1_1_1_1_1_2"
"12755","EPI_ISL_19490426",16,14,1,1,1,1,1,2,"16_14_1_1_1_1_1_2"
"12756","EPI_ISL_19490425",16,14,1,1,1,1,1,2,"16_14_1_1_1_1_1_2"
"12757","EPI_ISL_19490424",5,3,1,1,1,1,1,2,"5_3_1_1_1_1_1_2"
"12758","EPI_ISL_19490423",9,9,7,1,1,1,1,1,"9_9_7_1_1_1_1_1"
"12759","EPI_ISL_19490422",9,9,7,1,1,1,1,1,"9_9_7_1_1_1_1_1"
"12760","EPI_ISL_19490421",9,9,7,1,1,1,1,1,"9_9_7_1_1_1_1_1"
"12761","EPI_ISL_19490420",16,14,1,1,1,1,1,2,"16_14_1_1_1_1_1_2"
"12762","EPI_ISL_19490419",16,14,1,1,1,1,1,2,"16_14_1_1_1_1_1_2"
"12763","EPI_ISL_19490418",5,3,1,1,1,1,1,2,"5_3_1_1_1_1_1_2"
"12764","EPI_ISL_19490417",5,3,1,1,1,1,1,2,"5_3_1_1_1_1_1_2"
"12765","EPI_ISL_19490416",9,9,7,1,1,1,1,1,"9_9_7_1_1_1_1_1"
"12766","EPI_ISL_19490415",4,13,9,1,2,1,1,1,"4_13_9_1_2_1_1_1"
"12767","EPI_ISL_19490414",4,13,9,1,2,1,1,1,"4_13_9_1_2_1_1_1"
"12768","EPI_ISL_19490413",7,2,1,1,1,1,1,2,"7_2_1_1_1_1_1_2"
"12769","EPI_ISL_19490399",7,2,1,1,1,1,1,2,"7_2_1_1_1_1_1_2"
"12770","EPI_ISL_19490393",3,2,1,1,6,1,1,2,"3_2_1_1_6_1_1_2"
"12771","EPI_ISL_19490392",2,1,1,1,2,1,1,1,"2_1_1_1_2_1_1_1"
"12772","EPI_ISL_19490391",4,13,9,1,2,1,1,1,"4_13_9_1_2_1_1_1"
"12773","EPI_ISL_19490388",7,2,1,1,1,1,1,2,"7_2_1_1_1_1_1_2"
"12774","EPI_ISL_19490387",7,2,1,1,1,1,1,2,"7_2_1_1_1_1_1_2"
"12775","EPI_ISL_19490386",2,1,1,1,2,1,1,1,"2_1_1_1_2_1_1_1"
"12776","EPI_ISL_19490385",2,1,1,1,2,1,1,1,"2_1_1_1_2_1_1_1"
"12777","EPI_ISL_19490384",4,26,1,1,23,1,1,1,"4_26_1_1_23_1_1_1"
"12778","EPI_ISL_19490383",7,2,1,1,1,1,1,2,"7_2_1_1_1_1_1_2"
"12779","EPI_ISL_19490382",2,1,1,1,2,1,1,1,"2_1_1_1_2_1_1_1"
"12780","EPI_ISL_19490381",7,2,1,1,1,1,1,2,"7_2_1_1_1_1_1_2"
"12781","EPI_ISL_19490380",7,2,1,1,1,1,1,2,"7_2_1_1_1_1_1_2"
"12782","EPI_ISL_19490379",7,2,1,1,1,1,1,2,"7_2_1_1_1_1_1_2"
"12783","EPI_ISL_19490378",7,2,1,1,1,1,1,2,"7_2_1_1_1_1_1_2"
"12784","EPI_ISL_19490377",7,2,1,1,1,1,1,2,"7_2_1_1_1_1_1_2"
"12785","EPI_ISL_19490376",4,5,5,1,1,1,1,1,"4_5_5_1_1_1_1_1"
"12786","EPI_ISL_19474773",1,11,8,1,5,1,1,5,"1_11_8_1_5_1_1_5"
"12787","EPI_ISL_19410281",5,3,1,1,1,1,1,2,"5_3_1_1_1_1_1_2"
"12788","EPI_ISL_19410277",5,3,1,1,1,1,1,2,"5_3_1_1_1_1_1_2"
"12789","EPI_ISL_19410266",5,3,1,1,1,1,1,2,"5_3_1_1_1_1_1_2"
"12790","EPI_ISL_19410265",5,3,1,1,1,1,1,2,"5_3_1_1_1_1_1_2"
"12791","EPI_ISL_19410264",5,3,1,1,1,1,1,2,"5_3_1_1_1_1_1_2"
"12792","EPI_ISL_19410263",5,3,1,1,1,1,1,2,"5_3_1_1_1_1_1_2"
"12793","EPI_ISL_19410262",5,3,1,1,1,1,1,2,"5_3_1_1_1_1_1_2"
"12794","EPI_ISL_19410261",5,3,1,1,1,1,1,2,"5_3_1_1_1_1_1_2"
"12795","EPI_ISL_19409849",1,1,2,1,2,1,1,1,"1_1_2_1_2_1_1_1"
"12796","EPI_ISL_19409779",17,1,2,1,2,1,1,1,"17_1_2_1_2_1_1_1"
"12797","EPI_ISL_19310922",1,1,2,1,2,1,1,1,"1_1_2_1_2_1_1_1"
"12798","EPI_ISL_19310918",1,1,2,1,2,1,1,1,"1_1_2_1_2_1_1_1"
"12799","EPI_ISL_19310917",1,1,4,1,4,1,1,4,"1_1_4_1_4_1_1_4"
"12800","EPI_ISL_19310895",1,1,2,1,2,1,1,1,"1_1_2_1_2_1_1_1"
"12801","EPI_ISL_19310894",1,1,2,1,2,1,1,1,"1_1_2_1_2_1_1_1"
"12802","EPI_ISL_19228239",7,2,1,1,1,1,1,2,"7_2_1_1_1_1_1_2"
"12803","EPI_ISL_19228236",7,2,1,1,1,1,1,2,"7_2_1_1_1_1_1_2"
"12804","EPI_ISL_19162731",5,3,1,1,1,1,1,2,"5_3_1_1_1_1_1_2"
"12805","EPI_ISL_19162729",5,3,1,1,1,1,1,2,"5_3_1_1_1_1_1_2"
"12806","EPI_ISL_19131450",7,2,1,1,1,1,1,2,"7_2_1_1_1_1_1_2"
"12807","EPI_ISL_19131449",7,2,1,1,1,1,1,2,"7_2_1_1_1_1_1_2"
"12808","EPI_ISL_19131448",7,2,1,1,1,1,1,2,"7_2_1_1_1_1_1_2"
"12809","EPI_ISL_19131447",7,2,1,1,1,1,1,2,"7_2_1_1_1_1_1_2"
"12810","EPI_ISL_19131446",7,2,1,1,1,1,1,2,"7_2_1_1_1_1_1_2"
"12811","EPI_ISL_19131445",7,2,1,1,1,1,1,2,"7_2_1_1_1_1_1_2"
"12812","EPI_ISL_19131444",7,2,1,1,1,1,1,2,"7_2_1_1_1_1_1_2"
"12813","EPI_ISL_19131443",7,2,1,1,1,1,1,2,"7_2_1_1_1_1_1_2"
"12814","EPI_ISL_19131442",4,13,9,1,2,1,1,1,"4_13_9_1_2_1_1_1"
"12815","EPI_ISL_19131441",7,2,1,1,11,1,1,2,"7_2_1_1_11_1_1_2"
"12816","EPI_ISL_19131440",7,2,1,1,1,1,1,2,"7_2_1_1_1_1_1_2"
"12817","EPI_ISL_19131439",7,2,1,1,1,1,1,2,"7_2_1_1_1_1_1_2"
"12818","EPI_ISL_19131438",7,2,1,1,1,1,1,2,"7_2_1_1_1_1_1_2"
"12819","EPI_ISL_19131437",5,3,1,1,1,1,1,2,"5_3_1_1_1_1_1_2"
"12820","EPI_ISL_19131436",2,1,1,1,2,1,1,1,"2_1_1_1_2_1_1_1"
"12821","EPI_ISL_19131435",7,2,1,1,1,1,1,2,"7_2_1_1_1_1_1_2"
"12822","EPI_ISL_19131434",7,2,1,1,1,1,1,2,"7_2_1_1_1_1_1_2"
"12823","EPI_ISL_19131433",7,2,1,1,1,1,1,2,"7_2_1_1_1_1_1_2"
"12824","EPI_ISL_19131432",3,2,1,1,6,1,1,2,"3_2_1_1_6_1_1_2"
"12825","EPI_ISL_19131394",7,2,1,1,1,1,1,2,"7_2_1_1_1_1_1_2"
"12826","EPI_ISL_19131393",7,2,1,1,1,1,1,2,"7_2_1_1_1_1_1_2"
"12827","EPI_ISL_19131392",7,2,1,1,1,1,1,2,"7_2_1_1_1_1_1_2"
"12828","EPI_ISL_19131391",7,2,1,1,8,1,1,2,"7_2_1_1_8_1_1_2"
"12829","EPI_ISL_19131390",7,2,1,1,1,1,1,2,"7_2_1_1_1_1_1_2"
"12830","EPI_ISL_19131389",7,2,1,1,1,1,1,2,"7_2_1_1_1_1_1_2"
"12831","EPI_ISL_19131388",7,2,1,1,1,1,1,2,"7_2_1_1_1_1_1_2"
"12832","EPI_ISL_19131387",7,2,1,1,1,1,1,2,"7_2_1_1_1_1_1_2"
"12833","EPI_ISL_19131386",7,2,1,1,1,1,1,2,"7_2_1_1_1_1_1_2"
"12834","EPI_ISL_19131385",3,2,1,1,6,1,1,2,"3_2_1_1_6_1_1_2"
"12835","EPI_ISL_19131366",3,2,1,1,6,1,1,2,"3_2_1_1_6_1_1_2"
"12836","EPI_ISL_19131365",3,2,1,1,6,1,1,2,"3_2_1_1_6_1_1_2"
"12837","EPI_ISL_19131364",7,2,1,1,1,1,1,2,"7_2_1_1_1_1_1_2"
"12838","EPI_ISL_19131363",7,2,1,1,1,1,1,2,"7_2_1_1_1_1_1_2"
"12839","EPI_ISL_19131362",7,2,1,1,1,1,1,2,"7_2_1_1_1_1_1_2"
"12840","EPI_ISL_19131361",7,2,1,1,1,1,1,2,"7_2_1_1_1_1_1_2"
"12841","EPI_ISL_19131360",7,2,1,1,1,1,1,2,"7_2_1_1_1_1_1_2"
"12842","EPI_ISL_19131359",7,2,1,1,1,1,1,2,"7_2_1_1_1_1_1_2"
"12843","EPI_ISL_19131358",7,2,1,1,1,1,1,2,"7_2_1_1_1_1_1_2"
"12844","EPI_ISL_19131357",7,2,1,1,1,1,1,2,"7_2_1_1_1_1_1_2"
"12845","EPI_ISL_19131356",7,35,1,1,1,1,1,2,"7_35_1_1_1_1_1_2"
"12846","EPI_ISL_19131196",5,3,1,1,1,1,1,2,"5_3_1_1_1_1_1_2"
"12847","EPI_ISL_19131164",5,3,1,1,1,1,1,2,"5_3_1_1_1_1_1_2"
"12848","EPI_ISL_19131163",5,3,1,1,1,1,1,2,"5_3_1_1_1_1_1_2"
"12849","EPI_ISL_19131162",5,3,1,1,1,1,1,2,"5_3_1_1_1_1_1_2"
"12850","EPI_ISL_19131159",5,3,1,1,1,1,1,2,"5_3_1_1_1_1_1_2"
"12851","EPI_ISL_19131156",5,3,1,1,1,1,1,2,"5_3_1_1_1_1_1_2"
"12852","EPI_ISL_19064367",4,5,1,1,1,1,1,1,"4_5_1_1_1_1_1_1"
"12853","EPI_ISL_19064366",9,9,7,1,1,1,1,1,"9_9_7_1_1_1_1_1"
"12854","EPI_ISL_19064365",9,9,7,1,1,1,1,1,"9_9_7_1_1_1_1_1"
"12855","EPI_ISL_19064364",9,9,7,1,1,1,1,1,"9_9_7_1_1_1_1_1"
"12856","EPI_ISL_19064363",9,9,7,1,1,1,1,1,"9_9_7_1_1_1_1_1"
"12857","EPI_ISL_19047951",17,8,2,1,25,1,1,1,"17_8_2_1_25_1_1_1"
"12858","EPI_ISL_19033340",17,1,2,1,2,1,1,1,"17_1_2_1_2_1_1_1"
"12859","EPI_ISL_19033339",17,1,2,1,2,1,1,1,"17_1_2_1_2_1_1_1"
"12860","EPI_ISL_19033313",2,1,1,1,2,1,1,1,"2_1_1_1_2_1_1_1"
"12861","EPI_ISL_19033312",2,1,1,1,2,1,1,1,"2_1_1_1_2_1_1_1"
"12862","EPI_ISL_19033311",2,1,1,1,2,1,1,1,"2_1_1_1_2_1_1_1"
"12863","EPI_ISL_19033310",2,1,1,1,2,1,1,1,"2_1_1_1_2_1_1_1"
"12864","EPI_ISL_19033281",2,1,1,1,2,1,1,1,"2_1_1_1_2_1_1_1"
"12865","EPI_ISL_19033280",2,1,1,1,2,1,1,1,"2_1_1_1_2_1_1_1"
"12866","EPI_ISL_19033212",2,1,1,1,2,1,1,1,"2_1_1_1_2_1_1_1"
"12867","EPI_ISL_19033211",2,1,1,1,2,1,1,1,"2_1_1_1_2_1_1_1"
"12868","EPI_ISL_19033210",2,1,1,1,2,1,1,1,"2_1_1_1_2_1_1_1"
"12869","EPI_ISL_19033209",8,6,2,1,2,3,1,1,"8_6_2_1_2_3_1_1"
"12870","EPI_ISL_19033208",8,6,2,1,2,3,1,1,"8_6_2_1_2_3_1_1"
"12871","EPI_ISL_19033207",8,6,2,1,2,3,1,1,"8_6_2_1_2_3_1_1"
"12872","EPI_ISL_18983997",12,1,2,1,5,1,1,1,"12_1_2_1_5_1_1_1"
"12873","EPI_ISL_18983935",20,1,1,1,2,1,1,1,"20_1_1_1_2_1_1_1"
"12874","EPI_ISL_18983934",20,1,1,1,2,1,1,1,"20_1_1_1_2_1_1_1"
"12875","EPI_ISL_18983933",20,1,1,1,2,1,1,1,"20_1_1_1_2_1_1_1"
"12876","EPI_ISL_18901717",8,6,2,1,2,3,1,1,"8_6_2_1_2_3_1_1"
"12877","EPI_ISL_18901714",1,1,2,1,2,1,1,1,"1_1_2_1_2_1_1_1"
"12878","EPI_ISL_18901682",2,1,1,1,2,1,1,1,"2_1_1_1_2_1_1_1"
"12879","EPI_ISL_18901681",1,1,2,1,2,1,1,1,"1_1_2_1_2_1_1_1"
"12880","EPI_ISL_18901677",1,1,2,1,2,1,1,1,"1_1_2_1_2_1_1_1"
"12881","EPI_ISL_18901673",2,1,1,1,2,1,1,1,"2_1_1_1_2_1_1_1"
"12882","EPI_ISL_18901672",2,1,1,1,2,1,1,1,"2_1_1_1_2_1_1_1"
"12883","EPI_ISL_18901671",2,1,1,1,2,1,1,1,"2_1_1_1_2_1_1_1"
"12884","EPI_ISL_18901670",2,1,1,1,2,1,1,1,"2_1_1_1_2_1_1_1"
"12885","EPI_ISL_18901642",2,1,1,1,2,1,1,1,"2_1_1_1_2_1_1_1"
"12886","EPI_ISL_18901610",2,1,1,1,2,1,1,1,"2_1_1_1_2_1_1_1"
"12887","EPI_ISL_18770565",2,1,1,1,2,1,1,1,"2_1_1_1_2_1_1_1"
"12888","EPI_ISL_18770564",2,1,1,1,2,1,1,1,"2_1_1_1_2_1_1_1"
"12889","EPI_ISL_18770563",2,1,1,1,2,1,1,1,"2_1_1_1_2_1_1_1"
"12890","EPI_ISL_18770562",2,1,1,1,2,1,1,1,"2_1_1_1_2_1_1_1"
"12891","EPI_ISL_18737543",3,2,1,1,6,1,1,2,"3_2_1_1_6_1_1_2"
"12892","EPI_ISL_18737542",7,2,1,1,1,1,1,2,"7_2_1_1_1_1_1_2"
"12893","EPI_ISL_18737541",7,2,1,1,1,1,1,2,"7_2_1_1_1_1_1_2"
"12894","EPI_ISL_18737540",7,2,1,1,1,1,1,2,"7_2_1_1_1_1_1_2"
"12895","EPI_ISL_18737539",7,2,1,1,1,1,1,2,"7_2_1_1_1_1_1_2"
"12896","EPI_ISL_18737538",3,2,1,1,1,1,1,2,"3_2_1_1_1_1_1_2"
"12897","EPI_ISL_18737537",7,2,1,1,1,1,1,2,"7_2_1_1_1_1_1_2"
"12898","EPI_ISL_18737536",7,2,1,1,1,1,1,2,"7_2_1_1_1_1_1_2"
"12899","EPI_ISL_18737535",7,2,1,1,1,1,1,2,"7_2_1_1_1_1_1_2"
"12900","EPI_ISL_18737534",2,1,1,1,2,1,1,1,"2_1_1_1_2_1_1_1"
"12901","EPI_ISL_18737533",2,1,1,1,2,1,1,1,"2_1_1_1_2_1_1_1"
"12902","EPI_ISL_18737532",7,2,1,1,1,1,1,2,"7_2_1_1_1_1_1_2"
"12903","EPI_ISL_18737531",7,2,1,1,1,1,1,2,"7_2_1_1_1_1_1_2"
"12904","EPI_ISL_18737521",7,2,1,1,1,1,1,2,"7_2_1_1_1_1_1_2"
"12905","EPI_ISL_18737519",7,2,1,1,1,1,1,2,"7_2_1_1_1_1_1_2"
"12906","EPI_ISL_18737516",2,1,1,1,2,1,1,1,"2_1_1_1_2_1_1_1"
"12907","EPI_ISL_18737507",2,1,1,1,2,1,1,1,"2_1_1_1_2_1_1_1"
"12908","EPI_ISL_18737498",7,2,1,1,1,1,1,2,"7_2_1_1_1_1_1_2"
"12909","EPI_ISL_18737490",7,2,1,1,1,1,1,2,"7_2_1_1_1_1_1_2"
"12910","EPI_ISL_18737481",5,3,1,1,1,1,1,2,"5_3_1_1_1_1_1_2"
"12911","EPI_ISL_18737472",5,3,1,1,1,1,1,2,"5_3_1_1_1_1_1_2"
"12912","EPI_ISL_18737463",5,3,1,1,1,1,1,2,"5_3_1_1_1_1_1_2"
"12913","EPI_ISL_18737455",5,3,1,1,1,1,1,2,"5_3_1_1_1_1_1_2"
"12914","EPI_ISL_18737454",5,3,1,1,1,1,1,2,"5_3_1_1_1_1_1_2"
"12915","EPI_ISL_18737453",2,1,1,1,2,1,1,1,"2_1_1_1_2_1_1_1"
"12916","EPI_ISL_18737452",2,1,1,1,2,1,1,1,"2_1_1_1_2_1_1_1"
"12917","EPI_ISL_18720873",2,1,1,1,2,1,1,1,"2_1_1_1_2_1_1_1"
"12918","EPI_ISL_18720869",2,1,1,1,2,1,1,1,"2_1_1_1_2_1_1_1"
"12919","EPI_ISL_18720867",2,1,1,1,2,1,1,1,"2_1_1_1_2_1_1_1"
"12920","EPI_ISL_18720866",2,1,1,1,2,1,1,1,"2_1_1_1_2_1_1_1"
"12921","EPI_ISL_18720865",2,1,1,1,2,1,1,1,"2_1_1_1_2_1_1_1"
"12922","EPI_ISL_18720833",2,1,1,1,2,1,1,1,"2_1_1_1_2_1_1_1"
"12923","EPI_ISL_18720832",2,1,1,1,2,1,1,1,"2_1_1_1_2_1_1_1"
"12924","EPI_ISL_18720831",2,1,1,1,2,1,1,1,"2_1_1_1_2_1_1_1"
"12925","EPI_ISL_18720830",2,1,1,1,2,1,1,1,"2_1_1_1_2_1_1_1"
"12926","EPI_ISL_19410269",5,3,1,1,1,1,1,2,"5_3_1_1_1_1_1_2"
"12927","EPI_ISL_19410124",15,8,1,1,7,1,1,5,"15_8_1_1_7_1_1_5"
"12928","EPI_ISL_19310900",15,8,1,1,7,1,1,5,"15_8_1_1_7_1_1_5"
"12929","EPI_ISL_19310899",17,1,2,1,2,1,1,1,"17_1_2_1_2_1_1_1"
"12930","EPI_ISL_19228246",3,2,1,1,1,1,1,2,"3_2_1_1_1_1_1_2"
"12931","EPI_ISL_19228215",3,2,1,1,1,1,1,2,"3_2_1_1_1_1_1_2"
"12932","EPI_ISL_19033549",8,1,2,1,2,1,1,1,"8_1_2_1_2_1_1_1"
"12933","EPI_ISL_19033337",17,1,2,1,2,1,1,1,"17_1_2_1_2_1_1_1"
"12934","EPI_ISL_19000414",1,6,2,1,2,1,1,1,"1_6_2_1_2_1_1_1"
"12935","EPI_ISL_19000413",1,6,2,1,2,1,1,1,"1_6_2_1_2_1_1_1"
"12936","EPI_ISL_19000412",1,6,2,1,2,1,1,1,"1_6_2_1_2_1_1_1"
"12937","EPI_ISL_19000411",1,6,2,1,2,1,1,1,"1_6_2_1_2_1_1_1"
"12938","EPI_ISL_19000410",8,8,2,1,2,1,1,1,"8_8_2_1_2_1_1_1"
"12939","EPI_ISL_19000409",8,8,2,1,2,1,1,1,"8_8_2_1_2_1_1_1"
"12940","EPI_ISL_19000408",1,6,2,1,2,1,1,1,"1_6_2_1_2_1_1_1"
"12941","EPI_ISL_19000407",8,8,2,1,2,1,1,1,"8_8_2_1_2_1_1_1"
"12942","EPI_ISL_19000406",1,6,2,1,2,1,1,1,"1_6_2_1_2_1_1_1"
"12943","EPI_ISL_18720920",6,4,3,1,3,2,1,3,"6_4_3_1_3_2_1_3"
"12944","EPI_ISL_18720919",6,4,3,1,3,2,1,3,"6_4_3_1_3_2_1_3"
"12945","EPI_ISL_18720918",6,4,3,1,3,2,1,3,"6_4_3_1_3_2_1_3"
"12946","EPI_ISL_18720917",6,4,3,1,3,2,1,3,"6_4_3_1_3_2_1_3"
"12947","EPI_ISL_18720916",6,4,3,1,3,2,1,3,"6_4_3_1_3_2_1_3"
"12948","EPI_ISL_18720849",8,7,1,1,2,1,1,1,"8_7_1_1_2_1_1_1"
"12949","EPI_ISL_18720847",8,7,1,1,2,1,1,1,"8_7_1_1_2_1_1_1"
"12950","EPI_ISL_18720845",8,7,1,1,2,1,1,1,"8_7_1_1_2_1_1_1"
"12951","EPI_ISL_18720843",8,7,1,1,2,1,1,1,"8_7_1_1_2_1_1_1"
"12952","EPI_ISL_18720841",2,1,1,1,2,1,1,1,"2_1_1_1_2_1_1_1"
"12953","EPI_ISL_18720839",2,1,1,1,2,1,1,1,"2_1_1_1_2_1_1_1"
"12954","EPI_ISL_18720837",2,1,1,1,2,1,1,1,"2_1_1_1_2_1_1_1"
"12955","EPI_ISL_18720835",2,1,1,1,2,1,1,1,"2_1_1_1_2_1_1_1"
"12956","EPI_ISL_18720829",2,1,1,1,2,1,1,1,"2_1_1_1_2_1_1_1"
"12957","EPI_ISL_18720828",2,1,1,1,2,1,1,1,"2_1_1_1_2_1_1_1"
"12958","EPI_ISL_18720826",2,1,1,1,2,1,1,1,"2_1_1_1_2_1_1_1"
"12959","EPI_ISL_18720824",2,1,1,1,2,1,1,1,"2_1_1_1_2_1_1_1"
"12960","EPI_ISL_18720822",2,1,1,1,2,1,1,1,"2_1_1_1_2_1_1_1"
"12961","EPI_ISL_18720820",2,1,1,1,2,1,1,1,"2_1_1_1_2_1_1_1"
"12962","EPI_ISL_18720818",2,1,1,1,2,1,1,1,"2_1_1_1_2_1_1_1"
"12963","EPI_ISL_18720816",2,1,1,1,2,1,1,1,"2_1_1_1_2_1_1_1"
"12964","EPI_ISL_18720814",2,1,1,1,2,1,1,1,"2_1_1_1_2_1_1_1"
"12965","EPI_ISL_18720813",2,1,1,1,2,1,1,1,"2_1_1_1_2_1_1_1"
"12966","EPI_ISL_18720812",2,1,1,1,2,1,1,1,"2_1_1_1_2_1_1_1"
"12967","EPI_ISL_18720811",2,1,1,1,2,1,1,1,"2_1_1_1_2_1_1_1"
"12968","EPI_ISL_18720810",2,1,1,1,2,1,1,1,"2_1_1_1_2_1_1_1"
"12969","EPI_ISL_18720809",2,1,1,1,2,1,1,1,"2_1_1_1_2_1_1_1"
"12970","EPI_ISL_18720807",2,1,1,1,2,1,1,1,"2_1_1_1_2_1_1_1"
"12971","EPI_ISL_18720805",2,1,1,1,2,1,1,1,"2_1_1_1_2_1_1_1"
"12972","EPI_ISL_18720793",2,1,1,1,2,1,1,1,"2_1_1_1_2_1_1_1"
"12973","EPI_ISL_18720792",2,1,1,1,2,1,1,1,"2_1_1_1_2_1_1_1"
"12974","EPI_ISL_18720791",2,1,1,1,2,1,1,1,"2_1_1_1_2_1_1_1"
"12975","EPI_ISL_18720790",2,1,1,1,2,1,1,1,"2_1_1_1_2_1_1_1"
"12976","EPI_ISL_18720789",8,15,1,1,2,1,1,1,"8_15_1_1_2_1_1_1"
"12977","EPI_ISL_18720787",8,15,1,1,2,1,1,1,"8_15_1_1_2_1_1_1"
"12978","EPI_ISL_18720783",8,7,1,1,2,1,1,1,"8_7_1_1_2_1_1_1"
"12979","EPI_ISL_18720782",8,7,1,1,2,1,1,1,"8_7_1_1_2_1_1_1"
"12980","EPI_ISL_18720781",8,7,1,1,2,1,1,1,"8_7_1_1_2_1_1_1"
"12981","EPI_ISL_18720780",8,7,1,1,2,1,1,1,"8_7_1_1_2_1_1_1"
"12982","EPI_ISL_18720779",8,15,1,1,2,1,1,1,"8_15_1_1_2_1_1_1"
"12983","EPI_ISL_18720778",8,15,1,1,2,1,1,1,"8_15_1_1_2_1_1_1"
"12984","EPI_ISL_18720777",8,15,1,1,2,1,1,1,"8_15_1_1_2_1_1_1"
"12985","EPI_ISL_18720776",8,15,1,1,2,1,1,1,"8_15_1_1_2_1_1_1"
"12986","EPI_ISL_18720775",8,15,1,1,2,1,1,1,"8_15_1_1_2_1_1_1"
"12987","EPI_ISL_18720773",8,15,1,1,2,1,1,1,"8_15_1_1_2_1_1_1"
"12988","EPI_ISL_18720771",8,15,1,1,2,1,1,1,"8_15_1_1_2_1_1_1"
"12989","EPI_ISL_18720769",8,15,1,1,2,1,1,1,"8_15_1_1_2_1_1_1"
"12990","EPI_ISL_18720768",8,15,1,1,2,1,1,1,"8_15_1_1_2_1_1_1"
"12991","EPI_ISL_18720767",8,15,1,1,2,1,1,1,"8_15_1_1_2_1_1_1"
"12992","EPI_ISL_18720766",8,7,1,1,2,1,1,1,"8_7_1_1_2_1_1_1"
"12993","EPI_ISL_18720765",8,7,1,1,2,1,1,1,"8_7_1_1_2_1_1_1"
"12994","EPI_ISL_18720763",8,7,1,1,2,1,1,1,"8_7_1_1_2_1_1_1"
"12995","EPI_ISL_18720761",8,7,1,1,2,1,1,1,"8_7_1_1_2_1_1_1"
"12996","EPI_ISL_18720759",8,7,1,1,2,1,1,1,"8_7_1_1_2_1_1_1"
"12997","EPI_ISL_18720757",8,7,1,1,2,1,1,1,"8_7_1_1_2_1_1_1"
"12998","EPI_ISL_18720755",8,7,1,1,2,1,1,1,"8_7_1_1_2_1_1_1"
"12999","EPI_ISL_18720753",8,7,1,1,2,1,1,1,"8_7_1_1_2_1_1_1"
"13000","EPI_ISL_18720751",8,7,1,1,2,1,1,1,"8_7_1_1_2_1_1_1"
"13001","EPI_ISL_18720749",8,7,1,1,2,1,1,1,"8_7_1_1_2_1_1_1"
"13002","EPI_ISL_18720747",8,7,1,1,2,1,1,1,"8_7_1_1_2_1_1_1"
"13003","EPI_ISL_18720745",8,7,1,1,2,1,1,1,"8_7_1_1_2_1_1_1"
"13004","EPI_ISL_18720743",8,7,1,1,2,1,1,1,"8_7_1_1_2_1_1_1"
"13005","EPI_ISL_18720739",8,7,1,1,2,1,1,1,"8_7_1_1_2_1_1_1"
"13006","EPI_ISL_18720737",8,7,1,1,2,1,1,1,"8_7_1_1_2_1_1_1"
"13007","EPI_ISL_18720735",8,7,1,1,2,1,1,1,"8_7_1_1_2_1_1_1"
"13008","EPI_ISL_18720733",8,7,1,1,2,1,1,1,"8_7_1_1_2_1_1_1"
"13009","EPI_ISL_18720731",8,7,1,1,2,1,1,1,"8_7_1_1_2_1_1_1"
"13010","EPI_ISL_18720729",8,7,1,1,2,1,1,1,"8_7_1_1_2_1_1_1"
"13011","EPI_ISL_18720727",8,7,1,1,2,1,1,1,"8_7_1_1_2_1_1_1"
"13012","EPI_ISL_18720725",8,7,1,1,2,1,1,1,"8_7_1_1_2_1_1_1"
"13013","EPI_ISL_18720723",8,7,1,1,2,1,1,1,"8_7_1_1_2_1_1_1"
"13014","EPI_ISL_18720722",8,7,1,1,2,1,1,1,"8_7_1_1_2_1_1_1"
"13015","EPI_ISL_18720720",8,7,1,1,2,1,1,1,"8_7_1_1_2_1_1_1"
"13016","EPI_ISL_18720718",8,7,1,1,2,1,1,1,"8_7_1_1_2_1_1_1"
"13017","EPI_ISL_18720706",6,4,3,1,3,2,1,3,"6_4_3_1_3_2_1_3"
"13018","EPI_ISL_18720704",6,4,3,1,3,2,1,3,"6_4_3_1_3_2_1_3"
"13019","EPI_ISL_18720702",6,4,3,1,3,2,1,3,"6_4_3_1_3_2_1_3"
"13020","EPI_ISL_18720700",6,4,3,1,3,2,1,3,"6_4_3_1_3_2_1_3"
"13021","EPI_ISL_18720699",6,4,3,1,3,2,1,3,"6_4_3_1_3_2_1_3"
"13022","EPI_ISL_18720698",8,7,1,1,2,1,1,1,"8_7_1_1_2_1_1_1"
"13023","EPI_ISL_18720697",8,7,1,1,2,1,1,1,"8_7_1_1_2_1_1_1"
"13024","EPI_ISL_18720696",8,7,1,1,2,1,1,1,"8_7_1_1_2_1_1_1"
"13025","EPI_ISL_18720695",8,7,1,1,2,1,1,1,"8_7_1_1_2_1_1_1"
"13026","EPI_ISL_18720694",8,7,1,1,2,1,1,1,"8_7_1_1_2_1_1_1"
"13027","EPI_ISL_18720693",8,7,1,1,2,1,1,1,"8_7_1_1_2_1_1_1"
"13028","EPI_ISL_18720692",8,7,1,1,2,1,1,1,"8_7_1_1_2_1_1_1"
"13029","EPI_ISL_18720691",8,7,1,1,2,1,1,1,"8_7_1_1_2_1_1_1"
"13030","EPI_ISL_18720690",6,4,3,1,3,2,1,3,"6_4_3_1_3_2_1_3"
"13031","EPI_ISL_18720689",6,4,3,1,3,2,1,3,"6_4_3_1_3_2_1_3"
"13032","EPI_ISL_18720688",6,4,3,1,3,2,1,3,"6_4_3_1_3_2_1_3"
"13033","EPI_ISL_18720687",6,4,3,1,3,2,1,3,"6_4_3_1_3_2_1_3"
"13034","EPI_ISL_18720686",6,4,3,1,3,2,1,3,"6_4_3_1_3_2_1_3"
"13035","EPI_ISL_18720685",6,4,3,1,3,2,1,3,"6_4_3_1_3_2_1_3"
"13036","EPI_ISL_18720681",8,7,1,1,2,1,1,1,"8_7_1_1_2_1_1_1"
"13037","EPI_ISL_18720680",6,4,3,1,3,2,1,3,"6_4_3_1_3_2_1_3"
"13038","EPI_ISL_19410271",5,3,1,1,1,1,1,2,"5_3_1_1_1_1_1_2"
"13039","EPI_ISL_19410268",5,3,1,1,1,1,1,2,"5_3_1_1_1_1_1_2"
"13040","EPI_ISL_19410267",5,3,1,1,1,1,1,2,"5_3_1_1_1_1_1_2"
"13041","EPI_ISL_19295288",26,24,18,1,17,9,1,7,"26_24_18_1_17_9_1_7"
"13042","EPI_ISL_19279634",11,10,2,1,5,1,1,6,"11_10_2_1_5_1_1_6"
"13043","EPI_ISL_19279633",11,10,2,1,5,1,1,9,"11_10_2_1_5_1_1_9"
"13044","EPI_ISL_19279632",11,10,2,1,5,1,1,9,"11_10_2_1_5_1_1_9"
"13045","EPI_ISL_19066754",11,10,2,1,5,1,1,6,"11_10_2_1_5_1_1_6"
"13046","EPI_ISL_19064404",4,13,9,1,2,1,1,1,"4_13_9_1_2_1_1_1"
"13047","EPI_ISL_19064388",4,13,9,1,2,1,1,1,"4_13_9_1_2_1_1_1"
"13048","EPI_ISL_19064387",4,5,1,1,1,1,1,1,"4_5_1_1_1_1_1_1"
"13049","EPI_ISL_19033558",1,1,2,1,2,1,1,1,"1_1_2_1_2_1_1_1"
"13050","EPI_ISL_19033555",1,1,2,1,2,1,1,1,"1_1_2_1_2_1_1_1"
"13051","EPI_ISL_19033554",1,1,2,1,2,1,1,1,"1_1_2_1_2_1_1_1"
"13052","EPI_ISL_19033333",1,1,2,1,2,1,1,1,"1_1_2_1_2_1_1_1"
"13053","EPI_ISL_19033331",1,1,2,1,2,1,1,1,"1_1_2_1_2_1_1_1"
"13054","EPI_ISL_18983110",1,6,2,1,2,1,1,1,"1_6_2_1_2_1_1_1"
"13055","EPI_ISL_18819961",27,10,8,1,19,5,1,1,"27_10_8_1_19_5_1_1"
"13056","EPI_ISL_18819960",2,1,1,1,2,1,1,1,"2_1_1_1_2_1_1_1"
"13057","EPI_ISL_18819959",27,10,8,1,19,5,1,1,"27_10_8_1_19_5_1_1"
"13058","EPI_ISL_18819797",2,1,1,1,2,1,1,1,"2_1_1_1_2_1_1_1"
"13059","EPI_ISL_18720800",8,7,1,1,2,1,1,1,"8_7_1_1_2_1_1_1"
"13060","EPI_ISL_18720799",8,7,1,1,2,1,1,1,"8_7_1_1_2_1_1_1"
"13061","EPI_ISL_18720798",8,7,1,1,2,1,1,1,"8_7_1_1_2_1_1_1"
"13062","EPI_ISL_18720797",8,7,1,1,2,1,1,1,"8_7_1_1_2_1_1_1"
"13063","EPI_ISL_18720796",8,7,1,1,2,1,1,1,"8_7_1_1_2_1_1_1"
"13064","EPI_ISL_18720795",8,7,1,1,2,1,1,1,"8_7_1_1_2_1_1_1"
"13065","EPI_ISL_18720794",8,7,1,1,2,1,1,1,"8_7_1_1_2_1_1_1"
"13066","EPI_ISL_18901640",8,6,2,1,2,3,1,1,"8_6_2_1_2_3_1_1"
"13067","EPI_ISL_18720864",2,1,1,1,2,1,1,1,"2_1_1_1_2_1_1_1"
"13068","EPI_ISL_18901675",1,1,2,1,2,1,1,1,"1_1_2_1_2_1_1_1"
"13069","EPI_ISL_18851332",8,6,2,1,2,3,1,1,"8_6_2_1_2_3_1_1"
"13070","EPI_ISL_19442322",3,2,1,1,1,1,1,2,"3_2_1_1_1_1_1_2"
"13071","EPI_ISL_19376860",3,2,1,1,1,1,1,2,"3_2_1_1_1_1_1_2"
"13072","EPI_ISL_19376859",3,2,1,1,1,1,1,2,"3_2_1_1_1_1_1_2"
"13073","EPI_ISL_19361587",3,2,1,1,1,1,1,2,"3_2_1_1_1_1_1_2"
"13074","EPI_ISL_19361586",3,2,1,1,1,1,1,2,"3_2_1_1_1_1_1_2"
"13075","EPI_ISL_19361585",3,2,1,1,1,1,1,2,"3_2_1_1_1_1_1_2"
"13076","EPI_ISL_19361584",3,2,1,1,1,1,1,2,"3_2_1_1_1_1_1_2"
"13077","EPI_ISL_19361583",3,2,1,1,1,1,1,2,"3_2_1_1_1_1_1_2"
"13078","EPI_ISL_19361582",3,2,1,1,1,1,1,2,"3_2_1_1_1_1_1_2"
"13079","EPI_ISL_19361581",3,2,1,1,1,1,1,2,"3_2_1_1_1_1_1_2"
"13080","EPI_ISL_19361580",3,2,1,1,1,1,1,2,"3_2_1_1_1_1_1_2"
"13081","EPI_ISL_19361579",3,2,1,1,1,1,1,2,"3_2_1_1_1_1_1_2"
"13082","EPI_ISL_19228682",3,2,1,1,1,1,1,2,"3_2_1_1_1_1_1_2"
"13083","EPI_ISL_19228681",3,2,1,1,1,1,1,2,"3_2_1_1_1_1_1_2"
"13084","EPI_ISL_19228678",3,2,1,1,1,1,1,2,"3_2_1_1_1_1_1_2"
"13085","EPI_ISL_19228677",3,2,1,1,1,1,1,2,"3_2_1_1_1_1_1_2"
"13086","EPI_ISL_19228676",3,2,1,1,1,1,1,2,"3_2_1_1_1_1_1_2"
"13087","EPI_ISL_19228675",3,2,1,1,1,1,1,2,"3_2_1_1_1_1_1_2"
"13088","EPI_ISL_19228668",3,2,1,1,1,1,1,2,"3_2_1_1_1_1_1_2"
"13089","EPI_ISL_19228667",3,2,1,1,1,1,1,2,"3_2_1_1_1_1_1_2"
"13090","EPI_ISL_19228666",3,2,1,1,1,1,1,2,"3_2_1_1_1_1_1_2"
"13091","EPI_ISL_19228665",3,2,1,1,1,1,1,2,"3_2_1_1_1_1_1_2"
"13092","EPI_ISL_19228663",3,2,1,1,1,1,1,2,"3_2_1_1_1_1_1_2"
"13093","EPI_ISL_19228662",3,2,1,1,1,1,1,2,"3_2_1_1_1_1_1_2"
"13094","EPI_ISL_19228661",3,2,1,1,1,1,1,2,"3_2_1_1_1_1_1_2"
"13095","EPI_ISL_19228660",3,2,1,1,1,1,1,2,"3_2_1_1_1_1_1_2"
"13096","EPI_ISL_19228659",3,2,1,1,1,1,1,2,"3_2_1_1_1_1_1_2"
"13097","EPI_ISL_19228658",3,2,1,1,1,1,1,2,"3_2_1_1_1_1_1_2"
"13098","EPI_ISL_19228657",3,2,1,1,1,1,1,2,"3_2_1_1_1_1_1_2"
"13099","EPI_ISL_19228656",3,2,1,1,1,1,1,2,"3_2_1_1_1_1_1_2"
"13100","EPI_ISL_19228654",3,2,1,1,1,1,1,2,"3_2_1_1_1_1_1_2"
"13101","EPI_ISL_19228653",3,2,1,1,1,1,1,2,"3_2_1_1_1_1_1_2"
"13102","EPI_ISL_19228652",3,2,1,1,1,1,1,2,"3_2_1_1_1_1_1_2"
"13103","EPI_ISL_19228651",3,2,1,1,1,1,1,2,"3_2_1_1_1_1_1_2"
"13104","EPI_ISL_19228647",3,2,1,1,1,1,1,2,"3_2_1_1_1_1_1_2"
"13105","EPI_ISL_19228642",3,2,1,1,1,1,1,2,"3_2_1_1_1_1_1_2"
"13106","EPI_ISL_19228636",3,2,1,1,1,1,1,2,"3_2_1_1_1_1_1_2"
"13107","EPI_ISL_19228635",3,2,1,1,1,1,1,2,"3_2_1_1_1_1_1_2"
"13108","EPI_ISL_19228632",3,2,1,1,1,1,1,2,"3_2_1_1_1_1_1_2"
"13109","EPI_ISL_19228631",3,2,1,1,1,1,1,2,"3_2_1_1_1_1_1_2"
"13110","EPI_ISL_19228629",3,2,1,1,1,1,1,2,"3_2_1_1_1_1_1_2"
"13111","EPI_ISL_19228626",3,2,1,1,1,1,1,2,"3_2_1_1_1_1_1_2"
"13112","EPI_ISL_19228625",3,2,1,1,1,1,1,2,"3_2_1_1_1_1_1_2"
"13113","EPI_ISL_19228624",3,2,1,1,1,1,1,2,"3_2_1_1_1_1_1_2"
"13114","EPI_ISL_19228623",3,2,1,1,1,1,1,2,"3_2_1_1_1_1_1_2"
"13115","EPI_ISL_19228622",3,2,1,1,1,1,1,2,"3_2_1_1_1_1_1_2"
"13116","EPI_ISL_19228621",3,2,1,1,1,1,1,2,"3_2_1_1_1_1_1_2"
"13117","EPI_ISL_19228620",3,2,1,1,1,1,1,2,"3_2_1_1_1_1_1_2"
"13118","EPI_ISL_19228618",3,2,1,1,1,1,1,2,"3_2_1_1_1_1_1_2"
"13119","EPI_ISL_19228617",3,2,1,1,1,1,1,2,"3_2_1_1_1_1_1_2"
"13120","EPI_ISL_19228616",3,2,1,1,1,1,1,2,"3_2_1_1_1_1_1_2"
"13121","EPI_ISL_19228615",3,2,1,1,1,1,1,2,"3_2_1_1_1_1_1_2"
"13122","EPI_ISL_19228614",3,2,1,1,1,1,1,2,"3_2_1_1_1_1_1_2"
"13123","EPI_ISL_19228612",3,2,1,1,1,1,1,2,"3_2_1_1_1_1_1_2"
"13124","EPI_ISL_19228611",3,2,1,1,1,1,1,2,"3_2_1_1_1_1_1_2"
"13125","EPI_ISL_19228610",3,2,1,1,1,1,1,2,"3_2_1_1_1_1_1_2"
"13126","EPI_ISL_19228609",3,2,1,1,1,1,1,2,"3_2_1_1_1_1_1_2"
"13127","EPI_ISL_19228608",3,2,1,1,1,1,1,2,"3_2_1_1_1_1_1_2"
"13128","EPI_ISL_19228572",3,2,1,1,1,1,1,2,"3_2_1_1_1_1_1_2"
"13129","EPI_ISL_19228570",3,2,1,1,1,1,1,2,"3_2_1_1_1_1_1_2"
"13130","EPI_ISL_19228567",3,2,1,1,1,1,1,2,"3_2_1_1_1_1_1_2"
"13131","EPI_ISL_19228565",3,2,1,1,1,1,1,2,"3_2_1_1_1_1_1_2"
"13132","EPI_ISL_19228564",3,2,1,1,1,1,1,2,"3_2_1_1_1_1_1_2"
"13133","EPI_ISL_19228563",3,2,1,1,1,1,1,2,"3_2_1_1_1_1_1_2"
"13134","EPI_ISL_19228562",3,2,1,1,1,1,1,2,"3_2_1_1_1_1_1_2"
"13135","EPI_ISL_19228558",3,2,1,1,1,1,1,2,"3_2_1_1_1_1_1_2"
"13136","EPI_ISL_19228557",3,2,1,1,1,1,1,2,"3_2_1_1_1_1_1_2"
"13137","EPI_ISL_19228556",3,2,1,1,1,1,1,2,"3_2_1_1_1_1_1_2"
"13138","EPI_ISL_19228555",3,2,1,1,1,1,1,2,"3_2_1_1_1_1_1_2"
"13139","EPI_ISL_19228554",3,2,1,1,1,1,1,2,"3_2_1_1_1_1_1_2"
"13140","EPI_ISL_19228552",3,2,1,1,1,1,1,2,"3_2_1_1_1_1_1_2"
"13141","EPI_ISL_19228551",3,2,1,1,1,1,1,2,"3_2_1_1_1_1_1_2"
"13142","EPI_ISL_19228550",3,2,1,1,1,1,1,2,"3_2_1_1_1_1_1_2"
"13143","EPI_ISL_19228549",3,2,1,1,1,1,1,2,"3_2_1_1_1_1_1_2"
"13144","EPI_ISL_19228548",3,2,1,1,1,1,1,2,"3_2_1_1_1_1_1_2"
"13145","EPI_ISL_19228547",3,2,1,1,1,1,1,2,"3_2_1_1_1_1_1_2"
"13146","EPI_ISL_19228546",3,2,1,1,1,1,1,2,"3_2_1_1_1_1_1_2"
"13147","EPI_ISL_19228545",3,2,1,1,1,1,1,2,"3_2_1_1_1_1_1_2"
"13148","EPI_ISL_19228544",3,2,1,1,1,1,1,2,"3_2_1_1_1_1_1_2"
"13149","EPI_ISL_19228511",3,2,1,1,1,1,1,2,"3_2_1_1_1_1_1_2"
"13150","EPI_ISL_19228510",3,2,1,1,1,1,1,2,"3_2_1_1_1_1_1_2"
"13151","EPI_ISL_19228509",3,2,1,1,1,1,1,2,"3_2_1_1_1_1_1_2"
"13152","EPI_ISL_19228508",3,2,1,1,1,1,1,2,"3_2_1_1_1_1_1_2"
"13153","EPI_ISL_19228507",3,2,1,1,1,1,1,2,"3_2_1_1_1_1_1_2"
"13154","EPI_ISL_19228506",3,2,1,1,1,1,1,2,"3_2_1_1_1_1_1_2"
"13155","EPI_ISL_19228505",3,2,1,1,1,1,1,2,"3_2_1_1_1_1_1_2"
"13156","EPI_ISL_19228504",3,2,1,1,1,1,1,2,"3_2_1_1_1_1_1_2"
"13157","EPI_ISL_19228245",3,2,1,1,1,1,1,2,"3_2_1_1_1_1_1_2"
"13158","EPI_ISL_19228244",3,2,1,1,1,1,1,2,"3_2_1_1_1_1_1_2"
"13159","EPI_ISL_19228243",3,2,1,1,1,1,1,2,"3_2_1_1_1_1_1_2"
"13160","EPI_ISL_19228233",3,2,1,1,1,1,1,2,"3_2_1_1_1_1_1_2"
"13161","EPI_ISL_19228232",3,2,1,1,1,1,1,2,"3_2_1_1_1_1_1_2"
"13162","EPI_ISL_19228231",3,2,1,1,1,1,1,2,"3_2_1_1_1_1_1_2"
"13163","EPI_ISL_19228230",3,2,1,1,1,1,1,2,"3_2_1_1_1_1_1_2"
"13164","EPI_ISL_19228229",3,2,1,1,1,1,1,2,"3_2_1_1_1_1_1_2"
"13165","EPI_ISL_19228228",3,2,1,1,1,1,1,2,"3_2_1_1_1_1_1_2"
"13166","EPI_ISL_19228227",3,2,1,1,1,1,1,2,"3_2_1_1_1_1_1_2"
"13167","EPI_ISL_19228226",3,2,1,1,1,1,1,2,"3_2_1_1_1_1_1_2"
"13168","EPI_ISL_19228225",3,2,1,1,1,1,1,2,"3_2_1_1_1_1_1_2"
"13169","EPI_ISL_19228224",3,2,1,1,1,1,1,2,"3_2_1_1_1_1_1_2"
"13170","EPI_ISL_19228222",3,2,1,1,1,1,1,2,"3_2_1_1_1_1_1_2"
"13171","EPI_ISL_19228221",3,2,1,1,1,1,1,2,"3_2_1_1_1_1_1_2"
"13172","EPI_ISL_19228220",3,2,1,1,1,1,1,2,"3_2_1_1_1_1_1_2"
"13173","EPI_ISL_19228219",3,2,1,1,1,1,1,2,"3_2_1_1_1_1_1_2"
"13174","EPI_ISL_19228218",3,2,1,1,1,1,1,2,"3_2_1_1_1_1_1_2"
"13175","EPI_ISL_19228217",3,2,1,1,1,1,1,2,"3_2_1_1_1_1_1_2"
"13176","EPI_ISL_19228216",3,2,1,1,1,1,1,2,"3_2_1_1_1_1_1_2"
"13177","EPI_ISL_19228208",3,2,1,1,1,1,1,2,"3_2_1_1_1_1_1_2"
"13178","EPI_ISL_19228207",3,2,1,1,1,1,1,2,"3_2_1_1_1_1_1_2"
"13179","EPI_ISL_19228206",3,2,1,1,1,1,1,2,"3_2_1_1_1_1_1_2"
"13180","EPI_ISL_19228205",3,2,1,1,1,1,1,2,"3_2_1_1_1_1_1_2"
"13181","EPI_ISL_19228204",3,2,1,1,1,1,1,2,"3_2_1_1_1_1_1_2"
"13182","EPI_ISL_19228203",3,2,1,1,1,1,1,2,"3_2_1_1_1_1_1_2"
"13183","EPI_ISL_19228202",3,2,1,1,1,1,1,2,"3_2_1_1_1_1_1_2"
"13184","EPI_ISL_19228201",3,2,1,1,1,1,1,2,"3_2_1_1_1_1_1_2"
"13185","EPI_ISL_19228200",3,2,1,1,1,1,1,2,"3_2_1_1_1_1_1_2"
"13186","EPI_ISL_19228199",3,2,1,1,1,1,1,2,"3_2_1_1_1_1_1_2"
"13187","EPI_ISL_19228193",3,2,1,1,1,1,1,2,"3_2_1_1_1_1_1_2"
"13188","EPI_ISL_19228192",3,2,1,1,1,1,1,2,"3_2_1_1_1_1_1_2"
"13189","EPI_ISL_19228191",3,2,1,1,1,1,1,2,"3_2_1_1_1_1_1_2"
"13190","EPI_ISL_19228190",3,2,1,1,1,1,1,2,"3_2_1_1_1_1_1_2"
"13191","EPI_ISL_19228189",3,2,1,1,1,1,1,2,"3_2_1_1_1_1_1_2"
"13192","EPI_ISL_19032063",3,2,1,1,1,1,1,2,"3_2_1_1_1_1_1_2"
"13193","EPI_ISL_18901688",2,1,1,1,2,1,1,1,"2_1_1_1_2_1_1_1"
"13194","EPI_ISL_18901687",8,6,2,1,2,3,1,1,"8_6_2_1_2_3_1_1"
"13195","EPI_ISL_18901686",8,6,2,1,2,3,1,1,"8_6_2_1_2_3_1_1"
"13196","EPI_ISL_18901684",8,6,2,1,2,3,1,1,"8_6_2_1_2_3_1_1"
"13197","EPI_ISL_18901680",2,1,1,1,2,1,1,1,"2_1_1_1_2_1_1_1"
"13198","EPI_ISL_18901678",8,6,2,1,2,3,1,1,"8_6_2_1_2_3_1_1"
"13199","EPI_ISL_18901674",2,1,1,1,2,1,1,1,"2_1_1_1_2_1_1_1"
"13200","EPI_ISL_18901644",2,1,1,1,2,1,1,1,"2_1_1_1_2_1_1_1"
"13201","EPI_ISL_18901641",8,6,2,1,2,3,1,1,"8_6_2_1_2_3_1_1"
"13202","EPI_ISL_18901635",2,1,1,1,2,1,1,1,"2_1_1_1_2_1_1_1"
"13203","EPI_ISL_19000792",17,1,2,1,2,1,1,1,"17_1_2_1_2_1_1_1"
"13204","EPI_ISL_18983107",17,1,2,1,2,1,1,1,"17_1_2_1_2_1_1_1"
"13205","EPI_ISL_19213570",1,1,2,1,2,1,1,1,"1_1_2_1_2_1_1_1"
"13206","EPI_ISL_18918834",17,1,2,1,2,1,1,1,"17_1_2_1_2_1_1_1"
"13207","EPI_ISL_18918530",1,1,2,1,2,1,1,1,"1_1_2_1_2_1_1_1"
"13208","EPI_ISL_18918835",1,8,2,1,2,1,1,1,"1_8_2_1_2_1_1_1"
"13209","EPI_ISL_18819826",27,10,8,1,19,5,1,1,"27_10_8_1_19_5_1_1"
"13210","EPI_ISL_18918831",1,8,2,1,2,1,1,1,"1_8_2_1_2_1_1_1"
"13211","EPI_ISL_18901637",1,1,2,1,2,1,1,1,"1_1_2_1_2_1_1_1"
"13212","EPI_ISL_18885838",1,6,2,1,2,1,1,1,"1_6_2_1_2_1_1_1"
"13213","EPI_ISL_18885828",17,1,2,1,2,1,1,1,"17_1_2_1_2_1_1_1"
"13214","EPI_ISL_18853651",27,10,8,1,19,5,1,1,"27_10_8_1_19_5_1_1"
"13215","EPI_ISL_18918809",1,8,2,1,2,1,1,1,"1_8_2_1_2_1_1_1"
"13216","EPI_ISL_18885839",1,1,2,1,2,1,1,1,"1_1_2_1_2_1_1_1"
"13217","EPI_ISL_18885547",1,1,2,1,2,1,1,1,"1_1_2_1_2_1_1_1"
"13218","EPI_ISL_18853650",27,10,8,1,19,5,1,1,"27_10_8_1_19_5_1_1"
"13219","EPI_ISL_18788100",1,1,2,1,2,1,1,1,"1_1_2_1_2_1_1_1"
"13220","EPI_ISL_19410286",5,3,1,1,1,1,1,2,"5_3_1_1_1_1_1_2"
"13221","EPI_ISL_19410285",5,3,1,1,1,1,1,2,"5_3_1_1_1_1_1_2"
"13222","EPI_ISL_19410284",5,3,1,1,1,1,1,2,"5_3_1_1_1_1_1_2"
"13223","EPI_ISL_18885854",17,1,2,1,2,1,1,1,"17_1_2_1_2_1_1_1"
"13224","EPI_ISL_18885852",1,1,2,1,2,1,1,1,"1_1_2_1_2_1_1_1"
"13225","EPI_ISL_18885826",1,1,2,1,2,1,1,1,"1_1_2_1_2_1_1_1"
"13226","EPI_ISL_18720877",2,1,1,1,2,1,1,1,"2_1_1_1_2_1_1_1"
"13227","EPI_ISL_18720875",2,1,1,1,2,1,1,1,"2_1_1_1_2_1_1_1"
"13228","EPI_ISL_18720863",2,1,1,1,2,1,1,1,"2_1_1_1_2_1_1_1"
"13229","EPI_ISL_18720862",2,1,1,1,2,1,1,1,"2_1_1_1_2_1_1_1"
"13230","EPI_ISL_18720861",2,1,1,1,2,1,1,1,"2_1_1_1_2_1_1_1"
"13231","EPI_ISL_18720860",2,1,1,1,2,1,1,1,"2_1_1_1_2_1_1_1"
"13232","EPI_ISL_18720859",2,1,1,1,2,1,1,1,"2_1_1_1_2_1_1_1"
"13233","EPI_ISL_18720858",2,1,1,1,2,1,1,1,"2_1_1_1_2_1_1_1"
"13234","EPI_ISL_18720857",2,1,1,1,2,1,1,1,"2_1_1_1_2_1_1_1"
"13235","EPI_ISL_18720856",2,1,1,1,2,1,1,1,"2_1_1_1_2_1_1_1"
"13236","EPI_ISL_18720855",2,1,1,1,2,1,1,1,"2_1_1_1_2_1_1_1"
"13237","EPI_ISL_18720854",2,1,1,1,2,1,1,1,"2_1_1_1_2_1_1_1"
"13238","EPI_ISL_18720853",2,1,1,1,2,1,1,1,"2_1_1_1_2_1_1_1"
"13239","EPI_ISL_18720852",2,1,1,1,2,1,1,1,"2_1_1_1_2_1_1_1"
"13240","EPI_ISL_18720851",2,1,1,1,2,1,1,1,"2_1_1_1_2_1_1_1"
"13241","EPI_ISL_18720850",2,1,1,1,2,1,1,1,"2_1_1_1_2_1_1_1"
"13242","EPI_ISL_18720848",2,1,1,1,2,1,1,1,"2_1_1_1_2_1_1_1"
"13243","EPI_ISL_18720846",2,1,1,1,2,1,1,1,"2_1_1_1_2_1_1_1"
"13244","EPI_ISL_18720844",2,1,1,1,2,1,1,1,"2_1_1_1_2_1_1_1"
"13245","EPI_ISL_18720842",2,1,1,1,2,1,1,1,"2_1_1_1_2_1_1_1"
"13246","EPI_ISL_18720840",2,1,1,1,2,1,1,1,"2_1_1_1_2_1_1_1"
"13247","EPI_ISL_18720838",2,1,1,1,2,1,1,1,"2_1_1_1_2_1_1_1"
"13248","EPI_ISL_18720836",2,1,1,1,2,1,1,1,"2_1_1_1_2_1_1_1"
"13249","EPI_ISL_18720834",2,1,1,1,2,1,1,1,"2_1_1_1_2_1_1_1"
"13250","EPI_ISL_18720827",2,1,1,1,2,1,1,1,"2_1_1_1_2_1_1_1"
"13251","EPI_ISL_18720825",2,1,1,1,2,1,1,1,"2_1_1_1_2_1_1_1"
"13252","EPI_ISL_18720823",2,1,1,1,2,1,1,1,"2_1_1_1_2_1_1_1"
"13253","EPI_ISL_18720821",2,1,1,1,2,1,1,1,"2_1_1_1_2_1_1_1"
"13254","EPI_ISL_18720819",2,1,1,1,2,1,1,1,"2_1_1_1_2_1_1_1"
"13255","EPI_ISL_18720817",2,1,1,1,2,1,1,1,"2_1_1_1_2_1_1_1"
"13256","EPI_ISL_18720815",2,1,1,1,2,1,1,1,"2_1_1_1_2_1_1_1"
"13257","EPI_ISL_19196363",3,2,1,1,1,1,1,2,"3_2_1_1_1_1_1_2"
"13258","EPI_ISL_19196362",3,2,1,1,1,1,1,2,"3_2_1_1_1_1_1_2"
"13259","EPI_ISL_19462802",1,1,4,1,4,1,1,4,"1_1_4_1_4_1_1_4"
"13260","EPI_ISL_19462801",1,1,4,1,4,1,1,4,"1_1_4_1_4_1_1_4"
"13261","EPI_ISL_19462795",1,1,4,1,4,1,1,4,"1_1_4_1_4_1_1_4"
"13262","EPI_ISL_19462794",1,1,4,1,4,1,1,4,"1_1_4_1_4_1_1_4"
"13263","EPI_ISL_19101267",9,9,7,1,1,1,1,1,"9_9_7_1_1_1_1_1"
"13264","EPI_ISL_18953094",6,4,3,1,3,2,1,3,"6_4_3_1_3_2_1_3"
"13265","EPI_ISL_18953089",1,4,2,1,12,3,1,3,"1_4_2_1_12_3_1_3"
"13266","EPI_ISL_18788075",1,1,2,1,2,1,1,1,"1_1_2_1_2_1_1_1"
"13267","EPI_ISL_18740267",27,10,8,1,19,5,1,1,"27_10_8_1_19_5_1_1"
"13268","EPI_ISL_19446317",1,6,2,1,2,1,1,1,"1_6_2_1_2_1_1_1"
"13269","EPI_ISL_19446316",1,6,2,1,2,1,1,1,"1_6_2_1_2_1_1_1"
"13270","EPI_ISL_19446315",1,6,2,1,2,1,1,1,"1_6_2_1_2_1_1_1"
"13271","EPI_ISL_19446314",1,6,2,1,2,1,1,1,"1_6_2_1_2_1_1_1"
"13272","EPI_ISL_19446313",1,6,2,1,2,1,1,1,"1_6_2_1_2_1_1_1"
"13273","EPI_ISL_19134618",7,2,1,1,1,1,1,2,"7_2_1_1_1_1_1_2"
"13274","EPI_ISL_19134617",7,2,1,1,1,1,1,2,"7_2_1_1_1_1_1_2"
"13275","EPI_ISL_19134612",4,13,9,1,2,1,1,1,"4_13_9_1_2_1_1_1"
"13276","EPI_ISL_19134610",4,13,9,1,2,1,1,1,"4_13_9_1_2_1_1_1"
"13277","EPI_ISL_19134591",3,2,1,1,6,1,1,2,"3_2_1_1_6_1_1_2"
"13278","EPI_ISL_19134590",7,2,1,1,1,1,1,2,"7_2_1_1_1_1_1_2"
"13279","EPI_ISL_18953091",6,4,3,1,3,2,1,3,"6_4_3_1_3_2_1_3"
"13280","EPI_ISL_19510710",8,6,2,1,2,3,1,1,"8_6_2_1_2_3_1_1"
"13281","EPI_ISL_19462810",1,1,4,1,4,1,1,4,"1_1_4_1_4_1_1_4"
"13282","EPI_ISL_19462809",1,1,4,1,4,1,1,4,"1_1_4_1_4_1_1_4"
"13283","EPI_ISL_19462808",1,1,4,1,4,1,1,4,"1_1_4_1_4_1_1_4"
"13284","EPI_ISL_19462807",1,1,4,1,4,1,1,4,"1_1_4_1_4_1_1_4"
"13285","EPI_ISL_19462806",1,1,4,1,4,1,1,4,"1_1_4_1_4_1_1_4"
"13286","EPI_ISL_19462805",1,1,4,1,4,1,1,4,"1_1_4_1_4_1_1_4"
"13287","EPI_ISL_19462804",1,1,4,1,4,1,1,4,"1_1_4_1_4_1_1_4"
"13288","EPI_ISL_19462803",1,1,4,1,4,1,1,4,"1_1_4_1_4_1_1_4"
"13289","EPI_ISL_19462800",1,1,4,1,4,1,1,4,"1_1_4_1_4_1_1_4"
"13290","EPI_ISL_19462799",1,1,4,1,4,1,1,4,"1_1_4_1_4_1_1_4"
"13291","EPI_ISL_19462798",1,1,4,1,4,1,1,4,"1_1_4_1_4_1_1_4"
"13292","EPI_ISL_19462796",1,1,4,1,4,1,1,4,"1_1_4_1_4_1_1_4"
"13293","EPI_ISL_19462793",1,1,4,1,4,1,1,4,"1_1_4_1_4_1_1_4"
"13294","EPI_ISL_19462792",1,1,4,1,4,1,1,4,"1_1_4_1_4_1_1_4"
"13295","EPI_ISL_19462791",1,1,4,1,4,1,1,4,"1_1_4_1_4_1_1_4"
"13296","EPI_ISL_19462790",1,1,4,1,4,1,1,4,"1_1_4_1_4_1_1_4"
"13297","EPI_ISL_19462789",1,1,4,1,4,1,1,4,"1_1_4_1_4_1_1_4"
"13298","EPI_ISL_19462788",1,1,4,1,4,1,1,4,"1_1_4_1_4_1_1_4"
"13299","EPI_ISL_19462787",1,1,4,1,4,1,1,4,"1_1_4_1_4_1_1_4"
"13300","EPI_ISL_19462786",1,1,4,1,4,1,1,4,"1_1_4_1_4_1_1_4"
"13301","EPI_ISL_19462785",1,1,4,1,4,1,1,4,"1_1_4_1_4_1_1_4"
"13302","EPI_ISL_19462784",1,1,4,1,4,1,1,4,"1_1_4_1_4_1_1_4"
"13303","EPI_ISL_19462783",1,1,4,1,4,1,1,4,"1_1_4_1_4_1_1_4"
"13304","EPI_ISL_19462782",1,1,4,1,4,1,1,4,"1_1_4_1_4_1_1_4"
"13305","EPI_ISL_19510870",8,6,2,1,2,3,1,1,"8_6_2_1_2_3_1_1"
"13306","EPI_ISL_19363661",1,1,4,1,4,1,1,4,"1_1_4_1_4_1_1_4"
"13307","EPI_ISL_19363660",1,1,4,1,4,1,1,4,"1_1_4_1_4_1_1_4"
"13308","EPI_ISL_18788590",6,7,2,1,3,2,1,3,"6_7_2_1_3_2_1_3"
"13309","EPI_ISL_18788588",2,1,1,1,2,1,1,1,"2_1_1_1_2_1_1_1"
"13310","EPI_ISL_18856077",8,6,2,1,2,3,1,1,"8_6_2_1_2_3_1_1"
"13311","EPI_ISL_18855701",8,6,2,1,2,3,1,1,"8_6_2_1_2_3_1_1"
"13312","EPI_ISL_19216500",8,6,2,1,2,3,1,1,"8_6_2_1_2_3_1_1"
"13313","EPI_ISL_19510838",8,6,2,1,2,3,1,1,"8_6_2_1_2_3_1_1"
"13314","EPI_ISL_18838729",8,6,2,1,2,3,1,1,"8_6_2_1_2_3_1_1"
"13315","EPI_ISL_19001972",8,1,2,1,2,1,1,1,"8_1_2_1_2_1_1_1"
"13316","EPI_ISL_19184037",8,1,1,1,2,1,1,1,"8_1_1_1_2_1_1_1"
"13317","EPI_ISL_19184036",8,1,1,1,2,1,1,1,"8_1_1_1_2_1_1_1"
"13318","EPI_ISL_18854215",1,6,2,1,2,1,1,1,"1_6_2_1_2_1_1_1"
"13319","EPI_ISL_18787982",1,6,2,1,2,1,1,1,"1_6_2_1_2_1_1_1"
"13320","EPI_ISL_18787976",1,6,2,1,2,1,1,1,"1_6_2_1_2_1_1_1"
"13321","EPI_ISL_18787970",1,1,2,1,2,1,1,1,"1_1_2_1_2_1_1_1"
"13322","EPI_ISL_18787952",1,6,2,1,2,1,1,1,"1_6_2_1_2_1_1_1"
"13323","EPI_ISL_19476830",1,6,2,1,2,1,1,1,"1_6_2_1_2_1_1_1"
"13324","EPI_ISL_19476829",1,6,2,1,2,1,1,1,"1_6_2_1_2_1_1_1"
"13325","EPI_ISL_19444940",3,2,1,1,1,1,1,2,"3_2_1_1_1_1_1_2"
"13326","EPI_ISL_19444938",3,2,1,1,1,1,1,2,"3_2_1_1_1_1_1_2"
"13327","EPI_ISL_19444937",3,2,1,1,1,1,1,2,"3_2_1_1_1_1_1_2"
"13328","EPI_ISL_19444893",3,2,1,1,1,1,1,2,"3_2_1_1_1_1_1_2"
"13329","EPI_ISL_19085481",2,1,1,1,2,1,1,1,"2_1_1_1_2_1_1_1"
"13330","EPI_ISL_18824089",1,1,2,1,2,1,1,1,"1_1_2_1_2_1_1_1"
"13331","EPI_ISL_18824088",1,8,2,1,2,1,1,1,"1_8_2_1_2_1_1_1"
"13332","EPI_ISL_18824087",1,50,2,1,2,1,1,1,"1_50_2_1_2_1_1_1"
"13333","EPI_ISL_18824086",1,1,2,1,2,1,1,1,"1_1_2_1_2_1_1_1"
"13334","EPI_ISL_18824085",17,1,2,1,2,1,1,1,"17_1_2_1_2_1_1_1"
"13335","EPI_ISL_18742220",5,3,1,1,1,1,1,2,"5_3_1_1_1_1_1_2"
"13336","EPI_ISL_18742219",5,3,1,1,1,1,1,2,"5_3_1_1_1_1_1_2"
"13337","EPI_ISL_18742218",5,3,1,1,1,1,1,2,"5_3_1_1_1_1_1_2"
"13338","EPI_ISL_18742217",5,3,1,1,1,1,1,2,"5_3_1_1_1_1_1_2"
"13339","EPI_ISL_18742216",5,3,1,1,1,1,1,2,"5_3_1_1_1_1_1_2"
"13340","EPI_ISL_18742215",5,3,1,1,1,1,1,2,"5_3_1_1_1_1_1_2"
"13341","EPI_ISL_18742214",5,3,1,1,1,1,1,2,"5_3_1_1_1_1_1_2"
"13342","EPI_ISL_19151817",4,5,5,1,1,1,1,1,"4_5_5_1_1_1_1_1"
"13343","EPI_ISL_19151726",3,1,1,1,1,1,1,1,"3_1_1_1_1_1_1_1"
"13344","EPI_ISL_19151661",4,5,5,1,1,1,1,1,"4_5_5_1_1_1_1_1"
"13345","EPI_ISL_18755130",1,1,4,1,4,1,1,4,"1_1_4_1_4_1_1_4"
"13346","EPI_ISL_18755129",1,1,4,1,4,1,1,4,"1_1_4_1_4_1_1_4"
"13347","EPI_ISL_18937337",17,1,2,1,2,1,1,1,"17_1_2_1_2_1_1_1"
"13348","EPI_ISL_18742221",5,3,1,1,1,1,1,2,"5_3_1_1_1_1_1_2"
"13349","EPI_ISL_18742213",5,3,1,1,1,1,1,2,"5_3_1_1_1_1_1_2"
"13350","EPI_ISL_18742212",5,3,1,1,1,1,1,2,"5_3_1_1_1_1_1_2"
"13351","EPI_ISL_19512044",3,2,1,1,1,1,1,2,"3_2_1_1_1_1_1_2"
"13352","EPI_ISL_19512043",3,2,1,1,1,1,1,2,"3_2_1_1_1_1_1_2"
"13353","EPI_ISL_19263923",3,2,1,1,1,1,1,2,"3_2_1_1_1_1_1_2"
"13354","EPI_ISL_19494411",17,1,2,1,2,1,1,1,"17_1_2_1_2_1_1_1"
"13355","EPI_ISL_19430029",7,2,1,1,1,1,1,2,"7_2_1_1_1_1_1_2"
"13356","EPI_ISL_19430028",7,2,1,1,1,1,1,2,"7_2_1_1_1_1_1_2"
"13357","EPI_ISL_19430027",7,2,1,1,1,1,1,2,"7_2_1_1_1_1_1_2"
"13358","EPI_ISL_19430026",7,2,1,1,1,1,1,2,"7_2_1_1_1_1_1_2"
"13359","EPI_ISL_19430025",7,2,1,1,1,1,1,2,"7_2_1_1_1_1_1_2"
"13360","EPI_ISL_19430024",7,2,1,1,1,1,1,2,"7_2_1_1_1_1_1_2"
"13361","EPI_ISL_19430023",7,2,1,1,1,1,1,2,"7_2_1_1_1_1_1_2"
"13362","EPI_ISL_19430022",7,2,1,1,1,1,1,2,"7_2_1_1_1_1_1_2"
"13363","EPI_ISL_19430021",4,13,9,1,2,1,1,1,"4_13_9_1_2_1_1_1"
"13364","EPI_ISL_19430020",4,5,1,1,1,1,1,1,"4_5_1_1_1_1_1_1"
"13365","EPI_ISL_19430019",4,13,9,1,2,1,1,1,"4_13_9_1_2_1_1_1"
"13366","EPI_ISL_19430018",3,2,1,1,6,1,1,2,"3_2_1_1_6_1_1_2"
"13367","EPI_ISL_19430017",3,2,1,1,6,1,1,2,"3_2_1_1_6_1_1_2"
"13368","EPI_ISL_19430016",4,13,9,1,2,1,1,1,"4_13_9_1_2_1_1_1"
"13369","EPI_ISL_19430015",4,13,9,1,1,1,1,1,"4_13_9_1_1_1_1_1"
"13370","EPI_ISL_19430013",7,2,1,1,1,1,1,2,"7_2_1_1_1_1_1_2"
"13371","EPI_ISL_19430012",7,2,1,1,1,1,1,2,"7_2_1_1_1_1_1_2"
"13372","EPI_ISL_19430011",7,2,1,1,1,1,1,2,"7_2_1_1_1_1_1_2"
"13373","EPI_ISL_19430010",7,2,1,1,1,1,1,2,"7_2_1_1_1_1_1_2"
"13374","EPI_ISL_19430009",4,13,9,1,1,1,1,1,"4_13_9_1_1_1_1_1"
"13375","EPI_ISL_19430008",4,13,9,1,1,1,1,1,"4_13_9_1_1_1_1_1"
"13376","EPI_ISL_19430007",4,13,9,1,1,1,1,1,"4_13_9_1_1_1_1_1"
"13377","EPI_ISL_19430006",2,1,1,1,2,1,1,1,"2_1_1_1_2_1_1_1"
"13378","EPI_ISL_19430005",4,13,9,1,2,1,1,1,"4_13_9_1_2_1_1_1"
"13379","EPI_ISL_19430004",4,13,1,1,2,1,1,1,"4_13_1_1_2_1_1_1"
"13380","EPI_ISL_19430003",4,13,9,1,2,1,1,1,"4_13_9_1_2_1_1_1"
"13381","EPI_ISL_19430002",4,13,9,1,2,1,1,1,"4_13_9_1_2_1_1_1"
"13382","EPI_ISL_19430000",4,13,9,1,2,1,1,1,"4_13_9_1_2_1_1_1"
"13383","EPI_ISL_19429999",4,13,9,1,2,1,1,1,"4_13_9_1_2_1_1_1"
"13384","EPI_ISL_19429998",4,13,9,1,2,1,1,1,"4_13_9_1_2_1_1_1"
"13385","EPI_ISL_19429997",4,13,9,1,2,1,1,1,"4_13_9_1_2_1_1_1"
"13386","EPI_ISL_19429996",4,13,9,1,2,1,1,1,"4_13_9_1_2_1_1_1"
"13387","EPI_ISL_19429995",4,13,9,1,2,1,1,1,"4_13_9_1_2_1_1_1"
"13388","EPI_ISL_19429994",4,13,9,1,2,1,1,1,"4_13_9_1_2_1_1_1"
"13389","EPI_ISL_19429993",4,13,9,1,2,1,1,1,"4_13_9_1_2_1_1_1"
"13390","EPI_ISL_19429992",4,13,9,1,2,1,1,1,"4_13_9_1_2_1_1_1"
"13391","EPI_ISL_19429991",4,13,9,1,2,1,1,1,"4_13_9_1_2_1_1_1"
"13392","EPI_ISL_19429990",4,13,9,1,2,1,1,1,"4_13_9_1_2_1_1_1"
"13393","EPI_ISL_19429989",4,13,9,1,2,1,1,1,"4_13_9_1_2_1_1_1"
"13394","EPI_ISL_19429988",4,13,9,1,2,1,1,1,"4_13_9_1_2_1_1_1"
"13395","EPI_ISL_19429987",4,13,9,1,2,1,1,1,"4_13_9_1_2_1_1_1"
"13396","EPI_ISL_19429986",4,13,9,1,2,1,1,1,"4_13_9_1_2_1_1_1"
"13397","EPI_ISL_19429985",4,13,9,1,2,1,1,1,"4_13_9_1_2_1_1_1"
"13398","EPI_ISL_19429984",4,13,9,1,2,1,1,1,"4_13_9_1_2_1_1_1"
"13399","EPI_ISL_19429983",4,13,9,1,2,1,1,1,"4_13_9_1_2_1_1_1"
"13400","EPI_ISL_19429982",4,13,9,1,2,1,1,1,"4_13_9_1_2_1_1_1"
"13401","EPI_ISL_19429981",4,13,9,1,2,1,1,1,"4_13_9_1_2_1_1_1"
"13402","EPI_ISL_19429980",3,2,1,1,6,1,1,2,"3_2_1_1_6_1_1_2"
"13403","EPI_ISL_19429979",3,2,1,1,6,1,1,2,"3_2_1_1_6_1_1_2"
"13404","EPI_ISL_19429949",3,2,1,1,6,1,1,2,"3_2_1_1_6_1_1_2"
"13405","EPI_ISL_19429947",3,2,1,1,6,1,1,2,"3_2_1_1_6_1_1_2"
"13406","EPI_ISL_19280996",1,1,4,1,4,1,1,4,"1_1_4_1_4_1_1_4"
"13407","EPI_ISL_19280995",1,1,4,1,4,1,1,4,"1_1_4_1_4_1_1_4"
"13408","EPI_ISL_19280994",1,1,4,1,4,1,1,4,"1_1_4_1_4_1_1_4"
"13409","EPI_ISL_19266396",32,1,1,1,2,1,1,1,"32_1_1_1_2_1_1_1"
"13410","EPI_ISL_19266394",32,1,1,1,2,1,1,1,"32_1_1_1_2_1_1_1"
"13411","EPI_ISL_19216501",8,6,2,1,2,3,1,1,"8_6_2_1_2_3_1_1"
"13412","EPI_ISL_19215200",5,3,1,1,1,1,1,2,"5_3_1_1_1_1_1_2"
"13413","EPI_ISL_19215199",5,3,1,1,1,1,1,2,"5_3_1_1_1_1_1_2"
"13414","EPI_ISL_19215198",5,3,1,1,1,1,1,2,"5_3_1_1_1_1_1_2"
"13415","EPI_ISL_19215197",5,3,1,1,1,1,1,2,"5_3_1_1_1_1_1_2"
"13416","EPI_ISL_19215196",5,3,1,1,1,1,1,2,"5_3_1_1_1_1_1_2"
"13417","EPI_ISL_19215195",5,3,1,1,1,1,1,2,"5_3_1_1_1_1_1_2"
"13418","EPI_ISL_19215194",5,3,1,1,1,1,1,2,"5_3_1_1_1_1_1_2"
"13419","EPI_ISL_19215193",5,3,1,1,1,1,1,2,"5_3_1_1_1_1_1_2"
"13420","EPI_ISL_19215192",5,3,1,1,1,1,1,2,"5_3_1_1_1_1_1_2"
"13421","EPI_ISL_19215191",5,3,1,1,1,1,1,2,"5_3_1_1_1_1_1_2"
"13422","EPI_ISL_19215190",5,3,1,1,1,1,1,2,"5_3_1_1_1_1_1_2"
"13423","EPI_ISL_19215184",5,3,1,1,1,1,1,2,"5_3_1_1_1_1_1_2"
"13424","EPI_ISL_19215182",5,3,1,1,1,1,1,2,"5_3_1_1_1_1_1_2"
"13425","EPI_ISL_19215181",5,3,1,1,1,1,1,2,"5_3_1_1_1_1_1_2"
"13426","EPI_ISL_19184046",7,2,1,1,1,1,1,2,"7_2_1_1_1_1_1_2"
"13427","EPI_ISL_19184042",7,2,1,1,1,1,1,2,"7_2_1_1_1_1_1_2"
"13428","EPI_ISL_19184039",7,2,1,1,1,1,1,2,"7_2_1_1_1_1_1_2"
"13429","EPI_ISL_19184038",7,2,1,1,1,1,1,2,"7_2_1_1_1_1_1_2"
"13430","EPI_ISL_19152253",4,5,5,1,1,1,1,1,"4_5_5_1_1_1_1_1"
"13431","EPI_ISL_19152251",5,3,1,1,1,1,1,2,"5_3_1_1_1_1_1_2"
"13432","EPI_ISL_19152250",5,1,1,1,1,1,1,1,"5_1_1_1_1_1_1_1"
"13433","EPI_ISL_19152249",4,5,5,1,1,1,1,1,"4_5_5_1_1_1_1_1"
"13434","EPI_ISL_19152248",3,1,1,1,1,1,1,1,"3_1_1_1_1_1_1_1"
"13435","EPI_ISL_19152241",3,1,1,1,1,1,1,1,"3_1_1_1_1_1_1_1"
"13436","EPI_ISL_19152240",3,1,1,1,1,1,1,1,"3_1_1_1_1_1_1_1"
"13437","EPI_ISL_19152239",2,1,1,1,1,1,1,1,"2_1_1_1_1_1_1_1"
"13438","EPI_ISL_19152238",2,1,1,1,1,1,1,1,"2_1_1_1_1_1_1_1"
"13439","EPI_ISL_19152233",3,1,1,1,1,1,1,1,"3_1_1_1_1_1_1_1"
"13440","EPI_ISL_19152230",3,1,1,1,1,1,1,1,"3_1_1_1_1_1_1_1"
"13441","EPI_ISL_19152227",3,1,1,1,1,1,1,1,"3_1_1_1_1_1_1_1"
"13442","EPI_ISL_19152206",5,3,1,1,1,1,1,2,"5_3_1_1_1_1_1_2"
"13443","EPI_ISL_19152203",3,1,1,1,1,1,1,1,"3_1_1_1_1_1_1_1"
"13444","EPI_ISL_19152198",3,1,1,1,1,1,1,1,"3_1_1_1_1_1_1_1"
"13445","EPI_ISL_19152197",5,3,1,1,1,1,1,2,"5_3_1_1_1_1_1_2"
"13446","EPI_ISL_19152192",5,3,1,1,1,1,1,2,"5_3_1_1_1_1_1_2"
"13447","EPI_ISL_19152190",3,1,1,1,1,1,1,1,"3_1_1_1_1_1_1_1"
"13448","EPI_ISL_19152187",3,1,1,1,1,1,1,1,"3_1_1_1_1_1_1_1"
"13449","EPI_ISL_19152183",3,1,1,1,1,1,1,1,"3_1_1_1_1_1_1_1"
"13450","EPI_ISL_19152177",4,1,1,1,1,1,1,1,"4_1_1_1_1_1_1_1"
"13451","EPI_ISL_19152171",4,1,1,1,1,1,1,1,"4_1_1_1_1_1_1_1"
"13452","EPI_ISL_19152170",3,1,1,1,1,1,1,1,"3_1_1_1_1_1_1_1"
"13453","EPI_ISL_19152166",3,1,1,1,1,1,1,1,"3_1_1_1_1_1_1_1"
"13454","EPI_ISL_19152163",5,3,1,1,1,1,1,2,"5_3_1_1_1_1_1_2"
"13455","EPI_ISL_19152162",2,1,1,1,2,1,1,1,"2_1_1_1_2_1_1_1"
"13456","EPI_ISL_19152161",2,1,1,1,2,1,1,1,"2_1_1_1_2_1_1_1"
"13457","EPI_ISL_19152160",2,1,1,1,2,1,1,1,"2_1_1_1_2_1_1_1"
"13458","EPI_ISL_19152159",4,1,1,1,1,1,1,1,"4_1_1_1_1_1_1_1"
"13459","EPI_ISL_19152158",4,5,1,1,1,1,1,1,"4_5_1_1_1_1_1_1"
"13460","EPI_ISL_19152157",4,1,1,1,1,1,1,1,"4_1_1_1_1_1_1_1"
"13461","EPI_ISL_19152156",2,1,1,1,2,1,1,1,"2_1_1_1_2_1_1_1"
"13462","EPI_ISL_19152155",2,1,1,1,2,1,1,1,"2_1_1_1_2_1_1_1"
"13463","EPI_ISL_19152154",2,1,1,1,2,1,1,1,"2_1_1_1_2_1_1_1"
"13464","EPI_ISL_19152153",2,1,1,1,2,1,1,1,"2_1_1_1_2_1_1_1"
"13465","EPI_ISL_19152150",4,5,5,1,1,1,1,1,"4_5_5_1_1_1_1_1"
"13466","EPI_ISL_19152146",4,5,5,1,1,1,1,1,"4_5_5_1_1_1_1_1"
"13467","EPI_ISL_19152142",4,5,5,1,1,1,1,1,"4_5_5_1_1_1_1_1"
"13468","EPI_ISL_19152140",4,5,5,1,1,1,1,1,"4_5_5_1_1_1_1_1"
"13469","EPI_ISL_19152135",4,5,5,1,1,1,1,1,"4_5_5_1_1_1_1_1"
"13470","EPI_ISL_19151869",5,3,1,1,1,1,1,2,"5_3_1_1_1_1_1_2"
"13471","EPI_ISL_19151868",4,5,5,1,1,1,1,1,"4_5_5_1_1_1_1_1"
"13472","EPI_ISL_19151867",3,1,1,1,1,1,1,1,"3_1_1_1_1_1_1_1"
"13473","EPI_ISL_19151866",5,3,1,1,1,1,1,2,"5_3_1_1_1_1_1_2"
"13474","EPI_ISL_19151865",5,1,1,1,1,1,1,1,"5_1_1_1_1_1_1_1"
"13475","EPI_ISL_19151864",5,1,1,1,1,1,1,1,"5_1_1_1_1_1_1_1"
"13476","EPI_ISL_19151863",5,3,1,1,1,1,1,2,"5_3_1_1_1_1_1_2"
"13477","EPI_ISL_19151862",5,1,1,1,1,1,1,1,"5_1_1_1_1_1_1_1"
"13478","EPI_ISL_19151861",5,3,1,1,1,1,1,2,"5_3_1_1_1_1_1_2"
"13479","EPI_ISL_19151860",5,3,1,1,1,1,1,2,"5_3_1_1_1_1_1_2"
"13480","EPI_ISL_19151859",5,1,1,1,1,1,1,1,"5_1_1_1_1_1_1_1"
"13481","EPI_ISL_19151858",5,3,1,1,1,1,1,2,"5_3_1_1_1_1_1_2"
"13482","EPI_ISL_19151857",5,1,1,1,1,1,1,1,"5_1_1_1_1_1_1_1"
"13483","EPI_ISL_19151856",5,3,1,1,1,1,1,2,"5_3_1_1_1_1_1_2"
"13484","EPI_ISL_19151855",4,5,5,1,1,1,1,1,"4_5_5_1_1_1_1_1"
"13485","EPI_ISL_19151854",4,5,5,1,1,1,1,1,"4_5_5_1_1_1_1_1"
"13486","EPI_ISL_19151853",4,5,1,1,1,1,1,1,"4_5_1_1_1_1_1_1"
"13487","EPI_ISL_19151852",5,3,1,1,1,1,1,2,"5_3_1_1_1_1_1_2"
"13488","EPI_ISL_19151851",3,1,1,1,1,1,1,1,"3_1_1_1_1_1_1_1"
"13489","EPI_ISL_19151850",5,3,1,1,1,1,1,2,"5_3_1_1_1_1_1_2"
"13490","EPI_ISL_19151849",5,3,1,1,1,1,1,2,"5_3_1_1_1_1_1_2"
"13491","EPI_ISL_19151848",3,1,1,1,1,1,1,1,"3_1_1_1_1_1_1_1"
"13492","EPI_ISL_19151847",4,5,5,1,1,1,1,1,"4_5_5_1_1_1_1_1"
"13493","EPI_ISL_19151846",3,1,1,1,1,1,1,1,"3_1_1_1_1_1_1_1"
"13494","EPI_ISL_19151845",3,1,1,1,1,1,1,1,"3_1_1_1_1_1_1_1"
"13495","EPI_ISL_19151844",3,1,1,1,1,1,1,1,"3_1_1_1_1_1_1_1"
"13496","EPI_ISL_19151843",2,1,1,1,2,1,1,1,"2_1_1_1_2_1_1_1"
"13497","EPI_ISL_19151842",3,1,1,1,1,1,1,1,"3_1_1_1_1_1_1_1"
"13498","EPI_ISL_19151841",4,1,1,1,1,1,1,1,"4_1_1_1_1_1_1_1"
"13499","EPI_ISL_19151840",3,1,1,1,1,1,1,1,"3_1_1_1_1_1_1_1"
"13500","EPI_ISL_19151839",4,1,1,1,1,1,1,1,"4_1_1_1_1_1_1_1"
"13501","EPI_ISL_19151838",4,1,1,1,1,1,1,1,"4_1_1_1_1_1_1_1"
"13502","EPI_ISL_19151837",3,1,1,1,1,1,1,1,"3_1_1_1_1_1_1_1"
"13503","EPI_ISL_19151836",3,1,1,1,1,1,1,1,"3_1_1_1_1_1_1_1"
"13504","EPI_ISL_19151835",3,1,1,1,1,1,1,1,"3_1_1_1_1_1_1_1"
"13505","EPI_ISL_19151834",2,1,1,1,2,1,1,1,"2_1_1_1_2_1_1_1"
"13506","EPI_ISL_19151833",3,1,1,1,1,1,1,1,"3_1_1_1_1_1_1_1"
"13507","EPI_ISL_19151832",4,1,1,1,1,1,1,1,"4_1_1_1_1_1_1_1"
"13508","EPI_ISL_19151831",3,1,1,1,1,1,1,1,"3_1_1_1_1_1_1_1"
"13509","EPI_ISL_19151830",5,1,1,1,1,1,1,1,"5_1_1_1_1_1_1_1"
"13510","EPI_ISL_19151829",5,3,1,1,1,1,1,2,"5_3_1_1_1_1_1_2"
"13511","EPI_ISL_19151828",3,1,1,1,1,1,1,1,"3_1_1_1_1_1_1_1"
"13512","EPI_ISL_19151827",3,1,1,1,1,1,1,1,"3_1_1_1_1_1_1_1"
"13513","EPI_ISL_19151826",3,1,1,1,1,1,1,1,"3_1_1_1_1_1_1_1"
"13514","EPI_ISL_19151825",5,3,1,1,1,1,1,2,"5_3_1_1_1_1_1_2"
"13515","EPI_ISL_19151824",4,1,1,1,1,1,1,1,"4_1_1_1_1_1_1_1"
"13516","EPI_ISL_19151823",4,1,1,1,1,1,1,1,"4_1_1_1_1_1_1_1"
"13517","EPI_ISL_19151822",4,5,5,1,1,1,1,1,"4_5_5_1_1_1_1_1"
"13518","EPI_ISL_19151821",4,5,1,1,1,1,1,1,"4_5_1_1_1_1_1_1"
"13519","EPI_ISL_19151820",3,1,1,1,1,1,1,1,"3_1_1_1_1_1_1_1"
"13520","EPI_ISL_19151819",4,1,1,1,1,1,1,1,"4_1_1_1_1_1_1_1"
"13521","EPI_ISL_19151818",4,1,1,1,1,1,1,1,"4_1_1_1_1_1_1_1"
"13522","EPI_ISL_19151816",4,5,5,1,1,1,1,1,"4_5_5_1_1_1_1_1"
"13523","EPI_ISL_19151815",5,3,1,1,1,1,1,2,"5_3_1_1_1_1_1_2"
"13524","EPI_ISL_19151814",5,1,1,1,1,1,1,1,"5_1_1_1_1_1_1_1"
"13525","EPI_ISL_19151813",4,5,1,1,1,1,1,1,"4_5_1_1_1_1_1_1"
"13526","EPI_ISL_19151812",4,5,5,1,1,1,1,1,"4_5_5_1_1_1_1_1"
"13527","EPI_ISL_19151811",3,1,1,1,1,1,1,1,"3_1_1_1_1_1_1_1"
"13528","EPI_ISL_19151810",4,5,5,1,1,1,1,1,"4_5_5_1_1_1_1_1"
"13529","EPI_ISL_19151809",4,5,5,1,1,1,1,1,"4_5_5_1_1_1_1_1"
"13530","EPI_ISL_19151808",5,3,1,1,1,1,1,2,"5_3_1_1_1_1_1_2"
"13531","EPI_ISL_19151807",4,1,1,1,1,1,1,1,"4_1_1_1_1_1_1_1"
"13532","EPI_ISL_19151806",4,41,1,1,1,1,1,1,"4_41_1_1_1_1_1_1"
"13533","EPI_ISL_19151805",4,1,1,1,1,1,1,1,"4_1_1_1_1_1_1_1"
"13534","EPI_ISL_19151792",4,5,5,1,1,1,1,1,"4_5_5_1_1_1_1_1"
"13535","EPI_ISL_19151791",4,1,1,1,1,1,1,1,"4_1_1_1_1_1_1_1"
"13536","EPI_ISL_19151790",4,5,5,1,1,1,1,1,"4_5_5_1_1_1_1_1"
"13537","EPI_ISL_19151789",4,5,5,1,1,1,1,1,"4_5_5_1_1_1_1_1"
"13538","EPI_ISL_19151788",4,5,5,1,1,1,1,1,"4_5_5_1_1_1_1_1"
"13539","EPI_ISL_19151787",4,5,5,1,1,1,1,1,"4_5_5_1_1_1_1_1"
"13540","EPI_ISL_19151786",2,1,1,1,2,1,1,1,"2_1_1_1_2_1_1_1"
"13541","EPI_ISL_19151785",4,5,1,1,1,1,1,1,"4_5_1_1_1_1_1_1"
"13542","EPI_ISL_19151783",4,5,5,1,1,1,1,1,"4_5_5_1_1_1_1_1"
"13543","EPI_ISL_19151782",4,5,1,1,1,1,1,1,"4_5_1_1_1_1_1_1"
"13544","EPI_ISL_19151781",4,5,5,1,1,1,1,1,"4_5_5_1_1_1_1_1"
"13545","EPI_ISL_19151780",4,5,5,1,1,1,1,1,"4_5_5_1_1_1_1_1"
"13546","EPI_ISL_19151779",4,5,5,1,1,1,1,1,"4_5_5_1_1_1_1_1"
"13547","EPI_ISL_19151778",4,5,5,1,1,1,1,1,"4_5_5_1_1_1_1_1"
"13548","EPI_ISL_19151777",4,5,5,1,1,1,1,1,"4_5_5_1_1_1_1_1"
"13549","EPI_ISL_19151776",4,1,1,1,1,1,1,1,"4_1_1_1_1_1_1_1"
"13550","EPI_ISL_19151775",4,1,1,1,1,1,1,1,"4_1_1_1_1_1_1_1"
"13551","EPI_ISL_19151774",5,1,1,1,1,1,1,1,"5_1_1_1_1_1_1_1"
"13552","EPI_ISL_19151773",4,1,1,1,1,1,1,1,"4_1_1_1_1_1_1_1"
"13553","EPI_ISL_19151772",4,1,1,1,1,1,1,1,"4_1_1_1_1_1_1_1"
"13554","EPI_ISL_19151771",4,1,1,1,1,1,1,1,"4_1_1_1_1_1_1_1"
"13555","EPI_ISL_19151770",2,1,1,1,2,1,1,1,"2_1_1_1_2_1_1_1"
"13556","EPI_ISL_19151769",4,1,1,1,1,1,1,1,"4_1_1_1_1_1_1_1"
"13557","EPI_ISL_19151768",4,5,5,1,1,1,1,1,"4_5_5_1_1_1_1_1"
"13558","EPI_ISL_19151767",4,5,5,1,1,1,1,1,"4_5_5_1_1_1_1_1"
"13559","EPI_ISL_19151766",5,1,1,1,1,1,1,1,"5_1_1_1_1_1_1_1"
"13560","EPI_ISL_19151765",4,5,5,1,1,1,1,1,"4_5_5_1_1_1_1_1"
"13561","EPI_ISL_19151764",4,1,1,1,1,1,1,1,"4_1_1_1_1_1_1_1"
"13562","EPI_ISL_19151763",4,5,5,1,1,1,1,1,"4_5_5_1_1_1_1_1"
"13563","EPI_ISL_19151762",4,5,1,1,1,1,1,1,"4_5_1_1_1_1_1_1"
"13564","EPI_ISL_19151761",4,5,5,1,1,1,1,1,"4_5_5_1_1_1_1_1"
"13565","EPI_ISL_19151760",5,1,1,1,1,1,1,1,"5_1_1_1_1_1_1_1"
"13566","EPI_ISL_19151759",3,1,1,1,1,1,1,1,"3_1_1_1_1_1_1_1"
"13567","EPI_ISL_19151758",4,1,1,1,1,1,1,1,"4_1_1_1_1_1_1_1"
"13568","EPI_ISL_19151757",4,5,5,1,1,1,1,1,"4_5_5_1_1_1_1_1"
"13569","EPI_ISL_19151756",4,1,1,1,1,1,1,1,"4_1_1_1_1_1_1_1"
"13570","EPI_ISL_19151755",2,1,1,1,2,1,1,1,"2_1_1_1_2_1_1_1"
"13571","EPI_ISL_19151754",4,1,1,1,1,1,1,1,"4_1_1_1_1_1_1_1"
"13572","EPI_ISL_19151753",4,1,1,1,1,1,1,1,"4_1_1_1_1_1_1_1"
"13573","EPI_ISL_19151752",5,3,1,1,1,1,1,2,"5_3_1_1_1_1_1_2"
"13574","EPI_ISL_19151751",5,3,1,1,1,1,1,2,"5_3_1_1_1_1_1_2"
"13575","EPI_ISL_19151750",4,5,5,1,1,1,1,1,"4_5_5_1_1_1_1_1"
"13576","EPI_ISL_19151748",5,3,1,1,1,1,1,2,"5_3_1_1_1_1_1_2"
"13577","EPI_ISL_19151747",5,1,1,1,1,1,1,1,"5_1_1_1_1_1_1_1"
"13578","EPI_ISL_19151746",4,5,5,1,1,1,1,1,"4_5_5_1_1_1_1_1"
"13579","EPI_ISL_19151745",4,5,1,1,1,1,1,1,"4_5_1_1_1_1_1_1"
"13580","EPI_ISL_19151744",3,1,1,1,1,1,1,1,"3_1_1_1_1_1_1_1"
"13581","EPI_ISL_19151743",4,1,1,1,1,1,1,1,"4_1_1_1_1_1_1_1"
"13582","EPI_ISL_19151742",4,5,5,1,1,1,1,1,"4_5_5_1_1_1_1_1"
"13583","EPI_ISL_19151741",4,5,5,1,1,1,1,1,"4_5_5_1_1_1_1_1"
"13584","EPI_ISL_19151740",4,5,5,1,1,1,1,1,"4_5_5_1_1_1_1_1"
"13585","EPI_ISL_19151739",3,1,1,1,1,1,1,1,"3_1_1_1_1_1_1_1"
"13586","EPI_ISL_19151738",4,1,1,1,1,1,1,1,"4_1_1_1_1_1_1_1"
"13587","EPI_ISL_19151737",4,1,1,1,1,1,1,1,"4_1_1_1_1_1_1_1"
"13588","EPI_ISL_19151736",4,5,5,1,1,1,1,1,"4_5_5_1_1_1_1_1"
"13589","EPI_ISL_19151735",3,1,1,1,1,1,1,1,"3_1_1_1_1_1_1_1"
"13590","EPI_ISL_19151734",4,1,1,1,1,1,1,1,"4_1_1_1_1_1_1_1"
"13591","EPI_ISL_19151733",5,1,1,1,1,1,1,1,"5_1_1_1_1_1_1_1"
"13592","EPI_ISL_19151732",4,1,1,1,1,1,1,1,"4_1_1_1_1_1_1_1"
"13593","EPI_ISL_19151731",4,1,1,1,1,1,1,1,"4_1_1_1_1_1_1_1"
"13594","EPI_ISL_19151730",4,5,5,1,1,1,1,1,"4_5_5_1_1_1_1_1"
"13595","EPI_ISL_19151729",4,5,5,1,1,1,1,1,"4_5_5_1_1_1_1_1"
"13596","EPI_ISL_19151727",4,5,5,1,1,1,1,1,"4_5_5_1_1_1_1_1"
"13597","EPI_ISL_19151725",3,1,1,1,1,1,1,1,"3_1_1_1_1_1_1_1"
"13598","EPI_ISL_19151724",3,1,1,1,1,1,1,1,"3_1_1_1_1_1_1_1"
"13599","EPI_ISL_19151723",5,1,1,1,1,1,1,1,"5_1_1_1_1_1_1_1"
"13600","EPI_ISL_19151722",2,1,1,1,1,1,1,1,"2_1_1_1_1_1_1_1"
"13601","EPI_ISL_19151721",3,1,1,1,1,1,1,1,"3_1_1_1_1_1_1_1"
"13602","EPI_ISL_19151720",2,1,1,1,2,1,1,1,"2_1_1_1_2_1_1_1"
"13603","EPI_ISL_19151719",4,5,5,1,1,1,1,1,"4_5_5_1_1_1_1_1"
"13604","EPI_ISL_19151718",4,5,5,1,1,1,1,1,"4_5_5_1_1_1_1_1"
"13605","EPI_ISL_19151717",4,5,5,1,1,1,1,1,"4_5_5_1_1_1_1_1"
"13606","EPI_ISL_19151716",4,5,5,1,1,1,1,1,"4_5_5_1_1_1_1_1"
"13607","EPI_ISL_19151715",2,1,1,1,2,1,1,1,"2_1_1_1_2_1_1_1"
"13608","EPI_ISL_19151714",4,5,1,1,1,1,1,1,"4_5_1_1_1_1_1_1"
"13609","EPI_ISL_19151713",4,5,1,1,1,1,1,1,"4_5_1_1_1_1_1_1"
"13610","EPI_ISL_19151712",4,5,1,1,1,1,1,1,"4_5_1_1_1_1_1_1"
"13611","EPI_ISL_19151711",4,5,1,1,1,1,1,1,"4_5_1_1_1_1_1_1"
"13612","EPI_ISL_19151710",3,1,1,1,1,1,1,1,"3_1_1_1_1_1_1_1"
"13613","EPI_ISL_19151709",5,1,1,1,1,1,1,1,"5_1_1_1_1_1_1_1"
"13614","EPI_ISL_19151708",5,1,1,1,1,1,1,1,"5_1_1_1_1_1_1_1"
"13615","EPI_ISL_19151707",2,1,1,1,2,1,1,1,"2_1_1_1_2_1_1_1"
"13616","EPI_ISL_19151706",5,1,1,1,1,1,1,1,"5_1_1_1_1_1_1_1"
"13617","EPI_ISL_19151705",4,5,5,1,1,1,1,1,"4_5_5_1_1_1_1_1"
"13618","EPI_ISL_19151704",4,1,1,1,1,1,1,1,"4_1_1_1_1_1_1_1"
"13619","EPI_ISL_19151703",4,1,1,1,1,1,1,1,"4_1_1_1_1_1_1_1"
"13620","EPI_ISL_19151702",3,1,1,1,1,1,1,1,"3_1_1_1_1_1_1_1"
"13621","EPI_ISL_19151701",4,1,1,1,1,1,1,1,"4_1_1_1_1_1_1_1"
"13622","EPI_ISL_19151700",2,1,1,1,2,1,1,1,"2_1_1_1_2_1_1_1"
"13623","EPI_ISL_19151699",4,1,1,1,1,1,1,1,"4_1_1_1_1_1_1_1"
"13624","EPI_ISL_19151698",4,1,1,1,1,1,1,1,"4_1_1_1_1_1_1_1"
"13625","EPI_ISL_19151697",2,1,1,1,1,1,1,1,"2_1_1_1_1_1_1_1"
"13626","EPI_ISL_19151696",4,5,5,1,1,1,1,1,"4_5_5_1_1_1_1_1"
"13627","EPI_ISL_19151695",4,5,1,1,1,1,1,1,"4_5_1_1_1_1_1_1"
"13628","EPI_ISL_19151694",4,1,1,1,1,1,1,1,"4_1_1_1_1_1_1_1"
"13629","EPI_ISL_19151693",4,5,5,1,1,1,1,1,"4_5_5_1_1_1_1_1"
"13630","EPI_ISL_19151692",4,1,1,1,1,1,1,1,"4_1_1_1_1_1_1_1"
"13631","EPI_ISL_19151691",5,1,1,1,1,1,1,1,"5_1_1_1_1_1_1_1"
"13632","EPI_ISL_19151690",4,5,5,1,1,1,1,1,"4_5_5_1_1_1_1_1"
"13633","EPI_ISL_19151689",4,5,5,1,1,1,1,1,"4_5_5_1_1_1_1_1"
"13634","EPI_ISL_19151688",4,5,5,1,1,1,1,1,"4_5_5_1_1_1_1_1"
"13635","EPI_ISL_19151687",4,5,1,1,1,1,1,1,"4_5_1_1_1_1_1_1"
"13636","EPI_ISL_19151686",4,5,5,1,1,1,1,1,"4_5_5_1_1_1_1_1"
"13637","EPI_ISL_19151685",4,5,5,1,1,1,1,1,"4_5_5_1_1_1_1_1"
"13638","EPI_ISL_19151684",4,5,5,1,1,1,1,1,"4_5_5_1_1_1_1_1"
"13639","EPI_ISL_19151683",4,5,5,1,1,1,1,1,"4_5_5_1_1_1_1_1"
"13640","EPI_ISL_19151682",4,5,5,1,1,1,1,1,"4_5_5_1_1_1_1_1"
"13641","EPI_ISL_19151681",4,5,1,1,1,1,1,1,"4_5_1_1_1_1_1_1"
"13642","EPI_ISL_19151680",3,1,1,1,1,1,1,1,"3_1_1_1_1_1_1_1"
"13643","EPI_ISL_19151679",4,1,1,1,1,1,1,1,"4_1_1_1_1_1_1_1"
"13644","EPI_ISL_19151678",2,26,1,1,1,1,1,1,"2_26_1_1_1_1_1_1"
"13645","EPI_ISL_19151677",5,3,1,1,1,1,1,2,"5_3_1_1_1_1_1_2"
"13646","EPI_ISL_19151676",4,5,5,1,1,1,1,1,"4_5_5_1_1_1_1_1"
"13647","EPI_ISL_19151675",4,5,5,1,1,1,1,1,"4_5_5_1_1_1_1_1"
"13648","EPI_ISL_19151674",2,1,1,1,2,1,1,1,"2_1_1_1_2_1_1_1"
"13649","EPI_ISL_19151673",5,1,1,1,1,1,1,1,"5_1_1_1_1_1_1_1"
"13650","EPI_ISL_19151672",4,5,5,1,1,1,1,1,"4_5_5_1_1_1_1_1"
"13651","EPI_ISL_19151671",4,5,1,1,1,1,1,1,"4_5_1_1_1_1_1_1"
"13652","EPI_ISL_19151666",4,5,5,1,1,1,1,1,"4_5_5_1_1_1_1_1"
"13653","EPI_ISL_19151665",4,5,5,1,1,1,1,1,"4_5_5_1_1_1_1_1"
"13654","EPI_ISL_19151664",5,3,1,1,1,1,1,2,"5_3_1_1_1_1_1_2"
"13655","EPI_ISL_19151663",4,5,5,1,1,1,1,1,"4_5_5_1_1_1_1_1"
"13656","EPI_ISL_19151662",5,1,1,1,1,1,1,1,"5_1_1_1_1_1_1_1"
"13657","EPI_ISL_19151660",5,1,1,1,1,1,1,1,"5_1_1_1_1_1_1_1"
"13658","EPI_ISL_19151659",4,5,5,1,1,1,1,1,"4_5_5_1_1_1_1_1"
"13659","EPI_ISL_19151658",4,5,5,1,1,1,1,1,"4_5_5_1_1_1_1_1"
"13660","EPI_ISL_19151657",4,5,5,1,1,1,1,1,"4_5_5_1_1_1_1_1"
"13661","EPI_ISL_19151656",4,5,5,1,1,1,1,1,"4_5_5_1_1_1_1_1"
"13662","EPI_ISL_19151655",3,1,1,1,1,1,1,1,"3_1_1_1_1_1_1_1"
"13663","EPI_ISL_19151654",3,1,1,1,1,1,1,1,"3_1_1_1_1_1_1_1"
"13664","EPI_ISL_19151653",4,5,5,1,1,1,1,1,"4_5_5_1_1_1_1_1"
"13665","EPI_ISL_19151652",2,1,1,1,2,1,1,1,"2_1_1_1_2_1_1_1"
"13666","EPI_ISL_19151651",4,5,1,1,1,1,1,1,"4_5_1_1_1_1_1_1"
"13667","EPI_ISL_19151650",4,1,1,1,1,1,1,1,"4_1_1_1_1_1_1_1"
"13668","EPI_ISL_19151578",4,5,1,1,1,1,1,1,"4_5_1_1_1_1_1_1"
"13669","EPI_ISL_19151577",5,1,1,1,1,1,1,1,"5_1_1_1_1_1_1_1"
"13670","EPI_ISL_19151576",4,5,1,1,1,1,1,1,"4_5_1_1_1_1_1_1"
"13671","EPI_ISL_19151575",4,5,5,1,1,1,1,1,"4_5_5_1_1_1_1_1"
"13672","EPI_ISL_19151574",53,1,1,1,2,1,1,1,"53_1_1_1_2_1_1_1"
"13673","EPI_ISL_19151573",3,1,1,1,1,1,1,1,"3_1_1_1_1_1_1_1"
"13674","EPI_ISL_19151572",3,1,1,1,1,1,1,1,"3_1_1_1_1_1_1_1"
"13675","EPI_ISL_19151571",5,3,1,1,1,1,1,2,"5_3_1_1_1_1_1_2"
"13676","EPI_ISL_19151570",2,1,1,1,2,1,1,1,"2_1_1_1_2_1_1_1"
"13677","EPI_ISL_19151569",5,1,1,1,1,1,1,1,"5_1_1_1_1_1_1_1"
"13678","EPI_ISL_19151568",4,1,1,1,1,1,1,1,"4_1_1_1_1_1_1_1"
"13679","EPI_ISL_19151567",5,1,1,1,1,1,1,1,"5_1_1_1_1_1_1_1"
"13680","EPI_ISL_19151566",5,1,1,1,1,1,1,1,"5_1_1_1_1_1_1_1"
"13681","EPI_ISL_19151565",4,1,1,1,1,1,1,1,"4_1_1_1_1_1_1_1"
"13682","EPI_ISL_19151564",4,5,5,1,1,1,1,1,"4_5_5_1_1_1_1_1"
"13683","EPI_ISL_19151563",4,5,1,1,1,1,1,1,"4_5_1_1_1_1_1_1"
"13684","EPI_ISL_19151562",5,1,1,1,1,1,1,1,"5_1_1_1_1_1_1_1"
"13685","EPI_ISL_19151561",4,5,5,1,1,1,1,1,"4_5_5_1_1_1_1_1"
"13686","EPI_ISL_19151560",5,1,1,1,1,1,1,1,"5_1_1_1_1_1_1_1"
"13687","EPI_ISL_19151559",5,3,1,1,1,1,1,2,"5_3_1_1_1_1_1_2"
"13688","EPI_ISL_19151558",5,3,1,1,1,1,1,2,"5_3_1_1_1_1_1_2"
"13689","EPI_ISL_19151557",4,5,1,1,1,1,1,1,"4_5_1_1_1_1_1_1"
"13690","EPI_ISL_19151556",4,1,1,1,1,1,1,1,"4_1_1_1_1_1_1_1"
"13691","EPI_ISL_19151555",4,5,1,1,1,1,1,1,"4_5_1_1_1_1_1_1"
"13692","EPI_ISL_19151554",4,5,1,1,1,1,1,1,"4_5_1_1_1_1_1_1"
"13693","EPI_ISL_19151553",4,5,1,1,1,1,1,1,"4_5_1_1_1_1_1_1"
"13694","EPI_ISL_19151552",4,5,1,1,1,1,1,1,"4_5_1_1_1_1_1_1"
"13695","EPI_ISL_19151551",4,5,1,1,1,1,1,1,"4_5_1_1_1_1_1_1"
"13696","EPI_ISL_19151550",4,1,1,1,1,1,1,1,"4_1_1_1_1_1_1_1"
"13697","EPI_ISL_19151549",5,1,1,1,1,1,1,1,"5_1_1_1_1_1_1_1"
"13698","EPI_ISL_19151548",4,5,5,1,1,1,1,1,"4_5_5_1_1_1_1_1"
"13699","EPI_ISL_19151547",4,1,1,1,1,1,1,1,"4_1_1_1_1_1_1_1"
"13700","EPI_ISL_19151546",4,1,1,1,1,1,1,1,"4_1_1_1_1_1_1_1"
"13701","EPI_ISL_19151545",5,3,1,1,1,1,1,2,"5_3_1_1_1_1_1_2"
"13702","EPI_ISL_19151544",5,1,1,1,1,1,1,1,"5_1_1_1_1_1_1_1"
"13703","EPI_ISL_19151543",4,1,1,1,1,1,1,1,"4_1_1_1_1_1_1_1"
"13704","EPI_ISL_19151542",4,1,1,1,1,1,1,1,"4_1_1_1_1_1_1_1"
"13705","EPI_ISL_19151541",4,1,1,1,1,1,1,1,"4_1_1_1_1_1_1_1"
"13706","EPI_ISL_19151540",4,5,5,1,1,1,1,1,"4_5_5_1_1_1_1_1"
"13707","EPI_ISL_19151539",4,5,5,1,1,1,1,1,"4_5_5_1_1_1_1_1"
"13708","EPI_ISL_19151538",2,1,1,1,2,1,1,1,"2_1_1_1_2_1_1_1"
"13709","EPI_ISL_19151537",4,5,1,1,1,1,1,1,"4_5_1_1_1_1_1_1"
"13710","EPI_ISL_19151536",3,1,1,1,1,1,1,1,"3_1_1_1_1_1_1_1"
"13711","EPI_ISL_19151535",4,5,1,1,1,1,1,1,"4_5_1_1_1_1_1_1"
"13712","EPI_ISL_19151534",4,5,1,1,1,1,1,1,"4_5_1_1_1_1_1_1"
"13713","EPI_ISL_19151533",4,5,1,1,1,1,1,1,"4_5_1_1_1_1_1_1"
"13714","EPI_ISL_19151532",4,5,1,1,1,1,1,1,"4_5_1_1_1_1_1_1"
"13715","EPI_ISL_19151400",5,3,1,1,1,1,1,2,"5_3_1_1_1_1_1_2"
"13716","EPI_ISL_19134613",4,13,9,1,2,1,1,1,"4_13_9_1_2_1_1_1"
"13717","EPI_ISL_19134594",7,2,1,1,1,1,1,2,"7_2_1_1_1_1_1_2"
"13718","EPI_ISL_19116124",7,2,1,1,1,1,1,2,"7_2_1_1_1_1_1_2"
"13719","EPI_ISL_19116112",7,2,1,1,1,1,1,2,"7_2_1_1_1_1_1_2"
"13720","EPI_ISL_19053265",1,1,2,1,2,1,1,1,"1_1_2_1_2_1_1_1"
"13721","EPI_ISL_19053254",8,6,2,1,2,3,1,1,"8_6_2_1_2_3_1_1"
"13722","EPI_ISL_19053253",8,6,2,1,2,3,1,1,"8_6_2_1_2_3_1_1"
"13723","EPI_ISL_19053252",8,6,2,1,2,3,1,1,"8_6_2_1_2_3_1_1"
"13724","EPI_ISL_18968551",2,1,1,1,2,1,1,1,"2_1_1_1_2_1_1_1"
"13725","EPI_ISL_18968550",8,6,2,1,2,3,1,1,"8_6_2_1_2_3_1_1"
"13726","EPI_ISL_18968549",8,6,2,1,2,3,1,1,"8_6_2_1_2_3_1_1"
"13727","EPI_ISL_18968548",2,1,1,1,2,1,1,1,"2_1_1_1_2_1_1_1"
"13728","EPI_ISL_18968547",8,6,2,1,2,3,1,1,"8_6_2_1_2_3_1_1"
"13729","EPI_ISL_18968546",8,6,2,1,2,3,1,1,"8_6_2_1_2_3_1_1"
"13730","EPI_ISL_18937349",1,1,2,1,2,1,1,1,"1_1_2_1_2_1_1_1"
"13731","EPI_ISL_18937341",1,8,2,1,2,1,1,1,"1_8_2_1_2_1_1_1"
"13732","EPI_ISL_18788591",2,1,1,1,2,1,1,1,"2_1_1_1_2_1_1_1"
"13733","EPI_ISL_18755127",1,1,4,1,4,1,1,4,"1_1_4_1_4_1_1_4"
"13734","EPI_ISL_18741802",7,2,1,1,1,1,1,2,"7_2_1_1_1_1_1_2"
"13735","EPI_ISL_18741801",7,2,1,1,1,1,1,2,"7_2_1_1_1_1_1_2"
"13736","EPI_ISL_18741800",7,2,1,1,1,1,1,2,"7_2_1_1_1_1_1_2"
"13737","EPI_ISL_18741799",7,2,1,1,1,1,1,2,"7_2_1_1_1_1_1_2"
"13738","EPI_ISL_18741798",7,2,1,1,1,1,1,2,"7_2_1_1_1_1_1_2"
"13739","EPI_ISL_18741797",7,2,1,1,1,1,1,2,"7_2_1_1_1_1_1_2"
"13740","EPI_ISL_18741796",7,2,1,1,1,1,1,2,"7_2_1_1_1_1_1_2"
"13741","EPI_ISL_18741795",7,2,1,1,1,1,1,2,"7_2_1_1_1_1_1_2"
"13742","EPI_ISL_18741794",7,2,1,1,1,1,1,2,"7_2_1_1_1_1_1_2"
"13743","EPI_ISL_18741793",4,13,9,1,2,1,1,1,"4_13_9_1_2_1_1_1"
"13744","EPI_ISL_18741792",7,2,1,1,1,1,1,2,"7_2_1_1_1_1_1_2"
"13745","EPI_ISL_18741791",7,2,1,1,1,1,1,2,"7_2_1_1_1_1_1_2"
"13746","EPI_ISL_18741789",7,2,1,1,1,1,1,2,"7_2_1_1_1_1_1_2"
"13747","EPI_ISL_18741787",7,2,1,1,1,1,1,2,"7_2_1_1_1_1_1_2"
"13748","EPI_ISL_18741786",7,2,1,1,1,1,1,2,"7_2_1_1_1_1_1_2"
"13749","EPI_ISL_18741785",7,2,1,1,1,1,1,2,"7_2_1_1_1_1_1_2"
"13750","EPI_ISL_18741784",7,2,1,1,1,1,1,2,"7_2_1_1_1_1_1_2"
"13751","EPI_ISL_18741783",7,2,1,1,1,1,1,2,"7_2_1_1_1_1_1_2"
"13752","EPI_ISL_18741782",7,2,1,1,1,1,1,2,"7_2_1_1_1_1_1_2"
"13753","EPI_ISL_18741781",7,2,1,1,1,1,1,2,"7_2_1_1_1_1_1_2"
"13754","EPI_ISL_18741780",7,2,1,1,1,1,1,2,"7_2_1_1_1_1_1_2"
"13755","EPI_ISL_18741779",4,2,1,1,1,1,1,2,"4_2_1_1_1_1_1_2"
"13756","EPI_ISL_18741778",4,2,1,1,1,1,1,2,"4_2_1_1_1_1_1_2"
"13757","EPI_ISL_18741776",7,2,1,1,1,1,1,2,"7_2_1_1_1_1_1_2"
"13758","EPI_ISL_18741775",7,2,1,1,1,1,1,2,"7_2_1_1_1_1_1_2"
"13759","EPI_ISL_18740266",2,1,1,1,2,1,1,1,"2_1_1_1_2_1_1_1"
"13760","EPI_ISL_18740128",2,1,1,1,2,1,1,1,"2_1_1_1_2_1_1_1"
"13761","EPI_ISL_18740020",2,1,1,1,2,1,1,1,"2_1_1_1_2_1_1_1"
"13762","EPI_ISL_19266395",1,1,1,1,2,1,1,1,"1_1_1_1_2_1_1_1"
"13763","EPI_ISL_19266393",1,1,1,1,2,1,1,1,"1_1_1_1_2_1_1_1"
"13764","EPI_ISL_19266392",1,1,1,1,2,1,1,1,"1_1_1_1_2_1_1_1"
"13765","EPI_ISL_19266391",1,1,1,1,2,1,1,1,"1_1_1_1_2_1_1_1"
"13766","EPI_ISL_19266390",1,1,1,1,2,1,1,1,"1_1_1_1_2_1_1_1"
"13767","EPI_ISL_19266389",1,1,1,1,2,1,1,1,"1_1_1_1_2_1_1_1"
"13768","EPI_ISL_19184045",8,1,1,1,2,1,1,1,"8_1_1_1_2_1_1_1"
"13769","EPI_ISL_19167901",3,2,1,1,1,1,1,2,"3_2_1_1_1_1_1_2"
"13770","EPI_ISL_19167900",3,2,1,1,1,1,1,2,"3_2_1_1_1_1_1_2"
"13771","EPI_ISL_19134615",7,2,1,1,1,1,1,2,"7_2_1_1_1_1_1_2"
"13772","EPI_ISL_19134614",7,2,1,1,1,1,1,2,"7_2_1_1_1_1_1_2"
"13773","EPI_ISL_19132750",8,8,2,1,2,1,1,1,"8_8_2_1_2_1_1_1"
"13774","EPI_ISL_19132749",8,8,2,1,7,1,1,1,"8_8_2_1_7_1_1_1"
"13775","EPI_ISL_19132721",8,8,2,1,2,1,1,1,"8_8_2_1_2_1_1_1"
"13776","EPI_ISL_19132720",8,8,2,1,2,1,1,1,"8_8_2_1_2_1_1_1"
"13777","EPI_ISL_18886297",8,8,2,1,2,1,1,1,"8_8_2_1_2_1_1_1"
"13778","EPI_ISL_18886296",8,8,2,1,2,1,1,1,"8_8_2_1_2_1_1_1"
"13779","EPI_ISL_18886295",8,8,2,1,2,1,1,1,"8_8_2_1_2_1_1_1"
"13780","EPI_ISL_18886294",8,8,2,1,2,1,1,1,"8_8_2_1_2_1_1_1"
"13781","EPI_ISL_18886293",8,8,2,1,2,1,1,1,"8_8_2_1_2_1_1_1"
"13782","EPI_ISL_18886292",8,8,2,1,2,1,1,1,"8_8_2_1_2_1_1_1"
"13783","EPI_ISL_18886291",8,8,2,1,2,1,1,1,"8_8_2_1_2_1_1_1"
"13784","EPI_ISL_18886290",8,8,2,1,2,1,1,1,"8_8_2_1_2_1_1_1"
"13785","EPI_ISL_18886289",8,8,2,1,2,1,1,1,"8_8_2_1_2_1_1_1"
"13786","EPI_ISL_18886287",8,8,2,1,2,1,1,1,"8_8_2_1_2_1_1_1"
"13787","EPI_ISL_18886286",8,8,2,1,2,1,1,1,"8_8_2_1_2_1_1_1"
"13788","EPI_ISL_18886285",8,8,2,1,2,1,1,1,"8_8_2_1_2_1_1_1"
"13789","EPI_ISL_18886284",8,8,2,1,2,1,1,1,"8_8_2_1_2_1_1_1"
"13790","EPI_ISL_18886283",8,8,2,1,2,1,1,1,"8_8_2_1_2_1_1_1"
"13791","EPI_ISL_18788878",8,8,2,1,2,1,1,1,"8_8_2_1_2_1_1_1"
"13792","EPI_ISL_18788877",8,8,2,1,2,1,1,1,"8_8_2_1_2_1_1_1"
"13793","EPI_ISL_18788876",8,8,2,1,2,1,1,1,"8_8_2_1_2_1_1_1"
"13794","EPI_ISL_18788875",8,8,2,1,2,1,1,1,"8_8_2_1_2_1_1_1"
"13795","EPI_ISL_18788874",8,8,2,1,2,1,1,1,"8_8_2_1_2_1_1_1"
"13796","EPI_ISL_18788873",8,8,2,1,2,1,1,1,"8_8_2_1_2_1_1_1"
"13797","EPI_ISL_18788872",8,8,2,1,2,1,1,1,"8_8_2_1_2_1_1_1"
"13798","EPI_ISL_18788871",8,8,2,1,2,1,1,1,"8_8_2_1_2_1_1_1"
"13799","EPI_ISL_18788870",8,8,2,1,2,1,1,1,"8_8_2_1_2_1_1_1"
"13800","EPI_ISL_18788869",8,8,2,1,2,1,1,1,"8_8_2_1_2_1_1_1"
"13801","EPI_ISL_18788868",8,8,2,1,2,1,1,1,"8_8_2_1_2_1_1_1"
"13802","EPI_ISL_18788867",8,8,2,1,2,1,1,1,"8_8_2_1_2_1_1_1"
"13803","EPI_ISL_18788866",8,8,2,1,2,1,1,1,"8_8_2_1_2_1_1_1"
"13804","EPI_ISL_18788865",8,8,2,1,2,1,1,1,"8_8_2_1_2_1_1_1"
"13805","EPI_ISL_18788864",8,8,2,1,2,1,1,1,"8_8_2_1_2_1_1_1"
"13806","EPI_ISL_18788863",8,8,2,1,2,1,1,1,"8_8_2_1_2_1_1_1"
"13807","EPI_ISL_18788862",8,8,2,1,2,1,1,1,"8_8_2_1_2_1_1_1"
"13808","EPI_ISL_18788861",8,8,2,1,2,1,1,1,"8_8_2_1_2_1_1_1"
"13809","EPI_ISL_18788860",8,8,2,1,2,1,1,1,"8_8_2_1_2_1_1_1"
"13810","EPI_ISL_18788859",8,8,2,1,2,1,1,1,"8_8_2_1_2_1_1_1"
"13811","EPI_ISL_19101498",16,14,1,1,1,1,1,2,"16_14_1_1_1_1_1_2"
"13812","EPI_ISL_18953102",2,1,1,1,2,1,1,1,"2_1_1_1_2_1_1_1"
"13813","EPI_ISL_18953101",2,1,1,1,2,1,1,1,"2_1_1_1_2_1_1_1"
"13814","EPI_ISL_18953096",6,4,3,1,3,2,1,3,"6_4_3_1_3_2_1_3"
"13815","EPI_ISL_18953070",1,8,2,1,2,1,1,1,"1_8_2_1_2_1_1_1"
"13816","EPI_ISL_18953069",1,1,2,1,2,1,1,1,"1_1_2_1_2_1_1_1"
"13817","EPI_ISL_18953068",1,8,2,1,2,1,1,1,"1_8_2_1_2_1_1_1"
"13818","EPI_ISL_18953067",1,8,2,1,2,1,1,1,"1_8_2_1_2_1_1_1"
"13819","EPI_ISL_19476809",2,1,1,1,2,1,1,1,"2_1_1_1_2_1_1_1"
"13820","EPI_ISL_19462781",1,1,2,1,2,1,1,1,"1_1_2_1_2_1_1_1"
"13821","EPI_ISL_19462780",1,1,2,1,2,1,1,1,"1_1_2_1_2_1_1_1"
"13822","EPI_ISL_19462779",1,1,2,1,2,1,1,1,"1_1_2_1_2_1_1_1"
"13823","EPI_ISL_19462778",1,1,2,1,2,1,1,1,"1_1_2_1_2_1_1_1"
"13824","EPI_ISL_19215555",11,10,2,1,5,1,1,9,"11_10_2_1_5_1_1_9"
"13825","EPI_ISL_19215511",11,10,2,1,5,1,1,6,"11_10_2_1_5_1_1_6"
"13826","EPI_ISL_19215510",11,10,2,1,5,1,1,6,"11_10_2_1_5_1_1_6"
"13827","EPI_ISL_19215505",11,10,2,1,5,1,1,6,"11_10_2_1_5_1_1_6"
"13828","EPI_ISL_19134619",4,13,9,1,2,1,1,1,"4_13_9_1_2_1_1_1"
"13829","EPI_ISL_19134609",4,13,9,1,2,1,1,1,"4_13_9_1_2_1_1_1"
"13830","EPI_ISL_19134600",4,13,9,1,2,1,1,1,"4_13_9_1_2_1_1_1"
"13831","EPI_ISL_19134599",4,13,9,1,2,1,1,1,"4_13_9_1_2_1_1_1"
"13832","EPI_ISL_19134592",4,13,9,1,2,1,1,1,"4_13_9_1_2_1_1_1"
"13833","EPI_ISL_19132711",8,8,2,1,2,1,1,1,"8_8_2_1_2_1_1_1"
"13834","EPI_ISL_19132710",8,8,2,1,2,1,1,1,"8_8_2_1_2_1_1_1"
"13835","EPI_ISL_19132709",15,8,1,1,7,1,1,5,"15_8_1_1_7_1_1_5"
"13836","EPI_ISL_19132708",8,8,2,1,2,1,1,1,"8_8_2_1_2_1_1_1"
"13837","EPI_ISL_19066774",11,10,2,1,5,1,1,6,"11_10_2_1_5_1_1_6"
"13838","EPI_ISL_19066773",11,10,2,1,5,1,1,6,"11_10_2_1_5_1_1_6"
"13839","EPI_ISL_19066772",12,1,1,1,2,1,1,1,"12_1_1_1_2_1_1_1"
"13840","EPI_ISL_19066769",11,10,2,1,5,1,1,6,"11_10_2_1_5_1_1_6"
"13841","EPI_ISL_19066768",11,10,2,1,5,1,1,6,"11_10_2_1_5_1_1_6"
"13842","EPI_ISL_19066767",11,10,2,1,5,1,1,6,"11_10_2_1_5_1_1_6"
"13843","EPI_ISL_19066766",11,10,2,1,5,1,1,6,"11_10_2_1_5_1_1_6"
"13844","EPI_ISL_19066765",11,10,2,1,5,1,1,6,"11_10_2_1_5_1_1_6"
"13845","EPI_ISL_19066764",11,10,2,1,5,1,1,6,"11_10_2_1_5_1_1_6"
"13846","EPI_ISL_19066763",11,10,2,1,5,1,1,6,"11_10_2_1_5_1_1_6"
"13847","EPI_ISL_19066762",11,10,2,1,5,1,1,6,"11_10_2_1_5_1_1_6"
"13848","EPI_ISL_19066761",11,10,2,1,5,1,1,6,"11_10_2_1_5_1_1_6"
"13849","EPI_ISL_19066760",11,10,2,1,5,1,1,6,"11_10_2_1_5_1_1_6"
"13850","EPI_ISL_19066757",11,10,2,1,5,1,1,9,"11_10_2_1_5_1_1_9"
"13851","EPI_ISL_19066756",11,10,2,1,5,1,1,9,"11_10_2_1_5_1_1_9"
"13852","EPI_ISL_19066753",11,10,2,1,5,1,1,6,"11_10_2_1_5_1_1_6"
"13853","EPI_ISL_18935785",2,1,1,1,2,1,1,1,"2_1_1_1_2_1_1_1"
"13854","EPI_ISL_18935784",2,1,1,1,2,1,1,1,"2_1_1_1_2_1_1_1"
"13855","EPI_ISL_18740125",2,1,1,1,2,1,1,1,"2_1_1_1_2_1_1_1"
"13856","EPI_ISL_18953097",6,4,3,1,3,2,1,3,"6_4_3_1_3_2_1_3"
"13857","EPI_ISL_18788587",2,1,1,1,2,1,1,1,"2_1_1_1_2_1_1_1"
"13858","EPI_ISL_18788584",2,1,1,1,2,1,1,1,"2_1_1_1_2_1_1_1"
"13859","EPI_ISL_18788583",2,1,1,1,2,1,1,1,"2_1_1_1_2_1_1_1"
"13860","EPI_ISL_19444968",3,2,1,1,1,1,1,2,"3_2_1_1_1_1_1_2"
"13861","EPI_ISL_19444966",3,2,1,1,1,1,1,2,"3_2_1_1_1_1_1_2"
"13862","EPI_ISL_19444964",3,2,1,1,1,1,1,2,"3_2_1_1_1_1_1_2"
"13863","EPI_ISL_19444961",3,2,1,1,1,1,1,2,"3_2_1_1_1_1_1_2"
"13864","EPI_ISL_19444960",3,2,1,1,1,1,1,2,"3_2_1_1_1_1_1_2"
"13865","EPI_ISL_19444959",3,2,1,1,1,1,1,2,"3_2_1_1_1_1_1_2"
"13866","EPI_ISL_19444958",3,2,1,1,1,1,1,2,"3_2_1_1_1_1_1_2"
"13867","EPI_ISL_19444957",3,2,1,1,1,1,1,2,"3_2_1_1_1_1_1_2"
"13868","EPI_ISL_19444956",3,2,1,1,1,1,1,2,"3_2_1_1_1_1_1_2"
"13869","EPI_ISL_19444955",3,2,1,1,1,1,1,2,"3_2_1_1_1_1_1_2"
"13870","EPI_ISL_19444953",3,2,1,1,1,1,1,2,"3_2_1_1_1_1_1_2"
"13871","EPI_ISL_19444952",3,2,1,1,1,1,1,2,"3_2_1_1_1_1_1_2"
"13872","EPI_ISL_19444951",3,2,1,1,1,1,1,2,"3_2_1_1_1_1_1_2"
"13873","EPI_ISL_19444950",3,2,1,1,1,1,1,2,"3_2_1_1_1_1_1_2"
"13874","EPI_ISL_19444947",3,2,1,1,1,1,1,2,"3_2_1_1_1_1_1_2"
"13875","EPI_ISL_19444943",3,2,1,1,1,1,1,2,"3_2_1_1_1_1_1_2"
"13876","EPI_ISL_19444942",3,2,1,1,1,1,1,2,"3_2_1_1_1_1_1_2"
"13877","EPI_ISL_19444941",3,2,1,1,1,1,1,2,"3_2_1_1_1_1_1_2"
"13878","EPI_ISL_19444939",3,2,1,1,1,1,1,2,"3_2_1_1_1_1_1_2"
"13879","EPI_ISL_19444936",3,2,1,1,1,1,1,2,"3_2_1_1_1_1_1_2"
"13880","EPI_ISL_19444935",3,2,1,1,1,1,1,2,"3_2_1_1_1_1_1_2"
"13881","EPI_ISL_19444934",3,2,1,1,1,1,1,2,"3_2_1_1_1_1_1_2"
"13882","EPI_ISL_19444933",3,2,1,1,1,1,1,2,"3_2_1_1_1_1_1_2"
"13883","EPI_ISL_19444932",3,2,1,1,1,1,1,2,"3_2_1_1_1_1_1_2"
"13884","EPI_ISL_19444931",3,2,1,1,1,1,1,2,"3_2_1_1_1_1_1_2"
"13885","EPI_ISL_19444929",3,2,1,1,1,1,1,2,"3_2_1_1_1_1_1_2"
"13886","EPI_ISL_19444928",3,2,1,1,1,1,1,2,"3_2_1_1_1_1_1_2"
"13887","EPI_ISL_19444927",3,2,1,1,1,1,1,2,"3_2_1_1_1_1_1_2"
"13888","EPI_ISL_19444926",3,2,1,1,1,1,1,2,"3_2_1_1_1_1_1_2"
"13889","EPI_ISL_19444924",3,2,1,1,1,1,1,2,"3_2_1_1_1_1_1_2"
"13890","EPI_ISL_19444923",3,2,1,1,1,1,1,2,"3_2_1_1_1_1_1_2"
"13891","EPI_ISL_19444922",3,2,1,1,1,1,1,2,"3_2_1_1_1_1_1_2"
"13892","EPI_ISL_19444921",3,2,1,1,1,1,1,2,"3_2_1_1_1_1_1_2"
"13893","EPI_ISL_19444920",3,2,1,1,1,1,1,2,"3_2_1_1_1_1_1_2"
"13894","EPI_ISL_19444919",3,2,1,1,1,1,1,2,"3_2_1_1_1_1_1_2"
"13895","EPI_ISL_19444918",3,2,1,1,1,1,1,2,"3_2_1_1_1_1_1_2"
"13896","EPI_ISL_19444917",3,2,1,1,1,1,1,2,"3_2_1_1_1_1_1_2"
"13897","EPI_ISL_19444916",3,2,1,1,1,1,1,2,"3_2_1_1_1_1_1_2"
"13898","EPI_ISL_19444915",3,2,1,1,1,1,1,2,"3_2_1_1_1_1_1_2"
"13899","EPI_ISL_19444914",3,2,1,1,1,1,1,2,"3_2_1_1_1_1_1_2"
"13900","EPI_ISL_19444913",3,2,1,1,1,1,1,2,"3_2_1_1_1_1_1_2"
"13901","EPI_ISL_19444912",3,2,1,1,1,1,1,2,"3_2_1_1_1_1_1_2"
"13902","EPI_ISL_19444911",3,2,1,1,1,1,1,2,"3_2_1_1_1_1_1_2"
"13903","EPI_ISL_19444910",3,2,1,1,1,1,1,2,"3_2_1_1_1_1_1_2"
"13904","EPI_ISL_19444907",3,2,1,1,1,1,1,2,"3_2_1_1_1_1_1_2"
"13905","EPI_ISL_19444906",3,2,1,1,1,1,1,2,"3_2_1_1_1_1_1_2"
"13906","EPI_ISL_19444905",3,2,1,1,1,1,1,2,"3_2_1_1_1_1_1_2"
"13907","EPI_ISL_19444903",3,2,1,1,1,1,1,2,"3_2_1_1_1_1_1_2"
"13908","EPI_ISL_19444899",3,2,1,1,1,1,1,2,"3_2_1_1_1_1_1_2"
"13909","EPI_ISL_19444897",3,2,1,1,1,1,1,2,"3_2_1_1_1_1_1_2"
"13910","EPI_ISL_19444896",3,2,1,1,1,1,1,2,"3_2_1_1_1_1_1_2"
"13911","EPI_ISL_19444895",3,2,1,1,1,1,1,2,"3_2_1_1_1_1_1_2"
"13912","EPI_ISL_19444894",3,2,1,1,1,1,1,2,"3_2_1_1_1_1_1_2"
"13913","EPI_ISL_19444892",3,2,1,1,1,1,1,2,"3_2_1_1_1_1_1_2"
"13914","EPI_ISL_19444891",3,2,1,1,1,1,1,2,"3_2_1_1_1_1_1_2"
"13915","EPI_ISL_19444889",3,2,1,1,1,1,1,2,"3_2_1_1_1_1_1_2"
"13916","EPI_ISL_19444886",3,2,1,1,1,1,1,2,"3_2_1_1_1_1_1_2"
"13917","EPI_ISL_19444885",3,2,1,1,1,1,1,2,"3_2_1_1_1_1_1_2"
"13918","EPI_ISL_19444884",3,2,1,1,1,1,1,2,"3_2_1_1_1_1_1_2"
"13919","EPI_ISL_19413345",3,2,1,1,1,1,1,2,"3_2_1_1_1_1_1_2"
"13920","EPI_ISL_19413344",3,2,1,1,1,1,1,2,"3_2_1_1_1_1_1_2"
"13921","EPI_ISL_19184044",3,2,1,1,1,1,1,2,"3_2_1_1_1_1_1_2"
"13922","EPI_ISL_19167904",3,2,1,1,1,1,1,2,"3_2_1_1_1_1_1_2"
"13923","EPI_ISL_19151398",3,2,1,1,1,1,1,2,"3_2_1_1_1_1_1_2"
"13924","EPI_ISL_19151397",3,2,1,1,1,1,1,2,"3_2_1_1_1_1_1_2"
"13925","EPI_ISL_19151396",3,2,1,1,1,1,1,2,"3_2_1_1_1_1_1_2"
"13926","EPI_ISL_19151395",3,2,1,1,1,1,1,2,"3_2_1_1_1_1_1_2"
"13927","EPI_ISL_19151394",3,2,1,1,1,1,1,2,"3_2_1_1_1_1_1_2"
"13928","EPI_ISL_19151393",3,2,1,1,1,1,1,2,"3_2_1_1_1_1_1_2"
"13929","EPI_ISL_19151392",3,2,1,1,1,1,1,2,"3_2_1_1_1_1_1_2"
"13930","EPI_ISL_19151391",3,2,1,1,1,1,1,2,"3_2_1_1_1_1_1_2"
"13931","EPI_ISL_19151390",3,2,1,1,1,1,1,2,"3_2_1_1_1_1_1_2"
"13932","EPI_ISL_19151389",3,2,1,1,1,1,1,2,"3_2_1_1_1_1_1_2"
"13933","EPI_ISL_19151388",3,2,1,1,1,1,1,2,"3_2_1_1_1_1_1_2"
"13934","EPI_ISL_19151387",3,2,1,1,1,1,1,2,"3_2_1_1_1_1_1_2"
"13935","EPI_ISL_19151386",3,2,1,1,1,1,1,2,"3_2_1_1_1_1_1_2"
"13936","EPI_ISL_19151385",3,2,1,1,1,1,1,2,"3_2_1_1_1_1_1_2"
"13937","EPI_ISL_19151384",3,2,1,1,1,1,1,2,"3_2_1_1_1_1_1_2"
"13938","EPI_ISL_19151383",3,2,1,1,1,1,1,2,"3_2_1_1_1_1_1_2"
"13939","EPI_ISL_19151382",3,2,1,1,1,1,1,2,"3_2_1_1_1_1_1_2"
"13940","EPI_ISL_19510887",8,6,2,1,2,3,1,1,"8_6_2_1_2_3_1_1"
"13941","EPI_ISL_18838519",8,6,2,1,2,3,1,1,"8_6_2_1_2_3_1_1"
"13942","EPI_ISL_19101268",5,3,1,1,1,1,1,2,"5_3_1_1_1_1_1_2"
"13943","EPI_ISL_19101266",9,9,7,1,1,1,1,1,"9_9_7_1_1_1_1_1"
"13944","EPI_ISL_19101238",9,9,7,1,1,1,1,1,"9_9_7_1_1_1_1_1"
"13945","EPI_ISL_18788589",1,1,2,1,2,1,1,1,"1_1_2_1_2_1_1_1"
"13946","EPI_ISL_18838019",8,6,2,1,2,3,1,1,"8_6_2_1_2_3_1_1"
"13947","EPI_ISL_18837770",8,6,2,1,2,3,1,1,"8_6_2_1_2_3_1_1"
"13948","EPI_ISL_18938650",1,20,2,1,5,1,1,5,"1_20_2_1_5_1_1_5"
"13949","EPI_ISL_18787953",1,1,2,1,2,1,1,1,"1_1_2_1_2_1_1_1"
"13950","EPI_ISL_18953088",6,4,3,1,3,2,1,3,"6_4_3_1_3_2_1_3"
"13951","EPI_ISL_18953100",2,1,1,1,2,1,1,1,"2_1_1_1_2_1_1_1"
"13952","EPI_ISL_18953098",6,4,3,1,3,2,1,3,"6_4_3_1_3_2_1_3"
"13953","EPI_ISL_18953095",6,4,3,1,3,2,1,3,"6_4_3_1_3_2_1_3"
"13954","EPI_ISL_18953093",6,4,3,1,3,2,1,3,"6_4_3_1_3_2_1_3"
"13955","EPI_ISL_18953092",6,4,3,1,3,2,1,3,"6_4_3_1_3_2_1_3"
"13956","EPI_ISL_18953090",6,4,3,1,3,2,1,3,"6_4_3_1_3_2_1_3"
"13957","EPI_ISL_18953087",6,4,3,1,3,2,1,3,"6_4_3_1_3_2_1_3"
"13958","EPI_ISL_18953086",6,4,3,1,3,2,1,3,"6_4_3_1_3_2_1_3"
"13959","EPI_ISL_18953085",6,4,3,1,3,2,1,3,"6_4_3_1_3_2_1_3"
"13960","EPI_ISL_18789944",17,1,2,1,2,1,1,1,"17_1_2_1_2_1_1_1"
"13961","EPI_ISL_18789928",17,1,2,1,2,1,1,1,"17_1_2_1_2_1_1_1"
"13962","EPI_ISL_18789904",1,1,2,1,2,1,1,1,"1_1_2_1_2_1_1_1"
"13963","EPI_ISL_18788586",2,1,1,1,2,1,1,1,"2_1_1_1_2_1_1_1"
"13964","EPI_ISL_18788061",1,1,2,1,2,1,1,1,"1_1_2_1_2_1_1_1"
"13965","EPI_ISL_18787984",1,1,2,1,2,1,1,1,"1_1_2_1_2_1_1_1"
"13966","EPI_ISL_18787920",1,8,2,1,2,1,1,1,"1_8_2_1_2_1_1_1"
"13967","EPI_ISL_18788327",1,1,2,1,2,1,1,1,"1_1_2_1_2_1_1_1"
"13968","EPI_ISL_18788325",1,1,2,1,2,1,1,1,"1_1_2_1_2_1_1_1"
"13969","EPI_ISL_18853568",27,10,8,1,19,5,1,1,"27_10_8_1_19_5_1_1"
"13970","EPI_ISL_18740129",2,1,1,1,2,1,1,1,"2_1_1_1_2_1_1_1"
"13971","EPI_ISL_18787914",1,1,2,1,2,1,1,1,"1_1_2_1_2_1_1_1"
"13972","EPI_ISL_18886288",1,6,2,1,2,1,1,1,"1_6_2_1_2_1_1_1"
"13973","EPI_ISL_18856025",8,6,2,1,2,3,1,1,"8_6_2_1_2_3_1_1"
"13974","EPI_ISL_18855708",8,6,2,1,2,3,1,1,"8_6_2_1_2_3_1_1"
"13975","EPI_ISL_18787919",1,1,2,1,2,1,1,1,"1_1_2_1_2_1_1_1"
"13976","EPI_ISL_19035743",2,1,1,1,2,1,1,1,"2_1_1_1_2_1_1_1"
"13977","EPI_ISL_18953066",1,8,2,1,2,1,1,1,"1_8_2_1_2_1_1_1"
"13978","EPI_ISL_18953065",1,8,2,1,2,1,1,1,"1_8_2_1_2_1_1_1"
"13979","EPI_ISL_18953064",1,8,2,1,2,1,1,1,"1_8_2_1_2_1_1_1"
"13980","EPI_ISL_18953063",1,8,2,1,2,1,1,1,"1_8_2_1_2_1_1_1"
"13981","EPI_ISL_18824185",1,8,2,1,2,1,1,1,"1_8_2_1_2_1_1_1"
"13982","EPI_ISL_18788087",1,1,2,1,2,1,1,1,"1_1_2_1_2_1_1_1"
"13983","EPI_ISL_18788080",17,1,2,1,2,1,1,1,"17_1_2_1_2_1_1_1"
"13984","EPI_ISL_18787923",1,1,2,1,2,1,1,1,"1_1_2_1_2_1_1_1"
"13985","EPI_ISL_18787921",1,1,2,1,2,1,1,1,"1_1_2_1_2_1_1_1"
"13986","EPI_ISL_18787918",1,1,2,1,2,1,1,1,"1_1_2_1_2_1_1_1"
"13987","EPI_ISL_18787916",1,1,2,1,2,1,1,1,"1_1_2_1_2_1_1_1"
"13988","EPI_ISL_19496400",2,1,1,1,2,1,1,1,"2_1_1_1_2_1_1_1"
"13989","EPI_ISL_18956184",8,6,2,1,2,1,1,1,"8_6_2_1_2_1_1_1"
"13990","EPI_ISL_19201535",1,1,4,1,4,1,1,4,"1_1_4_1_4_1_1_4"
"13991","EPI_ISL_18956165",8,8,2,1,2,1,1,1,"8_8_2_1_2_1_1_1"
"13992","EPI_ISL_18956166",8,8,2,1,2,1,1,1,"8_8_2_1_2_1_1_1"
"13993","EPI_ISL_18956167",1,6,2,1,2,1,1,1,"1_6_2_1_2_1_1_1"
"13994","EPI_ISL_18956168",1,6,2,1,2,1,1,1,"1_6_2_1_2_1_1_1"
"13995","EPI_ISL_19496409",2,1,1,1,2,1,1,1,"2_1_1_1_2_1_1_1"
"13996","EPI_ISL_18956186",1,6,2,1,2,1,1,1,"1_6_2_1_2_1_1_1"
"13997","EPI_ISL_18956172",1,8,2,1,2,1,1,1,"1_8_2_1_2_1_1_1"
"13998","EPI_ISL_18956175",1,6,2,1,2,1,1,1,"1_6_2_1_2_1_1_1"
"13999","EPI_ISL_18956178",1,6,2,1,2,1,1,1,"1_6_2_1_2_1_1_1"
"14000","EPI_ISL_18956179",1,6,2,1,2,1,1,1,"1_6_2_1_2_1_1_1"
"14001","EPI_ISL_18956180",1,6,2,1,2,1,1,1,"1_6_2_1_2_1_1_1"
"14002","EPI_ISL_18956171",1,8,2,1,2,1,1,1,"1_8_2_1_2_1_1_1"
"14003","EPI_ISL_18956174",1,8,2,1,2,1,1,1,"1_8_2_1_2_1_1_1"
"14004","EPI_ISL_18956177",1,6,2,1,2,1,1,1,"1_6_2_1_2_1_1_1"
"14005","EPI_ISL_18956169",1,6,2,1,2,1,1,1,"1_6_2_1_2_1_1_1"
"14006","EPI_ISL_18956183",8,8,2,1,2,1,1,1,"8_8_2_1_2_1_1_1"
"14007","EPI_ISL_18742319",1,1,4,1,4,1,1,4,"1_1_4_1_4_1_1_4"
"14008","EPI_ISL_19152861",4,5,5,1,1,1,1,1,"4_5_5_1_1_1_1_1"
"14009","EPI_ISL_19151929",5,3,1,1,1,1,1,2,"5_3_1_1_1_1_1_2"
"14010","EPI_ISL_19151930",5,3,1,1,1,1,1,2,"5_3_1_1_1_1_1_2"
"14011","EPI_ISL_19151931",3,1,1,1,1,1,1,1,"3_1_1_1_1_1_1_1"
"14012","EPI_ISL_19152024",3,1,1,1,1,1,1,1,"3_1_1_1_1_1_1_1"
"14013","EPI_ISL_19152304",5,1,1,1,1,1,1,1,"5_1_1_1_1_1_1_1"
"14014","EPI_ISL_19152324",3,1,1,1,1,1,1,1,"3_1_1_1_1_1_1_1"
"14015","EPI_ISL_19054390",3,2,1,1,1,1,1,2,"3_2_1_1_1_1_1_2"
"14016","EPI_ISL_19054391",3,2,1,1,1,1,1,2,"3_2_1_1_1_1_1_2"
"14017","EPI_ISL_19054392",3,2,1,1,1,1,1,2,"3_2_1_1_1_1_1_2"
"14018","EPI_ISL_19054393",3,2,1,1,1,1,1,2,"3_2_1_1_1_1_1_2"
"14019","EPI_ISL_19054394",3,2,1,1,1,1,1,2,"3_2_1_1_1_1_1_2"
"14020","EPI_ISL_19054395",3,2,1,1,1,1,1,2,"3_2_1_1_1_1_1_2"
"14021","EPI_ISL_19054396",3,2,1,1,1,1,1,2,"3_2_1_1_1_1_1_2"
"14022","EPI_ISL_19054397",3,2,1,1,1,1,1,2,"3_2_1_1_1_1_1_2"
"14023","EPI_ISL_19054398",3,2,1,1,1,1,1,2,"3_2_1_1_1_1_1_2"
"14024","EPI_ISL_19054399",3,2,1,1,6,1,1,2,"3_2_1_1_6_1_1_2"
"14025","EPI_ISL_19463618",3,2,1,1,1,1,1,2,"3_2_1_1_1_1_1_2"
"14026","EPI_ISL_19332141",3,2,1,1,1,1,1,2,"3_2_1_1_1_1_1_2"
"14027","EPI_ISL_19332142",3,2,1,1,1,1,1,2,"3_2_1_1_1_1_1_2"
"14028","EPI_ISL_19332143",3,2,1,1,1,1,1,2,"3_2_1_1_1_1_1_2"
"14029","EPI_ISL_18939722",5,3,1,1,1,1,1,2,"5_3_1_1_1_1_1_2"
"14030","EPI_ISL_19151902",4,5,5,1,1,1,1,1,"4_5_5_1_1_1_1_1"
"14031","EPI_ISL_19151903",4,5,5,1,1,1,1,1,"4_5_5_1_1_1_1_1"
"14032","EPI_ISL_19151904",4,5,5,1,1,1,1,1,"4_5_5_1_1_1_1_1"
"14033","EPI_ISL_19151905",4,5,5,1,1,1,1,1,"4_5_5_1_1_1_1_1"
"14034","EPI_ISL_19151906",4,5,5,1,1,1,1,1,"4_5_5_1_1_1_1_1"
"14035","EPI_ISL_19151910",4,5,5,1,1,1,1,1,"4_5_5_1_1_1_1_1"
"14036","EPI_ISL_19151932",4,5,5,1,1,1,1,1,"4_5_5_1_1_1_1_1"
"14037","EPI_ISL_19151933",2,1,1,1,2,1,1,1,"2_1_1_1_2_1_1_1"
"14038","EPI_ISL_19151947",4,5,5,1,1,1,1,1,"4_5_5_1_1_1_1_1"
"14039","EPI_ISL_19152082",4,5,5,1,1,1,1,1,"4_5_5_1_1_1_1_1"
"14040","EPI_ISL_19152087",4,5,5,1,1,1,1,1,"4_5_5_1_1_1_1_1"
"14041","EPI_ISL_19152256",2,1,1,1,2,1,1,1,"2_1_1_1_2_1_1_1"
"14042","EPI_ISL_19152293",2,1,1,1,2,1,1,1,"2_1_1_1_2_1_1_1"
"14043","EPI_ISL_19152294",2,1,1,1,2,1,1,1,"2_1_1_1_2_1_1_1"
"14044","EPI_ISL_19152295",2,1,1,1,2,1,1,1,"2_1_1_1_2_1_1_1"
"14045","EPI_ISL_19152296",2,1,1,1,2,1,1,1,"2_1_1_1_2_1_1_1"
"14046","EPI_ISL_19152297",2,1,1,1,2,1,1,1,"2_1_1_1_2_1_1_1"
"14047","EPI_ISL_19152444",4,5,5,1,1,1,1,1,"4_5_5_1_1_1_1_1"
"14048","EPI_ISL_19152448",4,5,5,1,1,1,1,1,"4_5_5_1_1_1_1_1"
"14049","EPI_ISL_19152449",4,5,5,1,1,1,1,1,"4_5_5_1_1_1_1_1"
"14050","EPI_ISL_19152450",4,5,5,1,1,1,1,1,"4_5_5_1_1_1_1_1"
"14051","EPI_ISL_19152451",4,5,5,1,1,1,1,1,"4_5_5_1_1_1_1_1"
"14052","EPI_ISL_19152452",4,5,5,1,1,1,1,1,"4_5_5_1_1_1_1_1"
"14053","EPI_ISL_19152453",4,5,5,1,1,1,1,1,"4_5_5_1_1_1_1_1"
"14054","EPI_ISL_19152454",4,5,5,1,1,1,1,1,"4_5_5_1_1_1_1_1"
"14055","EPI_ISL_19152456",4,5,5,1,1,1,1,1,"4_5_5_1_1_1_1_1"
"14056","EPI_ISL_19152458",4,5,5,1,1,1,1,1,"4_5_5_1_1_1_1_1"
"14057","EPI_ISL_19152460",4,5,5,1,1,1,1,1,"4_5_5_1_1_1_1_1"
"14058","EPI_ISL_19152464",4,5,5,1,1,1,1,1,"4_5_5_1_1_1_1_1"
"14059","EPI_ISL_19152465",2,1,1,1,2,1,1,1,"2_1_1_1_2_1_1_1"
"14060","EPI_ISL_19152477",4,5,5,1,1,1,1,1,"4_5_5_1_1_1_1_1"
"14061","EPI_ISL_19152478",4,5,5,1,1,1,1,1,"4_5_5_1_1_1_1_1"
"14062","EPI_ISL_19152479",4,5,5,1,1,1,1,1,"4_5_5_1_1_1_1_1"
"14063","EPI_ISL_19152480",4,5,5,1,1,1,1,1,"4_5_5_1_1_1_1_1"
"14064","EPI_ISL_19152481",4,5,5,1,1,1,1,1,"4_5_5_1_1_1_1_1"
"14065","EPI_ISL_19152482",4,5,5,1,1,1,1,1,"4_5_5_1_1_1_1_1"
"14066","EPI_ISL_19152483",4,5,5,1,1,1,1,1,"4_5_5_1_1_1_1_1"
"14067","EPI_ISL_19152485",4,5,5,1,1,1,1,1,"4_5_5_1_1_1_1_1"
"14068","EPI_ISL_19152486",4,5,5,1,1,1,1,1,"4_5_5_1_1_1_1_1"
"14069","EPI_ISL_19152487",4,5,5,1,1,1,1,1,"4_5_5_1_1_1_1_1"
"14070","EPI_ISL_19152490",4,5,5,1,1,1,1,1,"4_5_5_1_1_1_1_1"
"14071","EPI_ISL_19152493",2,1,1,1,2,1,1,1,"2_1_1_1_2_1_1_1"
"14072","EPI_ISL_19152494",2,1,1,1,2,1,1,1,"2_1_1_1_2_1_1_1"
"14073","EPI_ISL_19152495",2,1,1,1,2,1,1,1,"2_1_1_1_2_1_1_1"
"14074","EPI_ISL_19152496",2,1,1,1,2,1,1,1,"2_1_1_1_2_1_1_1"
"14075","EPI_ISL_19152497",2,1,1,1,2,1,1,1,"2_1_1_1_2_1_1_1"
"14076","EPI_ISL_19152498",4,5,5,1,1,1,1,1,"4_5_5_1_1_1_1_1"
"14077","EPI_ISL_19152499",4,5,5,1,1,1,1,1,"4_5_5_1_1_1_1_1"
"14078","EPI_ISL_19152501",2,1,1,1,2,1,1,1,"2_1_1_1_2_1_1_1"
"14079","EPI_ISL_19152502",2,1,1,1,2,1,1,1,"2_1_1_1_2_1_1_1"
"14080","EPI_ISL_19152503",2,1,1,1,2,1,1,1,"2_1_1_1_2_1_1_1"
"14081","EPI_ISL_19152507",4,5,5,1,1,1,1,1,"4_5_5_1_1_1_1_1"
"14082","EPI_ISL_19152508",4,5,5,1,1,1,1,1,"4_5_5_1_1_1_1_1"
"14083","EPI_ISL_19152517",2,1,1,1,2,1,1,1,"2_1_1_1_2_1_1_1"
"14084","EPI_ISL_19152518",2,1,1,1,2,1,1,1,"2_1_1_1_2_1_1_1"
"14085","EPI_ISL_19152519",2,1,1,1,2,1,1,1,"2_1_1_1_2_1_1_1"
"14086","EPI_ISL_19152527",4,5,5,1,1,1,1,1,"4_5_5_1_1_1_1_1"
"14087","EPI_ISL_19152528",4,5,5,1,1,1,1,1,"4_5_5_1_1_1_1_1"
"14088","EPI_ISL_19152534",4,5,5,1,1,1,1,1,"4_5_5_1_1_1_1_1"
"14089","EPI_ISL_19152537",4,5,5,1,1,1,1,1,"4_5_5_1_1_1_1_1"
"14090","EPI_ISL_19152545",4,5,1,1,1,1,1,1,"4_5_1_1_1_1_1_1"
"14091","EPI_ISL_19152546",2,1,1,1,2,1,1,1,"2_1_1_1_2_1_1_1"
"14092","EPI_ISL_19152552",4,5,5,1,1,1,1,1,"4_5_5_1_1_1_1_1"
"14093","EPI_ISL_19152555",4,5,5,1,1,1,1,1,"4_5_5_1_1_1_1_1"
"14094","EPI_ISL_19152558",4,5,5,1,1,1,1,1,"4_5_5_1_1_1_1_1"
"14095","EPI_ISL_19152562",4,5,5,1,1,1,1,1,"4_5_5_1_1_1_1_1"
"14096","EPI_ISL_19152564",4,5,5,1,1,1,1,1,"4_5_5_1_1_1_1_1"
"14097","EPI_ISL_19152569",4,5,5,1,1,1,1,1,"4_5_5_1_1_1_1_1"
"14098","EPI_ISL_19152570",4,5,5,1,1,1,1,1,"4_5_5_1_1_1_1_1"
"14099","EPI_ISL_19152575",4,5,5,1,1,1,1,1,"4_5_5_1_1_1_1_1"
"14100","EPI_ISL_19152595",4,5,5,1,1,1,1,1,"4_5_5_1_1_1_1_1"
"14101","EPI_ISL_19152597",4,5,5,1,1,1,1,1,"4_5_5_1_1_1_1_1"
"14102","EPI_ISL_19152623",2,1,1,1,2,1,1,1,"2_1_1_1_2_1_1_1"
"14103","EPI_ISL_19152631",2,1,1,1,2,1,1,1,"2_1_1_1_2_1_1_1"
"14104","EPI_ISL_19152646",2,1,1,1,2,1,1,1,"2_1_1_1_2_1_1_1"
"14105","EPI_ISL_19152648",4,5,5,1,1,1,1,1,"4_5_5_1_1_1_1_1"
"14106","EPI_ISL_19152653",4,5,5,1,1,1,1,1,"4_5_5_1_1_1_1_1"
"14107","EPI_ISL_19152654",4,5,5,1,1,1,1,1,"4_5_5_1_1_1_1_1"
"14108","EPI_ISL_19152659",2,1,1,1,2,1,1,1,"2_1_1_1_2_1_1_1"
"14109","EPI_ISL_19152694",4,5,5,1,1,1,1,1,"4_5_5_1_1_1_1_1"
"14110","EPI_ISL_19152695",2,1,1,1,2,1,1,1,"2_1_1_1_2_1_1_1"
"14111","EPI_ISL_19152698",2,1,1,1,2,1,1,1,"2_1_1_1_2_1_1_1"
"14112","EPI_ISL_19152700",2,1,1,1,2,1,1,1,"2_1_1_1_2_1_1_1"
"14113","EPI_ISL_19152704",4,5,5,1,1,1,1,1,"4_5_5_1_1_1_1_1"
"14114","EPI_ISL_19152712",2,1,1,1,2,1,1,1,"2_1_1_1_2_1_1_1"
"14115","EPI_ISL_19152713",2,1,1,1,2,1,1,1,"2_1_1_1_2_1_1_1"
"14116","EPI_ISL_19152714",2,1,1,1,2,1,1,1,"2_1_1_1_2_1_1_1"
"14117","EPI_ISL_19152715",4,5,5,1,1,1,1,1,"4_5_5_1_1_1_1_1"
"14118","EPI_ISL_19152716",4,5,5,1,1,1,1,1,"4_5_5_1_1_1_1_1"
"14119","EPI_ISL_19152717",2,1,1,1,2,1,1,1,"2_1_1_1_2_1_1_1"
"14120","EPI_ISL_19152719",4,5,5,1,1,1,1,1,"4_5_5_1_1_1_1_1"
"14121","EPI_ISL_19152721",2,1,1,1,2,1,1,1,"2_1_1_1_2_1_1_1"
"14122","EPI_ISL_19152722",2,1,1,1,2,1,1,1,"2_1_1_1_2_1_1_1"
"14123","EPI_ISL_19152723",4,5,5,1,1,1,1,1,"4_5_5_1_1_1_1_1"
"14124","EPI_ISL_19152733",4,5,5,1,1,1,1,1,"4_5_5_1_1_1_1_1"
"14125","EPI_ISL_19152753",4,5,5,1,1,1,1,1,"4_5_5_1_1_1_1_1"
"14126","EPI_ISL_19152754",4,5,5,1,1,1,1,1,"4_5_5_1_1_1_1_1"
"14127","EPI_ISL_19152755",4,5,5,1,1,1,1,1,"4_5_5_1_1_1_1_1"
"14128","EPI_ISL_19152756",4,5,5,1,1,1,1,1,"4_5_5_1_1_1_1_1"
"14129","EPI_ISL_19152757",4,5,5,1,1,1,1,1,"4_5_5_1_1_1_1_1"
"14130","EPI_ISL_19152765",4,5,5,1,1,1,1,1,"4_5_5_1_1_1_1_1"
"14131","EPI_ISL_19152778",4,5,5,1,1,1,1,1,"4_5_5_1_1_1_1_1"
"14132","EPI_ISL_19152792",4,5,5,1,1,1,1,1,"4_5_5_1_1_1_1_1"
"14133","EPI_ISL_19152795",4,5,5,1,1,1,1,1,"4_5_5_1_1_1_1_1"
"14134","EPI_ISL_19152800",2,1,1,1,2,1,1,1,"2_1_1_1_2_1_1_1"
"14135","EPI_ISL_19152815",2,1,1,1,2,1,1,1,"2_1_1_1_2_1_1_1"
"14136","EPI_ISL_19152825",2,1,1,1,2,1,1,1,"2_1_1_1_2_1_1_1"
"14137","EPI_ISL_19152829",4,5,5,1,1,1,1,1,"4_5_5_1_1_1_1_1"
"14138","EPI_ISL_19152830",4,5,5,1,1,1,1,1,"4_5_5_1_1_1_1_1"
"14139","EPI_ISL_19152831",4,5,5,1,1,1,1,1,"4_5_5_1_1_1_1_1"
"14140","EPI_ISL_19152833",4,5,5,1,1,1,1,1,"4_5_5_1_1_1_1_1"
"14141","EPI_ISL_19152844",4,5,5,1,1,1,1,1,"4_5_5_1_1_1_1_1"
"14142","EPI_ISL_19152862",4,5,5,1,1,1,1,1,"4_5_5_1_1_1_1_1"
"14143","EPI_ISL_19151874",4,1,1,1,1,1,1,1,"4_1_1_1_1_1_1_1"
"14144","EPI_ISL_19151876",4,1,1,1,1,1,1,1,"4_1_1_1_1_1_1_1"
"14145","EPI_ISL_19151879",3,1,1,1,1,1,1,1,"3_1_1_1_1_1_1_1"
"14146","EPI_ISL_19151881",4,1,1,1,1,1,1,1,"4_1_1_1_1_1_1_1"
"14147","EPI_ISL_19151883",5,3,1,1,1,1,1,2,"5_3_1_1_1_1_1_2"
"14148","EPI_ISL_19151884",5,3,1,1,1,1,1,2,"5_3_1_1_1_1_1_2"
"14149","EPI_ISL_19151885",2,1,1,1,2,1,1,1,"2_1_1_1_2_1_1_1"
"14150","EPI_ISL_19151886",3,1,1,1,1,1,1,1,"3_1_1_1_1_1_1_1"
"14151","EPI_ISL_19151889",4,5,5,1,1,1,1,1,"4_5_5_1_1_1_1_1"
"14152","EPI_ISL_19151890",4,5,5,1,1,1,1,1,"4_5_5_1_1_1_1_1"
"14153","EPI_ISL_19151891",3,1,1,1,1,1,1,1,"3_1_1_1_1_1_1_1"
"14154","EPI_ISL_19151892",4,1,1,1,1,1,1,1,"4_1_1_1_1_1_1_1"
"14155","EPI_ISL_19151894",4,1,1,1,1,1,1,1,"4_1_1_1_1_1_1_1"
"14156","EPI_ISL_19151897",5,1,1,1,1,1,1,1,"5_1_1_1_1_1_1_1"
"14157","EPI_ISL_19151911",5,1,1,1,1,1,1,1,"5_1_1_1_1_1_1_1"
"14158","EPI_ISL_19151912",5,3,1,1,1,1,1,2,"5_3_1_1_1_1_1_2"
"14159","EPI_ISL_19151913",5,3,1,1,1,1,1,2,"5_3_1_1_1_1_1_2"
"14160","EPI_ISL_19151914",5,1,1,1,1,1,1,1,"5_1_1_1_1_1_1_1"
"14161","EPI_ISL_19151920",4,1,1,1,1,1,1,1,"4_1_1_1_1_1_1_1"
"14162","EPI_ISL_19151934",5,3,1,1,1,1,1,2,"5_3_1_1_1_1_1_2"
"14163","EPI_ISL_19151935",5,3,1,1,1,1,1,2,"5_3_1_1_1_1_1_2"
"14164","EPI_ISL_19151936",5,3,1,1,1,1,1,2,"5_3_1_1_1_1_1_2"
"14165","EPI_ISL_19151939",3,1,1,1,1,1,1,1,"3_1_1_1_1_1_1_1"
"14166","EPI_ISL_19151940",5,3,1,1,1,1,1,2,"5_3_1_1_1_1_1_2"
"14167","EPI_ISL_19151941",3,1,1,1,1,1,1,1,"3_1_1_1_1_1_1_1"
"14168","EPI_ISL_19151942",3,1,1,1,1,1,1,1,"3_1_1_1_1_1_1_1"
"14169","EPI_ISL_19151943",4,5,5,1,1,1,1,1,"4_5_5_1_1_1_1_1"
"14170","EPI_ISL_19151944",4,5,5,1,1,1,1,1,"4_5_5_1_1_1_1_1"
"14171","EPI_ISL_19151945",5,1,1,1,1,1,1,1,"5_1_1_1_1_1_1_1"
"14172","EPI_ISL_19151946",5,3,1,1,1,1,1,2,"5_3_1_1_1_1_1_2"
"14173","EPI_ISL_19151950",3,1,1,1,1,1,1,1,"3_1_1_1_1_1_1_1"
"14174","EPI_ISL_19151951",3,1,1,1,1,1,1,1,"3_1_1_1_1_1_1_1"
"14175","EPI_ISL_19151955",4,1,1,1,1,1,1,1,"4_1_1_1_1_1_1_1"
"14176","EPI_ISL_19151958",3,1,1,1,1,1,1,1,"3_1_1_1_1_1_1_1"
"14177","EPI_ISL_19151961",4,5,1,1,1,1,1,1,"4_5_1_1_1_1_1_1"
"14178","EPI_ISL_19151962",5,3,1,1,1,1,1,2,"5_3_1_1_1_1_1_2"
"14179","EPI_ISL_19151963",5,1,1,1,1,1,1,1,"5_1_1_1_1_1_1_1"
"14180","EPI_ISL_19151964",3,1,1,1,1,1,1,1,"3_1_1_1_1_1_1_1"
"14181","EPI_ISL_19151965",4,1,1,1,1,1,1,1,"4_1_1_1_1_1_1_1"
"14182","EPI_ISL_19151966",4,1,1,1,1,1,1,1,"4_1_1_1_1_1_1_1"
"14183","EPI_ISL_19151967",4,1,1,1,1,1,1,1,"4_1_1_1_1_1_1_1"
"14184","EPI_ISL_19151968",3,1,1,1,1,1,1,1,"3_1_1_1_1_1_1_1"
"14185","EPI_ISL_19151969",3,1,1,1,1,1,1,1,"3_1_1_1_1_1_1_1"
"14186","EPI_ISL_19151992",3,1,1,1,1,1,1,1,"3_1_1_1_1_1_1_1"
"14187","EPI_ISL_19151995",3,1,1,1,1,1,1,1,"3_1_1_1_1_1_1_1"
"14188","EPI_ISL_19151996",3,1,1,1,1,1,1,1,"3_1_1_1_1_1_1_1"
"14189","EPI_ISL_19151997",3,1,1,1,1,1,1,1,"3_1_1_1_1_1_1_1"
"14190","EPI_ISL_19151999",4,1,1,1,1,1,1,1,"4_1_1_1_1_1_1_1"
"14191","EPI_ISL_19152000",5,1,1,1,1,1,1,1,"5_1_1_1_1_1_1_1"
"14192","EPI_ISL_19152001",4,1,1,1,1,1,1,1,"4_1_1_1_1_1_1_1"
"14193","EPI_ISL_19152016",4,1,1,1,1,1,1,1,"4_1_1_1_1_1_1_1"
"14194","EPI_ISL_19152023",5,3,1,1,1,1,1,2,"5_3_1_1_1_1_1_2"
"14195","EPI_ISL_19152030",4,1,1,1,1,1,1,1,"4_1_1_1_1_1_1_1"
"14196","EPI_ISL_19152035",5,3,1,1,1,1,1,2,"5_3_1_1_1_1_1_2"
"14197","EPI_ISL_19152041",4,5,5,1,1,1,1,1,"4_5_5_1_1_1_1_1"
"14198","EPI_ISL_19152045",4,5,5,1,1,1,1,1,"4_5_5_1_1_1_1_1"
"14199","EPI_ISL_19152051",4,5,5,1,1,1,1,1,"4_5_5_1_1_1_1_1"
"14200","EPI_ISL_19152058",4,5,5,1,1,1,1,1,"4_5_5_1_1_1_1_1"
"14201","EPI_ISL_19152060",4,5,5,1,1,1,1,1,"4_5_5_1_1_1_1_1"
"14202","EPI_ISL_19152063",4,5,5,1,1,1,1,1,"4_5_5_1_1_1_1_1"
"14203","EPI_ISL_19152067",4,5,5,1,1,1,1,1,"4_5_5_1_1_1_1_1"
"14204","EPI_ISL_19152069",5,3,1,1,1,1,1,2,"5_3_1_1_1_1_1_2"
"14205","EPI_ISL_19152098",5,3,1,1,1,1,1,2,"5_3_1_1_1_1_1_2"
"14206","EPI_ISL_19152102",5,3,1,1,1,1,1,2,"5_3_1_1_1_1_1_2"
"14207","EPI_ISL_19152103",5,3,1,1,1,1,1,2,"5_3_1_1_1_1_1_2"
"14208","EPI_ISL_19152118",4,1,1,1,1,1,1,1,"4_1_1_1_1_1_1_1"
"14209","EPI_ISL_19152125",5,3,1,1,1,1,1,2,"5_3_1_1_1_1_1_2"
"14210","EPI_ISL_19152127",4,1,1,1,1,1,1,1,"4_1_1_1_1_1_1_1"
"14211","EPI_ISL_19152208",5,3,1,1,1,1,1,2,"5_3_1_1_1_1_1_2"
"14212","EPI_ISL_19152214",5,3,1,1,1,1,1,2,"5_3_1_1_1_1_1_2"
"14213","EPI_ISL_19152215",5,3,1,1,1,1,1,2,"5_3_1_1_1_1_1_2"
"14214","EPI_ISL_19152222",3,1,1,1,1,1,1,1,"3_1_1_1_1_1_1_1"
"14215","EPI_ISL_19152259",3,1,1,1,1,1,1,1,"3_1_1_1_1_1_1_1"
"14216","EPI_ISL_19152261",3,1,1,1,1,1,1,1,"3_1_1_1_1_1_1_1"
"14217","EPI_ISL_19152263",3,1,1,1,1,1,1,1,"3_1_1_1_1_1_1_1"
"14218","EPI_ISL_19152264",3,1,1,1,1,1,1,1,"3_1_1_1_1_1_1_1"
"14219","EPI_ISL_19152265",5,3,1,1,1,1,1,2,"5_3_1_1_1_1_1_2"
"14220","EPI_ISL_19152266",3,1,1,1,1,1,1,1,"3_1_1_1_1_1_1_1"
"14221","EPI_ISL_19152267",3,1,1,1,1,1,1,1,"3_1_1_1_1_1_1_1"
"14222","EPI_ISL_19152268",5,3,1,1,1,1,1,2,"5_3_1_1_1_1_1_2"
"14223","EPI_ISL_19152269",5,3,1,1,1,1,1,2,"5_3_1_1_1_1_1_2"
"14224","EPI_ISL_19152270",5,3,1,1,1,1,1,2,"5_3_1_1_1_1_1_2"
"14225","EPI_ISL_19152271",3,1,1,1,1,1,1,1,"3_1_1_1_1_1_1_1"
"14226","EPI_ISL_19152275",3,1,1,1,1,1,1,1,"3_1_1_1_1_1_1_1"
"14227","EPI_ISL_19152276",3,1,1,1,1,1,1,1,"3_1_1_1_1_1_1_1"
"14228","EPI_ISL_19152277",5,3,1,1,1,1,1,2,"5_3_1_1_1_1_1_2"
"14229","EPI_ISL_19152279",5,3,1,1,1,1,1,2,"5_3_1_1_1_1_1_2"
"14230","EPI_ISL_19152280",5,3,1,1,1,1,1,2,"5_3_1_1_1_1_1_2"
"14231","EPI_ISL_19152281",3,1,1,1,1,1,1,1,"3_1_1_1_1_1_1_1"
"14232","EPI_ISL_19152298",4,1,1,1,1,1,1,1,"4_1_1_1_1_1_1_1"
"14233","EPI_ISL_19152299",4,1,1,1,1,1,1,1,"4_1_1_1_1_1_1_1"
"14234","EPI_ISL_19152300",3,1,1,1,1,1,1,1,"3_1_1_1_1_1_1_1"
"14235","EPI_ISL_19152301",3,1,1,1,1,1,1,1,"3_1_1_1_1_1_1_1"
"14236","EPI_ISL_19152306",3,1,1,1,1,1,1,1,"3_1_1_1_1_1_1_1"
"14237","EPI_ISL_19152308",5,3,1,1,1,1,1,2,"5_3_1_1_1_1_1_2"
"14238","EPI_ISL_19152309",4,1,1,1,1,1,1,1,"4_1_1_1_1_1_1_1"
"14239","EPI_ISL_19152310",4,1,1,1,1,1,1,1,"4_1_1_1_1_1_1_1"
"14240","EPI_ISL_19152322",3,1,1,1,1,1,1,1,"3_1_1_1_1_1_1_1"
"14241","EPI_ISL_19152323",3,1,1,1,1,1,1,1,"3_1_1_1_1_1_1_1"
"14242","EPI_ISL_19152325",4,1,1,1,1,1,1,1,"4_1_1_1_1_1_1_1"
"14243","EPI_ISL_19152326",4,1,1,1,1,1,1,1,"4_1_1_1_1_1_1_1"
"14244","EPI_ISL_19152327",5,3,1,1,1,1,1,2,"5_3_1_1_1_1_1_2"
"14245","EPI_ISL_19152328",5,1,1,1,1,1,1,1,"5_1_1_1_1_1_1_1"
"14246","EPI_ISL_19152329",5,3,1,1,1,1,1,2,"5_3_1_1_1_1_1_2"
"14247","EPI_ISL_19152330",5,1,1,1,1,1,1,1,"5_1_1_1_1_1_1_1"
"14248","EPI_ISL_19152332",3,1,1,1,1,1,1,1,"3_1_1_1_1_1_1_1"
"14249","EPI_ISL_19152333",3,1,1,1,1,1,1,1,"3_1_1_1_1_1_1_1"
"14250","EPI_ISL_19152334",3,1,1,1,1,1,1,1,"3_1_1_1_1_1_1_1"
"14251","EPI_ISL_19152335",2,1,1,1,2,1,1,1,"2_1_1_1_2_1_1_1"
"14252","EPI_ISL_19152337",5,1,1,1,1,1,1,1,"5_1_1_1_1_1_1_1"
"14253","EPI_ISL_19152339",4,1,1,1,1,1,1,1,"4_1_1_1_1_1_1_1"
"14254","EPI_ISL_19152341",5,3,1,1,1,1,1,2,"5_3_1_1_1_1_1_2"
"14255","EPI_ISL_19152343",5,3,1,1,1,1,1,2,"5_3_1_1_1_1_1_2"
"14256","EPI_ISL_19152348",5,3,1,1,1,1,1,2,"5_3_1_1_1_1_1_2"
"14257","EPI_ISL_19152350",5,3,1,1,1,1,1,2,"5_3_1_1_1_1_1_2"
"14258","EPI_ISL_19152352",5,1,1,1,1,1,1,1,"5_1_1_1_1_1_1_1"
"14259","EPI_ISL_19152354",5,3,1,1,1,1,1,2,"5_3_1_1_1_1_1_2"
"14260","EPI_ISL_19152356",5,3,1,1,1,1,1,2,"5_3_1_1_1_1_1_2"
"14261","EPI_ISL_19152359",5,3,1,1,1,1,1,2,"5_3_1_1_1_1_1_2"
"14262","EPI_ISL_19152361",5,3,1,1,1,1,1,2,"5_3_1_1_1_1_1_2"
"14263","EPI_ISL_19152363",4,1,1,1,1,1,1,1,"4_1_1_1_1_1_1_1"
"14264","EPI_ISL_19152365",5,1,1,1,1,1,1,1,"5_1_1_1_1_1_1_1"
"14265","EPI_ISL_19152367",5,3,1,1,1,1,1,2,"5_3_1_1_1_1_1_2"
"14266","EPI_ISL_19152369",5,3,1,1,1,1,1,2,"5_3_1_1_1_1_1_2"
"14267","EPI_ISL_19152373",5,3,1,1,1,1,1,2,"5_3_1_1_1_1_1_2"
"14268","EPI_ISL_19152375",5,1,1,1,1,1,1,1,"5_1_1_1_1_1_1_1"
"14269","EPI_ISL_19152438",3,1,1,1,1,1,1,1,"3_1_1_1_1_1_1_1"
"14270","EPI_ISL_19152446",3,1,1,1,1,1,1,1,"3_1_1_1_1_1_1_1"
"14271","EPI_ISL_19152455",5,1,1,1,1,1,1,1,"5_1_1_1_1_1_1_1"
"14272","EPI_ISL_19152462",3,1,1,1,1,1,1,1,"3_1_1_1_1_1_1_1"
"14273","EPI_ISL_19152475",5,1,1,1,1,1,1,1,"5_1_1_1_1_1_1_1"
"14274","EPI_ISL_19152488",3,1,1,1,1,1,1,1,"3_1_1_1_1_1_1_1"
"14275","EPI_ISL_19152489",3,1,1,1,1,1,1,1,"3_1_1_1_1_1_1_1"
"14276","EPI_ISL_19152504",5,3,1,1,1,1,1,2,"5_3_1_1_1_1_1_2"
"14277","EPI_ISL_19152505",5,3,1,1,1,1,1,2,"5_3_1_1_1_1_1_2"
"14278","EPI_ISL_19152509",5,3,1,1,1,1,1,2,"5_3_1_1_1_1_1_2"
"14279","EPI_ISL_19152510",3,1,1,1,1,1,1,1,"3_1_1_1_1_1_1_1"
"14280","EPI_ISL_19152520",3,1,1,1,1,1,1,1,"3_1_1_1_1_1_1_1"
"14281","EPI_ISL_19152521",5,3,1,1,1,1,1,2,"5_3_1_1_1_1_1_2"
"14282","EPI_ISL_19152522",3,1,1,1,1,1,1,1,"3_1_1_1_1_1_1_1"
"14283","EPI_ISL_19152523",3,1,1,1,1,1,1,1,"3_1_1_1_1_1_1_1"
"14284","EPI_ISL_19152524",3,1,1,1,1,1,1,1,"3_1_1_1_1_1_1_1"
"14285","EPI_ISL_19152526",3,1,1,1,1,1,1,1,"3_1_1_1_1_1_1_1"
"14286","EPI_ISL_19152547",5,3,1,1,1,1,1,2,"5_3_1_1_1_1_1_2"
"14287","EPI_ISL_19152548",5,3,1,1,1,1,1,2,"5_3_1_1_1_1_1_2"
"14288","EPI_ISL_19152577",4,1,1,1,1,1,1,1,"4_1_1_1_1_1_1_1"
"14289","EPI_ISL_19152637",5,1,1,1,1,1,1,1,"5_1_1_1_1_1_1_1"
"14290","EPI_ISL_19152639",5,1,1,1,1,1,1,1,"5_1_1_1_1_1_1_1"
"14291","EPI_ISL_19152690",4,1,1,1,1,1,1,1,"4_1_1_1_1_1_1_1"
"14292","EPI_ISL_19152701",3,1,1,1,1,1,1,1,"3_1_1_1_1_1_1_1"
"14293","EPI_ISL_19152702",3,1,1,1,1,1,1,1,"3_1_1_1_1_1_1_1"
"14294","EPI_ISL_19152705",3,1,1,1,1,1,1,1,"3_1_1_1_1_1_1_1"
"14295","EPI_ISL_19152709",3,1,1,1,1,1,1,1,"3_1_1_1_1_1_1_1"
"14296","EPI_ISL_19152711",3,1,1,1,1,1,1,1,"3_1_1_1_1_1_1_1"
"14297","EPI_ISL_19152729",5,3,1,1,1,1,1,2,"5_3_1_1_1_1_1_2"
"14298","EPI_ISL_19152734",3,1,1,1,1,1,1,1,"3_1_1_1_1_1_1_1"
"14299","EPI_ISL_19152737",5,1,1,1,1,1,1,1,"5_1_1_1_1_1_1_1"
"14300","EPI_ISL_19152738",5,3,1,1,1,1,1,2,"5_3_1_1_1_1_1_2"
"14301","EPI_ISL_19152741",5,1,1,1,1,1,1,1,"5_1_1_1_1_1_1_1"
"14302","EPI_ISL_19152742",5,3,1,1,1,1,1,2,"5_3_1_1_1_1_1_2"
"14303","EPI_ISL_19152766",5,1,1,1,1,1,1,1,"5_1_1_1_1_1_1_1"
"14304","EPI_ISL_19152767",5,3,1,1,1,1,1,2,"5_3_1_1_1_1_1_2"
"14305","EPI_ISL_19152768",5,1,1,1,1,1,1,1,"5_1_1_1_1_1_1_1"
"14306","EPI_ISL_19152769",5,1,1,1,1,1,1,1,"5_1_1_1_1_1_1_1"
"14307","EPI_ISL_19152770",5,1,1,1,1,1,1,1,"5_1_1_1_1_1_1_1"
"14308","EPI_ISL_19152780",3,1,1,1,1,1,1,1,"3_1_1_1_1_1_1_1"
"14309","EPI_ISL_19152781",3,1,1,1,1,1,1,1,"3_1_1_1_1_1_1_1"
"14310","EPI_ISL_19152782",5,3,1,1,1,1,1,2,"5_3_1_1_1_1_1_2"
"14311","EPI_ISL_19152783",5,3,1,1,1,1,1,2,"5_3_1_1_1_1_1_2"
"14312","EPI_ISL_19152784",5,1,1,1,1,1,1,1,"5_1_1_1_1_1_1_1"
"14313","EPI_ISL_19152785",3,1,1,1,1,1,1,1,"3_1_1_1_1_1_1_1"
"14314","EPI_ISL_19152786",3,1,1,1,1,1,1,1,"3_1_1_1_1_1_1_1"
"14315","EPI_ISL_19152790",5,1,1,1,1,1,1,1,"5_1_1_1_1_1_1_1"
"14316","EPI_ISL_19152793",4,1,1,1,1,1,1,1,"4_1_1_1_1_1_1_1"
"14317","EPI_ISL_19152802",4,1,1,1,1,1,1,1,"4_1_1_1_1_1_1_1"
"14318","EPI_ISL_19152803",4,1,1,1,1,1,1,1,"4_1_1_1_1_1_1_1"
"14319","EPI_ISL_19152804",4,1,1,1,1,1,1,1,"4_1_1_1_1_1_1_1"
"14320","EPI_ISL_19152805",4,1,1,1,1,1,1,1,"4_1_1_1_1_1_1_1"
"14321","EPI_ISL_19152834",5,3,1,1,1,1,1,2,"5_3_1_1_1_1_1_2"
"14322","EPI_ISL_19152835",5,3,1,1,1,1,1,2,"5_3_1_1_1_1_1_2"
"14323","EPI_ISL_19152836",5,3,1,1,1,1,1,2,"5_3_1_1_1_1_1_2"
"14324","EPI_ISL_19152837",5,3,1,1,1,1,1,2,"5_3_1_1_1_1_1_2"
"14325","EPI_ISL_19152838",5,3,1,1,1,1,1,2,"5_3_1_1_1_1_1_2"
"14326","EPI_ISL_19152839",5,3,1,1,1,1,1,2,"5_3_1_1_1_1_1_2"
"14327","EPI_ISL_19152845",5,3,1,1,1,1,1,2,"5_3_1_1_1_1_1_2"
"14328","EPI_ISL_19152850",5,3,1,1,1,1,1,2,"5_3_1_1_1_1_1_2"
"14329","EPI_ISL_19152851",5,3,1,1,1,1,1,2,"5_3_1_1_1_1_1_2"
"14330","EPI_ISL_19152852",5,3,1,1,1,1,1,2,"5_3_1_1_1_1_1_2"
"14331","EPI_ISL_19152855",3,1,1,1,1,1,1,1,"3_1_1_1_1_1_1_1"
"14332","EPI_ISL_19152859",4,1,1,1,1,1,1,1,"4_1_1_1_1_1_1_1"
"14333","EPI_ISL_19152860",4,1,1,1,1,1,1,1,"4_1_1_1_1_1_1_1"
"14334","EPI_ISL_19152870",4,1,1,1,1,1,1,1,"4_1_1_1_1_1_1_1"
"14335","EPI_ISL_19152871",5,3,1,1,1,1,1,2,"5_3_1_1_1_1_1_2"
"14336","EPI_ISL_19152872",5,1,1,1,1,1,1,1,"5_1_1_1_1_1_1_1"
"14337","EPI_ISL_19152873",2,1,1,1,2,1,1,1,"2_1_1_1_2_1_1_1"
"14338","EPI_ISL_19152874",2,1,1,1,2,1,1,1,"2_1_1_1_2_1_1_1"
"14339","EPI_ISL_19152875",2,1,1,1,2,1,1,1,"2_1_1_1_2_1_1_1"
"14340","EPI_ISL_19152876",2,1,1,1,2,1,1,1,"2_1_1_1_2_1_1_1"
"14341","EPI_ISL_19152877",2,1,1,1,2,1,1,1,"2_1_1_1_2_1_1_1"
"14342","EPI_ISL_19152878",2,1,1,1,2,1,1,1,"2_1_1_1_2_1_1_1"
"14343","EPI_ISL_19152879",2,1,1,1,2,1,1,1,"2_1_1_1_2_1_1_1"
"14344","EPI_ISL_19152880",4,1,1,1,1,1,1,1,"4_1_1_1_1_1_1_1"
"14345","EPI_ISL_19152881",4,1,1,1,1,1,1,1,"4_1_1_1_1_1_1_1"
"14346","EPI_ISL_19152882",5,3,1,1,1,1,1,2,"5_3_1_1_1_1_1_2"
"14347","EPI_ISL_19152883",5,3,1,1,1,1,1,2,"5_3_1_1_1_1_1_2"
"14348","EPI_ISL_19152884",5,3,1,1,1,1,1,2,"5_3_1_1_1_1_1_2"
"14349","EPI_ISL_19152885",5,3,1,1,1,1,1,2,"5_3_1_1_1_1_1_2"
"14350","EPI_ISL_19152886",5,3,1,1,1,1,1,2,"5_3_1_1_1_1_1_2"
"14351","EPI_ISL_19152887",5,3,1,1,1,1,1,2,"5_3_1_1_1_1_1_2"
"14352","EPI_ISL_19152888",5,3,1,1,1,1,1,2,"5_3_1_1_1_1_1_2"
"14353","EPI_ISL_19152889",5,3,1,1,1,1,1,2,"5_3_1_1_1_1_1_2"
"14354","EPI_ISL_19152892",4,5,5,1,1,1,1,1,"4_5_5_1_1_1_1_1"
"14355","EPI_ISL_19152893",4,5,5,1,1,1,1,1,"4_5_5_1_1_1_1_1"
"14356","EPI_ISL_19152895",3,1,1,1,1,1,1,1,"3_1_1_1_1_1_1_1"
"14357","EPI_ISL_19151887",2,1,1,1,2,1,1,1,"2_1_1_1_2_1_1_1"
"14358","EPI_ISL_19151907",2,1,1,1,2,1,1,1,"2_1_1_1_2_1_1_1"
"14359","EPI_ISL_19151909",2,1,1,1,2,1,1,1,"2_1_1_1_2_1_1_1"
"14360","EPI_ISL_19152012",4,5,5,1,1,1,1,1,"4_5_5_1_1_1_1_1"
"14361","EPI_ISL_19152038",4,5,5,1,1,1,1,1,"4_5_5_1_1_1_1_1"
"14362","EPI_ISL_19152120",2,1,1,1,2,1,1,1,"2_1_1_1_2_1_1_1"
"14363","EPI_ISL_19152273",2,1,1,1,2,1,1,1,"2_1_1_1_2_1_1_1"
"14364","EPI_ISL_19152331",2,1,1,1,2,1,1,1,"2_1_1_1_2_1_1_1"
"14365","EPI_ISL_19152377",2,1,1,1,2,1,1,1,"2_1_1_1_2_1_1_1"
"14366","EPI_ISL_19152435",4,5,5,1,1,1,1,1,"4_5_5_1_1_1_1_1"
"14367","EPI_ISL_19152439",2,1,1,1,2,1,1,1,"2_1_1_1_2_1_1_1"
"14368","EPI_ISL_19152440",2,1,1,1,2,1,1,1,"2_1_1_1_2_1_1_1"
"14369","EPI_ISL_19152441",2,1,1,1,2,1,1,1,"2_1_1_1_2_1_1_1"
"14370","EPI_ISL_19152442",2,1,1,1,2,1,1,1,"2_1_1_1_2_1_1_1"
"14371","EPI_ISL_19152471",2,1,1,1,2,1,1,1,"2_1_1_1_2_1_1_1"
"14372","EPI_ISL_19152472",2,1,1,1,2,1,1,1,"2_1_1_1_2_1_1_1"
"14373","EPI_ISL_19152491",2,1,1,1,2,1,1,1,"2_1_1_1_2_1_1_1"
"14374","EPI_ISL_19152492",2,1,1,1,2,1,1,1,"2_1_1_1_2_1_1_1"
"14375","EPI_ISL_19152500",2,1,1,1,2,1,1,1,"2_1_1_1_2_1_1_1"
"14376","EPI_ISL_19152511",2,1,1,1,2,1,1,1,"2_1_1_1_2_1_1_1"
"14377","EPI_ISL_19152512",2,1,1,1,2,1,1,1,"2_1_1_1_2_1_1_1"
"14378","EPI_ISL_19152513",2,1,1,1,2,1,1,1,"2_1_1_1_2_1_1_1"
"14379","EPI_ISL_19152514",2,1,1,1,2,1,1,1,"2_1_1_1_2_1_1_1"
"14380","EPI_ISL_19152515",2,1,1,1,2,1,1,1,"2_1_1_1_2_1_1_1"
"14381","EPI_ISL_19152516",2,1,1,1,2,1,1,1,"2_1_1_1_2_1_1_1"
"14382","EPI_ISL_19152529",4,5,5,1,1,1,1,1,"4_5_5_1_1_1_1_1"
"14383","EPI_ISL_19152530",4,5,5,1,1,1,1,1,"4_5_5_1_1_1_1_1"
"14384","EPI_ISL_19152538",2,1,1,1,2,1,1,1,"2_1_1_1_2_1_1_1"
"14385","EPI_ISL_19152539",2,1,1,1,2,1,1,1,"2_1_1_1_2_1_1_1"
"14386","EPI_ISL_19152540",2,1,1,1,2,1,1,1,"2_1_1_1_2_1_1_1"
"14387","EPI_ISL_19152541",2,1,1,1,2,1,1,1,"2_1_1_1_2_1_1_1"
"14388","EPI_ISL_19152542",2,1,1,1,2,1,1,1,"2_1_1_1_2_1_1_1"
"14389","EPI_ISL_19152543",2,1,1,1,2,1,1,1,"2_1_1_1_2_1_1_1"
"14390","EPI_ISL_19152544",2,1,1,1,2,1,1,1,"2_1_1_1_2_1_1_1"
"14391","EPI_ISL_19152607",2,1,1,1,2,1,1,1,"2_1_1_1_2_1_1_1"
"14392","EPI_ISL_19152611",2,1,1,1,2,1,1,1,"2_1_1_1_2_1_1_1"
"14393","EPI_ISL_19152612",2,1,1,1,2,1,1,1,"2_1_1_1_2_1_1_1"
"14394","EPI_ISL_19152618",2,1,1,1,2,1,1,1,"2_1_1_1_2_1_1_1"
"14395","EPI_ISL_19152619",2,1,1,1,2,1,1,1,"2_1_1_1_2_1_1_1"
"14396","EPI_ISL_19152662",2,1,1,1,2,1,1,1,"2_1_1_1_2_1_1_1"
"14397","EPI_ISL_19152669",2,1,1,1,2,1,1,1,"2_1_1_1_2_1_1_1"
"14398","EPI_ISL_19152673",2,1,1,1,2,1,1,1,"2_1_1_1_2_1_1_1"
"14399","EPI_ISL_19152677",2,1,1,1,2,1,1,1,"2_1_1_1_2_1_1_1"
"14400","EPI_ISL_19152679",2,1,1,1,2,1,1,1,"2_1_1_1_2_1_1_1"
"14401","EPI_ISL_19152684",2,1,1,1,2,1,1,1,"2_1_1_1_2_1_1_1"
"14402","EPI_ISL_19152686",2,1,1,1,2,1,1,1,"2_1_1_1_2_1_1_1"
"14403","EPI_ISL_19152703",2,1,1,1,2,1,1,1,"2_1_1_1_2_1_1_1"
"14404","EPI_ISL_19152706",2,1,1,1,2,1,1,1,"2_1_1_1_2_1_1_1"
"14405","EPI_ISL_19152707",2,1,1,1,2,1,1,1,"2_1_1_1_2_1_1_1"
"14406","EPI_ISL_19152708",2,1,1,1,2,1,1,1,"2_1_1_1_2_1_1_1"
"14407","EPI_ISL_19152720",2,1,1,1,2,1,1,1,"2_1_1_1_2_1_1_1"
"14408","EPI_ISL_19152726",2,1,1,1,2,1,1,1,"2_1_1_1_2_1_1_1"
"14409","EPI_ISL_19152727",4,5,5,1,1,1,1,1,"4_5_5_1_1_1_1_1"
"14410","EPI_ISL_19152728",2,1,1,1,2,1,1,1,"2_1_1_1_2_1_1_1"
"14411","EPI_ISL_19152730",2,1,1,1,2,1,1,1,"2_1_1_1_2_1_1_1"
"14412","EPI_ISL_19152735",2,1,1,1,2,1,1,1,"2_1_1_1_2_1_1_1"
"14413","EPI_ISL_19152736",2,1,1,1,2,1,1,1,"2_1_1_1_2_1_1_1"
"14414","EPI_ISL_19152743",2,1,1,1,2,1,1,1,"2_1_1_1_2_1_1_1"
"14415","EPI_ISL_19152758",2,1,1,1,2,1,1,1,"2_1_1_1_2_1_1_1"
"14416","EPI_ISL_19152759",2,1,1,1,2,1,1,1,"2_1_1_1_2_1_1_1"
"14417","EPI_ISL_19152760",4,5,5,1,1,1,1,1,"4_5_5_1_1_1_1_1"
"14418","EPI_ISL_19152761",4,5,5,1,1,1,1,1,"4_5_5_1_1_1_1_1"
"14419","EPI_ISL_19152762",4,5,5,1,1,1,1,1,"4_5_5_1_1_1_1_1"
"14420","EPI_ISL_19152763",4,5,5,1,1,1,1,1,"4_5_5_1_1_1_1_1"
"14421","EPI_ISL_19152764",4,5,5,1,1,1,1,1,"4_5_5_1_1_1_1_1"
"14422","EPI_ISL_19152771",4,5,5,1,1,1,1,1,"4_5_5_1_1_1_1_1"
"14423","EPI_ISL_19152774",2,1,1,1,2,1,1,1,"2_1_1_1_2_1_1_1"
"14424","EPI_ISL_19152775",4,5,5,1,1,1,1,1,"4_5_5_1_1_1_1_1"
"14425","EPI_ISL_19152776",4,5,5,1,1,1,1,1,"4_5_5_1_1_1_1_1"
"14426","EPI_ISL_19152777",4,5,5,1,1,1,1,1,"4_5_5_1_1_1_1_1"
"14427","EPI_ISL_19152789",2,1,1,1,2,1,1,1,"2_1_1_1_2_1_1_1"
"14428","EPI_ISL_19152796",2,1,1,1,2,1,1,1,"2_1_1_1_2_1_1_1"
"14429","EPI_ISL_19152797",2,1,1,1,2,1,1,1,"2_1_1_1_2_1_1_1"
"14430","EPI_ISL_19152798",2,1,1,1,2,1,1,1,"2_1_1_1_2_1_1_1"
"14431","EPI_ISL_19152821",2,1,1,1,2,1,1,1,"2_1_1_1_2_1_1_1"
"14432","EPI_ISL_19152822",2,1,1,1,2,1,1,1,"2_1_1_1_2_1_1_1"
"14433","EPI_ISL_19152823",2,1,1,1,2,1,1,1,"2_1_1_1_2_1_1_1"
"14434","EPI_ISL_19152832",2,1,1,1,2,1,1,1,"2_1_1_1_2_1_1_1"
"14435","EPI_ISL_19152841",2,1,1,1,2,1,1,1,"2_1_1_1_2_1_1_1"
"14436","EPI_ISL_19152854",2,1,1,1,2,1,1,1,"2_1_1_1_2_1_1_1"
"14437","EPI_ISL_19152856",2,1,1,1,2,1,1,1,"2_1_1_1_2_1_1_1"
"14438","EPI_ISL_19152865",4,5,5,1,1,1,1,1,"4_5_5_1_1_1_1_1"
"14439","EPI_ISL_19152891",2,1,1,1,2,1,1,1,"2_1_1_1_2_1_1_1"
"14440","EPI_ISL_19152894",2,1,1,1,2,1,1,1,"2_1_1_1_2_1_1_1"
"14441","EPI_ISL_19151880",4,5,5,1,1,1,1,1,"4_5_5_1_1_1_1_1"
"14442","EPI_ISL_19151882",4,5,5,1,1,1,1,1,"4_5_5_1_1_1_1_1"
"14443","EPI_ISL_19151900",4,5,5,1,1,1,1,1,"4_5_5_1_1_1_1_1"
"14444","EPI_ISL_19151901",4,5,5,1,1,1,1,1,"4_5_5_1_1_1_1_1"
"14445","EPI_ISL_19151916",2,1,1,1,2,1,1,1,"2_1_1_1_2_1_1_1"
"14446","EPI_ISL_19151923",2,1,1,1,2,1,1,1,"2_1_1_1_2_1_1_1"
"14447","EPI_ISL_19151994",4,5,5,1,1,1,1,1,"4_5_5_1_1_1_1_1"
"14448","EPI_ISL_19151998",4,5,5,1,1,1,1,1,"4_5_5_1_1_1_1_1"
"14449","EPI_ISL_19152002",4,5,5,1,1,1,1,1,"4_5_5_1_1_1_1_1"
"14450","EPI_ISL_19152018",4,5,5,1,1,1,1,1,"4_5_5_1_1_1_1_1"
"14451","EPI_ISL_19152031",4,1,1,1,1,1,1,1,"4_1_1_1_1_1_1_1"
"14452","EPI_ISL_19152274",5,3,1,1,1,1,1,2,"5_3_1_1_1_1_1_2"
"14453","EPI_ISL_19152307",4,5,5,1,1,1,1,1,"4_5_5_1_1_1_1_1"
"14454","EPI_ISL_19152642",5,3,1,1,1,1,1,2,"5_3_1_1_1_1_1_2"
"14455","EPI_ISL_19152732",4,5,5,1,1,1,1,1,"4_5_5_1_1_1_1_1"
"14456","EPI_ISL_19152739",4,5,5,1,1,1,1,1,"4_5_5_1_1_1_1_1"
"14457","EPI_ISL_19152750",5,3,1,1,1,1,1,2,"5_3_1_1_1_1_1_2"
"14458","EPI_ISL_19152751",5,3,1,1,1,1,1,2,"5_3_1_1_1_1_1_2"
"14459","EPI_ISL_19152799",5,3,1,1,1,1,1,2,"5_3_1_1_1_1_1_2"
"14460","EPI_ISL_19151875",4,1,1,1,1,1,1,1,"4_1_1_1_1_1_1_1"
"14461","EPI_ISL_19151895",5,1,1,1,1,1,1,1,"5_1_1_1_1_1_1_1"
"14462","EPI_ISL_19151896",4,1,1,1,1,1,1,1,"4_1_1_1_1_1_1_1"
"14463","EPI_ISL_19151899",5,1,1,1,1,1,1,1,"5_1_1_1_1_1_1_1"
"14464","EPI_ISL_19151908",4,1,1,1,1,1,1,1,"4_1_1_1_1_1_1_1"
"14465","EPI_ISL_19151921",5,3,1,1,1,1,1,2,"5_3_1_1_1_1_1_2"
"14466","EPI_ISL_19151922",5,3,1,1,1,1,1,2,"5_3_1_1_1_1_1_2"
"14467","EPI_ISL_19151924",4,1,1,1,1,1,1,1,"4_1_1_1_1_1_1_1"
"14468","EPI_ISL_19151928",5,1,1,1,1,1,1,1,"5_1_1_1_1_1_1_1"
"14469","EPI_ISL_19151953",2,1,1,1,2,1,1,1,"2_1_1_1_2_1_1_1"
"14470","EPI_ISL_19151954",4,1,1,1,1,1,1,1,"4_1_1_1_1_1_1_1"
"14471","EPI_ISL_19151956",5,3,1,1,1,1,1,2,"5_3_1_1_1_1_1_2"
"14472","EPI_ISL_19151957",5,1,1,1,1,1,1,1,"5_1_1_1_1_1_1_1"
"14473","EPI_ISL_19151959",5,1,1,1,1,1,1,1,"5_1_1_1_1_1_1_1"
"14474","EPI_ISL_19151960",5,1,1,1,1,1,1,1,"5_1_1_1_1_1_1_1"
"14475","EPI_ISL_19152074",5,3,1,1,1,1,1,2,"5_3_1_1_1_1_1_2"
"14476","EPI_ISL_19152075",4,1,1,1,1,1,1,1,"4_1_1_1_1_1_1_1"
"14477","EPI_ISL_19152081",4,1,1,1,1,1,1,1,"4_1_1_1_1_1_1_1"
"14478","EPI_ISL_19152094",4,1,1,1,1,1,1,1,"4_1_1_1_1_1_1_1"
"14479","EPI_ISL_19152109",5,1,1,1,1,1,1,1,"5_1_1_1_1_1_1_1"
"14480","EPI_ISL_19152110",5,1,1,1,1,1,1,1,"5_1_1_1_1_1_1_1"
"14481","EPI_ISL_19152115",5,1,1,1,1,1,1,1,"5_1_1_1_1_1_1_1"
"14482","EPI_ISL_19152272",4,1,1,1,1,1,1,1,"4_1_1_1_1_1_1_1"
"14483","EPI_ISL_19152278",5,1,1,1,1,1,1,1,"5_1_1_1_1_1_1_1"
"14484","EPI_ISL_19152305",4,1,1,1,1,1,1,1,"4_1_1_1_1_1_1_1"
"14485","EPI_ISL_19152436",5,3,1,1,1,1,1,2,"5_3_1_1_1_1_1_2"
"14486","EPI_ISL_19152525",2,1,1,1,2,1,1,1,"2_1_1_1_2_1_1_1"
"14487","EPI_ISL_19152581",4,1,1,1,1,1,1,1,"4_1_1_1_1_1_1_1"
"14488","EPI_ISL_19152584",4,1,1,1,1,1,1,1,"4_1_1_1_1_1_1_1"
"14489","EPI_ISL_19152590",4,1,1,1,1,1,1,1,"4_1_1_1_1_1_1_1"
"14490","EPI_ISL_19152731",5,3,1,1,1,1,1,2,"5_3_1_1_1_1_1_2"
"14491","EPI_ISL_19152747",5,3,1,1,1,1,1,2,"5_3_1_1_1_1_1_2"
"14492","EPI_ISL_19152748",5,3,1,1,1,1,1,2,"5_3_1_1_1_1_1_2"
"14493","EPI_ISL_19152749",5,3,1,1,1,1,1,2,"5_3_1_1_1_1_1_2"
"14494","EPI_ISL_19151877",3,1,1,1,1,1,1,1,"3_1_1_1_1_1_1_1"
"14495","EPI_ISL_19151878",3,1,1,1,1,1,1,1,"3_1_1_1_1_1_1_1"
"14496","EPI_ISL_19151888",3,1,1,1,1,1,1,1,"3_1_1_1_1_1_1_1"
"14497","EPI_ISL_19151893",3,1,1,1,1,1,1,1,"3_1_1_1_1_1_1_1"
"14498","EPI_ISL_19151898",3,1,1,1,1,1,1,1,"3_1_1_1_1_1_1_1"
"14499","EPI_ISL_19151937",4,1,1,1,1,1,1,1,"4_1_1_1_1_1_1_1"
"14500","EPI_ISL_19151938",3,1,1,1,1,1,1,1,"3_1_1_1_1_1_1_1"
"14501","EPI_ISL_19151952",3,1,1,1,1,1,1,1,"3_1_1_1_1_1_1_1"
"14502","EPI_ISL_19152437",3,1,1,1,1,1,1,1,"3_1_1_1_1_1_1_1"
"14503","EPI_ISL_19152506",5,1,1,1,1,1,1,1,"5_1_1_1_1_1_1_1"
"14504","EPI_ISL_19152632",5,3,1,1,1,1,1,2,"5_3_1_1_1_1_1_2"
"14505","EPI_ISL_19152710",3,1,1,1,1,1,1,1,"3_1_1_1_1_1_1_1"
"14506","EPI_ISL_19152718",3,1,1,1,1,1,1,1,"3_1_1_1_1_1_1_1"
"14507","EPI_ISL_19152752",3,1,1,1,1,1,1,1,"3_1_1_1_1_1_1_1"
"14508","EPI_ISL_19152772",3,1,1,1,1,1,1,1,"3_1_1_1_1_1_1_1"
"14509","EPI_ISL_19152773",3,1,1,1,1,1,1,1,"3_1_1_1_1_1_1_1"
"14510","EPI_ISL_19152779",3,1,1,1,1,1,1,1,"3_1_1_1_1_1_1_1"
"14511","EPI_ISL_19152791",4,1,1,1,1,1,1,1,"4_1_1_1_1_1_1_1"
"14512","EPI_ISL_19152794",3,1,1,1,1,1,1,1,"3_1_1_1_1_1_1_1"
"14513","EPI_ISL_19152801",3,1,1,1,1,1,1,1,"3_1_1_1_1_1_1_1"
"14514","EPI_ISL_19152826",3,1,1,1,1,1,1,1,"3_1_1_1_1_1_1_1"
"14515","EPI_ISL_19152827",3,1,1,1,1,1,1,1,"3_1_1_1_1_1_1_1"
"14516","EPI_ISL_19152828",3,1,1,1,1,1,1,1,"3_1_1_1_1_1_1_1"
"14517","EPI_ISL_19152840",3,1,1,1,1,1,1,1,"3_1_1_1_1_1_1_1"
"14518","EPI_ISL_19152853",3,1,1,1,1,1,1,1,"3_1_1_1_1_1_1_1"
"14519","EPI_ISL_19152858",3,1,1,1,1,1,1,1,"3_1_1_1_1_1_1_1"
"14520","EPI_ISL_19152863",3,1,1,1,1,1,1,1,"3_1_1_1_1_1_1_1"
"14521","EPI_ISL_19152864",3,1,1,1,1,1,1,1,"3_1_1_1_1_1_1_1"
"14522","EPI_ISL_19152866",5,1,1,1,1,1,1,1,"5_1_1_1_1_1_1_1"
"14523","EPI_ISL_19152867",3,1,1,1,1,1,1,1,"3_1_1_1_1_1_1_1"
"14524","EPI_ISL_19152868",3,1,1,1,1,1,1,1,"3_1_1_1_1_1_1_1"
"14525","EPI_ISL_19152869",3,1,1,1,1,1,1,1,"3_1_1_1_1_1_1_1"
"14526","EPI_ISL_19152890",3,1,1,1,1,1,1,1,"3_1_1_1_1_1_1_1"
"14527","EPI_ISL_18792212",8,6,2,1,2,3,1,1,"8_6_2_1_2_3_1_1"
"14528","EPI_ISL_19004930",1,1,1,1,2,1,1,1,"1_1_1_1_2_1_1_1"
"14529","EPI_ISL_19004931",1,1,1,1,2,1,1,1,"1_1_1_1_2_1_1_1"
"14530","EPI_ISL_19004933",1,1,1,1,2,1,1,1,"1_1_1_1_2_1_1_1"
"14531","EPI_ISL_19004934",1,1,1,1,2,1,1,1,"1_1_1_1_2_1_1_1"
"14532","EPI_ISL_19004935",1,1,1,1,2,1,1,1,"1_1_1_1_2_1_1_1"
"14533","EPI_ISL_19004936",1,1,1,1,2,1,1,1,"1_1_1_1_2_1_1_1"
"14534","EPI_ISL_19004937",1,1,1,1,2,1,1,1,"1_1_1_1_2_1_1_1"
"14535","EPI_ISL_19004938",1,1,1,1,2,1,1,1,"1_1_1_1_2_1_1_1"
"14536","EPI_ISL_19004939",1,1,1,1,2,1,1,1,"1_1_1_1_2_1_1_1"
"14537","EPI_ISL_19004940",1,1,1,1,2,1,1,1,"1_1_1_1_2_1_1_1"
"14538","EPI_ISL_19004941",1,1,1,1,2,1,1,1,"1_1_1_1_2_1_1_1"
"14539","EPI_ISL_19004942",1,1,1,1,2,1,1,1,"1_1_1_1_2_1_1_1"
"14540","EPI_ISL_19004943",1,1,1,1,2,1,1,1,"1_1_1_1_2_1_1_1"
"14541","EPI_ISL_19004944",1,1,1,1,2,1,1,1,"1_1_1_1_2_1_1_1"
"14542","EPI_ISL_19004945",1,1,1,1,2,1,1,1,"1_1_1_1_2_1_1_1"
"14543","EPI_ISL_19004946",1,1,1,1,2,1,1,1,"1_1_1_1_2_1_1_1"
"14544","EPI_ISL_19004948",1,1,2,1,2,1,1,1,"1_1_2_1_2_1_1_1"
"14545","EPI_ISL_19004949",1,1,1,1,2,1,1,1,"1_1_1_1_2_1_1_1"
"14546","EPI_ISL_19004950",1,1,1,1,2,1,1,1,"1_1_1_1_2_1_1_1"
"14547","EPI_ISL_19004951",1,1,1,1,2,1,1,1,"1_1_1_1_2_1_1_1"
"14548","EPI_ISL_19004952",1,1,1,1,2,1,1,1,"1_1_1_1_2_1_1_1"
"14549","EPI_ISL_19004953",1,1,1,1,2,1,1,1,"1_1_1_1_2_1_1_1"
"14550","EPI_ISL_19004954",1,1,1,1,2,1,1,1,"1_1_1_1_2_1_1_1"
"14551","EPI_ISL_19151915",4,1,1,1,1,1,1,1,"4_1_1_1_1_1_1_1"
"14552","EPI_ISL_18956173",1,6,2,1,2,1,1,1,"1_6_2_1_2_1_1_1"
"14553","EPI_ISL_18956176",1,6,2,1,2,1,1,1,"1_6_2_1_2_1_1_1"
"14554","EPI_ISL_19070499",7,2,1,1,1,1,1,2,"7_2_1_1_1_1_1_2"
"14555","EPI_ISL_19070566",4,13,9,1,2,1,1,1,"4_13_9_1_2_1_1_1"
"14556","EPI_ISL_19496493",2,1,1,1,2,1,1,1,"2_1_1_1_2_1_1_1"
"14557","EPI_ISL_19496398",2,1,1,1,2,1,1,1,"2_1_1_1_2_1_1_1"
"14558","EPI_ISL_19496399",2,1,1,1,2,1,1,1,"2_1_1_1_2_1_1_1"
"14559","EPI_ISL_19496405",2,1,1,1,2,1,1,1,"2_1_1_1_2_1_1_1"
"14560","EPI_ISL_19496417",2,1,1,1,2,1,1,1,"2_1_1_1_2_1_1_1"
"14561","EPI_ISL_19496418",2,1,1,1,2,1,1,1,"2_1_1_1_2_1_1_1"
"14562","EPI_ISL_19496494",2,1,1,1,2,1,1,1,"2_1_1_1_2_1_1_1"
"14563","EPI_ISL_19496495",2,1,1,1,2,1,1,1,"2_1_1_1_2_1_1_1"
"14564","EPI_ISL_19496496",2,1,1,1,2,1,1,1,"2_1_1_1_2_1_1_1"
"14565","EPI_ISL_19496498",2,1,1,1,2,1,1,1,"2_1_1_1_2_1_1_1"
"14566","EPI_ISL_19496499",2,1,1,1,2,1,1,1,"2_1_1_1_2_1_1_1"
"14567","EPI_ISL_19496500",2,1,1,1,2,1,1,1,"2_1_1_1_2_1_1_1"
"14568","EPI_ISL_19496501",2,1,1,1,2,1,1,1,"2_1_1_1_2_1_1_1"
"14569","EPI_ISL_19496502",2,1,1,1,2,1,1,1,"2_1_1_1_2_1_1_1"
"14570","EPI_ISL_19496504",2,1,1,1,2,1,1,1,"2_1_1_1_2_1_1_1"
"14571","EPI_ISL_19496589",2,1,1,1,2,1,1,1,"2_1_1_1_2_1_1_1"
"14572","EPI_ISL_18824201",17,1,2,1,2,1,1,1,"17_1_2_1_2_1_1_1"
"14573","EPI_ISL_19496401",2,1,1,1,2,1,1,1,"2_1_1_1_2_1_1_1"
"14574","EPI_ISL_19496403",2,1,1,1,2,1,1,1,"2_1_1_1_2_1_1_1"
"14575","EPI_ISL_18956170",8,8,2,1,2,1,1,1,"8_8_2_1_2_1_1_1"
"14576","EPI_ISL_18956185",1,6,2,1,2,1,1,1,"1_6_2_1_2_1_1_1"
"14577","EPI_ISL_19496388",2,1,1,1,2,1,1,1,"2_1_1_1_2_1_1_1"
"14578","EPI_ISL_19496402",2,1,1,1,2,1,1,1,"2_1_1_1_2_1_1_1"
"14579","EPI_ISL_19496406",2,1,1,1,2,1,1,1,"2_1_1_1_2_1_1_1"
"14580","EPI_ISL_19496497",2,1,1,1,2,1,1,1,"2_1_1_1_2_1_1_1"
"14581","EPI_ISL_19496505",2,1,1,1,2,1,1,1,"2_1_1_1_2_1_1_1"
"14582","EPI_ISL_14864640",1,1,2,1,2,1,1,1,"1_1_2_1_2_1_1_1"
"14583","EPI_ISL_14864641",2,1,1,1,2,1,1,1,"2_1_1_1_2_1_1_1"
"14584","EPI_ISL_14864642",2,1,1,1,2,1,1,1,"2_1_1_1_2_1_1_1"
"14585","EPI_ISL_14864638",1,1,2,1,2,1,1,1,"1_1_2_1_2_1_1_1"
"14586","EPI_ISL_14864636",1,1,4,1,4,1,1,4,"1_1_4_1_4_1_1_4"
"14587","EPI_ISL_13782460",1,1,4,1,4,1,1,4,"1_1_4_1_4_1_1_4"
"14588","EPI_ISL_14864635",1,1,4,1,4,1,1,4,"1_1_4_1_4_1_1_4"
"14589","EPI_ISL_14497836",1,1,4,1,4,1,1,4,"1_1_4_1_4_1_1_4"
"14590","EPI_ISL_14497841",1,1,4,1,4,1,1,4,"1_1_4_1_4_1_1_4"
"14591","EPI_ISL_16398198",1,1,4,1,4,1,1,4,"1_1_4_1_4_1_1_4"
"14592","EPI_ISL_16398197",1,1,4,1,4,1,1,4,"1_1_4_1_4_1_1_4"
"14593","EPI_ISL_14864647",1,1,4,1,4,1,1,4,"1_1_4_1_4_1_1_4"
"14594","EPI_ISL_14864648",1,1,4,1,4,1,1,4,"1_1_4_1_4_1_1_4"
"14595","EPI_ISL_14864649",1,1,4,1,4,1,1,4,"1_1_4_1_4_1_1_4"
"14596","EPI_ISL_15038823",1,1,4,1,4,1,1,4,"1_1_4_1_4_1_1_4"
"14597","EPI_ISL_14864651",1,1,4,1,4,1,1,4,"1_1_4_1_4_1_1_4"
"14598","EPI_ISL_15038824",1,1,4,1,4,1,1,4,"1_1_4_1_4_1_1_4"
"14599","EPI_ISL_15038826",1,1,4,1,4,1,1,4,"1_1_4_1_4_1_1_4"
"14600","EPI_ISL_15038821",1,1,4,1,4,1,1,4,"1_1_4_1_4_1_1_4"
"14601","EPI_ISL_15585855",1,1,4,1,4,1,1,4,"1_1_4_1_4_1_1_4"
"14602","EPI_ISL_15585859",1,1,4,1,4,1,1,4,"1_1_4_1_4_1_1_4"
"14603","EPI_ISL_15586123",1,1,4,1,4,1,1,4,"1_1_4_1_4_1_1_4"
"14604","EPI_ISL_15585860",1,1,4,1,4,1,1,4,"1_1_4_1_4_1_1_4"
"14605","EPI_ISL_15585907",1,1,4,1,4,1,1,4,"1_1_4_1_4_1_1_4"
"14606","EPI_ISL_15958024",1,1,4,1,4,1,1,4,"1_1_4_1_4_1_1_4"
"14607","EPI_ISL_15957991",1,6,2,1,2,1,1,1,"1_6_2_1_2_1_1_1"
"14608","EPI_ISL_china_1",26,24,18,1,17,4,1,7,"26_24_18_1_17_4_1_7"
"14609","EPI_ISL_china_2",6,4,3,1,3,2,1,3,"6_4_3_1_3_2_1_3"
"14610","EPI_ISL_china_3",6,4,3,1,3,2,1,3,"6_4_3_1_3_2_1_3"
"14611","EPI_ISL_china_4",6,4,3,1,3,2,1,3,"6_4_3_1_3_2_1_3"
"14612","EPI_ISL_china_5",6,4,3,1,3,2,1,3,"6_4_3_1_3_2_1_3"
"14613","EPI_ISL_china_7",6,22,3,1,18,11,1,3,"6_22_3_1_18_11_1_3"
"14614","EPI_ISL_china_8",6,22,3,1,18,11,1,3,"6_22_3_1_18_11_1_3"
"14615","EPI_ISL_china_9",6,22,3,1,18,11,1,1,"6_22_3_1_18_11_1_1"
"14616","EPI_ISL_china_10",6,22,3,1,18,11,1,3,"6_22_3_1_18_11_1_3"
"14617","EPI_ISL_china_11",6,22,3,1,18,11,1,3,"6_22_3_1_18_11_1_3"
"14618","EPI_ISL_china_12",6,22,3,1,18,11,1,3,"6_22_3_1_18_11_1_3"
"14619","EPI_ISL_china_13",6,22,3,1,18,11,1,3,"6_22_3_1_18_11_1_3"
"14620","EPI_ISL_956418",6,4,3,1,3,2,1,3,"6_4_3_1_3_2_1_3"
"14621","EPI_ISL_956417",6,4,3,1,3,2,1,3,"6_4_3_1_3_2_1_3"
"14622","EPI_ISL_956337",6,4,3,1,3,2,1,3,"6_4_3_1_3_2_1_3"
"14623","EPI_ISL_china_18",11,10,2,1,5,1,1,6,"11_10_2_1_5_1_1_6"
"14624","EPI_ISL_china_19",11,10,2,1,5,1,1,6,"11_10_2_1_5_1_1_6"
"14625","EPI_ISL_8599974",8,7,1,1,2,1,1,1,"8_7_1_1_2_1_1_1"
"14626","EPI_ISL_8599973",20,1,1,1,2,1,1,1,"20_1_1_1_2_1_1_1"
"14627","EPI_ISL_8599972",20,1,1,1,2,1,1,1,"20_1_1_1_2_1_1_1"
"14628","EPI_ISL_china_23",1,1,1,1,2,1,1,1,"1_1_1_1_2_1_1_1"
"14629","EPI_ISL_china_24",1,1,1,1,2,1,1,1,"1_1_1_1_2_1_1_1"
"14630","EPI_ISL_china_25",1,1,1,1,2,1,1,1,"1_1_1_1_2_1_1_1"
"14631","EPI_ISL_china_26",1,1,1,1,2,1,1,1,"1_1_1_1_2_1_1_1"
"14632","EPI_ISL_china_27",1,1,1,1,2,1,1,1,"1_1_1_1_2_1_1_1"
"14633","EPI_ISL_china_28",1,1,1,1,2,1,1,1,"1_1_1_1_2_1_1_1"
"14634","EPI_ISL_china_29",1,1,1,1,2,1,1,1,"1_1_1_1_2_1_1_1"
"14635","EPI_ISL_china_30",1,1,1,1,2,1,1,1,"1_1_1_1_2_1_1_1"
"14636","EPI_ISL_china_31",1,1,1,1,2,1,1,1,"1_1_1_1_2_1_1_1"
"14637","EPI_ISL_china_32",1,1,2,1,2,1,1,1,"1_1_2_1_2_1_1_1"
"14638","EPI_ISL_china_33",1,1,1,1,2,1,1,1,"1_1_1_1_2_1_1_1"
"14639","EPI_ISL_china_34",1,1,1,1,2,1,1,1,"1_1_1_1_2_1_1_1"
"14640","EPI_ISL_china_35",1,1,1,1,2,1,1,1,"1_1_1_1_2_1_1_1"
"14641","EPI_ISL_china_36",1,1,1,1,2,1,1,1,"1_1_1_1_2_1_1_1"
"14642","EPI_ISL_china_37",1,1,1,1,2,1,1,1,"1_1_1_1_2_1_1_1"
"14643","EPI_ISL_china_38",1,1,1,1,2,1,1,1,"1_1_1_1_2_1_1_1"
"14644","EPI_ISL_china_39",1,1,1,1,2,1,1,1,"1_1_1_1_2_1_1_1"
"14645","EPI_ISL_china_40",1,1,1,1,2,1,1,1,"1_1_1_1_2_1_1_1"
"14646","EPI_ISL_china_41",1,1,1,1,2,1,1,1,"1_1_1_1_2_1_1_1"
"14647","EPI_ISL_china_42",1,1,1,1,2,1,1,1,"1_1_1_1_2_1_1_1"
"14648","EPI_ISL_china_43",1,1,1,1,2,1,1,1,"1_1_1_1_2_1_1_1"
"14649","EPI_ISL_china_44",1,1,1,1,2,1,1,1,"1_1_1_1_2_1_1_1"
"14650","EPI_ISL_china_45",1,1,1,1,2,1,1,1,"1_1_1_1_2_1_1_1"
"14651","EPI_ISL_china_46",1,1,1,1,2,1,1,1,"1_1_1_1_2_1_1_1"
"14652","EPI_ISL_china_47",1,1,1,1,2,1,1,1,"1_1_1_1_2_1_1_1"
"14653","EPI_ISL_china_2023081",1,1,1,1,2,1,1,1,"1_1_1_1_2_1_1_1"
"14654","EPI_ISL_china_2023082",1,1,1,1,2,1,1,1,"1_1_1_1_2_1_1_1"
"14655","EPI_ISL_china_2023083",1,1,1,1,2,1,1,1,"1_1_1_1_2_1_1_1"
"14656","EPI_ISL_china_2023084",1,1,1,1,2,1,1,1,"1_1_1_1_2_1_1_1"
"14657","EPI_ISL_china_2023085",1,1,1,1,2,1,1,1,"1_1_1_1_2_1_1_1"
"14658","EPI_ISL_china_2023086",8,7,1,1,2,1,1,1,"8_7_1_1_2_1_1_1"
"14659","EPI_ISL_china_2023087",20,1,1,1,2,1,1,1,"20_1_1_1_2_1_1_1"
"14660","EPI_ISL_china_2023088",1,1,1,1,2,1,1,1,"1_1_1_1_2_1_1_1"
"14661","EPI_ISL_china_2023089",8,7,1,1,2,1,1,1,"8_7_1_1_2_1_1_1"
"14662","EPI_ISL_china_20230810",1,1,1,1,2,1,1,1,"1_1_1_1_2_1_1_1"
"14663","EPI_ISL_china_20230811",1,1,1,1,2,1,1,1,"1_1_1_1_2_1_1_1"
"14664","EPI_ISL_china_20230812",1,1,1,1,2,1,1,1,"1_1_1_1_2_1_1_1"
"14665","EPI_ISL_china_20230813",1,1,1,1,2,1,1,1,"1_1_1_1_2_1_1_1"
"14666","EPI_ISL_china_20230814",1,1,1,1,2,1,1,1,"1_1_1_1_2_1_1_1"
"14667","EPI_ISL_china_20230815",1,1,1,1,2,1,1,1,"1_1_1_1_2_1_1_1"
"14668","EPI_ISL_china_20230816",1,1,1,1,2,1,1,1,"1_1_1_1_2_1_1_1"
"14669","EPI_ISL_china_20230817",1,1,1,1,2,1,1,1,"1_1_1_1_2_1_1_1"
"14670","EPI_ISL_china_20230818",1,1,1,1,2,1,1,1,"1_1_1_1_2_1_1_1"
"14671","EPI_ISL_china_20230819",1,1,1,1,2,1,1,1,"1_1_1_1_2_1_1_1"
"14672","EPI_ISL_china_20230820",2,1,1,1,2,1,1,1,"2_1_1_1_2_1_1_1"
"14673","EPI_ISL_china_20230821",1,1,1,1,2,1,1,1,"1_1_1_1_2_1_1_1"
"14674","EPI_ISL_china_20230822",1,1,1,1,2,1,1,1,"1_1_1_1_2_1_1_1"
"14675","EPI_ISL_china_20230823",1,1,1,1,2,1,1,1,"1_1_1_1_2_1_1_1"
"14676","EPI_ISL_china_20230824",1,1,1,1,2,1,1,1,"1_1_1_1_2_1_1_1"
"14677","EPI_ISL_china_20230825",1,1,1,1,2,1,1,1,"1_1_1_1_2_1_1_1"
"14678","EPI_ISL_china_20230826",1,1,1,1,2,1,1,1,"1_1_1_1_2_1_1_1"
"14679","EPI_ISL_china_20230827",1,1,1,1,2,1,1,1,"1_1_1_1_2_1_1_1"
"14680","EPI_ISL_china_20230828",1,1,1,1,2,1,1,1,"1_1_1_1_2_1_1_1"
"14681","EPI_ISL_china_20230829",1,1,1,1,2,1,1,1,"1_1_1_1_2_1_1_1"
"14682","EPI_ISL_china_20230830",1,1,1,1,2,1,1,1,"1_1_1_1_2_1_1_1"
"14683","EPI_ISL_china_20230831",2,1,1,1,2,1,1,1,"2_1_1_1_2_1_1_1"
"14684","EPI_ISL_china_20230832",2,1,1,1,2,1,1,1,"2_1_1_1_2_1_1_1"
"14685","EPI_ISL_china_20230833",8,7,1,1,2,1,1,1,"8_7_1_1_2_1_1_1"
"14686","EPI_ISL_china_20230834",8,7,1,1,2,1,1,1,"8_7_1_1_2_1_1_1"
"14687","EPI_ISL_china_20230835",8,7,1,1,2,1,1,1,"8_7_1_1_2_1_1_1"
"14688","EPI_ISL_china_20230836",8,7,1,1,2,1,1,1,"8_7_1_1_2_1_1_1"
"14689","EPI_ISL_china_20230837",8,7,1,1,2,1,1,1,"8_7_1_1_2_1_1_1"
"14690","EPI_ISL_china_20230838",8,7,1,1,2,1,1,1,"8_7_1_1_2_1_1_1"
"14691","EPI_ISL_china_20230839",8,7,1,1,2,1,1,1,"8_7_1_1_2_1_1_1"
"14692","EPI_ISL_china_20230840",1,1,1,1,2,1,1,1,"1_1_1_1_2_1_1_1"
"14693","EPI_ISL_china_20230841",1,1,1,1,2,1,1,1,"1_1_1_1_2_1_1_1"
"14694","EPI_ISL_china_20230842",1,1,1,1,2,1,1,1,"1_1_1_1_2_1_1_1"
"14695","EPI_ISL_china_20230843",1,1,1,1,2,1,1,1,"1_1_1_1_2_1_1_1"
"14696","EPI_ISL_china_20230844",1,1,1,1,2,1,1,1,"1_1_1_1_2_1_1_1"
"14697","EPI_ISL_china_20230845",1,1,1,1,2,1,1,1,"1_1_1_1_2_1_1_1"
"14698","EPI_ISL_china_20230846",1,1,1,1,2,1,1,1,"1_1_1_1_2_1_1_1"
"14699","EPI_ISL_china_20230847",8,7,1,1,2,1,1,1,"8_7_1_1_2_1_1_1"
"14700","EPI_ISL_china_20230848",1,1,1,1,2,1,1,1,"1_1_1_1_2_1_1_1"
"14701","EPI_ISL_china_20230849",1,1,1,1,2,1,1,1,"1_1_1_1_2_1_1_1"
"14702","EPI_ISL_china_20230850",1,1,1,1,2,1,1,1,"1_1_1_1_2_1_1_1"
"14703","EPI_ISL_china_20230851",1,1,1,1,2,1,1,1,"1_1_1_1_2_1_1_1"
"14704","EPI_ISL_china_20230852",1,1,1,1,2,1,1,1,"1_1_1_1_2_1_1_1"
"14705","EPI_ISL_china_20230853",1,1,1,1,2,1,1,1,"1_1_1_1_2_1_1_1"
"14706","EPI_ISL_china_20230854",1,1,1,1,2,1,1,1,"1_1_1_1_2_1_1_1"
"14707","EPI_ISL_china_2024122",2,1,1,1,2,1,1,1,"2_1_1_1_2_1_1_1"
"14708","EPI_ISL_china_2024123",2,1,1,1,2,1,1,1,"2_1_1_1_2_1_1_1"
"14709","EPI_ISL_china_2024124",2,1,1,1,2,1,1,1,"2_1_1_1_2_1_1_1"
"14710","EPI_ISL_china_2024125",2,1,1,1,2,1,1,1,"2_1_1_1_2_1_1_1"
"14711","EPI_ISL_china_2024126",36,33,2,1,5,1,1,1,"36_33_2_1_5_1_1_1"
"14712","EPI_ISL_china_2024127",2,1,1,1,2,1,1,1,"2_1_1_1_2_1_1_1"
"14713","EPI_ISL_china_2024128",2,1,1,1,2,1,1,1,"2_1_1_1_2_1_1_1"
"14714","EPI_ISL_china_2024129",2,1,1,1,2,1,1,1,"2_1_1_1_2_1_1_1"
"14715","EPI_ISL_china_20241210",2,1,1,1,2,1,1,1,"2_1_1_1_2_1_1_1"
"14716","EPI_ISL_china_20241211",2,1,1,1,2,1,1,1,"2_1_1_1_2_1_1_1"
"14717","EPI_ISL_china_20241212",36,33,2,1,5,1,1,1,"36_33_2_1_5_1_1_1"
"14718","EPI_ISL_china_20241213",2,1,1,1,2,1,1,1,"2_1_1_1_2_1_1_1"
"14719","EPI_ISL_china_20241214",2,1,1,1,2,1,1,1,"2_1_1_1_2_1_1_1"
"14720","EPI_ISL_china_20241215",2,1,1,1,2,1,1,1,"2_1_1_1_2_1_1_1"
"14721","EPI_ISL_china_20241216",2,1,1,1,2,1,1,1,"2_1_1_1_2_1_1_1"
"14722","EPI_ISL_china_20241217",2,1,1,1,2,1,1,1,"2_1_1_1_2_1_1_1"
"14723","EPI_ISL_china_20241218",2,1,1,1,2,1,1,1,"2_1_1_1_2_1_1_1"
"14724","EPI_ISL_china_20241220",2,1,1,1,2,1,1,1,"2_1_1_1_2_1_1_1"
"14725","EPI_ISL_china_20241221",2,1,1,1,2,1,1,1,"2_1_1_1_2_1_1_1"
"14726","EPI_ISL_china_20241223",2,1,1,1,2,1,1,1,"2_1_1_1_2_1_1_1"
"14727","EPI_ISL_china_20241224",2,1,1,1,2,1,1,1,"2_1_1_1_2_1_1_1"
"14728","EPI_ISL_china_20241225",2,1,1,1,2,1,1,1,"2_1_1_1_2_1_1_1"
"14729","EPI_ISL_china_20241226",2,1,1,1,2,1,1,1,"2_1_1_1_2_1_1_1"
"14730","EPI_ISL_china_20241227",2,1,1,1,2,1,1,1,"2_1_1_1_2_1_1_1"
"14731","EPI_ISL_china_20241228",2,1,1,1,2,1,1,1,"2_1_1_1_2_1_1_1"
"14732","EPI_ISL_china_20241229",2,1,1,1,2,1,1,1,"2_1_1_1_2_1_1_1"
"14733","EPI_ISL_china_20241231",11,10,2,1,5,1,1,6,"11_10_2_1_5_1_1_6"
"14734","EPI_ISL_china_20241232",11,10,2,1,5,1,1,6,"11_10_2_1_5_1_1_6"
"14735","EPI_ISL_china_20241235",1,1,1,1,2,1,1,1,"1_1_1_1_2_1_1_1"
"14736","EPI_ISL_china_20241236",1,1,1,1,2,1,1,1,"1_1_1_1_2_1_1_1"
"14737","EPI_ISL_china_20241237",1,1,1,1,2,1,1,1,"1_1_1_1_2_1_1_1"
"14738","EPI_ISL_china_20241239",1,1,1,1,2,1,1,1,"1_1_1_1_2_1_1_1"
"14739","EPI_ISL_china_20241241",1,1,1,1,2,1,1,1,"1_1_1_1_2_1_1_1"
"14740","EPI_ISL_china_20241242",1,1,1,1,2,1,1,1,"1_1_1_1_2_1_1_1"
"14741","EPI_ISL_china_20241243",1,1,1,1,2,1,1,1,"1_1_1_1_2_1_1_1"
"14742","EPI_ISL_china_20241244",1,1,1,1,2,1,1,1,"1_1_1_1_2_1_1_1"
"14743","EPI_ISL_china_20241245",1,1,1,1,2,1,1,1,"1_1_1_1_2_1_1_1"
"14744","EPI_ISL_china_20241246",1,1,1,1,2,1,1,1,"1_1_1_1_2_1_1_1"
"14745","EPI_ISL_china_20241247",1,1,1,1,2,1,1,1,"1_1_1_1_2_1_1_1"
"14746","EPI_ISL_china_20241248",1,1,1,1,2,1,1,1,"1_1_1_1_2_1_1_1"
"14747","EPI_ISL_china_20241250",1,1,1,1,2,1,1,1,"1_1_1_1_2_1_1_1"
"14748","EPI_ISL_china_20241251",1,1,1,1,2,1,1,1,"1_1_1_1_2_1_1_1"
"14749","EPI_ISL_china_20241252",1,1,1,1,2,1,1,1,"1_1_1_1_2_1_1_1"
"14750","EPI_ISL_china_20241253",1,1,1,1,2,1,1,1,"1_1_1_1_2_1_1_1"
"14751","EPI_ISL_china_20241254",1,1,1,1,2,1,1,1,"1_1_1_1_2_1_1_1"
"14752","EPI_ISL_china_20241255",1,1,1,1,2,1,1,1,"1_1_1_1_2_1_1_1"
"14753","EPI_ISL_china_20241256",1,1,1,1,2,1,1,1,"1_1_1_1_2_1_1_1"
"14754","EPI_ISL_china_20241257",1,1,1,1,2,1,1,1,"1_1_1_1_2_1_1_1"
"14755","EPI_ISL_china_20241262",1,20,2,1,5,1,1,5,"1_20_2_1_5_1_1_5"
"14756","EPI_ISL_china_20241263",1,20,2,1,5,1,1,5,"1_20_2_1_5_1_1_5"
"14757","EPI_ISL_china_20241264",1,20,2,1,5,1,1,5,"1_20_2_1_5_1_1_5"
"14758","EPI_ISL_china_20241265",11,10,2,1,5,1,1,6,"11_10_2_1_5_1_1_6"
"14759","EPI_ISL_china_20241266",11,10,2,1,5,1,1,6,"11_10_2_1_5_1_1_6"
"14760","EPI_ISL_china_20241268",11,10,2,1,5,1,1,6,"11_10_2_1_5_1_1_6"
"14761","EPI_ISL_china_20241269",11,10,2,1,5,1,1,6,"11_10_2_1_5_1_1_6"
"14762","EPI_ISL_china_20241270",1,20,2,1,5,1,1,5,"1_20_2_1_5_1_1_5"
"14763","EPI_ISL_china_20241271",1,20,2,1,5,1,1,5,"1_20_2_1_5_1_1_5"
"14764","EPI_ISL_china_20241272",11,10,2,1,5,1,1,6,"11_10_2_1_5_1_1_6"
"14765","EPI_ISL_china_20241275",11,10,2,1,5,1,1,6,"11_10_2_1_5_1_1_6"
"14766","EPI_ISL_china_20241277",11,10,2,1,5,1,1,6,"11_10_2_1_5_1_1_6"
"14767","EPI_ISL_china_20241278",11,10,2,1,5,1,1,6,"11_10_2_1_5_1_1_6"
"14768","EPI_ISL_china_20241281",11,10,2,1,5,1,1,6,"11_10_2_1_5_1_1_6"
"14769","EPI_ISL_china_20241283",11,10,2,1,5,1,1,6,"11_10_2_1_5_1_1_6"
"14770","EPI_ISL_china_20241284",11,10,2,1,5,1,1,6,"11_10_2_1_5_1_1_6"
"14771","EPI_ISL_china_20241285",11,10,2,1,5,1,1,6,"11_10_2_1_5_1_1_6"
"14772","EPI_ISL_china_20241286",11,10,2,1,5,1,1,6,"11_10_2_1_5_1_1_6"
"14773","EPI_ISL_china_20241287",11,10,2,1,5,1,1,6,"11_10_2_1_5_1_1_6"
"14774","EPI_ISL_china_20241288",11,10,2,1,5,1,1,6,"11_10_2_1_5_1_1_6"
"14775","EPI_ISL_china_20241289",11,10,2,1,5,1,1,6,"11_10_2_1_5_1_1_6"
"14776","EPI_ISL_china_20241290",11,10,2,1,5,1,1,6,"11_10_2_1_5_1_1_6"
